2026-08-12 13:58:16,989 [INFO] Manual Trailing V2 (Shadow Mode) started.
2026-08-12 13:58:16,989 [INFO] Heartbeat: /tmp/tie_production_heartbeat.txt | Hedge close: $3.0 | BE lock: $1.5
2026-08-12 14:40:12,126 [WARNING] [ACTIVE] TIE heartbeat lost > 30s. Taking over trailing...
2026-08-12 14:40:17,247 [WARNING] [ACTIVE] TIE heartbeat lost > 30s. Taking over trailing...
2026-08-12 14:40:22,378 [WARNING] [ACTIVE] TIE heartbeat lost > 30s. Taking over trailing...
2026-08-12 14:40:27,458 [WARNING] [ACTIVE] TIE heartbeat lost > 30s. Taking over trailing...
2026-08-12 14:40:32,533 [WARNING] [ACTIVE] TIE heartbeat lost > 30s. Taking over trailing...
2026-08-12 14:40:37,609 [WARNING] [ACTIVE] TIE heartbeat lost > 30s. Taking over trailing...
2026-08-12 14:40:42,768 [WARNING] [ACTIVE] TIE heartbeat lost > 30s. Taking over trailing...
2026-08-12 14:40:47,888 [WARNING] [ACTIVE] TIE heartbeat lost > 30s. Taking over trailing...
2026-08-12 14:40:52,977 [WARNING] [ACTIVE] TIE heartbeat lost > 30s. Taking over trailing...
2026-08-12 14:40:58,054 [WARNING] [ACTIVE] TIE heartbeat lost > 30s. Taking over trailing...
2026-08-12 14:41:03,172 [WARNING] [ACTIVE] TIE heartbeat lost > 30s. Taking over trailing...
2026-08-12 14:41:08,277 [WARNING] [ACTIVE] TIE heartbeat lost > 30s. Taking over trailing...
2026-08-12 14:41:13,346 [WARNING] [ACTIVE] TIE heartbeat lost > 30s. Taking over trailing...
2026-08-12 14:41:18,427 [WARNING] [ACTIVE] TIE heartbeat lost > 30s. Taking over trailing...
2026-08-12 14:41:23,498 [WARNING] [ACTIVE] TIE heartbeat lost > 30s. Taking over trailing...
2026-08-12 14:41:28,580 [WARNING] [ACTIVE] TIE heartbeat lost > 30s. Taking over trailing...
2026-08-12 14:41:33,670 [WARNING] [ACTIVE] TIE heartbeat lost > 30s. Taking over trailing...
2026-08-12 14:41:38,757 [WARNING] [ACTIVE] TIE heartbeat lost > 30s. Taking over trailing...
2026-08-12 14:41:43,853 [WARNING] [ACTIVE] TIE heartbeat lost > 30s. Taking over trailing...
2026-08-12 14:41:48,958 [WARNING] [ACTIVE] TIE heartbeat lost > 30s. Taking over trailing...
2026-08-12 14:41:54,065 [WARNING] [ACTIVE] TIE heartbeat lost > 30s. Taking over trailing...
2026-08-12 14:41:59,164 [WARNING] [ACTIVE] TIE heartbeat lost > 30s. Taking over trailing...
2026-08-12 14:42:04,248 [WARNING] [ACTIVE] TIE heartbeat lost > 30s. Taking over trailing...
2026-08-12 14:42:09,353 [WARNING] [ACTIVE] TIE heartbeat lost > 30s. Taking over trailing...
2026-08-12 14:42:14,455 [WARNING] [ACTIVE] TIE heartbeat lost > 30s. Taking over trailing...
2026-08-12 14:42:19,562 [WARNING] [ACTIVE] TIE heartbeat lost > 30s. Taking over trailing...
2026-08-12 14:42:24,629 [WARNING] [ACTIVE] TIE heartbeat lost > 30s. Taking over trailing...
2026-08-12 14:42:29,712 [WARNING] [ACTIVE] TIE heartbeat lost > 30s. Taking over trailing...
2026-08-12 14:42:34,803 [WARNING] [ACTIVE] TIE heartbeat lost > 30s. Taking over trailing...
2026-08-12 14:42:39,909 [WARNING] [ACTIVE] TIE heartbeat lost > 30s. Taking over trailing...
2026-08-12 14:42:44,988 [WARNING] [ACTIVE] TIE heartbeat lost > 30s. Taking over trailing...
2026-08-12 14:42:50,073 [WARNING] [ACTIVE] TIE heartbeat lost > 30s. Taking over trailing...
2026-08-12 14:42:55,152 [WARNING] [ACTIVE] TIE heartbeat lost > 30s. Taking over trailing...
2026-08-12 14:43:00,250 [WARNING] [ACTIVE] TIE heartbeat lost > 30s. Taking over trailing...
2026-08-12 14:43:05,340 [WARNING] [ACTIVE] TIE heartbeat lost > 30s. Taking over trailing...
2026-08-12 14:43:10,436 [WARNING] [ACTIVE] TIE heartbeat lost > 30s. Taking over trailing...
2026-08-12 14:43:15,517 [WARNING] [ACTIVE] TIE heartbeat lost > 30s. Taking over trailing...
2026-08-12 14:43:20,616 [WARNING] [ACTIVE] TIE heartbeat lost > 30s. Taking over trailing...
2026-08-12 14:43:25,728 [WARNING] [ACTIVE] TIE heartbeat lost > 30s. Taking over trailing...
2026-08-12 14:43:30,798 [WARNING] [ACTIVE] TIE heartbeat lost > 30s. Taking over trailing...
2026-08-12 14:43:35,888 [WARNING] [ACTIVE] TIE heartbeat lost > 30s. Taking over trailing...
2026-08-12 14:43:40,982 [WARNING] [ACTIVE] TIE heartbeat lost > 30s. Taking over trailing...
2026-08-12 14:43:46,138 [WARNING] [ACTIVE] TIE heartbeat lost > 30s. Taking over trailing...
2026-08-12 14:43:51,254 [WARNING] [ACTIVE] TIE heartbeat lost > 30s. Taking over trailing...
2026-08-12 14:43:56,334 [WARNING] [ACTIVE] TIE heartbeat lost > 30s. Taking over trailing...
2026-08-12 14:44:01,458 [WARNING] [ACTIVE] TIE heartbeat lost > 30s. Taking over trailing...
2026-08-12 14:44:06,531 [WARNING] [ACTIVE] TIE heartbeat lost > 30s. Taking over trailing...
2026-08-12 14:44:11,629 [WARNING] [ACTIVE] TIE heartbeat lost > 30s. Taking over trailing...
2026-08-12 14:44:16,714 [WARNING] [ACTIVE] TIE heartbeat lost > 30s. Taking over trailing...
2026-08-12 14:44:21,815 [WARNING] [ACTIVE] TIE heartbeat lost > 30s. Taking over trailing...
2026-08-12 14:44:26,914 [WARNING] [ACTIVE] TIE heartbeat lost > 30s. Taking over trailing...
2026-08-12 14:44:31,986 [WARNING] [ACTIVE] TIE heartbeat lost > 30s. Taking over trailing...
2026-08-12 14:44:37,062 [WARNING] [ACTIVE] TIE heartbeat lost > 30s. Taking over trailing...
2026-08-12 14:44:42,162 [WARNING] [ACTIVE] TIE heartbeat lost > 30s. Taking over trailing...
2026-08-12 14:44:47,258 [WARNING] [ACTIVE] TIE heartbeat lost > 30s. Taking over trailing...
2026-08-12 14:44:52,343 [WARNING] [ACTIVE] TIE heartbeat lost > 30s. Taking over trailing...
2026-08-12 14:44:57,484 [WARNING] [ACTIVE] TIE heartbeat lost > 30s. Taking over trailing...
2026-08-12 14:45:02,567 [WARNING] [ACTIVE] TIE heartbeat lost > 30s. Taking over trailing...
2026-08-12 14:45:07,653 [WARNING] [ACTIVE] TIE heartbeat lost > 30s. Taking over trailing...
2026-08-12 14:45:12,749 [WARNING] [ACTIVE] TIE heartbeat lost > 30s. Taking over trailing...
2026-08-12 14:45:17,830 [WARNING] [ACTIVE] TIE heartbeat lost > 30s. Taking over trailing...
2026-08-12 14:45:22,994 [WARNING] [ACTIVE] TIE heartbeat lost > 30s. Taking over trailing...
2026-08-12 14:45:28,084 [WARNING] [ACTIVE] TIE heartbeat lost > 30s. Taking over trailing...
2026-08-12 14:45:33,203 [WARNING] [ACTIVE] TIE heartbeat lost > 30s. Taking over trailing...
2026-08-12 14:45:38,276 [WARNING] [ACTIVE] TIE heartbeat lost > 30s. Taking over trailing...
2026-08-12 14:45:43,380 [WARNING] [ACTIVE] TIE heartbeat lost > 30s. Taking over trailing...
2026-08-12 14:45:48,491 [WARNING] [ACTIVE] TIE heartbeat lost > 30s. Taking over trailing...
2026-08-12 14:45:53,577 [WARNING] [ACTIVE] TIE heartbeat lost > 30s. Taking over trailing...
2026-08-12 14:45:58,671 [WARNING] [ACTIVE] TIE heartbeat lost > 30s. Taking over trailing...
2026-08-12 14:46:03,749 [WARNING] [ACTIVE] TIE heartbeat lost > 30s. Taking over trailing...
2026-08-12 14:46:08,819 [WARNING] [ACTIVE] TIE heartbeat lost > 30s. Taking over trailing...
2026-08-12 14:46:13,899 [WARNING] [ACTIVE] TIE heartbeat lost > 30s. Taking over trailing...
2026-08-12 14:46:18,970 [WARNING] [ACTIVE] TIE heartbeat lost > 30s. Taking over trailing...
2026-08-12 14:46:25,124 [WARNING] [ACTIVE] TIE heartbeat lost > 30s. Taking over trailing...
2026-08-12 14:46:30,197 [WARNING] [ACTIVE] TIE heartbeat lost > 30s. Taking over trailing...
2026-08-12 14:46:35,281 [WARNING] [ACTIVE] TIE heartbeat lost > 30s. Taking over trailing...
2026-08-12 14:46:40,382 [WARNING] [ACTIVE] TIE heartbeat lost > 30s. Taking over trailing...
2026-08-12 14:46:45,457 [WARNING] [ACTIVE] TIE heartbeat lost > 30s. Taking over trailing...
2026-08-12 14:46:50,532 [WARNING] [ACTIVE] TIE heartbeat lost > 30s. Taking over trailing...
2026-08-12 14:46:55,623 [WARNING] [ACTIVE] TIE heartbeat lost > 30s. Taking over trailing...
2026-08-12 14:47:00,741 [WARNING] [ACTIVE] TIE heartbeat lost > 30s. Taking over trailing...
2026-08-12 14:47:05,837 [WARNING] [ACTIVE] TIE heartbeat lost > 30s. Taking over trailing...
2026-08-12 14:47:10,963 [WARNING] [ACTIVE] TIE heartbeat lost > 30s. Taking over trailing...
2026-08-12 14:47:16,053 [WARNING] [ACTIVE] TIE heartbeat lost > 30s. Taking over trailing...
2026-08-12 14:47:21,185 [WARNING] [ACTIVE] TIE heartbeat lost > 30s. Taking over trailing...
2026-08-12 14:47:26,265 [WARNING] [ACTIVE] TIE heartbeat lost > 30s. Taking over trailing...
2026-08-12 14:47:31,355 [WARNING] [ACTIVE] TIE heartbeat lost > 30s. Taking over trailing...
2026-08-12 14:47:36,454 [WARNING] [ACTIVE] TIE heartbeat lost > 30s. Taking over trailing...
2026-08-12 14:47:41,531 [WARNING] [ACTIVE] TIE heartbeat lost > 30s. Taking over trailing...
2026-08-12 14:47:46,604 [WARNING] [ACTIVE] TIE heartbeat lost > 30s. Taking over trailing...
2026-08-12 14:47:51,702 [WARNING] [ACTIVE] TIE heartbeat lost > 30s. Taking over trailing...
2026-08-12 14:47:56,789 [WARNING] [ACTIVE] TIE heartbeat lost > 30s. Taking over trailing...
2026-08-12 14:48:01,893 [WARNING] [ACTIVE] TIE heartbeat lost > 30s. Taking over trailing...
2026-08-12 14:48:07,010 [WARNING] [ACTIVE] TIE heartbeat lost > 30s. Taking over trailing...
2026-08-12 14:48:12,098 [WARNING] [ACTIVE] TIE heartbeat lost > 30s. Taking over trailing...
2026-08-12 14:48:17,172 [WARNING] [ACTIVE] TIE heartbeat lost > 30s. Taking over trailing...
2026-08-12 14:48:22,253 [WARNING] [ACTIVE] TIE heartbeat lost > 30s. Taking over trailing...
2026-08-12 14:48:27,331 [WARNING] [ACTIVE] TIE heartbeat lost > 30s. Taking over trailing...
2026-08-12 14:48:32,429 [WARNING] [ACTIVE] TIE heartbeat lost > 30s. Taking over trailing...
2026-08-12 14:48:37,504 [WARNING] [ACTIVE] TIE heartbeat lost > 30s. Taking over trailing...
2026-08-12 14:48:42,576 [WARNING] [ACTIVE] TIE heartbeat lost > 30s. Taking over trailing...
2026-08-12 14:48:47,665 [WARNING] [ACTIVE] TIE heartbeat lost > 30s. Taking over trailing...
2026-08-12 14:48:52,740 [WARNING] [ACTIVE] TIE heartbeat lost > 30s. Taking over trailing...
2026-08-12 14:48:57,808 [WARNING] [ACTIVE] TIE heartbeat lost > 30s. Taking over trailing...
2026-08-12 14:48:57,810 [INFO] [3624238352] BE lock $1.5 → SL 4407.63 | profit $3.23
2026-08-12 14:48:57,926 [INFO] [3624238352] MODIFIED SL → 4407.63
2026-08-12 14:48:57,927 [INFO] [3624239007] BE lock $1.5 → SL 4407.68 | profit $3.18
2026-08-12 14:48:58,006 [INFO] [3624239007] MODIFIED SL → 4407.68
2026-08-12 14:48:58,006 [INFO] [3624239356] BE lock $1.5 → SL 4407.63 | profit $3.23
2026-08-12 14:48:58,100 [INFO] [3624239356] MODIFIED SL → 4407.63
2026-08-12 14:49:03,171 [WARNING] [ACTIVE] TIE heartbeat lost > 30s. Taking over trailing...
2026-08-12 14:49:03,171 [INFO] [3624237246] BE lock $1.5 → SL 4408.02 | profit $3.08
2026-08-12 14:49:03,277 [INFO] [3624237246] MODIFIED SL → 4408.02
2026-08-12 14:49:08,363 [WARNING] [ACTIVE] TIE heartbeat lost > 30s. Taking over trailing...
2026-08-12 14:49:13,488 [WARNING] [ACTIVE] TIE heartbeat lost > 30s. Taking over trailing...
2026-08-12 14:49:18,570 [WARNING] [ACTIVE] TIE heartbeat lost > 30s. Taking over trailing...
2026-08-12 14:49:23,708 [WARNING] [ACTIVE] TIE heartbeat lost > 30s. Taking over trailing...
2026-08-12 14:49:28,781 [WARNING] [ACTIVE] TIE heartbeat lost > 30s. Taking over trailing...
2026-08-12 14:49:33,856 [WARNING] [ACTIVE] TIE heartbeat lost > 30s. Taking over trailing...
2026-08-12 14:49:38,939 [WARNING] [ACTIVE] TIE heartbeat lost > 30s. Taking over trailing...
2026-08-12 14:49:44,038 [WARNING] [ACTIVE] TIE heartbeat lost > 30s. Taking over trailing...
2026-08-12 14:49:49,127 [WARNING] [ACTIVE] TIE heartbeat lost > 30s. Taking over trailing...
2026-08-12 14:49:54,205 [WARNING] [ACTIVE] TIE heartbeat lost > 30s. Taking over trailing...
2026-08-12 14:49:59,286 [WARNING] [ACTIVE] TIE heartbeat lost > 30s. Taking over trailing...
2026-08-12 14:50:04,403 [WARNING] [ACTIVE] TIE heartbeat lost > 30s. Taking over trailing...
2026-08-12 14:50:09,515 [WARNING] [ACTIVE] TIE heartbeat lost > 30s. Taking over trailing...
2026-08-12 14:50:14,694 [WARNING] [ACTIVE] TIE heartbeat lost > 30s. Taking over trailing...
2026-08-12 14:50:19,811 [WARNING] [ACTIVE] TIE heartbeat lost > 30s. Taking over trailing...
2026-08-12 14:50:24,935 [WARNING] [ACTIVE] TIE heartbeat lost > 30s. Taking over trailing...
2026-08-12 14:50:30,012 [WARNING] [ACTIVE] TIE heartbeat lost > 30s. Taking over trailing...
2026-08-12 14:50:35,087 [WARNING] [ACTIVE] TIE heartbeat lost > 30s. Taking over trailing...
2026-08-12 14:50:40,166 [WARNING] [ACTIVE] TIE heartbeat lost > 30s. Taking over trailing...
2026-08-12 14:50:45,291 [WARNING] [ACTIVE] TIE heartbeat lost > 30s. Taking over trailing...
2026-08-12 14:50:50,380 [WARNING] [ACTIVE] TIE heartbeat lost > 30s. Taking over trailing...
2026-08-12 14:50:55,474 [WARNING] [ACTIVE] TIE heartbeat lost > 30s. Taking over trailing...
2026-08-12 14:51:00,582 [WARNING] [ACTIVE] TIE heartbeat lost > 30s. Taking over trailing...
2026-08-12 14:51:05,661 [WARNING] [ACTIVE] TIE heartbeat lost > 30s. Taking over trailing...
2026-08-12 14:51:11,031 [WARNING] [ACTIVE] TIE heartbeat lost > 30s. Taking over trailing...
2026-08-12 14:51:16,112 [WARNING] [ACTIVE] TIE heartbeat lost > 30s. Taking over trailing...
2026-08-12 14:51:21,192 [WARNING] [ACTIVE] TIE heartbeat lost > 30s. Taking over trailing...
2026-08-12 14:51:26,287 [WARNING] [ACTIVE] TIE heartbeat lost > 30s. Taking over trailing...
2026-08-12 14:51:31,415 [WARNING] [ACTIVE] TIE heartbeat lost > 30s. Taking over trailing...
2026-08-12 14:51:36,508 [WARNING] [ACTIVE] TIE heartbeat lost > 30s. Taking over trailing...
2026-08-12 14:51:41,603 [WARNING] [ACTIVE] TIE heartbeat lost > 30s. Taking over trailing...
2026-08-12 14:51:46,677 [WARNING] [ACTIVE] TIE heartbeat lost > 30s. Taking over trailing...
2026-08-12 14:51:51,752 [WARNING] [ACTIVE] TIE heartbeat lost > 30s. Taking over trailing...
2026-08-12 14:51:56,836 [WARNING] [ACTIVE] TIE heartbeat lost > 30s. Taking over trailing...
2026-08-12 14:52:01,913 [WARNING] [ACTIVE] TIE heartbeat lost > 30s. Taking over trailing...
2026-08-12 14:52:07,022 [WARNING] [ACTIVE] TIE heartbeat lost > 30s. Taking over trailing...
2026-08-12 14:52:12,147 [WARNING] [ACTIVE] TIE heartbeat lost > 30s. Taking over trailing...
2026-08-12 14:52:17,238 [WARNING] [ACTIVE] TIE heartbeat lost > 30s. Taking over trailing...
2026-08-12 14:52:22,401 [WARNING] [ACTIVE] TIE heartbeat lost > 30s. Taking over trailing...
2026-08-12 14:52:27,569 [WARNING] [ACTIVE] TIE heartbeat lost > 30s. Taking over trailing...
2026-08-12 14:52:32,648 [WARNING] [ACTIVE] TIE heartbeat lost > 30s. Taking over trailing...
2026-08-12 14:52:37,752 [WARNING] [ACTIVE] TIE heartbeat lost > 30s. Taking over trailing...
2026-08-12 14:52:42,850 [WARNING] [ACTIVE] TIE heartbeat lost > 30s. Taking over trailing...
2026-08-12 14:52:47,948 [WARNING] [ACTIVE] TIE heartbeat lost > 30s. Taking over trailing...
2026-08-12 14:52:53,033 [WARNING] [ACTIVE] TIE heartbeat lost > 30s. Taking over trailing...
2026-08-12 14:52:58,112 [WARNING] [ACTIVE] TIE heartbeat lost > 30s. Taking over trailing...
2026-08-12 14:53:03,236 [WARNING] [ACTIVE] TIE heartbeat lost > 30s. Taking over trailing...
2026-08-12 14:53:08,355 [WARNING] [ACTIVE] TIE heartbeat lost > 30s. Taking over trailing...
2026-08-12 14:53:13,453 [WARNING] [ACTIVE] TIE heartbeat lost > 30s. Taking over trailing...
2026-08-12 14:53:18,522 [WARNING] [ACTIVE] TIE heartbeat lost > 30s. Taking over trailing...
2026-08-12 14:53:23,598 [WARNING] [ACTIVE] TIE heartbeat lost > 30s. Taking over trailing...
2026-08-12 14:53:28,688 [WARNING] [ACTIVE] TIE heartbeat lost > 30s. Taking over trailing...
2026-08-12 14:53:33,789 [WARNING] [ACTIVE] TIE heartbeat lost > 30s. Taking over trailing...
2026-08-12 14:53:38,869 [WARNING] [ACTIVE] TIE heartbeat lost > 30s. Taking over trailing...
2026-08-12 14:53:43,950 [WARNING] [ACTIVE] TIE heartbeat lost > 30s. Taking over trailing...
2026-08-12 14:53:49,072 [WARNING] [ACTIVE] TIE heartbeat lost > 30s. Taking over trailing...
2026-08-12 14:53:54,146 [WARNING] [ACTIVE] TIE heartbeat lost > 30s. Taking over trailing...
2026-08-12 14:53:59,236 [WARNING] [ACTIVE] TIE heartbeat lost > 30s. Taking over trailing...
2026-08-12 14:54:04,326 [WARNING] [ACTIVE] TIE heartbeat lost > 30s. Taking over trailing...
2026-08-12 14:54:09,417 [WARNING] [ACTIVE] TIE heartbeat lost > 30s. Taking over trailing...
2026-08-12 14:54:14,520 [WARNING] [ACTIVE] TIE heartbeat lost > 30s. Taking over trailing...
2026-08-12 14:54:19,601 [WARNING] [ACTIVE] TIE heartbeat lost > 30s. Taking over trailing...
2026-08-12 14:54:24,670 [WARNING] [ACTIVE] TIE heartbeat lost > 30s. Taking over trailing...
2026-08-12 14:54:29,754 [WARNING] [ACTIVE] TIE heartbeat lost > 30s. Taking over trailing...
2026-08-12 14:54:34,842 [WARNING] [ACTIVE] TIE heartbeat lost > 30s. Taking over trailing...
2026-08-12 14:54:39,927 [WARNING] [ACTIVE] TIE heartbeat lost > 30s. Taking over trailing...
2026-08-12 14:54:45,008 [WARNING] [ACTIVE] TIE heartbeat lost > 30s. Taking over trailing...
2026-08-12 14:54:50,090 [WARNING] [ACTIVE] TIE heartbeat lost > 30s. Taking over trailing...
2026-08-12 14:54:55,216 [WARNING] [ACTIVE] TIE heartbeat lost > 30s. Taking over trailing...
2026-08-12 14:55:00,313 [WARNING] [ACTIVE] TIE heartbeat lost > 30s. Taking over trailing...
2026-08-12 14:55:05,468 [WARNING] [ACTIVE] TIE heartbeat lost > 30s. Taking over trailing...
2026-08-12 14:55:10,576 [WARNING] [ACTIVE] TIE heartbeat lost > 30s. Taking over trailing...
2026-08-12 14:55:15,649 [WARNING] [ACTIVE] TIE heartbeat lost > 30s. Taking over trailing...
2026-08-12 14:55:20,770 [WARNING] [ACTIVE] TIE heartbeat lost > 30s. Taking over trailing...
2026-08-12 14:55:25,855 [WARNING] [ACTIVE] TIE heartbeat lost > 30s. Taking over trailing...
2026-08-12 14:55:30,934 [WARNING] [ACTIVE] TIE heartbeat lost > 30s. Taking over trailing...
2026-08-12 14:55:36,020 [WARNING] [ACTIVE] TIE heartbeat lost > 30s. Taking over trailing...
2026-08-12 14:55:41,123 [WARNING] [ACTIVE] TIE heartbeat lost > 30s. Taking over trailing...
2026-08-12 14:55:46,218 [WARNING] [ACTIVE] TIE heartbeat lost > 30s. Taking over trailing...
2026-08-12 14:55:51,307 [WARNING] [ACTIVE] TIE heartbeat lost > 30s. Taking over trailing...
2026-08-12 14:55:56,379 [WARNING] [ACTIVE] TIE heartbeat lost > 30s. Taking over trailing...
2026-08-12 14:56:01,449 [WARNING] [ACTIVE] TIE heartbeat lost > 30s. Taking over trailing...
2026-08-12 14:56:06,547 [WARNING] [ACTIVE] TIE heartbeat lost > 30s. Taking over trailing...
2026-08-12 14:56:11,641 [WARNING] [ACTIVE] TIE heartbeat lost > 30s. Taking over trailing...
2026-08-12 14:56:16,803 [WARNING] [ACTIVE] TIE heartbeat lost > 30s. Taking over trailing...
2026-08-12 14:56:21,891 [WARNING] [ACTIVE] TIE heartbeat lost > 30s. Taking over trailing...
2026-08-12 14:56:26,962 [WARNING] [ACTIVE] TIE heartbeat lost > 30s. Taking over trailing...
2026-08-12 14:56:32,069 [WARNING] [ACTIVE] TIE heartbeat lost > 30s. Taking over trailing...
2026-08-12 14:56:37,138 [WARNING] [ACTIVE] TIE heartbeat lost > 30s. Taking over trailing...
2026-08-12 14:56:42,257 [WARNING] [ACTIVE] TIE heartbeat lost > 30s. Taking over trailing...
2026-08-12 14:56:47,338 [WARNING] [ACTIVE] TIE heartbeat lost > 30s. Taking over trailing...
2026-08-12 14:56:52,461 [WARNING] [ACTIVE] TIE heartbeat lost > 30s. Taking over trailing...
2026-08-12 14:56:57,559 [WARNING] [ACTIVE] TIE heartbeat lost > 30s. Taking over trailing...
2026-08-12 14:57:02,649 [WARNING] [ACTIVE] TIE heartbeat lost > 30s. Taking over trailing...
2026-08-12 14:57:07,732 [WARNING] [ACTIVE] TIE heartbeat lost > 30s. Taking over trailing...
2026-08-12 14:57:12,831 [WARNING] [ACTIVE] TIE heartbeat lost > 30s. Taking over trailing...
2026-08-12 14:57:17,912 [WARNING] [ACTIVE] TIE heartbeat lost > 30s. Taking over trailing...
2026-08-12 14:57:22,992 [WARNING] [ACTIVE] TIE heartbeat lost > 30s. Taking over trailing...
2026-08-12 14:57:28,066 [WARNING] [ACTIVE] TIE heartbeat lost > 30s. Taking over trailing...
2026-08-12 14:57:33,141 [WARNING] [ACTIVE] TIE heartbeat lost > 30s. Taking over trailing...
2026-08-12 14:57:38,251 [WARNING] [ACTIVE] TIE heartbeat lost > 30s. Taking over trailing...
2026-08-12 14:57:43,328 [WARNING] [ACTIVE] TIE heartbeat lost > 30s. Taking over trailing...
2026-08-12 14:57:48,422 [WARNING] [ACTIVE] TIE heartbeat lost > 30s. Taking over trailing...
2026-08-12 14:57:53,507 [WARNING] [ACTIVE] TIE heartbeat lost > 30s. Taking over trailing...
2026-08-12 14:57:58,588 [WARNING] [ACTIVE] TIE heartbeat lost > 30s. Taking over trailing...
2026-08-12 14:58:03,691 [WARNING] [ACTIVE] TIE heartbeat lost > 30s. Taking over trailing...
2026-08-12 14:58:08,785 [WARNING] [ACTIVE] TIE heartbeat lost > 30s. Taking over trailing...
2026-08-12 14:58:13,879 [WARNING] [ACTIVE] TIE heartbeat lost > 30s. Taking over trailing...
2026-08-12 14:58:18,971 [WARNING] [ACTIVE] TIE heartbeat lost > 30s. Taking over trailing...
2026-08-12 14:58:24,060 [WARNING] [ACTIVE] TIE heartbeat lost > 30s. Taking over trailing...
2026-08-12 14:58:29,192 [WARNING] [ACTIVE] TIE heartbeat lost > 30s. Taking over trailing...
2026-08-12 14:58:34,315 [WARNING] [ACTIVE] TIE heartbeat lost > 30s. Taking over trailing...
2026-08-12 14:58:39,404 [WARNING] [ACTIVE] TIE heartbeat lost > 30s. Taking over trailing...
2026-08-12 14:58:44,492 [WARNING] [ACTIVE] TIE heartbeat lost > 30s. Taking over trailing...
2026-08-12 14:58:49,573 [WARNING] [ACTIVE] TIE heartbeat lost > 30s. Taking over trailing...
2026-08-12 14:58:54,657 [WARNING] [ACTIVE] TIE heartbeat lost > 30s. Taking over trailing...
2026-08-12 14:58:59,758 [WARNING] [ACTIVE] TIE heartbeat lost > 30s. Taking over trailing...
2026-08-12 14:59:04,835 [WARNING] [ACTIVE] TIE heartbeat lost > 30s. Taking over trailing...
2026-08-12 14:59:09,924 [WARNING] [ACTIVE] TIE heartbeat lost > 30s. Taking over trailing...
2026-08-12 14:59:15,011 [WARNING] [ACTIVE] TIE heartbeat lost > 30s. Taking over trailing...
2026-08-12 14:59:20,083 [WARNING] [ACTIVE] TIE heartbeat lost > 30s. Taking over trailing...
2026-08-12 14:59:25,156 [WARNING] [ACTIVE] TIE heartbeat lost > 30s. Taking over trailing...
2026-08-12 14:59:30,232 [WARNING] [ACTIVE] TIE heartbeat lost > 30s. Taking over trailing...
2026-08-12 14:59:35,313 [WARNING] [ACTIVE] TIE heartbeat lost > 30s. Taking over trailing...
2026-08-12 14:59:40,390 [WARNING] [ACTIVE] TIE heartbeat lost > 30s. Taking over trailing...
2026-08-12 14:59:45,494 [WARNING] [ACTIVE] TIE heartbeat lost > 30s. Taking over trailing...
2026-08-12 14:59:50,571 [WARNING] [ACTIVE] TIE heartbeat lost > 30s. Taking over trailing...
2026-08-12 14:59:55,653 [WARNING] [ACTIVE] TIE heartbeat lost > 30s. Taking over trailing...
2026-08-12 15:00:00,781 [WARNING] [ACTIVE] TIE heartbeat lost > 30s. Taking over trailing...
2026-08-12 15:00:05,860 [WARNING] [ACTIVE] TIE heartbeat lost > 30s. Taking over trailing...
2026-08-12 15:00:10,978 [WARNING] [ACTIVE] TIE heartbeat lost > 30s. Taking over trailing...
2026-08-12 15:00:16,058 [WARNING] [ACTIVE] TIE heartbeat lost > 30s. Taking over trailing...
2026-08-12 15:00:21,219 [WARNING] [ACTIVE] TIE heartbeat lost > 30s. Taking over trailing...
2026-08-12 15:00:26,315 [WARNING] [ACTIVE] TIE heartbeat lost > 30s. Taking over trailing...
2026-08-12 15:00:31,402 [WARNING] [ACTIVE] TIE heartbeat lost > 30s. Taking over trailing...
2026-08-12 15:00:36,500 [WARNING] [ACTIVE] TIE heartbeat lost > 30s. Taking over trailing...
2026-08-12 15:00:41,587 [WARNING] [ACTIVE] TIE heartbeat lost > 30s. Taking over trailing...
2026-08-12 15:00:46,654 [WARNING] [ACTIVE] TIE heartbeat lost > 30s. Taking over trailing...
2026-08-12 15:00:51,745 [WARNING] [ACTIVE] TIE heartbeat lost > 30s. Taking over trailing...
2026-08-12 15:00:56,852 [WARNING] [ACTIVE] TIE heartbeat lost > 30s. Taking over trailing...
2026-08-12 15:01:01,927 [WARNING] [ACTIVE] TIE heartbeat lost > 30s. Taking over trailing...
2026-08-12 15:01:06,994 [WARNING] [ACTIVE] TIE heartbeat lost > 30s. Taking over trailing...
2026-08-12 15:01:12,076 [WARNING] [ACTIVE] TIE heartbeat lost > 30s. Taking over trailing...
2026-08-12 15:01:17,153 [WARNING] [ACTIVE] TIE heartbeat lost > 30s. Taking over trailing...
2026-08-12 15:01:22,246 [WARNING] [ACTIVE] TIE heartbeat lost > 30s. Taking over trailing...
2026-08-12 15:01:27,327 [WARNING] [ACTIVE] TIE heartbeat lost > 30s. Taking over trailing...
2026-08-12 15:01:32,402 [WARNING] [ACTIVE] TIE heartbeat lost > 30s. Taking over trailing...
2026-08-12 15:01:37,515 [WARNING] [ACTIVE] TIE heartbeat lost > 30s. Taking over trailing...
2026-08-12 15:01:42,596 [WARNING] [ACTIVE] TIE heartbeat lost > 30s. Taking over trailing...
2026-08-12 15:01:47,686 [WARNING] [ACTIVE] TIE heartbeat lost > 30s. Taking over trailing...
2026-08-12 15:01:52,795 [WARNING] [ACTIVE] TIE heartbeat lost > 30s. Taking over trailing...
2026-08-12 15:01:57,878 [WARNING] [ACTIVE] TIE heartbeat lost > 30s. Taking over trailing...
2026-08-12 15:02:02,962 [WARNING] [ACTIVE] TIE heartbeat lost > 30s. Taking over trailing...
2026-08-12 15:02:08,062 [WARNING] [ACTIVE] TIE heartbeat lost > 30s. Taking over trailing...
2026-08-12 15:02:13,134 [WARNING] [ACTIVE] TIE heartbeat lost > 30s. Taking over trailing...
2026-08-12 15:02:18,225 [WARNING] [ACTIVE] TIE heartbeat lost > 30s. Taking over trailing...
2026-08-12 15:02:23,304 [WARNING] [ACTIVE] TIE heartbeat lost > 30s. Taking over trailing...
2026-08-12 15:02:28,412 [WARNING] [ACTIVE] TIE heartbeat lost > 30s. Taking over trailing...
2026-08-12 15:02:33,492 [WARNING] [ACTIVE] TIE heartbeat lost > 30s. Taking over trailing...
2026-08-12 15:02:38,573 [WARNING] [ACTIVE] TIE heartbeat lost > 30s. Taking over trailing...
2026-08-12 15:02:43,665 [WARNING] [ACTIVE] TIE heartbeat lost > 30s. Taking over trailing...
2026-08-12 15:02:48,766 [WARNING] [ACTIVE] TIE heartbeat lost > 30s. Taking over trailing...
2026-08-12 15:02:53,846 [WARNING] [ACTIVE] TIE heartbeat lost > 30s. Taking over trailing...
2026-08-12 15:02:58,937 [WARNING] [ACTIVE] TIE heartbeat lost > 30s. Taking over trailing...
2026-08-12 15:03:04,035 [WARNING] [ACTIVE] TIE heartbeat lost > 30s. Taking over trailing...
2026-08-12 15:03:09,117 [WARNING] [ACTIVE] TIE heartbeat lost > 30s. Taking over trailing...
2026-08-12 15:03:14,202 [WARNING] [ACTIVE] TIE heartbeat lost > 30s. Taking over trailing...
2026-08-12 15:03:19,294 [WARNING] [ACTIVE] TIE heartbeat lost > 30s. Taking over trailing...
2026-08-12 15:03:24,368 [WARNING] [ACTIVE] TIE heartbeat lost > 30s. Taking over trailing...
2026-08-12 15:03:29,449 [WARNING] [ACTIVE] TIE heartbeat lost > 30s. Taking over trailing...
2026-08-12 15:03:34,532 [WARNING] [ACTIVE] TIE heartbeat lost > 30s. Taking over trailing...
2026-08-12 15:03:39,612 [WARNING] [ACTIVE] TIE heartbeat lost > 30s. Taking over trailing...
2026-08-12 15:03:44,727 [WARNING] [ACTIVE] TIE heartbeat lost > 30s. Taking over trailing...
2026-08-12 15:03:49,810 [WARNING] [ACTIVE] TIE heartbeat lost > 30s. Taking over trailing...
2026-08-12 15:03:54,884 [WARNING] [ACTIVE] TIE heartbeat lost > 30s. Taking over trailing...
2026-08-12 15:04:00,007 [WARNING] [ACTIVE] TIE heartbeat lost > 30s. Taking over trailing...
2026-08-12 15:04:05,112 [WARNING] [ACTIVE] TIE heartbeat lost > 30s. Taking over trailing...
2026-08-12 15:04:10,234 [WARNING] [ACTIVE] TIE heartbeat lost > 30s. Taking over trailing...
2026-08-12 15:04:15,352 [WARNING] [ACTIVE] TIE heartbeat lost > 30s. Taking over trailing...
2026-08-12 15:04:20,434 [WARNING] [ACTIVE] TIE heartbeat lost > 30s. Taking over trailing...
2026-08-12 15:04:25,512 [WARNING] [ACTIVE] TIE heartbeat lost > 30s. Taking over trailing...
2026-08-12 15:04:30,589 [WARNING] [ACTIVE] TIE heartbeat lost > 30s. Taking over trailing...
2026-08-12 15:04:35,692 [WARNING] [ACTIVE] TIE heartbeat lost > 30s. Taking over trailing...
2026-08-12 15:04:40,778 [WARNING] [ACTIVE] TIE heartbeat lost > 30s. Taking over trailing...
2026-08-12 15:04:45,896 [WARNING] [ACTIVE] TIE heartbeat lost > 30s. Taking over trailing...
2026-08-12 15:04:50,975 [WARNING] [ACTIVE] TIE heartbeat lost > 30s. Taking over trailing...
2026-08-12 15:04:56,047 [WARNING] [ACTIVE] TIE heartbeat lost > 30s. Taking over trailing...
2026-08-12 15:05:01,180 [WARNING] [ACTIVE] TIE heartbeat lost > 30s. Taking over trailing...
2026-08-12 15:05:06,270 [WARNING] [ACTIVE] TIE heartbeat lost > 30s. Taking over trailing...
2026-08-12 15:05:11,342 [WARNING] [ACTIVE] TIE heartbeat lost > 30s. Taking over trailing...
2026-08-12 15:05:16,419 [WARNING] [ACTIVE] TIE heartbeat lost > 30s. Taking over trailing...
2026-08-12 15:05:21,541 [WARNING] [ACTIVE] TIE heartbeat lost > 30s. Taking over trailing...
2026-08-12 15:05:26,630 [WARNING] [ACTIVE] TIE heartbeat lost > 30s. Taking over trailing...
2026-08-12 15:05:31,729 [WARNING] [ACTIVE] TIE heartbeat lost > 30s. Taking over trailing...
2026-08-12 15:05:36,806 [WARNING] [ACTIVE] TIE heartbeat lost > 30s. Taking over trailing...
2026-08-12 15:05:41,894 [WARNING] [ACTIVE] TIE heartbeat lost > 30s. Taking over trailing...
2026-08-12 15:05:46,973 [WARNING] [ACTIVE] TIE heartbeat lost > 30s. Taking over trailing...
2026-08-12 15:05:52,052 [WARNING] [ACTIVE] TIE heartbeat lost > 30s. Taking over trailing...
2026-08-12 15:05:57,188 [WARNING] [ACTIVE] TIE heartbeat lost > 30s. Taking over trailing...
2026-08-12 15:06:02,270 [WARNING] [ACTIVE] TIE heartbeat lost > 30s. Taking over trailing...
2026-08-12 15:06:07,341 [WARNING] [ACTIVE] TIE heartbeat lost > 30s. Taking over trailing...
2026-08-12 15:06:12,457 [WARNING] [ACTIVE] TIE heartbeat lost > 30s. Taking over trailing...
2026-08-12 15:06:17,546 [WARNING] [ACTIVE] TIE heartbeat lost > 30s. Taking over trailing...
2026-08-12 15:06:22,618 [WARNING] [ACTIVE] TIE heartbeat lost > 30s. Taking over trailing...
2026-08-12 15:06:27,702 [WARNING] [ACTIVE] TIE heartbeat lost > 30s. Taking over trailing...
2026-08-12 15:06:32,777 [WARNING] [ACTIVE] TIE heartbeat lost > 30s. Taking over trailing...
2026-08-12 15:06:37,853 [WARNING] [ACTIVE] TIE heartbeat lost > 30s. Taking over trailing...
2026-08-12 15:06:42,975 [WARNING] [ACTIVE] TIE heartbeat lost > 30s. Taking over trailing...
2026-08-12 15:06:48,068 [WARNING] [ACTIVE] TIE heartbeat lost > 30s. Taking over trailing...
2026-08-12 15:06:53,173 [WARNING] [ACTIVE] TIE heartbeat lost > 30s. Taking over trailing...
2026-08-12 15:06:58,255 [WARNING] [ACTIVE] TIE heartbeat lost > 30s. Taking over trailing...
2026-08-12 15:07:03,341 [WARNING] [ACTIVE] TIE heartbeat lost > 30s. Taking over trailing...
2026-08-12 15:07:08,419 [WARNING] [ACTIVE] TIE heartbeat lost > 30s. Taking over trailing...
2026-08-12 15:07:13,511 [WARNING] [ACTIVE] TIE heartbeat lost > 30s. Taking over trailing...
2026-08-12 15:07:18,589 [WARNING] [ACTIVE] TIE heartbeat lost > 30s. Taking over trailing...
2026-08-12 15:07:23,678 [WARNING] [ACTIVE] TIE heartbeat lost > 30s. Taking over trailing...
2026-08-12 15:07:28,816 [WARNING] [ACTIVE] TIE heartbeat lost > 30s. Taking over trailing...
2026-08-12 15:07:33,891 [WARNING] [ACTIVE] TIE heartbeat lost > 30s. Taking over trailing...
2026-08-12 15:07:39,002 [WARNING] [ACTIVE] TIE heartbeat lost > 30s. Taking over trailing...
2026-08-12 15:07:44,070 [WARNING] [ACTIVE] TIE heartbeat lost > 30s. Taking over trailing...
2026-08-12 15:07:49,255 [WARNING] [ACTIVE] TIE heartbeat lost > 30s. Taking over trailing...
2026-08-12 15:07:54,345 [WARNING] [ACTIVE] TIE heartbeat lost > 30s. Taking over trailing...
2026-08-12 15:07:59,424 [WARNING] [ACTIVE] TIE heartbeat lost > 30s. Taking over trailing...
2026-08-12 15:08:04,508 [WARNING] [ACTIVE] TIE heartbeat lost > 30s. Taking over trailing...
2026-08-12 15:08:09,606 [WARNING] [ACTIVE] TIE heartbeat lost > 30s. Taking over trailing...
2026-08-12 15:08:14,686 [WARNING] [ACTIVE] TIE heartbeat lost > 30s. Taking over trailing...
2026-08-12 15:08:19,780 [WARNING] [ACTIVE] TIE heartbeat lost > 30s. Taking over trailing...
2026-08-12 15:08:24,870 [WARNING] [ACTIVE] TIE heartbeat lost > 30s. Taking over trailing...
2026-08-12 15:08:29,938 [WARNING] [ACTIVE] TIE heartbeat lost > 30s. Taking over trailing...
2026-08-12 15:08:35,039 [WARNING] [ACTIVE] TIE heartbeat lost > 30s. Taking over trailing...
2026-08-12 15:08:40,110 [WARNING] [ACTIVE] TIE heartbeat lost > 30s. Taking over trailing...
2026-08-12 15:08:45,223 [WARNING] [ACTIVE] TIE heartbeat lost > 30s. Taking over trailing...
2026-08-12 15:08:50,346 [WARNING] [ACTIVE] TIE heartbeat lost > 30s. Taking over trailing...
2026-08-12 15:08:55,425 [WARNING] [ACTIVE] TIE heartbeat lost > 30s. Taking over trailing...
2026-08-12 15:09:00,532 [WARNING] [ACTIVE] TIE heartbeat lost > 30s. Taking over trailing...
2026-08-12 15:09:05,604 [WARNING] [ACTIVE] TIE heartbeat lost > 30s. Taking over trailing...
2026-08-12 15:09:10,691 [WARNING] [ACTIVE] TIE heartbeat lost > 30s. Taking over trailing...
2026-08-12 15:09:15,776 [WARNING] [ACTIVE] TIE heartbeat lost > 30s. Taking over trailing...
2026-08-12 15:09:20,850 [WARNING] [ACTIVE] TIE heartbeat lost > 30s. Taking over trailing...
2026-08-12 15:09:25,939 [WARNING] [ACTIVE] TIE heartbeat lost > 30s. Taking over trailing...
2026-08-12 15:09:31,018 [WARNING] [ACTIVE] TIE heartbeat lost > 30s. Taking over trailing...
2026-08-12 15:09:36,097 [WARNING] [ACTIVE] TIE heartbeat lost > 30s. Taking over trailing...
2026-08-12 15:09:41,174 [WARNING] [ACTIVE] TIE heartbeat lost > 30s. Taking over trailing...
2026-08-12 15:09:46,272 [WARNING] [ACTIVE] TIE heartbeat lost > 30s. Taking over trailing...
2026-08-12 15:09:51,346 [WARNING] [ACTIVE] TIE heartbeat lost > 30s. Taking over trailing...
2026-08-12 15:09:56,433 [WARNING] [ACTIVE] TIE heartbeat lost > 30s. Taking over trailing...
2026-08-12 15:10:01,511 [WARNING] [ACTIVE] TIE heartbeat lost > 30s. Taking over trailing...
2026-08-12 15:10:06,619 [WARNING] [ACTIVE] TIE heartbeat lost > 30s. Taking over trailing...
2026-08-12 15:10:11,713 [WARNING] [ACTIVE] TIE heartbeat lost > 30s. Taking over trailing...
2026-08-12 15:10:16,797 [WARNING] [ACTIVE] TIE heartbeat lost > 30s. Taking over trailing...
2026-08-12 15:10:21,874 [WARNING] [ACTIVE] TIE heartbeat lost > 30s. Taking over trailing...
2026-08-12 15:10:26,951 [WARNING] [ACTIVE] TIE heartbeat lost > 30s. Taking over trailing...
2026-08-12 15:10:32,067 [WARNING] [ACTIVE] TIE heartbeat lost > 30s. Taking over trailing...
2026-08-12 15:10:37,142 [WARNING] [ACTIVE] TIE heartbeat lost > 30s. Taking over trailing...
2026-08-12 15:10:42,320 [WARNING] [ACTIVE] TIE heartbeat lost > 30s. Taking over trailing...
2026-08-12 15:10:47,425 [WARNING] [ACTIVE] TIE heartbeat lost > 30s. Taking over trailing...
2026-08-12 15:10:52,499 [WARNING] [ACTIVE] TIE heartbeat lost > 30s. Taking over trailing...
2026-08-12 15:10:57,688 [WARNING] [ACTIVE] TIE heartbeat lost > 30s. Taking over trailing...
2026-08-12 15:11:02,790 [WARNING] [ACTIVE] TIE heartbeat lost > 30s. Taking over trailing...
2026-08-12 15:11:07,876 [WARNING] [ACTIVE] TIE heartbeat lost > 30s. Taking over trailing...
2026-08-12 15:11:12,970 [WARNING] [ACTIVE] TIE heartbeat lost > 30s. Taking over trailing...
2026-08-12 15:11:18,046 [WARNING] [ACTIVE] TIE heartbeat lost > 30s. Taking over trailing...
2026-08-12 15:11:23,144 [WARNING] [ACTIVE] TIE heartbeat lost > 30s. Taking over trailing...
2026-08-12 15:11:28,234 [WARNING] [ACTIVE] TIE heartbeat lost > 30s. Taking over trailing...
2026-08-12 15:11:33,320 [WARNING] [ACTIVE] TIE heartbeat lost > 30s. Taking over trailing...
2026-08-12 15:11:38,409 [WARNING] [ACTIVE] TIE heartbeat lost > 30s. Taking over trailing...
2026-08-12 15:11:43,486 [WARNING] [ACTIVE] TIE heartbeat lost > 30s. Taking over trailing...
2026-08-12 15:11:48,572 [WARNING] [ACTIVE] TIE heartbeat lost > 30s. Taking over trailing...
2026-08-12 15:11:53,688 [WARNING] [ACTIVE] TIE heartbeat lost > 30s. Taking over trailing...
2026-08-12 15:11:58,767 [WARNING] [ACTIVE] TIE heartbeat lost > 30s. Taking over trailing...
2026-08-12 15:12:03,839 [WARNING] [ACTIVE] TIE heartbeat lost > 30s. Taking over trailing...
2026-08-12 15:12:08,912 [WARNING] [ACTIVE] TIE heartbeat lost > 30s. Taking over trailing...
2026-08-12 15:12:13,994 [WARNING] [ACTIVE] TIE heartbeat lost > 30s. Taking over trailing...
2026-08-12 15:12:19,296 [WARNING] [ACTIVE] TIE heartbeat lost > 30s. Taking over trailing...
2026-08-12 15:12:24,374 [WARNING] [ACTIVE] TIE heartbeat lost > 30s. Taking over trailing...
2026-08-12 15:12:29,459 [WARNING] [ACTIVE] TIE heartbeat lost > 30s. Taking over trailing...
2026-08-12 15:12:34,587 [WARNING] [ACTIVE] TIE heartbeat lost > 30s. Taking over trailing...
2026-08-12 15:12:39,664 [WARNING] [ACTIVE] TIE heartbeat lost > 30s. Taking over trailing...
2026-08-12 15:12:44,737 [WARNING] [ACTIVE] TIE heartbeat lost > 30s. Taking over trailing...
2026-08-12 15:12:49,841 [WARNING] [ACTIVE] TIE heartbeat lost > 30s. Taking over trailing...
2026-08-12 15:12:54,998 [WARNING] [ACTIVE] TIE heartbeat lost > 30s. Taking over trailing...
2026-08-12 15:13:00,151 [WARNING] [ACTIVE] TIE heartbeat lost > 30s. Taking over trailing...
2026-08-12 15:13:05,219 [WARNING] [ACTIVE] TIE heartbeat lost > 30s. Taking over trailing...
2026-08-12 15:13:10,293 [WARNING] [ACTIVE] TIE heartbeat lost > 30s. Taking over trailing...
2026-08-12 15:13:15,404 [WARNING] [ACTIVE] TIE heartbeat lost > 30s. Taking over trailing...
2026-08-12 15:13:20,489 [WARNING] [ACTIVE] TIE heartbeat lost > 30s. Taking over trailing...
2026-08-12 15:13:25,567 [WARNING] [ACTIVE] TIE heartbeat lost > 30s. Taking over trailing...
2026-08-12 15:13:30,655 [WARNING] [ACTIVE] TIE heartbeat lost > 30s. Taking over trailing...
2026-08-12 15:13:35,729 [WARNING] [ACTIVE] TIE heartbeat lost > 30s. Taking over trailing...
2026-08-12 15:13:40,798 [WARNING] [ACTIVE] TIE heartbeat lost > 30s. Taking over trailing...
2026-08-12 15:13:45,880 [WARNING] [ACTIVE] TIE heartbeat lost > 30s. Taking over trailing...
2026-08-12 15:13:50,956 [WARNING] [ACTIVE] TIE heartbeat lost > 30s. Taking over trailing...
2026-08-12 15:13:56,037 [WARNING] [ACTIVE] TIE heartbeat lost > 30s. Taking over trailing...
2026-08-12 15:14:01,129 [WARNING] [ACTIVE] TIE heartbeat lost > 30s. Taking over trailing...
2026-08-12 15:14:06,202 [WARNING] [ACTIVE] TIE heartbeat lost > 30s. Taking over trailing...
2026-08-12 15:14:11,308 [WARNING] [ACTIVE] TIE heartbeat lost > 30s. Taking over trailing...
2026-08-12 15:14:16,376 [WARNING] [ACTIVE] TIE heartbeat lost > 30s. Taking over trailing...
2026-08-12 15:14:21,458 [WARNING] [ACTIVE] TIE heartbeat lost > 30s. Taking over trailing...
2026-08-12 15:14:26,541 [WARNING] [ACTIVE] TIE heartbeat lost > 30s. Taking over trailing...
2026-08-12 15:14:31,618 [WARNING] [ACTIVE] TIE heartbeat lost > 30s. Taking over trailing...
2026-08-12 15:14:36,705 [WARNING] [ACTIVE] TIE heartbeat lost > 30s. Taking over trailing...
2026-08-12 15:14:41,803 [WARNING] [ACTIVE] TIE heartbeat lost > 30s. Taking over trailing...
2026-08-12 15:14:46,874 [WARNING] [ACTIVE] TIE heartbeat lost > 30s. Taking over trailing...
2026-08-12 15:14:51,957 [WARNING] [ACTIVE] TIE heartbeat lost > 30s. Taking over trailing...
2026-08-12 15:14:57,078 [WARNING] [ACTIVE] TIE heartbeat lost > 30s. Taking over trailing...
2026-08-12 15:15:02,148 [WARNING] [ACTIVE] TIE heartbeat lost > 30s. Taking over trailing...
2026-08-12 15:15:07,223 [WARNING] [ACTIVE] TIE heartbeat lost > 30s. Taking over trailing...
2026-08-12 15:15:12,320 [WARNING] [ACTIVE] TIE heartbeat lost > 30s. Taking over trailing...
2026-08-12 15:15:17,453 [WARNING] [ACTIVE] TIE heartbeat lost > 30s. Taking over trailing...
2026-08-12 15:15:22,563 [WARNING] [ACTIVE] TIE heartbeat lost > 30s. Taking over trailing...
2026-08-12 15:15:27,638 [WARNING] [ACTIVE] TIE heartbeat lost > 30s. Taking over trailing...
2026-08-12 15:15:32,732 [WARNING] [ACTIVE] TIE heartbeat lost > 30s. Taking over trailing...
2026-08-12 15:15:37,806 [WARNING] [ACTIVE] TIE heartbeat lost > 30s. Taking over trailing...
2026-08-12 15:15:42,898 [WARNING] [ACTIVE] TIE heartbeat lost > 30s. Taking over trailing...
2026-08-12 15:15:47,970 [WARNING] [ACTIVE] TIE heartbeat lost > 30s. Taking over trailing...
2026-08-12 15:15:53,060 [WARNING] [ACTIVE] TIE heartbeat lost > 30s. Taking over trailing...
2026-08-12 15:15:58,137 [WARNING] [ACTIVE] TIE heartbeat lost > 30s. Taking over trailing...
2026-08-12 15:16:03,211 [WARNING] [ACTIVE] TIE heartbeat lost > 30s. Taking over trailing...
2026-08-12 15:16:08,305 [WARNING] [ACTIVE] TIE heartbeat lost > 30s. Taking over trailing...
2026-08-12 15:16:13,402 [WARNING] [ACTIVE] TIE heartbeat lost > 30s. Taking over trailing...
2026-08-12 15:16:18,472 [WARNING] [ACTIVE] TIE heartbeat lost > 30s. Taking over trailing...
2026-08-12 15:16:23,551 [WARNING] [ACTIVE] TIE heartbeat lost > 30s. Taking over trailing...
2026-08-12 15:16:28,662 [WARNING] [ACTIVE] TIE heartbeat lost > 30s. Taking over trailing...
2026-08-12 15:16:33,736 [WARNING] [ACTIVE] TIE heartbeat lost > 30s. Taking over trailing...
2026-08-12 15:16:38,808 [WARNING] [ACTIVE] TIE heartbeat lost > 30s. Taking over trailing...
2026-08-12 15:16:43,881 [WARNING] [ACTIVE] TIE heartbeat lost > 30s. Taking over trailing...
2026-08-12 15:16:48,950 [WARNING] [ACTIVE] TIE heartbeat lost > 30s. Taking over trailing...
2026-08-12 15:16:54,016 [WARNING] [ACTIVE] TIE heartbeat lost > 30s. Taking over trailing...
2026-08-12 15:16:59,124 [WARNING] [ACTIVE] TIE heartbeat lost > 30s. Taking over trailing...
2026-08-12 15:17:04,231 [WARNING] [ACTIVE] TIE heartbeat lost > 30s. Taking over trailing...
2026-08-12 15:17:09,318 [WARNING] [ACTIVE] TIE heartbeat lost > 30s. Taking over trailing...
2026-08-12 15:17:14,405 [WARNING] [ACTIVE] TIE heartbeat lost > 30s. Taking over trailing...
2026-08-12 15:17:19,484 [WARNING] [ACTIVE] TIE heartbeat lost > 30s. Taking over trailing...
2026-08-12 15:17:24,564 [WARNING] [ACTIVE] TIE heartbeat lost > 30s. Taking over trailing...
2026-08-12 15:17:29,660 [WARNING] [ACTIVE] TIE heartbeat lost > 30s. Taking over trailing...
2026-08-12 15:17:34,824 [WARNING] [ACTIVE] TIE heartbeat lost > 30s. Taking over trailing...
2026-08-12 15:17:39,892 [WARNING] [ACTIVE] TIE heartbeat lost > 30s. Taking over trailing...
2026-08-12 15:17:44,967 [WARNING] [ACTIVE] TIE heartbeat lost > 30s. Taking over trailing...
2026-08-12 15:17:50,055 [WARNING] [ACTIVE] TIE heartbeat lost > 30s. Taking over trailing...
2026-08-12 15:17:55,150 [WARNING] [ACTIVE] TIE heartbeat lost > 30s. Taking over trailing...
2026-08-12 15:18:00,232 [WARNING] [ACTIVE] TIE heartbeat lost > 30s. Taking over trailing...
2026-08-12 15:18:05,318 [WARNING] [ACTIVE] TIE heartbeat lost > 30s. Taking over trailing...
2026-08-12 15:18:10,419 [WARNING] [ACTIVE] TIE heartbeat lost > 30s. Taking over trailing...
2026-08-12 15:18:15,495 [WARNING] [ACTIVE] TIE heartbeat lost > 30s. Taking over trailing...
2026-08-12 15:18:20,575 [WARNING] [ACTIVE] TIE heartbeat lost > 30s. Taking over trailing...
2026-08-12 15:18:25,651 [WARNING] [ACTIVE] TIE heartbeat lost > 30s. Taking over trailing...
2026-08-12 15:18:30,781 [WARNING] [ACTIVE] TIE heartbeat lost > 30s. Taking over trailing...
2026-08-12 15:18:35,868 [WARNING] [ACTIVE] TIE heartbeat lost > 30s. Taking over trailing...
2026-08-12 15:18:40,940 [WARNING] [ACTIVE] TIE heartbeat lost > 30s. Taking over trailing...
2026-08-12 15:18:46,010 [WARNING] [ACTIVE] TIE heartbeat lost > 30s. Taking over trailing...
2026-08-12 15:18:51,088 [WARNING] [ACTIVE] TIE heartbeat lost > 30s. Taking over trailing...
2026-08-12 15:18:56,171 [WARNING] [ACTIVE] TIE heartbeat lost > 30s. Taking over trailing...
2026-08-12 15:19:01,264 [WARNING] [ACTIVE] TIE heartbeat lost > 30s. Taking over trailing...
2026-08-12 15:19:06,373 [WARNING] [ACTIVE] TIE heartbeat lost > 30s. Taking over trailing...
2026-08-12 15:19:11,450 [WARNING] [ACTIVE] TIE heartbeat lost > 30s. Taking over trailing...
2026-08-12 15:19:16,532 [WARNING] [ACTIVE] TIE heartbeat lost > 30s. Taking over trailing...
2026-08-12 15:19:21,640 [WARNING] [ACTIVE] TIE heartbeat lost > 30s. Taking over trailing...
2026-08-12 15:19:26,724 [WARNING] [ACTIVE] TIE heartbeat lost > 30s. Taking over trailing...
2026-08-12 15:19:31,828 [WARNING] [ACTIVE] TIE heartbeat lost > 30s. Taking over trailing...
2026-08-12 15:19:36,928 [WARNING] [ACTIVE] TIE heartbeat lost > 30s. Taking over trailing...
2026-08-12 15:19:42,006 [WARNING] [ACTIVE] TIE heartbeat lost > 30s. Taking over trailing...
2026-08-12 15:19:47,089 [WARNING] [ACTIVE] TIE heartbeat lost > 30s. Taking over trailing...
2026-08-12 15:19:52,195 [WARNING] [ACTIVE] TIE heartbeat lost > 30s. Taking over trailing...
2026-08-12 15:19:57,275 [WARNING] [ACTIVE] TIE heartbeat lost > 30s. Taking over trailing...
2026-08-12 15:20:02,359 [WARNING] [ACTIVE] TIE heartbeat lost > 30s. Taking over trailing...
2026-08-12 15:20:07,485 [WARNING] [ACTIVE] TIE heartbeat lost > 30s. Taking over trailing...
2026-08-12 15:20:12,613 [WARNING] [ACTIVE] TIE heartbeat lost > 30s. Taking over trailing...
2026-08-12 15:20:17,702 [WARNING] [ACTIVE] TIE heartbeat lost > 30s. Taking over trailing...
2026-08-12 15:20:22,796 [WARNING] [ACTIVE] TIE heartbeat lost > 30s. Taking over trailing...
2026-08-12 15:20:27,908 [WARNING] [ACTIVE] TIE heartbeat lost > 30s. Taking over trailing...
2026-08-12 15:20:33,045 [WARNING] [ACTIVE] TIE heartbeat lost > 30s. Taking over trailing...
2026-08-12 15:20:38,131 [WARNING] [ACTIVE] TIE heartbeat lost > 30s. Taking over trailing...
2026-08-12 15:20:43,208 [WARNING] [ACTIVE] TIE heartbeat lost > 30s. Taking over trailing...
2026-08-12 15:20:48,294 [WARNING] [ACTIVE] TIE heartbeat lost > 30s. Taking over trailing...
2026-08-12 15:20:53,377 [WARNING] [ACTIVE] TIE heartbeat lost > 30s. Taking over trailing...
2026-08-12 15:20:58,456 [WARNING] [ACTIVE] TIE heartbeat lost > 30s. Taking over trailing...
2026-08-12 15:21:03,560 [WARNING] [ACTIVE] TIE heartbeat lost > 30s. Taking over trailing...
2026-08-12 15:21:08,638 [WARNING] [ACTIVE] TIE heartbeat lost > 30s. Taking over trailing...
2026-08-12 15:21:13,712 [WARNING] [ACTIVE] TIE heartbeat lost > 30s. Taking over trailing...
2026-08-12 15:21:18,788 [WARNING] [ACTIVE] TIE heartbeat lost > 30s. Taking over trailing...
2026-08-12 15:21:23,881 [WARNING] [ACTIVE] TIE heartbeat lost > 30s. Taking over trailing...
2026-08-12 15:21:28,954 [WARNING] [ACTIVE] TIE heartbeat lost > 30s. Taking over trailing...
2026-08-12 15:21:34,054 [WARNING] [ACTIVE] TIE heartbeat lost > 30s. Taking over trailing...
2026-08-12 15:21:39,153 [WARNING] [ACTIVE] TIE heartbeat lost > 30s. Taking over trailing...
2026-08-12 15:21:44,256 [WARNING] [ACTIVE] TIE heartbeat lost > 30s. Taking over trailing...
2026-08-12 15:21:49,367 [WARNING] [ACTIVE] TIE heartbeat lost > 30s. Taking over trailing...
2026-08-12 15:21:54,453 [WARNING] [ACTIVE] TIE heartbeat lost > 30s. Taking over trailing...
2026-08-12 15:21:59,539 [WARNING] [ACTIVE] TIE heartbeat lost > 30s. Taking over trailing...
2026-08-12 15:22:04,619 [WARNING] [ACTIVE] TIE heartbeat lost > 30s. Taking over trailing...
2026-08-12 15:22:09,688 [WARNING] [ACTIVE] TIE heartbeat lost > 30s. Taking over trailing...
2026-08-12 15:22:14,778 [WARNING] [ACTIVE] TIE heartbeat lost > 30s. Taking over trailing...
2026-08-12 15:22:19,872 [WARNING] [ACTIVE] TIE heartbeat lost > 30s. Taking over trailing...
2026-08-12 15:22:24,948 [WARNING] [ACTIVE] TIE heartbeat lost > 30s. Taking over trailing...
2026-08-12 15:22:30,066 [WARNING] [ACTIVE] TIE heartbeat lost > 30s. Taking over trailing...
2026-08-12 15:22:35,192 [WARNING] [ACTIVE] TIE heartbeat lost > 30s. Taking over trailing...
2026-08-12 15:22:40,282 [WARNING] [ACTIVE] TIE heartbeat lost > 30s. Taking over trailing...
2026-08-12 15:22:45,422 [WARNING] [ACTIVE] TIE heartbeat lost > 30s. Taking over trailing...
2026-08-12 15:22:50,503 [WARNING] [ACTIVE] TIE heartbeat lost > 30s. Taking over trailing...
2026-08-12 15:22:55,579 [WARNING] [ACTIVE] TIE heartbeat lost > 30s. Taking over trailing...
2026-08-12 15:23:00,652 [WARNING] [ACTIVE] TIE heartbeat lost > 30s. Taking over trailing...
2026-08-12 15:23:05,731 [WARNING] [ACTIVE] TIE heartbeat lost > 30s. Taking over trailing...
2026-08-12 15:23:10,833 [WARNING] [ACTIVE] TIE heartbeat lost > 30s. Taking over trailing...
2026-08-12 15:23:15,971 [WARNING] [ACTIVE] TIE heartbeat lost > 30s. Taking over trailing...
2026-08-12 15:23:21,069 [WARNING] [ACTIVE] TIE heartbeat lost > 30s. Taking over trailing...
2026-08-12 15:23:26,146 [WARNING] [ACTIVE] TIE heartbeat lost > 30s. Taking over trailing...
2026-08-12 15:23:31,232 [WARNING] [ACTIVE] TIE heartbeat lost > 30s. Taking over trailing...
2026-08-12 15:23:36,332 [WARNING] [ACTIVE] TIE heartbeat lost > 30s. Taking over trailing...
2026-08-12 15:23:41,415 [WARNING] [ACTIVE] TIE heartbeat lost > 30s. Taking over trailing...
2026-08-12 15:23:46,501 [WARNING] [ACTIVE] TIE heartbeat lost > 30s. Taking over trailing...
2026-08-12 15:23:51,598 [WARNING] [ACTIVE] TIE heartbeat lost > 30s. Taking over trailing...
2026-08-12 15:23:56,678 [WARNING] [ACTIVE] TIE heartbeat lost > 30s. Taking over trailing...
2026-08-12 15:24:01,764 [WARNING] [ACTIVE] TIE heartbeat lost > 30s. Taking over trailing...
2026-08-12 15:24:06,867 [WARNING] [ACTIVE] TIE heartbeat lost > 30s. Taking over trailing...
2026-08-12 15:24:11,955 [WARNING] [ACTIVE] TIE heartbeat lost > 30s. Taking over trailing...
2026-08-12 15:24:17,052 [WARNING] [ACTIVE] TIE heartbeat lost > 30s. Taking over trailing...
2026-08-12 15:24:22,132 [WARNING] [ACTIVE] TIE heartbeat lost > 30s. Taking over trailing...
2026-08-12 15:24:27,205 [WARNING] [ACTIVE] TIE heartbeat lost > 30s. Taking over trailing...
2026-08-12 15:24:32,344 [WARNING] [ACTIVE] TIE heartbeat lost > 30s. Taking over trailing...
2026-08-12 15:24:37,444 [WARNING] [ACTIVE] TIE heartbeat lost > 30s. Taking over trailing...
2026-08-12 15:24:42,561 [WARNING] [ACTIVE] TIE heartbeat lost > 30s. Taking over trailing...
2026-08-12 15:24:47,634 [WARNING] [ACTIVE] TIE heartbeat lost > 30s. Taking over trailing...
2026-08-12 15:24:52,705 [WARNING] [ACTIVE] TIE heartbeat lost > 30s. Taking over trailing...
2026-08-12 15:24:57,833 [WARNING] [ACTIVE] TIE heartbeat lost > 30s. Taking over trailing...
2026-08-12 15:25:02,912 [WARNING] [ACTIVE] TIE heartbeat lost > 30s. Taking over trailing...
2026-08-12 15:25:08,001 [WARNING] [ACTIVE] TIE heartbeat lost > 30s. Taking over trailing...
2026-08-12 15:25:13,086 [WARNING] [ACTIVE] TIE heartbeat lost > 30s. Taking over trailing...
2026-08-12 15:25:18,162 [WARNING] [ACTIVE] TIE heartbeat lost > 30s. Taking over trailing...
2026-08-12 15:25:23,246 [WARNING] [ACTIVE] TIE heartbeat lost > 30s. Taking over trailing...
2026-08-12 15:25:28,337 [WARNING] [ACTIVE] TIE heartbeat lost > 30s. Taking over trailing...
2026-08-12 15:25:33,448 [WARNING] [ACTIVE] TIE heartbeat lost > 30s. Taking over trailing...
2026-08-12 15:25:38,527 [WARNING] [ACTIVE] TIE heartbeat lost > 30s. Taking over trailing...
2026-08-12 15:25:43,624 [WARNING] [ACTIVE] TIE heartbeat lost > 30s. Taking over trailing...
2026-08-12 15:25:48,726 [WARNING] [ACTIVE] TIE heartbeat lost > 30s. Taking over trailing...
2026-08-12 15:25:53,804 [WARNING] [ACTIVE] TIE heartbeat lost > 30s. Taking over trailing...
2026-08-12 15:25:58,888 [WARNING] [ACTIVE] TIE heartbeat lost > 30s. Taking over trailing...
2026-08-12 15:26:03,962 [WARNING] [ACTIVE] TIE heartbeat lost > 30s. Taking over trailing...
2026-08-12 15:26:09,036 [WARNING] [ACTIVE] TIE heartbeat lost > 30s. Taking over trailing...
2026-08-12 15:26:14,113 [WARNING] [ACTIVE] TIE heartbeat lost > 30s. Taking over trailing...
2026-08-12 15:26:19,214 [WARNING] [ACTIVE] TIE heartbeat lost > 30s. Taking over trailing...
2026-08-12 15:26:24,325 [WARNING] [ACTIVE] TIE heartbeat lost > 30s. Taking over trailing...
2026-08-12 15:26:29,407 [WARNING] [ACTIVE] TIE heartbeat lost > 30s. Taking over trailing...
2026-08-12 15:26:34,504 [WARNING] [ACTIVE] TIE heartbeat lost > 30s. Taking over trailing...
2026-08-12 15:26:39,571 [WARNING] [ACTIVE] TIE heartbeat lost > 30s. Taking over trailing...
2026-08-12 15:26:44,649 [WARNING] [ACTIVE] TIE heartbeat lost > 30s. Taking over trailing...
2026-08-12 15:26:49,724 [WARNING] [ACTIVE] TIE heartbeat lost > 30s. Taking over trailing...
2026-08-12 15:26:54,820 [WARNING] [ACTIVE] TIE heartbeat lost > 30s. Taking over trailing...
2026-08-12 15:26:59,901 [WARNING] [ACTIVE] TIE heartbeat lost > 30s. Taking over trailing...
2026-08-12 15:27:04,993 [WARNING] [ACTIVE] TIE heartbeat lost > 30s. Taking over trailing...
2026-08-12 15:27:10,075 [WARNING] [ACTIVE] TIE heartbeat lost > 30s. Taking over trailing...
2026-08-12 15:27:15,157 [WARNING] [ACTIVE] TIE heartbeat lost > 30s. Taking over trailing...
2026-08-12 15:27:20,241 [WARNING] [ACTIVE] TIE heartbeat lost > 30s. Taking over trailing...
2026-08-12 15:27:25,313 [WARNING] [ACTIVE] TIE heartbeat lost > 30s. Taking over trailing...
2026-08-12 15:27:30,388 [WARNING] [ACTIVE] TIE heartbeat lost > 30s. Taking over trailing...
2026-08-12 15:27:35,484 [WARNING] [ACTIVE] TIE heartbeat lost > 30s. Taking over trailing...
2026-08-12 15:27:40,571 [WARNING] [ACTIVE] TIE heartbeat lost > 30s. Taking over trailing...
2026-08-12 15:27:45,655 [WARNING] [ACTIVE] TIE heartbeat lost > 30s. Taking over trailing...
2026-08-12 15:27:50,800 [WARNING] [ACTIVE] TIE heartbeat lost > 30s. Taking over trailing...
2026-08-12 15:27:55,919 [WARNING] [ACTIVE] TIE heartbeat lost > 30s. Taking over trailing...
2026-08-12 15:28:01,008 [WARNING] [ACTIVE] TIE heartbeat lost > 30s. Taking over trailing...
2026-08-12 15:28:06,095 [WARNING] [ACTIVE] TIE heartbeat lost > 30s. Taking over trailing...
2026-08-12 15:28:11,180 [WARNING] [ACTIVE] TIE heartbeat lost > 30s. Taking over trailing...
2026-08-12 15:28:16,286 [WARNING] [ACTIVE] TIE heartbeat lost > 30s. Taking over trailing...
2026-08-12 15:28:21,366 [WARNING] [ACTIVE] TIE heartbeat lost > 30s. Taking over trailing...
2026-08-12 15:28:26,457 [WARNING] [ACTIVE] TIE heartbeat lost > 30s. Taking over trailing...
2026-08-12 15:28:31,540 [WARNING] [ACTIVE] TIE heartbeat lost > 30s. Taking over trailing...
2026-08-12 15:28:36,633 [WARNING] [ACTIVE] TIE heartbeat lost > 30s. Taking over trailing...
2026-08-12 15:28:41,705 [WARNING] [ACTIVE] TIE heartbeat lost > 30s. Taking over trailing...
2026-08-12 15:28:46,793 [WARNING] [ACTIVE] TIE heartbeat lost > 30s. Taking over trailing...
2026-08-12 15:28:51,874 [WARNING] [ACTIVE] TIE heartbeat lost > 30s. Taking over trailing...
2026-08-12 15:28:56,965 [WARNING] [ACTIVE] TIE heartbeat lost > 30s. Taking over trailing...
2026-08-12 15:29:02,052 [WARNING] [ACTIVE] TIE heartbeat lost > 30s. Taking over trailing...
2026-08-12 15:29:07,152 [WARNING] [ACTIVE] TIE heartbeat lost > 30s. Taking over trailing...
2026-08-12 15:29:12,228 [WARNING] [ACTIVE] TIE heartbeat lost > 30s. Taking over trailing...
2026-08-12 15:29:17,300 [WARNING] [ACTIVE] TIE heartbeat lost > 30s. Taking over trailing...
2026-08-12 15:29:22,386 [WARNING] [ACTIVE] TIE heartbeat lost > 30s. Taking over trailing...
2026-08-12 15:29:27,456 [WARNING] [ACTIVE] TIE heartbeat lost > 30s. Taking over trailing...
2026-08-12 15:29:32,543 [WARNING] [ACTIVE] TIE heartbeat lost > 30s. Taking over trailing...
2026-08-12 15:29:37,654 [WARNING] [ACTIVE] TIE heartbeat lost > 30s. Taking over trailing...
2026-08-12 15:29:42,745 [WARNING] [ACTIVE] TIE heartbeat lost > 30s. Taking over trailing...
2026-08-12 15:29:47,855 [WARNING] [ACTIVE] TIE heartbeat lost > 30s. Taking over trailing...
2026-08-12 15:29:52,935 [WARNING] [ACTIVE] TIE heartbeat lost > 30s. Taking over trailing...
2026-08-12 15:29:58,007 [WARNING] [ACTIVE] TIE heartbeat lost > 30s. Taking over trailing...
2026-08-12 15:30:03,133 [WARNING] [ACTIVE] TIE heartbeat lost > 30s. Taking over trailing...
2026-08-12 15:30:08,228 [WARNING] [ACTIVE] TIE heartbeat lost > 30s. Taking over trailing...
2026-08-12 15:30:13,311 [WARNING] [ACTIVE] TIE heartbeat lost > 30s. Taking over trailing...
2026-08-12 15:30:18,440 [WARNING] [ACTIVE] TIE heartbeat lost > 30s. Taking over trailing...
2026-08-12 15:30:23,537 [WARNING] [ACTIVE] TIE heartbeat lost > 30s. Taking over trailing...
2026-08-12 15:30:28,698 [WARNING] [ACTIVE] TIE heartbeat lost > 30s. Taking over trailing...
2026-08-12 15:30:33,782 [WARNING] [ACTIVE] TIE heartbeat lost > 30s. Taking over trailing...
2026-08-12 15:30:38,870 [WARNING] [ACTIVE] TIE heartbeat lost > 30s. Taking over trailing...
2026-08-12 15:30:43,966 [WARNING] [ACTIVE] TIE heartbeat lost > 30s. Taking over trailing...
2026-08-12 15:30:49,088 [WARNING] [ACTIVE] TIE heartbeat lost > 30s. Taking over trailing...
2026-08-12 15:30:54,185 [WARNING] [ACTIVE] TIE heartbeat lost > 30s. Taking over trailing...
2026-08-12 15:30:59,275 [WARNING] [ACTIVE] TIE heartbeat lost > 30s. Taking over trailing...
2026-08-12 15:31:04,482 [WARNING] [ACTIVE] TIE heartbeat lost > 30s. Taking over trailing...
2026-08-12 15:31:09,566 [WARNING] [ACTIVE] TIE heartbeat lost > 30s. Taking over trailing...
2026-08-12 15:31:14,654 [WARNING] [ACTIVE] TIE heartbeat lost > 30s. Taking over trailing...
2026-08-12 15:31:19,738 [WARNING] [ACTIVE] TIE heartbeat lost > 30s. Taking over trailing...
2026-08-12 15:31:24,809 [WARNING] [ACTIVE] TIE heartbeat lost > 30s. Taking over trailing...
2026-08-12 15:31:29,886 [WARNING] [ACTIVE] TIE heartbeat lost > 30s. Taking over trailing...
2026-08-12 15:31:34,975 [WARNING] [ACTIVE] TIE heartbeat lost > 30s. Taking over trailing...
2026-08-12 15:31:40,047 [WARNING] [ACTIVE] TIE heartbeat lost > 30s. Taking over trailing...
2026-08-12 15:31:45,207 [WARNING] [ACTIVE] TIE heartbeat lost > 30s. Taking over trailing...
2026-08-12 15:31:50,277 [WARNING] [ACTIVE] TIE heartbeat lost > 30s. Taking over trailing...
2026-08-12 15:31:55,335 [WARNING] [ACTIVE] TIE heartbeat lost > 30s. Taking over trailing...
2026-08-12 15:32:00,412 [WARNING] [ACTIVE] TIE heartbeat lost > 30s. Taking over trailing...
2026-08-12 15:32:05,496 [WARNING] [ACTIVE] TIE heartbeat lost > 30s. Taking over trailing...
2026-08-12 15:32:10,576 [WARNING] [ACTIVE] TIE heartbeat lost > 30s. Taking over trailing...
2026-08-12 15:32:15,661 [WARNING] [ACTIVE] TIE heartbeat lost > 30s. Taking over trailing...
2026-08-12 15:32:20,753 [WARNING] [ACTIVE] TIE heartbeat lost > 30s. Taking over trailing...
2026-08-12 15:32:25,853 [WARNING] [ACTIVE] TIE heartbeat lost > 30s. Taking over trailing...
2026-08-12 15:32:31,001 [WARNING] [ACTIVE] TIE heartbeat lost > 30s. Taking over trailing...
2026-08-12 15:32:36,094 [WARNING] [ACTIVE] TIE heartbeat lost > 30s. Taking over trailing...
2026-08-12 15:32:41,181 [WARNING] [ACTIVE] TIE heartbeat lost > 30s. Taking over trailing...
2026-08-12 15:32:46,268 [WARNING] [ACTIVE] TIE heartbeat lost > 30s. Taking over trailing...
2026-08-12 15:32:51,340 [WARNING] [ACTIVE] TIE heartbeat lost > 30s. Taking over trailing...
2026-08-12 15:32:56,406 [WARNING] [ACTIVE] TIE heartbeat lost > 30s. Taking over trailing...
2026-08-12 15:33:01,487 [WARNING] [ACTIVE] TIE heartbeat lost > 30s. Taking over trailing...
2026-08-12 15:33:06,565 [WARNING] [ACTIVE] TIE heartbeat lost > 30s. Taking over trailing...
2026-08-12 15:33:11,663 [WARNING] [ACTIVE] TIE heartbeat lost > 30s. Taking over trailing...
2026-08-12 15:33:16,873 [WARNING] [ACTIVE] TIE heartbeat lost > 30s. Taking over trailing...
2026-08-12 15:33:21,942 [WARNING] [ACTIVE] TIE heartbeat lost > 30s. Taking over trailing...
2026-08-12 15:33:27,266 [WARNING] [ACTIVE] TIE heartbeat lost > 30s. Taking over trailing...
2026-08-12 15:33:32,336 [WARNING] [ACTIVE] TIE heartbeat lost > 30s. Taking over trailing...
2026-08-12 15:33:37,414 [WARNING] [ACTIVE] TIE heartbeat lost > 30s. Taking over trailing...
2026-08-12 15:33:42,492 [WARNING] [ACTIVE] TIE heartbeat lost > 30s. Taking over trailing...
2026-08-12 15:33:47,577 [WARNING] [ACTIVE] TIE heartbeat lost > 30s. Taking over trailing...
2026-08-12 15:33:52,660 [WARNING] [ACTIVE] TIE heartbeat lost > 30s. Taking over trailing...
2026-08-12 15:33:57,746 [WARNING] [ACTIVE] TIE heartbeat lost > 30s. Taking over trailing...
2026-08-12 15:34:02,822 [WARNING] [ACTIVE] TIE heartbeat lost > 30s. Taking over trailing...
2026-08-12 15:34:07,901 [WARNING] [ACTIVE] TIE heartbeat lost > 30s. Taking over trailing...
2026-08-12 15:34:12,965 [WARNING] [ACTIVE] TIE heartbeat lost > 30s. Taking over trailing...
2026-08-12 15:34:18,050 [WARNING] [ACTIVE] TIE heartbeat lost > 30s. Taking over trailing...
2026-08-12 15:34:23,129 [WARNING] [ACTIVE] TIE heartbeat lost > 30s. Taking over trailing...
2026-08-12 15:34:28,206 [WARNING] [ACTIVE] TIE heartbeat lost > 30s. Taking over trailing...
2026-08-12 15:34:33,280 [WARNING] [ACTIVE] TIE heartbeat lost > 30s. Taking over trailing...
2026-08-12 15:34:38,354 [WARNING] [ACTIVE] TIE heartbeat lost > 30s. Taking over trailing...
2026-08-12 15:34:43,447 [WARNING] [ACTIVE] TIE heartbeat lost > 30s. Taking over trailing...
2026-08-12 15:34:48,538 [WARNING] [ACTIVE] TIE heartbeat lost > 30s. Taking over trailing...
2026-08-12 15:34:53,633 [WARNING] [ACTIVE] TIE heartbeat lost > 30s. Taking over trailing...
2026-08-12 15:34:58,719 [WARNING] [ACTIVE] TIE heartbeat lost > 30s. Taking over trailing...
2026-08-12 15:35:03,837 [WARNING] [ACTIVE] TIE heartbeat lost > 30s. Taking over trailing...
2026-08-12 15:35:09,002 [WARNING] [ACTIVE] TIE heartbeat lost > 30s. Taking over trailing...
2026-08-12 15:35:14,084 [WARNING] [ACTIVE] TIE heartbeat lost > 30s. Taking over trailing...
2026-08-12 15:35:19,193 [WARNING] [ACTIVE] TIE heartbeat lost > 30s. Taking over trailing...
2026-08-12 15:35:24,264 [WARNING] [ACTIVE] TIE heartbeat lost > 30s. Taking over trailing...
2026-08-12 15:35:29,376 [WARNING] [ACTIVE] TIE heartbeat lost > 30s. Taking over trailing...
2026-08-12 15:35:34,450 [WARNING] [ACTIVE] TIE heartbeat lost > 30s. Taking over trailing...
2026-08-12 15:35:39,519 [WARNING] [ACTIVE] TIE heartbeat lost > 30s. Taking over trailing...
2026-08-12 15:35:44,615 [WARNING] [ACTIVE] TIE heartbeat lost > 30s. Taking over trailing...
2026-08-12 15:35:49,691 [WARNING] [ACTIVE] TIE heartbeat lost > 30s. Taking over trailing...
2026-08-12 15:35:54,767 [WARNING] [ACTIVE] TIE heartbeat lost > 30s. Taking over trailing...
2026-08-12 15:35:59,846 [WARNING] [ACTIVE] TIE heartbeat lost > 30s. Taking over trailing...
2026-08-12 15:36:04,926 [WARNING] [ACTIVE] TIE heartbeat lost > 30s. Taking over trailing...
2026-08-12 15:36:10,034 [WARNING] [ACTIVE] TIE heartbeat lost > 30s. Taking over trailing...
2026-08-12 15:36:15,123 [WARNING] [ACTIVE] TIE heartbeat lost > 30s. Taking over trailing...
2026-08-12 15:36:20,227 [WARNING] [ACTIVE] TIE heartbeat lost > 30s. Taking over trailing...
2026-08-12 15:36:25,314 [WARNING] [ACTIVE] TIE heartbeat lost > 30s. Taking over trailing...
2026-08-12 15:36:30,404 [WARNING] [ACTIVE] TIE heartbeat lost > 30s. Taking over trailing...
2026-08-12 15:36:35,545 [WARNING] [ACTIVE] TIE heartbeat lost > 30s. Taking over trailing...
2026-08-12 15:36:40,623 [WARNING] [ACTIVE] TIE heartbeat lost > 30s. Taking over trailing...
2026-08-12 15:36:45,697 [WARNING] [ACTIVE] TIE heartbeat lost > 30s. Taking over trailing...
2026-08-12 15:36:50,779 [WARNING] [ACTIVE] TIE heartbeat lost > 30s. Taking over trailing...
2026-08-12 15:36:55,857 [WARNING] [ACTIVE] TIE heartbeat lost > 30s. Taking over trailing...
2026-08-12 15:37:00,929 [WARNING] [ACTIVE] TIE heartbeat lost > 30s. Taking over trailing...
2026-08-12 15:37:06,003 [WARNING] [ACTIVE] TIE heartbeat lost > 30s. Taking over trailing...
2026-08-12 15:37:11,073 [WARNING] [ACTIVE] TIE heartbeat lost > 30s. Taking over trailing...
2026-08-12 15:37:16,147 [WARNING] [ACTIVE] TIE heartbeat lost > 30s. Taking over trailing...
2026-08-12 15:37:21,242 [WARNING] [ACTIVE] TIE heartbeat lost > 30s. Taking over trailing...
2026-08-12 15:37:26,317 [WARNING] [ACTIVE] TIE heartbeat lost > 30s. Taking over trailing...
2026-08-12 15:37:31,408 [WARNING] [ACTIVE] TIE heartbeat lost > 30s. Taking over trailing...
2026-08-12 15:37:36,495 [WARNING] [ACTIVE] TIE heartbeat lost > 30s. Taking over trailing...
2026-08-12 15:37:41,568 [WARNING] [ACTIVE] TIE heartbeat lost > 30s. Taking over trailing...
2026-08-12 15:37:46,689 [WARNING] [ACTIVE] TIE heartbeat lost > 30s. Taking over trailing...
2026-08-12 15:37:51,776 [WARNING] [ACTIVE] TIE heartbeat lost > 30s. Taking over trailing...
2026-08-12 15:37:56,856 [WARNING] [ACTIVE] TIE heartbeat lost > 30s. Taking over trailing...
2026-08-12 15:38:01,932 [WARNING] [ACTIVE] TIE heartbeat lost > 30s. Taking over trailing...
2026-08-12 15:38:07,011 [WARNING] [ACTIVE] TIE heartbeat lost > 30s. Taking over trailing...
2026-08-12 15:38:12,088 [WARNING] [ACTIVE] TIE heartbeat lost > 30s. Taking over trailing...
2026-08-12 15:38:17,203 [WARNING] [ACTIVE] TIE heartbeat lost > 30s. Taking over trailing...
2026-08-12 15:38:22,276 [WARNING] [ACTIVE] TIE heartbeat lost > 30s. Taking over trailing...
2026-08-12 15:38:27,365 [WARNING] [ACTIVE] TIE heartbeat lost > 30s. Taking over trailing...
2026-08-12 15:38:32,475 [WARNING] [ACTIVE] TIE heartbeat lost > 30s. Taking over trailing...
2026-08-12 15:38:37,551 [WARNING] [ACTIVE] TIE heartbeat lost > 30s. Taking over trailing...
2026-08-12 15:38:42,640 [WARNING] [ACTIVE] TIE heartbeat lost > 30s. Taking over trailing...
2026-08-12 15:38:47,722 [WARNING] [ACTIVE] TIE heartbeat lost > 30s. Taking over trailing...
2026-08-12 15:38:52,880 [WARNING] [ACTIVE] TIE heartbeat lost > 30s. Taking over trailing...
2026-08-12 15:38:57,964 [WARNING] [ACTIVE] TIE heartbeat lost > 30s. Taking over trailing...
2026-08-12 15:39:03,059 [WARNING] [ACTIVE] TIE heartbeat lost > 30s. Taking over trailing...
2026-08-12 15:39:08,131 [WARNING] [ACTIVE] TIE heartbeat lost > 30s. Taking over trailing...
2026-08-12 15:39:13,203 [WARNING] [ACTIVE] TIE heartbeat lost > 30s. Taking over trailing...
2026-08-12 15:39:18,275 [WARNING] [ACTIVE] TIE heartbeat lost > 30s. Taking over trailing...
2026-08-12 15:39:23,355 [WARNING] [ACTIVE] TIE heartbeat lost > 30s. Taking over trailing...
2026-08-12 15:39:28,436 [WARNING] [ACTIVE] TIE heartbeat lost > 30s. Taking over trailing...
2026-08-12 15:39:33,512 [WARNING] [ACTIVE] TIE heartbeat lost > 30s. Taking over trailing...
2026-08-12 15:39:38,575 [WARNING] [ACTIVE] TIE heartbeat lost > 30s. Taking over trailing...
2026-08-12 15:39:43,672 [WARNING] [ACTIVE] TIE heartbeat lost > 30s. Taking over trailing...
2026-08-12 15:39:48,784 [WARNING] [ACTIVE] TIE heartbeat lost > 30s. Taking over trailing...
2026-08-12 15:39:53,869 [WARNING] [ACTIVE] TIE heartbeat lost > 30s. Taking over trailing...
2026-08-12 15:39:58,947 [WARNING] [ACTIVE] TIE heartbeat lost > 30s. Taking over trailing...
2026-08-12 15:40:04,040 [WARNING] [ACTIVE] TIE heartbeat lost > 30s. Taking over trailing...
2026-08-12 15:40:09,164 [WARNING] [ACTIVE] TIE heartbeat lost > 30s. Taking over trailing...
2026-08-12 15:40:14,270 [WARNING] [ACTIVE] TIE heartbeat lost > 30s. Taking over trailing...
2026-08-12 15:40:19,347 [WARNING] [ACTIVE] TIE heartbeat lost > 30s. Taking over trailing...
2026-08-12 15:40:24,450 [WARNING] [ACTIVE] TIE heartbeat lost > 30s. Taking over trailing...
2026-08-12 15:40:29,523 [WARNING] [ACTIVE] TIE heartbeat lost > 30s. Taking over trailing...
2026-08-12 15:40:34,614 [WARNING] [ACTIVE] TIE heartbeat lost > 30s. Taking over trailing...
2026-08-12 15:40:39,690 [WARNING] [ACTIVE] TIE heartbeat lost > 30s. Taking over trailing...
2026-08-12 15:40:44,766 [WARNING] [ACTIVE] TIE heartbeat lost > 30s. Taking over trailing...
2026-08-12 15:40:49,845 [WARNING] [ACTIVE] TIE heartbeat lost > 30s. Taking over trailing...
2026-08-12 15:40:54,934 [WARNING] [ACTIVE] TIE heartbeat lost > 30s. Taking over trailing...
2026-08-12 15:41:00,036 [WARNING] [ACTIVE] TIE heartbeat lost > 30s. Taking over trailing...
2026-08-12 15:41:05,153 [WARNING] [ACTIVE] TIE heartbeat lost > 30s. Taking over trailing...
2026-08-12 15:41:10,220 [WARNING] [ACTIVE] TIE heartbeat lost > 30s. Taking over trailing...
2026-08-12 15:41:15,316 [WARNING] [ACTIVE] TIE heartbeat lost > 30s. Taking over trailing...
2026-08-12 15:41:20,400 [WARNING] [ACTIVE] TIE heartbeat lost > 30s. Taking over trailing...
2026-08-12 15:41:25,505 [WARNING] [ACTIVE] TIE heartbeat lost > 30s. Taking over trailing...
2026-08-12 15:41:30,598 [WARNING] [ACTIVE] TIE heartbeat lost > 30s. Taking over trailing...
2026-08-12 15:41:35,700 [WARNING] [ACTIVE] TIE heartbeat lost > 30s. Taking over trailing...
2026-08-12 15:41:40,773 [WARNING] [ACTIVE] TIE heartbeat lost > 30s. Taking over trailing...
2026-08-12 15:41:45,848 [WARNING] [ACTIVE] TIE heartbeat lost > 30s. Taking over trailing...
2026-08-12 16:06:36,404 [WARNING] [ACTIVE] TIE heartbeat lost > 30s. Taking over trailing...
2026-08-12 16:06:41,511 [WARNING] [ACTIVE] TIE heartbeat lost > 30s. Taking over trailing...
2026-08-12 16:06:46,597 [WARNING] [ACTIVE] TIE heartbeat lost > 30s. Taking over trailing...
2026-08-12 16:06:51,696 [WARNING] [ACTIVE] TIE heartbeat lost > 30s. Taking over trailing...
2026-08-12 16:06:56,824 [WARNING] [ACTIVE] TIE heartbeat lost > 30s. Taking over trailing...
2026-08-12 16:07:01,905 [WARNING] [ACTIVE] TIE heartbeat lost > 30s. Taking over trailing...
2026-08-12 16:07:07,007 [WARNING] [ACTIVE] TIE heartbeat lost > 30s. Taking over trailing...
2026-08-12 16:07:12,083 [WARNING] [ACTIVE] TIE heartbeat lost > 30s. Taking over trailing...
2026-08-12 16:07:17,153 [WARNING] [ACTIVE] TIE heartbeat lost > 30s. Taking over trailing...
2026-08-12 16:07:22,248 [WARNING] [ACTIVE] TIE heartbeat lost > 30s. Taking over trailing...
2026-08-12 16:07:27,336 [WARNING] [ACTIVE] TIE heartbeat lost > 30s. Taking over trailing...
2026-08-12 16:07:32,469 [WARNING] [ACTIVE] TIE heartbeat lost > 30s. Taking over trailing...
2026-08-12 16:07:37,546 [WARNING] [ACTIVE] TIE heartbeat lost > 30s. Taking over trailing...
2026-08-12 16:07:42,632 [WARNING] [ACTIVE] TIE heartbeat lost > 30s. Taking over trailing...
2026-08-12 16:07:47,755 [WARNING] [ACTIVE] TIE heartbeat lost > 30s. Taking over trailing...
2026-08-12 16:07:52,829 [WARNING] [ACTIVE] TIE heartbeat lost > 30s. Taking over trailing...
2026-08-12 16:07:57,906 [WARNING] [ACTIVE] TIE heartbeat lost > 30s. Taking over trailing...
2026-08-12 16:08:02,999 [WARNING] [ACTIVE] TIE heartbeat lost > 30s. Taking over trailing...
2026-08-12 16:08:08,129 [WARNING] [ACTIVE] TIE heartbeat lost > 30s. Taking over trailing...
2026-08-12 16:08:13,207 [WARNING] [ACTIVE] TIE heartbeat lost > 30s. Taking over trailing...
2026-08-12 16:08:18,283 [WARNING] [ACTIVE] TIE heartbeat lost > 30s. Taking over trailing...
2026-08-12 16:08:23,378 [WARNING] [ACTIVE] TIE heartbeat lost > 30s. Taking over trailing...
2026-08-12 16:08:28,449 [WARNING] [ACTIVE] TIE heartbeat lost > 30s. Taking over trailing...
2026-08-12 16:08:33,566 [WARNING] [ACTIVE] TIE heartbeat lost > 30s. Taking over trailing...
2026-08-12 16:08:38,661 [WARNING] [ACTIVE] TIE heartbeat lost > 30s. Taking over trailing...
2026-08-12 16:08:43,744 [WARNING] [ACTIVE] TIE heartbeat lost > 30s. Taking over trailing...
2026-08-12 16:08:48,832 [WARNING] [ACTIVE] TIE heartbeat lost > 30s. Taking over trailing...
2026-08-12 16:08:53,913 [WARNING] [ACTIVE] TIE heartbeat lost > 30s. Taking over trailing...
2026-08-12 16:08:59,018 [WARNING] [ACTIVE] TIE heartbeat lost > 30s. Taking over trailing...
2026-08-12 16:09:04,357 [WARNING] [ACTIVE] TIE heartbeat lost > 30s. Taking over trailing...
2026-08-12 16:09:09,532 [WARNING] [ACTIVE] TIE heartbeat lost > 30s. Taking over trailing...
2026-08-12 16:09:14,618 [WARNING] [ACTIVE] TIE heartbeat lost > 30s. Taking over trailing...
2026-08-12 16:09:19,750 [WARNING] [ACTIVE] TIE heartbeat lost > 30s. Taking over trailing...
2026-08-12 16:09:24,826 [WARNING] [ACTIVE] TIE heartbeat lost > 30s. Taking over trailing...
2026-08-12 16:09:29,894 [WARNING] [ACTIVE] TIE heartbeat lost > 30s. Taking over trailing...
2026-08-12 16:09:34,970 [WARNING] [ACTIVE] TIE heartbeat lost > 30s. Taking over trailing...
2026-08-12 16:09:40,058 [WARNING] [ACTIVE] TIE heartbeat lost > 30s. Taking over trailing...
2026-08-12 16:09:45,134 [WARNING] [ACTIVE] TIE heartbeat lost > 30s. Taking over trailing...
2026-08-12 16:09:50,239 [WARNING] [ACTIVE] TIE heartbeat lost > 30s. Taking over trailing...
2026-08-12 16:09:55,296 [WARNING] [ACTIVE] TIE heartbeat lost > 30s. Taking over trailing...
2026-08-12 16:10:00,398 [WARNING] [ACTIVE] TIE heartbeat lost > 30s. Taking over trailing...
2026-08-12 16:10:05,806 [WARNING] [ACTIVE] TIE heartbeat lost > 30s. Taking over trailing...
2026-08-12 16:10:10,883 [WARNING] [ACTIVE] TIE heartbeat lost > 30s. Taking over trailing...
2026-08-12 16:10:15,971 [WARNING] [ACTIVE] TIE heartbeat lost > 30s. Taking over trailing...
2026-08-12 16:10:15,971 [INFO] [3624613434] BE lock $1.5 → SL 4409.34 | profit $1.55
2026-08-12 16:10:16,565 [INFO] [3624613434] MODIFIED SL → 4409.34
2026-08-12 16:10:16,565 [INFO] [3624618314] BE lock $1.5 → SL 4409.26 | profit $1.63
2026-08-12 16:10:16,704 [INFO] [3624618314] MODIFIED SL → 4409.26
2026-08-12 16:10:21,783 [WARNING] [ACTIVE] TIE heartbeat lost > 30s. Taking over trailing...
2026-08-12 16:10:27,168 [WARNING] [ACTIVE] TIE heartbeat lost > 30s. Taking over trailing...
2026-08-12 16:10:27,174 [INFO] [3624614606] Trail: profit $2.41 peak $2.41 locked $1.61 → SL 4409.55
2026-08-12 16:10:27,949 [INFO] [3624614606] MODIFIED SL → 4409.55
2026-08-12 16:10:27,949 [INFO] [3624618314] Trail: profit $2.59 peak $2.59 locked $1.79 → SL 4409.55
2026-08-12 16:10:28,060 [INFO] [3624618314] MODIFIED SL → 4409.55
2026-08-12 16:10:28,062 [INFO] [3624619597] BE lock $1.5 → SL 4409.58 | profit $2.27
2026-08-12 16:10:28,140 [INFO] [3624619597] MODIFIED SL → 4409.58
2026-08-12 16:10:28,140 [INFO] [3624620126] BE lock $1.5 → SL 4409.69 | profit $2.16
2026-08-12 16:10:28,230 [INFO] [3624620126] MODIFIED SL → 4409.69
2026-08-12 16:10:33,369 [WARNING] [ACTIVE] TIE heartbeat lost > 30s. Taking over trailing...
2026-08-12 16:10:33,369 [INFO] [3624620126] Trail: profit $2.97 peak $2.97 locked $2.17 → SL 4410.36
2026-08-12 16:10:34,150 [INFO] [3624620126] MODIFIED SL → 4410.36
2026-08-12 16:10:39,351 [WARNING] [ACTIVE] TIE heartbeat lost > 30s. Taking over trailing...
2026-08-12 16:10:44,526 [WARNING] [ACTIVE] TIE heartbeat lost > 30s. Taking over trailing...
2026-08-12 16:10:49,623 [WARNING] [ACTIVE] TIE heartbeat lost > 30s. Taking over trailing...
2026-08-12 16:10:54,719 [WARNING] [ACTIVE] TIE heartbeat lost > 30s. Taking over trailing...
2026-08-12 16:10:59,810 [WARNING] [ACTIVE] TIE heartbeat lost > 30s. Taking over trailing...
2026-08-12 16:11:04,891 [WARNING] [ACTIVE] TIE heartbeat lost > 30s. Taking over trailing...
2026-08-12 16:11:09,964 [WARNING] [ACTIVE] TIE heartbeat lost > 30s. Taking over trailing...
2026-08-12 16:11:15,070 [WARNING] [ACTIVE] TIE heartbeat lost > 30s. Taking over trailing...
2026-08-12 16:11:20,147 [WARNING] [ACTIVE] TIE heartbeat lost > 30s. Taking over trailing...
2026-08-12 16:11:25,231 [WARNING] [ACTIVE] TIE heartbeat lost > 30s. Taking over trailing...
2026-08-12 16:11:30,320 [WARNING] [ACTIVE] TIE heartbeat lost > 30s. Taking over trailing...
2026-08-12 16:11:35,440 [WARNING] [ACTIVE] TIE heartbeat lost > 30s. Taking over trailing...
2026-08-12 16:11:40,572 [WARNING] [ACTIVE] TIE heartbeat lost > 30s. Taking over trailing...
2026-08-12 16:11:45,681 [WARNING] [ACTIVE] TIE heartbeat lost > 30s. Taking over trailing...
2026-08-12 16:11:50,776 [WARNING] [ACTIVE] TIE heartbeat lost > 30s. Taking over trailing...
2026-08-12 16:11:55,853 [WARNING] [ACTIVE] TIE heartbeat lost > 30s. Taking over trailing...
2026-08-12 16:12:00,925 [WARNING] [ACTIVE] TIE heartbeat lost > 30s. Taking over trailing...
2026-08-12 16:12:06,030 [WARNING] [ACTIVE] TIE heartbeat lost > 30s. Taking over trailing...
2026-08-12 16:12:11,103 [WARNING] [ACTIVE] TIE heartbeat lost > 30s. Taking over trailing...
2026-08-12 16:12:16,192 [WARNING] [ACTIVE] TIE heartbeat lost > 30s. Taking over trailing...
2026-08-12 16:12:21,267 [WARNING] [ACTIVE] TIE heartbeat lost > 30s. Taking over trailing...
2026-08-12 16:12:26,348 [WARNING] [ACTIVE] TIE heartbeat lost > 30s. Taking over trailing...
2026-08-12 16:12:31,435 [WARNING] [ACTIVE] TIE heartbeat lost > 30s. Taking over trailing...
2026-08-12 16:12:36,504 [WARNING] [ACTIVE] TIE heartbeat lost > 30s. Taking over trailing...
2026-08-12 16:12:41,582 [WARNING] [ACTIVE] TIE heartbeat lost > 30s. Taking over trailing...
2026-08-12 16:12:46,689 [WARNING] [ACTIVE] TIE heartbeat lost > 30s. Taking over trailing...
2026-08-12 16:12:51,779 [WARNING] [ACTIVE] TIE heartbeat lost > 30s. Taking over trailing...
2026-08-12 16:12:56,847 [WARNING] [ACTIVE] TIE heartbeat lost > 30s. Taking over trailing...
2026-08-12 16:13:01,932 [WARNING] [ACTIVE] TIE heartbeat lost > 30s. Taking over trailing...
2026-08-12 16:13:07,050 [WARNING] [ACTIVE] TIE heartbeat lost > 30s. Taking over trailing...
2026-08-12 16:13:12,176 [WARNING] [ACTIVE] TIE heartbeat lost > 30s. Taking over trailing...
2026-08-12 16:13:17,276 [WARNING] [ACTIVE] TIE heartbeat lost > 30s. Taking over trailing...
2026-08-12 16:13:22,383 [WARNING] [ACTIVE] TIE heartbeat lost > 30s. Taking over trailing...
2026-08-12 16:13:27,460 [WARNING] [ACTIVE] TIE heartbeat lost > 30s. Taking over trailing...
2026-08-12 16:13:32,533 [WARNING] [ACTIVE] TIE heartbeat lost > 30s. Taking over trailing...
2026-08-12 16:13:37,612 [WARNING] [ACTIVE] TIE heartbeat lost > 30s. Taking over trailing...
2026-08-12 16:13:42,723 [WARNING] [ACTIVE] TIE heartbeat lost > 30s. Taking over trailing...
2026-08-12 16:13:47,802 [WARNING] [ACTIVE] TIE heartbeat lost > 30s. Taking over trailing...
2026-08-12 16:13:52,899 [WARNING] [ACTIVE] TIE heartbeat lost > 30s. Taking over trailing...
2026-08-12 16:13:52,899 [INFO] [3624641451] BE lock $1.5 → SL 4411.71 | profit $2.47
2026-08-12 16:13:53,003 [INFO] [3624641451] MODIFIED SL → 4411.71
2026-08-12 16:13:53,004 [INFO] [3624642719] BE lock $1.5 → SL 4411.56 | profit $2.62
2026-08-12 16:13:53,112 [INFO] [3624642719] MODIFIED SL → 4411.56
2026-08-12 16:13:53,112 [INFO] [3624644547] BE lock $1.5 → SL 4412.49 | profit $1.69
2026-08-12 16:13:54,267 [INFO] [3624644547] MODIFIED SL → 4412.49
2026-08-12 16:13:54,267 [INFO] [3624646588] BE lock $1.5 → SL 4412.16 | profit $2.02
2026-08-12 16:13:54,358 [INFO] [3624646588] MODIFIED SL → 4412.16
2026-08-12 16:13:59,431 [WARNING] [ACTIVE] TIE heartbeat lost > 30s. Taking over trailing...
2026-08-12 16:13:59,431 [INFO] [3624642719] Trail: profit $2.35 peak $2.35 locked $1.55 → SL 4411.61
2026-08-12 16:13:59,505 [INFO] [3624642719] MODIFIED SL → 4411.61
2026-08-12 16:14:04,593 [WARNING] [ACTIVE] TIE heartbeat lost > 30s. Taking over trailing...
2026-08-12 16:14:09,664 [WARNING] [ACTIVE] TIE heartbeat lost > 30s. Taking over trailing...
2026-08-12 16:14:14,745 [WARNING] [ACTIVE] TIE heartbeat lost > 30s. Taking over trailing...
2026-08-12 16:14:19,823 [WARNING] [ACTIVE] TIE heartbeat lost > 30s. Taking over trailing...
2026-08-12 16:14:24,931 [WARNING] [ACTIVE] TIE heartbeat lost > 30s. Taking over trailing...
2026-08-12 16:14:29,999 [WARNING] [ACTIVE] TIE heartbeat lost > 30s. Taking over trailing...
2026-08-12 16:14:35,078 [WARNING] [ACTIVE] TIE heartbeat lost > 30s. Taking over trailing...
2026-08-12 16:14:40,161 [WARNING] [ACTIVE] TIE heartbeat lost > 30s. Taking over trailing...
2026-08-12 16:14:45,245 [WARNING] [ACTIVE] TIE heartbeat lost > 30s. Taking over trailing...
2026-08-12 16:14:50,308 [WARNING] [ACTIVE] TIE heartbeat lost > 30s. Taking over trailing...
2026-08-12 16:14:50,308 [INFO] [3624642719] Trail: profit $2.61 peak $2.61 locked $1.81 → SL 4411.87
2026-08-12 16:14:50,909 [INFO] [3624642719] MODIFIED SL → 4411.87
2026-08-12 16:14:56,015 [WARNING] [ACTIVE] TIE heartbeat lost > 30s. Taking over trailing...
2026-08-12 16:14:56,015 [INFO] [3624642719] Trail: profit $2.80 peak $2.80 locked $2.00 → SL 4412.06
2026-08-12 16:14:56,740 [INFO] [3624642719] MODIFIED SL → 4412.06
2026-08-12 16:15:01,847 [WARNING] [ACTIVE] TIE heartbeat lost > 30s. Taking over trailing...
2026-08-12 16:15:01,847 [INFO] [3624642719] Trail: profit $2.82 peak $2.82 locked $2.02 → SL 4412.08
2026-08-12 16:15:01,923 [INFO] [3624642719] MODIFIED SL → 4412.08
2026-08-12 16:15:07,163 [WARNING] [ACTIVE] TIE heartbeat lost > 30s. Taking over trailing...
2026-08-12 16:15:12,254 [WARNING] [ACTIVE] TIE heartbeat lost > 30s. Taking over trailing...
2026-08-12 16:15:17,338 [WARNING] [ACTIVE] TIE heartbeat lost > 30s. Taking over trailing...
2026-08-12 16:15:22,443 [WARNING] [ACTIVE] TIE heartbeat lost > 30s. Taking over trailing...
2026-08-12 16:15:27,518 [WARNING] [ACTIVE] TIE heartbeat lost > 30s. Taking over trailing...
2026-08-12 16:15:27,518 [INFO] [3624642719] Trail: profit $3.10 peak $3.10 locked $2.30 → SL 4412.36
2026-08-12 16:15:28,294 [INFO] [3624642719] MODIFIED SL → 4412.36
2026-08-12 16:15:33,377 [WARNING] [ACTIVE] TIE heartbeat lost > 30s. Taking over trailing...
2026-08-12 16:15:38,459 [WARNING] [ACTIVE] TIE heartbeat lost > 30s. Taking over trailing...
2026-08-12 16:15:43,546 [WARNING] [ACTIVE] TIE heartbeat lost > 30s. Taking over trailing...
2026-08-12 16:15:48,650 [WARNING] [ACTIVE] TIE heartbeat lost > 30s. Taking over trailing...
2026-08-12 16:15:48,651 [INFO] [3624642719] Trail: profit $3.97 peak $3.97 locked $3.17 → SL 4413.23
2026-08-12 16:15:49,512 [INFO] [3624642719] MODIFIED SL → 4413.23
2026-08-12 16:15:54,611 [WARNING] [ACTIVE] TIE heartbeat lost > 30s. Taking over trailing...
2026-08-12 16:15:59,684 [WARNING] [ACTIVE] TIE heartbeat lost > 30s. Taking over trailing...
2026-08-12 16:16:04,793 [WARNING] [ACTIVE] TIE heartbeat lost > 30s. Taking over trailing...
2026-08-12 16:28:07,803 [WARNING] [ACTIVE] TIE heartbeat lost > 30s. Taking over trailing...
2026-08-12 16:28:12,896 [WARNING] [ACTIVE] TIE heartbeat lost > 30s. Taking over trailing...
2026-08-12 16:28:17,978 [WARNING] [ACTIVE] TIE heartbeat lost > 30s. Taking over trailing...
2026-08-12 16:28:23,061 [WARNING] [ACTIVE] TIE heartbeat lost > 30s. Taking over trailing...
2026-08-12 16:28:28,134 [WARNING] [ACTIVE] TIE heartbeat lost > 30s. Taking over trailing...
2026-08-12 16:28:33,208 [WARNING] [ACTIVE] TIE heartbeat lost > 30s. Taking over trailing...
2026-08-12 16:28:38,286 [WARNING] [ACTIVE] TIE heartbeat lost > 30s. Taking over trailing...
2026-08-12 16:28:43,363 [WARNING] [ACTIVE] TIE heartbeat lost > 30s. Taking over trailing...
2026-08-12 16:28:48,446 [WARNING] [ACTIVE] TIE heartbeat lost > 30s. Taking over trailing...
2026-08-12 16:28:53,533 [WARNING] [ACTIVE] TIE heartbeat lost > 30s. Taking over trailing...
2026-08-12 16:28:58,612 [WARNING] [ACTIVE] TIE heartbeat lost > 30s. Taking over trailing...
2026-08-12 16:29:03,709 [WARNING] [ACTIVE] TIE heartbeat lost > 30s. Taking over trailing...
2026-08-12 16:29:08,789 [WARNING] [ACTIVE] TIE heartbeat lost > 30s. Taking over trailing...
2026-08-12 16:29:13,860 [WARNING] [ACTIVE] TIE heartbeat lost > 30s. Taking over trailing...
2026-08-12 16:29:18,954 [WARNING] [ACTIVE] TIE heartbeat lost > 30s. Taking over trailing...
2026-08-12 16:29:24,025 [WARNING] [ACTIVE] TIE heartbeat lost > 30s. Taking over trailing...
2026-08-12 16:29:29,115 [WARNING] [ACTIVE] TIE heartbeat lost > 30s. Taking over trailing...
2026-08-12 16:29:34,189 [WARNING] [ACTIVE] TIE heartbeat lost > 30s. Taking over trailing...
2026-08-12 16:29:39,274 [WARNING] [ACTIVE] TIE heartbeat lost > 30s. Taking over trailing...
2026-08-12 16:29:44,356 [WARNING] [ACTIVE] TIE heartbeat lost > 30s. Taking over trailing...
2026-08-12 16:29:49,449 [WARNING] [ACTIVE] TIE heartbeat lost > 30s. Taking over trailing...
2026-08-12 16:29:54,544 [WARNING] [ACTIVE] TIE heartbeat lost > 30s. Taking over trailing...
2026-08-12 16:29:59,622 [WARNING] [ACTIVE] TIE heartbeat lost > 30s. Taking over trailing...
2026-08-12 16:30:04,713 [WARNING] [ACTIVE] TIE heartbeat lost > 30s. Taking over trailing...
2026-08-12 16:30:09,796 [WARNING] [ACTIVE] TIE heartbeat lost > 30s. Taking over trailing...
2026-08-12 16:30:14,882 [WARNING] [ACTIVE] TIE heartbeat lost > 30s. Taking over trailing...
2026-08-12 16:30:19,962 [WARNING] [ACTIVE] TIE heartbeat lost > 30s. Taking over trailing...
2026-08-12 16:30:25,066 [WARNING] [ACTIVE] TIE heartbeat lost > 30s. Taking over trailing...
2026-08-12 16:30:30,158 [WARNING] [ACTIVE] TIE heartbeat lost > 30s. Taking over trailing...
2026-08-12 16:30:35,268 [WARNING] [ACTIVE] TIE heartbeat lost > 30s. Taking over trailing...
2026-08-12 16:30:40,355 [WARNING] [ACTIVE] TIE heartbeat lost > 30s. Taking over trailing...
2026-08-12 16:30:45,435 [WARNING] [ACTIVE] TIE heartbeat lost > 30s. Taking over trailing...
2026-08-12 16:30:50,537 [WARNING] [ACTIVE] TIE heartbeat lost > 30s. Taking over trailing...
2026-08-12 16:30:55,618 [WARNING] [ACTIVE] TIE heartbeat lost > 30s. Taking over trailing...
2026-08-12 16:31:00,709 [WARNING] [ACTIVE] TIE heartbeat lost > 30s. Taking over trailing...
2026-08-12 16:31:05,784 [WARNING] [ACTIVE] TIE heartbeat lost > 30s. Taking over trailing...
2026-08-12 16:31:10,911 [WARNING] [ACTIVE] TIE heartbeat lost > 30s. Taking over trailing...
2026-08-12 16:31:15,988 [WARNING] [ACTIVE] TIE heartbeat lost > 30s. Taking over trailing...
2026-08-12 16:31:21,101 [WARNING] [ACTIVE] TIE heartbeat lost > 30s. Taking over trailing...
2026-08-12 16:31:26,181 [WARNING] [ACTIVE] TIE heartbeat lost > 30s. Taking over trailing...
2026-08-12 16:31:31,265 [WARNING] [ACTIVE] TIE heartbeat lost > 30s. Taking over trailing...
2026-08-12 16:31:36,365 [WARNING] [ACTIVE] TIE heartbeat lost > 30s. Taking over trailing...
2026-08-12 16:31:41,446 [WARNING] [ACTIVE] TIE heartbeat lost > 30s. Taking over trailing...
2026-08-12 16:31:46,519 [WARNING] [ACTIVE] TIE heartbeat lost > 30s. Taking over trailing...
2026-08-12 16:31:51,594 [WARNING] [ACTIVE] TIE heartbeat lost > 30s. Taking over trailing...
2026-08-12 16:31:56,676 [WARNING] [ACTIVE] TIE heartbeat lost > 30s. Taking over trailing...
2026-08-12 16:32:01,764 [WARNING] [ACTIVE] TIE heartbeat lost > 30s. Taking over trailing...
2026-08-12 16:32:06,890 [WARNING] [ACTIVE] TIE heartbeat lost > 30s. Taking over trailing...
2026-08-12 16:32:11,985 [WARNING] [ACTIVE] TIE heartbeat lost > 30s. Taking over trailing...
2026-08-12 16:32:17,098 [WARNING] [ACTIVE] TIE heartbeat lost > 30s. Taking over trailing...
2026-08-12 16:32:22,174 [WARNING] [ACTIVE] TIE heartbeat lost > 30s. Taking over trailing...
2026-08-12 16:32:27,274 [WARNING] [ACTIVE] TIE heartbeat lost > 30s. Taking over trailing...
2026-08-12 16:32:32,383 [WARNING] [ACTIVE] TIE heartbeat lost > 30s. Taking over trailing...
2026-08-12 16:32:37,458 [WARNING] [ACTIVE] TIE heartbeat lost > 30s. Taking over trailing...
2026-08-12 16:32:42,534 [WARNING] [ACTIVE] TIE heartbeat lost > 30s. Taking over trailing...
2026-08-12 16:32:47,662 [WARNING] [ACTIVE] TIE heartbeat lost > 30s. Taking over trailing...
2026-08-12 16:32:52,758 [WARNING] [ACTIVE] TIE heartbeat lost > 30s. Taking over trailing...
2026-08-12 16:32:57,856 [WARNING] [ACTIVE] TIE heartbeat lost > 30s. Taking over trailing...
2026-08-12 16:33:02,937 [WARNING] [ACTIVE] TIE heartbeat lost > 30s. Taking over trailing...
2026-08-12 16:33:08,017 [WARNING] [ACTIVE] TIE heartbeat lost > 30s. Taking over trailing...
2026-08-12 16:33:13,095 [WARNING] [ACTIVE] TIE heartbeat lost > 30s. Taking over trailing...
2026-08-12 16:33:18,176 [WARNING] [ACTIVE] TIE heartbeat lost > 30s. Taking over trailing...
2026-08-12 16:33:23,271 [WARNING] [ACTIVE] TIE heartbeat lost > 30s. Taking over trailing...
2026-08-12 16:33:28,351 [WARNING] [ACTIVE] TIE heartbeat lost > 30s. Taking over trailing...
2026-08-12 16:33:33,455 [WARNING] [ACTIVE] TIE heartbeat lost > 30s. Taking over trailing...
2026-08-12 16:33:38,562 [WARNING] [ACTIVE] TIE heartbeat lost > 30s. Taking over trailing...
2026-08-12 16:33:43,668 [WARNING] [ACTIVE] TIE heartbeat lost > 30s. Taking over trailing...
2026-08-12 16:33:48,771 [WARNING] [ACTIVE] TIE heartbeat lost > 30s. Taking over trailing...
2026-08-12 16:33:53,834 [WARNING] [ACTIVE] TIE heartbeat lost > 30s. Taking over trailing...
2026-08-12 16:33:58,935 [WARNING] [ACTIVE] TIE heartbeat lost > 30s. Taking over trailing...
2026-08-12 16:34:04,006 [WARNING] [ACTIVE] TIE heartbeat lost > 30s. Taking over trailing...
2026-08-12 16:34:09,158 [WARNING] [ACTIVE] TIE heartbeat lost > 30s. Taking over trailing...
2026-08-12 16:34:14,245 [WARNING] [ACTIVE] TIE heartbeat lost > 30s. Taking over trailing...
2026-08-12 16:34:19,319 [WARNING] [ACTIVE] TIE heartbeat lost > 30s. Taking over trailing...
2026-08-12 16:34:24,392 [WARNING] [ACTIVE] TIE heartbeat lost > 30s. Taking over trailing...
2026-08-12 16:34:29,468 [WARNING] [ACTIVE] TIE heartbeat lost > 30s. Taking over trailing...
2026-08-12 16:34:34,577 [WARNING] [ACTIVE] TIE heartbeat lost > 30s. Taking over trailing...
2026-08-12 16:34:39,647 [WARNING] [ACTIVE] TIE heartbeat lost > 30s. Taking over trailing...
2026-08-12 16:34:44,726 [WARNING] [ACTIVE] TIE heartbeat lost > 30s. Taking over trailing...
2026-08-12 16:34:49,797 [WARNING] [ACTIVE] TIE heartbeat lost > 30s. Taking over trailing...
2026-08-12 16:34:54,869 [WARNING] [ACTIVE] TIE heartbeat lost > 30s. Taking over trailing...
2026-08-12 16:34:59,960 [WARNING] [ACTIVE] TIE heartbeat lost > 30s. Taking over trailing...
2026-08-12 16:35:05,049 [WARNING] [ACTIVE] TIE heartbeat lost > 30s. Taking over trailing...
2026-08-12 16:35:10,138 [WARNING] [ACTIVE] TIE heartbeat lost > 30s. Taking over trailing...
2026-08-12 16:35:15,237 [WARNING] [ACTIVE] TIE heartbeat lost > 30s. Taking over trailing...
2026-08-12 16:35:20,334 [WARNING] [ACTIVE] TIE heartbeat lost > 30s. Taking over trailing...
2026-08-12 16:35:25,434 [WARNING] [ACTIVE] TIE heartbeat lost > 30s. Taking over trailing...
2026-08-12 16:35:30,569 [WARNING] [ACTIVE] TIE heartbeat lost > 30s. Taking over trailing...
2026-08-12 16:35:35,653 [WARNING] [ACTIVE] TIE heartbeat lost > 30s. Taking over trailing...
2026-08-12 16:35:40,733 [WARNING] [ACTIVE] TIE heartbeat lost > 30s. Taking over trailing...
2026-08-12 16:35:45,813 [WARNING] [ACTIVE] TIE heartbeat lost > 30s. Taking over trailing...
2026-08-12 16:35:50,895 [WARNING] [ACTIVE] TIE heartbeat lost > 30s. Taking over trailing...
2026-08-12 16:35:55,963 [WARNING] [ACTIVE] TIE heartbeat lost > 30s. Taking over trailing...
2026-08-12 16:36:01,031 [WARNING] [ACTIVE] TIE heartbeat lost > 30s. Taking over trailing...
2026-08-12 16:36:06,135 [WARNING] [ACTIVE] TIE heartbeat lost > 30s. Taking over trailing...
2026-08-12 16:36:11,225 [WARNING] [ACTIVE] TIE heartbeat lost > 30s. Taking over trailing...
2026-08-12 16:36:16,306 [WARNING] [ACTIVE] TIE heartbeat lost > 30s. Taking over trailing...
2026-08-12 16:36:21,393 [WARNING] [ACTIVE] TIE heartbeat lost > 30s. Taking over trailing...
2026-08-12 16:36:26,472 [WARNING] [ACTIVE] TIE heartbeat lost > 30s. Taking over trailing...
2026-08-12 16:36:31,559 [WARNING] [ACTIVE] TIE heartbeat lost > 30s. Taking over trailing...
2026-08-12 16:36:36,692 [WARNING] [ACTIVE] TIE heartbeat lost > 30s. Taking over trailing...
2026-08-12 16:36:41,774 [WARNING] [ACTIVE] TIE heartbeat lost > 30s. Taking over trailing...
2026-08-12 16:36:46,867 [WARNING] [ACTIVE] TIE heartbeat lost > 30s. Taking over trailing...
2026-08-12 16:36:51,937 [WARNING] [ACTIVE] TIE heartbeat lost > 30s. Taking over trailing...
2026-08-12 16:36:57,007 [WARNING] [ACTIVE] TIE heartbeat lost > 30s. Taking over trailing...
2026-08-12 16:37:02,089 [WARNING] [ACTIVE] TIE heartbeat lost > 30s. Taking over trailing...
2026-08-12 16:37:07,170 [WARNING] [ACTIVE] TIE heartbeat lost > 30s. Taking over trailing...
2026-08-12 16:37:12,285 [WARNING] [ACTIVE] TIE heartbeat lost > 30s. Taking over trailing...
2026-08-12 16:37:17,363 [WARNING] [ACTIVE] TIE heartbeat lost > 30s. Taking over trailing...
2026-08-12 16:37:22,449 [WARNING] [ACTIVE] TIE heartbeat lost > 30s. Taking over trailing...
2026-08-12 16:37:27,672 [WARNING] [ACTIVE] TIE heartbeat lost > 30s. Taking over trailing...
2026-08-12 16:37:32,764 [WARNING] [ACTIVE] TIE heartbeat lost > 30s. Taking over trailing...
2026-08-12 16:37:37,865 [WARNING] [ACTIVE] TIE heartbeat lost > 30s. Taking over trailing...
2026-08-12 16:37:42,950 [WARNING] [ACTIVE] TIE heartbeat lost > 30s. Taking over trailing...
2026-08-12 16:37:48,022 [WARNING] [ACTIVE] TIE heartbeat lost > 30s. Taking over trailing...
2026-08-12 16:37:53,100 [WARNING] [ACTIVE] TIE heartbeat lost > 30s. Taking over trailing...
2026-08-12 16:37:58,165 [WARNING] [ACTIVE] TIE heartbeat lost > 30s. Taking over trailing...
2026-08-12 16:38:03,243 [WARNING] [ACTIVE] TIE heartbeat lost > 30s. Taking over trailing...
2026-08-12 16:38:08,315 [WARNING] [ACTIVE] TIE heartbeat lost > 30s. Taking over trailing...
2026-08-12 16:38:13,403 [WARNING] [ACTIVE] TIE heartbeat lost > 30s. Taking over trailing...
2026-08-12 16:38:18,483 [WARNING] [ACTIVE] TIE heartbeat lost > 30s. Taking over trailing...
2026-08-12 16:38:23,569 [WARNING] [ACTIVE] TIE heartbeat lost > 30s. Taking over trailing...
2026-08-12 16:38:28,692 [WARNING] [ACTIVE] TIE heartbeat lost > 30s. Taking over trailing...
2026-08-12 16:38:33,769 [WARNING] [ACTIVE] TIE heartbeat lost > 30s. Taking over trailing...
2026-08-12 16:38:38,916 [WARNING] [ACTIVE] TIE heartbeat lost > 30s. Taking over trailing...
2026-08-12 16:38:44,001 [WARNING] [ACTIVE] TIE heartbeat lost > 30s. Taking over trailing...
2026-08-12 16:38:49,081 [WARNING] [ACTIVE] TIE heartbeat lost > 30s. Taking over trailing...
2026-08-12 16:38:54,153 [WARNING] [ACTIVE] TIE heartbeat lost > 30s. Taking over trailing...
2026-08-12 16:38:59,228 [WARNING] [ACTIVE] TIE heartbeat lost > 30s. Taking over trailing...
2026-08-12 16:39:04,314 [WARNING] [ACTIVE] TIE heartbeat lost > 30s. Taking over trailing...
2026-08-12 16:39:09,387 [WARNING] [ACTIVE] TIE heartbeat lost > 30s. Taking over trailing...
2026-08-12 16:39:14,487 [WARNING] [ACTIVE] TIE heartbeat lost > 30s. Taking over trailing...
2026-08-12 16:39:19,558 [WARNING] [ACTIVE] TIE heartbeat lost > 30s. Taking over trailing...
2026-08-12 16:39:24,643 [WARNING] [ACTIVE] TIE heartbeat lost > 30s. Taking over trailing...
2026-08-12 16:39:29,720 [WARNING] [ACTIVE] TIE heartbeat lost > 30s. Taking over trailing...
2026-08-12 16:39:34,795 [WARNING] [ACTIVE] TIE heartbeat lost > 30s. Taking over trailing...
2026-08-12 16:39:39,902 [WARNING] [ACTIVE] TIE heartbeat lost > 30s. Taking over trailing...
2026-08-12 16:39:44,977 [WARNING] [ACTIVE] TIE heartbeat lost > 30s. Taking over trailing...
2026-08-12 16:39:50,072 [WARNING] [ACTIVE] TIE heartbeat lost > 30s. Taking over trailing...
2026-08-12 16:39:55,154 [WARNING] [ACTIVE] TIE heartbeat lost > 30s. Taking over trailing...
2026-08-12 16:40:00,332 [WARNING] [ACTIVE] TIE heartbeat lost > 30s. Taking over trailing...
2026-08-12 16:40:05,435 [WARNING] [ACTIVE] TIE heartbeat lost > 30s. Taking over trailing...
2026-08-12 16:40:10,523 [WARNING] [ACTIVE] TIE heartbeat lost > 30s. Taking over trailing...
2026-08-12 16:40:15,608 [WARNING] [ACTIVE] TIE heartbeat lost > 30s. Taking over trailing...
2026-08-12 16:40:20,696 [WARNING] [ACTIVE] TIE heartbeat lost > 30s. Taking over trailing...
2026-08-12 16:40:25,788 [WARNING] [ACTIVE] TIE heartbeat lost > 30s. Taking over trailing...
2026-08-12 16:40:30,863 [WARNING] [ACTIVE] TIE heartbeat lost > 30s. Taking over trailing...
2026-08-12 16:40:35,955 [WARNING] [ACTIVE] TIE heartbeat lost > 30s. Taking over trailing...
2026-08-12 16:40:41,042 [WARNING] [ACTIVE] TIE heartbeat lost > 30s. Taking over trailing...
2026-08-12 16:40:46,124 [WARNING] [ACTIVE] TIE heartbeat lost > 30s. Taking over trailing...
2026-08-12 16:40:51,196 [WARNING] [ACTIVE] TIE heartbeat lost > 30s. Taking over trailing...
2026-08-12 16:40:56,264 [WARNING] [ACTIVE] TIE heartbeat lost > 30s. Taking over trailing...
2026-08-12 16:41:02,362 [WARNING] [ACTIVE] TIE heartbeat lost > 30s. Taking over trailing...
2026-08-12 16:41:07,444 [WARNING] [ACTIVE] TIE heartbeat lost > 30s. Taking over trailing...
2026-08-12 16:41:12,515 [WARNING] [ACTIVE] TIE heartbeat lost > 30s. Taking over trailing...
2026-08-12 16:41:17,585 [WARNING] [ACTIVE] TIE heartbeat lost > 30s. Taking over trailing...
2026-08-12 16:41:22,680 [WARNING] [ACTIVE] TIE heartbeat lost > 30s. Taking over trailing...
2026-08-12 16:41:27,771 [WARNING] [ACTIVE] TIE heartbeat lost > 30s. Taking over trailing...
2026-08-12 16:41:32,886 [WARNING] [ACTIVE] TIE heartbeat lost > 30s. Taking over trailing...
2026-08-12 16:41:37,993 [WARNING] [ACTIVE] TIE heartbeat lost > 30s. Taking over trailing...
2026-08-12 16:41:43,063 [WARNING] [ACTIVE] TIE heartbeat lost > 30s. Taking over trailing...
2026-08-12 16:41:48,163 [WARNING] [ACTIVE] TIE heartbeat lost > 30s. Taking over trailing...
2026-08-12 16:41:53,237 [WARNING] [ACTIVE] TIE heartbeat lost > 30s. Taking over trailing...
2026-08-12 16:41:58,305 [WARNING] [ACTIVE] TIE heartbeat lost > 30s. Taking over trailing...
2026-08-12 16:42:03,401 [WARNING] [ACTIVE] TIE heartbeat lost > 30s. Taking over trailing...
2026-08-12 16:42:08,473 [WARNING] [ACTIVE] TIE heartbeat lost > 30s. Taking over trailing...
2026-08-12 16:42:13,622 [WARNING] [ACTIVE] TIE heartbeat lost > 30s. Taking over trailing...
2026-08-12 16:42:18,733 [WARNING] [ACTIVE] TIE heartbeat lost > 30s. Taking over trailing...
2026-08-12 16:42:23,824 [WARNING] [ACTIVE] TIE heartbeat lost > 30s. Taking over trailing...
2026-08-12 16:42:28,911 [WARNING] [ACTIVE] TIE heartbeat lost > 30s. Taking over trailing...
2026-08-12 16:42:34,014 [WARNING] [ACTIVE] TIE heartbeat lost > 30s. Taking over trailing...
2026-08-12 16:42:39,107 [WARNING] [ACTIVE] TIE heartbeat lost > 30s. Taking over trailing...
2026-08-12 16:42:44,222 [WARNING] [ACTIVE] TIE heartbeat lost > 30s. Taking over trailing...
2026-08-12 16:42:49,303 [WARNING] [ACTIVE] TIE heartbeat lost > 30s. Taking over trailing...
2026-08-12 16:42:54,377 [WARNING] [ACTIVE] TIE heartbeat lost > 30s. Taking over trailing...
2026-08-12 16:42:59,453 [WARNING] [ACTIVE] TIE heartbeat lost > 30s. Taking over trailing...
2026-08-12 16:43:04,533 [WARNING] [ACTIVE] TIE heartbeat lost > 30s. Taking over trailing...
2026-08-12 16:43:09,622 [WARNING] [ACTIVE] TIE heartbeat lost > 30s. Taking over trailing...
2026-08-12 16:43:14,694 [WARNING] [ACTIVE] TIE heartbeat lost > 30s. Taking over trailing...
2026-08-12 16:43:19,786 [WARNING] [ACTIVE] TIE heartbeat lost > 30s. Taking over trailing...
2026-08-12 16:43:24,868 [WARNING] [ACTIVE] TIE heartbeat lost > 30s. Taking over trailing...
2026-08-12 16:43:29,957 [WARNING] [ACTIVE] TIE heartbeat lost > 30s. Taking over trailing...
2026-08-12 16:43:35,047 [WARNING] [ACTIVE] TIE heartbeat lost > 30s. Taking over trailing...
2026-08-12 16:43:40,125 [WARNING] [ACTIVE] TIE heartbeat lost > 30s. Taking over trailing...
2026-08-12 16:43:45,235 [WARNING] [ACTIVE] TIE heartbeat lost > 30s. Taking over trailing...
2026-08-12 16:43:50,318 [WARNING] [ACTIVE] TIE heartbeat lost > 30s. Taking over trailing...
2026-08-12 16:43:55,395 [WARNING] [ACTIVE] TIE heartbeat lost > 30s. Taking over trailing...
2026-08-12 16:44:00,527 [WARNING] [ACTIVE] TIE heartbeat lost > 30s. Taking over trailing...
2026-08-12 16:44:05,595 [WARNING] [ACTIVE] TIE heartbeat lost > 30s. Taking over trailing...
2026-08-12 16:44:10,666 [WARNING] [ACTIVE] TIE heartbeat lost > 30s. Taking over trailing...
2026-08-12 16:44:15,741 [WARNING] [ACTIVE] TIE heartbeat lost > 30s. Taking over trailing...
2026-08-12 16:44:20,814 [WARNING] [ACTIVE] TIE heartbeat lost > 30s. Taking over trailing...
2026-08-12 16:44:25,889 [WARNING] [ACTIVE] TIE heartbeat lost > 30s. Taking over trailing...
2026-08-12 16:44:30,983 [WARNING] [ACTIVE] TIE heartbeat lost > 30s. Taking over trailing...
2026-08-12 16:44:36,063 [WARNING] [ACTIVE] TIE heartbeat lost > 30s. Taking over trailing...
2026-08-12 16:44:41,151 [WARNING] [ACTIVE] TIE heartbeat lost > 30s. Taking over trailing...
2026-08-12 16:44:46,227 [WARNING] [ACTIVE] TIE heartbeat lost > 30s. Taking over trailing...
2026-08-12 16:44:51,313 [WARNING] [ACTIVE] TIE heartbeat lost > 30s. Taking over trailing...
2026-08-12 16:44:56,403 [WARNING] [ACTIVE] TIE heartbeat lost > 30s. Taking over trailing...
2026-08-12 16:45:01,481 [WARNING] [ACTIVE] TIE heartbeat lost > 30s. Taking over trailing...
2026-08-12 16:45:06,557 [WARNING] [ACTIVE] TIE heartbeat lost > 30s. Taking over trailing...
2026-08-12 16:45:11,641 [WARNING] [ACTIVE] TIE heartbeat lost > 30s. Taking over trailing...
2026-08-12 16:45:16,712 [WARNING] [ACTIVE] TIE heartbeat lost > 30s. Taking over trailing...
2026-08-12 16:45:21,796 [WARNING] [ACTIVE] TIE heartbeat lost > 30s. Taking over trailing...
2026-08-12 16:45:26,871 [WARNING] [ACTIVE] TIE heartbeat lost > 30s. Taking over trailing...
2026-08-12 16:45:31,965 [WARNING] [ACTIVE] TIE heartbeat lost > 30s. Taking over trailing...
2026-08-12 16:45:37,034 [WARNING] [ACTIVE] TIE heartbeat lost > 30s. Taking over trailing...
2026-08-12 16:45:42,107 [WARNING] [ACTIVE] TIE heartbeat lost > 30s. Taking over trailing...
2026-08-12 16:45:47,177 [WARNING] [ACTIVE] TIE heartbeat lost > 30s. Taking over trailing...
2026-08-12 16:45:52,259 [WARNING] [ACTIVE] TIE heartbeat lost > 30s. Taking over trailing...
2026-08-12 16:45:57,334 [WARNING] [ACTIVE] TIE heartbeat lost > 30s. Taking over trailing...
2026-08-12 16:46:02,414 [WARNING] [ACTIVE] TIE heartbeat lost > 30s. Taking over trailing...
2026-08-12 16:46:07,492 [WARNING] [ACTIVE] TIE heartbeat lost > 30s. Taking over trailing...
2026-08-12 16:46:12,566 [WARNING] [ACTIVE] TIE heartbeat lost > 30s. Taking over trailing...
2026-08-12 16:46:17,650 [WARNING] [ACTIVE] TIE heartbeat lost > 30s. Taking over trailing...
2026-08-12 16:46:22,731 [WARNING] [ACTIVE] TIE heartbeat lost > 30s. Taking over trailing...
2026-08-12 16:46:27,819 [WARNING] [ACTIVE] TIE heartbeat lost > 30s. Taking over trailing...
2026-08-12 16:46:32,891 [WARNING] [ACTIVE] TIE heartbeat lost > 30s. Taking over trailing...
2026-08-12 16:46:37,991 [WARNING] [ACTIVE] TIE heartbeat lost > 30s. Taking over trailing...
2026-08-12 16:46:43,072 [WARNING] [ACTIVE] TIE heartbeat lost > 30s. Taking over trailing...
2026-08-12 16:46:48,151 [WARNING] [ACTIVE] TIE heartbeat lost > 30s. Taking over trailing...
2026-08-12 16:46:53,225 [WARNING] [ACTIVE] TIE heartbeat lost > 30s. Taking over trailing...
2026-08-12 16:46:58,296 [WARNING] [ACTIVE] TIE heartbeat lost > 30s. Taking over trailing...
2026-08-12 16:47:03,389 [WARNING] [ACTIVE] TIE heartbeat lost > 30s. Taking over trailing...
2026-08-12 16:47:08,466 [WARNING] [ACTIVE] TIE heartbeat lost > 30s. Taking over trailing...
2026-08-12 16:47:13,542 [WARNING] [ACTIVE] TIE heartbeat lost > 30s. Taking over trailing...
2026-08-12 16:47:18,620 [WARNING] [ACTIVE] TIE heartbeat lost > 30s. Taking over trailing...
2026-08-12 16:47:23,692 [WARNING] [ACTIVE] TIE heartbeat lost > 30s. Taking over trailing...
2026-08-12 16:47:28,759 [WARNING] [ACTIVE] TIE heartbeat lost > 30s. Taking over trailing...
2026-08-12 16:47:33,831 [WARNING] [ACTIVE] TIE heartbeat lost > 30s. Taking over trailing...
2026-08-12 16:47:38,905 [WARNING] [ACTIVE] TIE heartbeat lost > 30s. Taking over trailing...
2026-08-12 16:47:44,004 [WARNING] [ACTIVE] TIE heartbeat lost > 30s. Taking over trailing...
2026-08-12 16:47:49,076 [WARNING] [ACTIVE] TIE heartbeat lost > 30s. Taking over trailing...
2026-08-12 16:47:54,166 [WARNING] [ACTIVE] TIE heartbeat lost > 30s. Taking over trailing...
2026-08-12 16:47:59,241 [WARNING] [ACTIVE] TIE heartbeat lost > 30s. Taking over trailing...
2026-08-12 16:48:04,316 [WARNING] [ACTIVE] TIE heartbeat lost > 30s. Taking over trailing...
2026-08-12 16:48:09,386 [WARNING] [ACTIVE] TIE heartbeat lost > 30s. Taking over trailing...
2026-08-12 16:48:14,481 [WARNING] [ACTIVE] TIE heartbeat lost > 30s. Taking over trailing...
2026-08-12 16:48:19,555 [WARNING] [ACTIVE] TIE heartbeat lost > 30s. Taking over trailing...
2026-08-12 16:48:24,634 [WARNING] [ACTIVE] TIE heartbeat lost > 30s. Taking over trailing...
2026-08-12 16:48:29,724 [WARNING] [ACTIVE] TIE heartbeat lost > 30s. Taking over trailing...
2026-08-12 16:48:34,805 [WARNING] [ACTIVE] TIE heartbeat lost > 30s. Taking over trailing...
2026-08-12 16:48:39,876 [WARNING] [ACTIVE] TIE heartbeat lost > 30s. Taking over trailing...
2026-08-12 16:48:44,955 [WARNING] [ACTIVE] TIE heartbeat lost > 30s. Taking over trailing...
2026-08-12 16:48:50,033 [WARNING] [ACTIVE] TIE heartbeat lost > 30s. Taking over trailing...
2026-08-12 16:48:55,133 [WARNING] [ACTIVE] TIE heartbeat lost > 30s. Taking over trailing...
2026-08-12 16:49:00,231 [WARNING] [ACTIVE] TIE heartbeat lost > 30s. Taking over trailing...
2026-08-12 16:49:05,315 [WARNING] [ACTIVE] TIE heartbeat lost > 30s. Taking over trailing...
2026-08-12 16:49:10,403 [WARNING] [ACTIVE] TIE heartbeat lost > 30s. Taking over trailing...
2026-08-12 16:49:15,483 [WARNING] [ACTIVE] TIE heartbeat lost > 30s. Taking over trailing...
2026-08-12 16:49:20,619 [WARNING] [ACTIVE] TIE heartbeat lost > 30s. Taking over trailing...
2026-08-12 16:49:25,691 [WARNING] [ACTIVE] TIE heartbeat lost > 30s. Taking over trailing...
2026-08-12 16:49:30,768 [WARNING] [ACTIVE] TIE heartbeat lost > 30s. Taking over trailing...
2026-08-12 16:49:35,838 [WARNING] [ACTIVE] TIE heartbeat lost > 30s. Taking over trailing...
2026-08-12 16:49:40,939 [WARNING] [ACTIVE] TIE heartbeat lost > 30s. Taking over trailing...
2026-08-12 16:49:46,019 [WARNING] [ACTIVE] TIE heartbeat lost > 30s. Taking over trailing...
2026-08-12 16:49:51,094 [WARNING] [ACTIVE] TIE heartbeat lost > 30s. Taking over trailing...
2026-08-12 16:49:56,182 [WARNING] [ACTIVE] TIE heartbeat lost > 30s. Taking over trailing...
2026-08-12 16:50:01,334 [WARNING] [ACTIVE] TIE heartbeat lost > 30s. Taking over trailing...
2026-08-12 16:50:06,414 [WARNING] [ACTIVE] TIE heartbeat lost > 30s. Taking over trailing...
2026-08-12 16:50:11,542 [WARNING] [ACTIVE] TIE heartbeat lost > 30s. Taking over trailing...
2026-08-12 16:50:16,614 [WARNING] [ACTIVE] TIE heartbeat lost > 30s. Taking over trailing...
2026-08-12 16:50:21,699 [WARNING] [ACTIVE] TIE heartbeat lost > 30s. Taking over trailing...
2026-08-12 16:50:26,782 [WARNING] [ACTIVE] TIE heartbeat lost > 30s. Taking over trailing...
2026-08-12 16:50:31,877 [WARNING] [ACTIVE] TIE heartbeat lost > 30s. Taking over trailing...
2026-08-12 16:50:36,949 [WARNING] [ACTIVE] TIE heartbeat lost > 30s. Taking over trailing...
2026-08-12 16:50:42,021 [WARNING] [ACTIVE] TIE heartbeat lost > 30s. Taking over trailing...
2026-08-12 16:50:47,117 [WARNING] [ACTIVE] TIE heartbeat lost > 30s. Taking over trailing...
2026-08-12 16:50:52,193 [WARNING] [ACTIVE] TIE heartbeat lost > 30s. Taking over trailing...
2026-08-12 16:50:57,276 [WARNING] [ACTIVE] TIE heartbeat lost > 30s. Taking over trailing...
2026-08-12 16:51:02,365 [WARNING] [ACTIVE] TIE heartbeat lost > 30s. Taking over trailing...
2026-08-12 16:51:07,442 [WARNING] [ACTIVE] TIE heartbeat lost > 30s. Taking over trailing...
2026-08-12 16:51:12,516 [WARNING] [ACTIVE] TIE heartbeat lost > 30s. Taking over trailing...
2026-08-12 16:51:17,588 [WARNING] [ACTIVE] TIE heartbeat lost > 30s. Taking over trailing...
2026-08-12 16:51:22,676 [WARNING] [ACTIVE] TIE heartbeat lost > 30s. Taking over trailing...
2026-08-12 16:51:27,758 [WARNING] [ACTIVE] TIE heartbeat lost > 30s. Taking over trailing...
2026-08-12 16:51:32,833 [WARNING] [ACTIVE] TIE heartbeat lost > 30s. Taking over trailing...
2026-08-12 16:51:37,911 [WARNING] [ACTIVE] TIE heartbeat lost > 30s. Taking over trailing...
2026-08-12 16:51:42,991 [WARNING] [ACTIVE] TIE heartbeat lost > 30s. Taking over trailing...
2026-08-12 16:51:48,068 [WARNING] [ACTIVE] TIE heartbeat lost > 30s. Taking over trailing...
2026-08-12 16:51:53,200 [WARNING] [ACTIVE] TIE heartbeat lost > 30s. Taking over trailing...
2026-08-12 16:51:58,278 [WARNING] [ACTIVE] TIE heartbeat lost > 30s. Taking over trailing...
2026-08-12 16:52:03,355 [WARNING] [ACTIVE] TIE heartbeat lost > 30s. Taking over trailing...
2026-08-12 16:52:08,426 [WARNING] [ACTIVE] TIE heartbeat lost > 30s. Taking over trailing...
2026-08-12 16:52:13,498 [WARNING] [ACTIVE] TIE heartbeat lost > 30s. Taking over trailing...
2026-08-12 16:52:18,578 [WARNING] [ACTIVE] TIE heartbeat lost > 30s. Taking over trailing...
2026-08-12 16:52:23,657 [WARNING] [ACTIVE] TIE heartbeat lost > 30s. Taking over trailing...
2026-08-12 16:52:28,730 [WARNING] [ACTIVE] TIE heartbeat lost > 30s. Taking over trailing...
2026-08-12 16:52:33,813 [WARNING] [ACTIVE] TIE heartbeat lost > 30s. Taking over trailing...
2026-08-12 16:52:38,899 [WARNING] [ACTIVE] TIE heartbeat lost > 30s. Taking over trailing...
2026-08-12 16:52:43,991 [WARNING] [ACTIVE] TIE heartbeat lost > 30s. Taking over trailing...
2026-08-12 16:52:49,079 [WARNING] [ACTIVE] TIE heartbeat lost > 30s. Taking over trailing...
2026-08-12 16:52:54,153 [WARNING] [ACTIVE] TIE heartbeat lost > 30s. Taking over trailing...
2026-08-12 16:52:59,262 [WARNING] [ACTIVE] TIE heartbeat lost > 30s. Taking over trailing...
2026-08-12 16:53:04,333 [WARNING] [ACTIVE] TIE heartbeat lost > 30s. Taking over trailing...
2026-08-12 16:53:09,431 [WARNING] [ACTIVE] TIE heartbeat lost > 30s. Taking over trailing...
2026-08-12 16:53:14,515 [WARNING] [ACTIVE] TIE heartbeat lost > 30s. Taking over trailing...
2026-08-12 16:53:19,590 [WARNING] [ACTIVE] TIE heartbeat lost > 30s. Taking over trailing...
2026-08-12 16:53:24,713 [WARNING] [ACTIVE] TIE heartbeat lost > 30s. Taking over trailing...
2026-08-12 16:53:29,800 [WARNING] [ACTIVE] TIE heartbeat lost > 30s. Taking over trailing...
2026-08-12 16:53:34,866 [WARNING] [ACTIVE] TIE heartbeat lost > 30s. Taking over trailing...
2026-08-12 16:53:39,942 [WARNING] [ACTIVE] TIE heartbeat lost > 30s. Taking over trailing...
2026-08-12 16:53:45,055 [WARNING] [ACTIVE] TIE heartbeat lost > 30s. Taking over trailing...
2026-08-12 16:53:50,143 [WARNING] [ACTIVE] TIE heartbeat lost > 30s. Taking over trailing...
2026-08-12 16:53:55,229 [WARNING] [ACTIVE] TIE heartbeat lost > 30s. Taking over trailing...
2026-08-12 16:54:00,344 [WARNING] [ACTIVE] TIE heartbeat lost > 30s. Taking over trailing...
2026-08-12 16:54:05,417 [WARNING] [ACTIVE] TIE heartbeat lost > 30s. Taking over trailing...
2026-08-12 16:54:10,487 [WARNING] [ACTIVE] TIE heartbeat lost > 30s. Taking over trailing...
2026-08-12 16:54:15,595 [WARNING] [ACTIVE] TIE heartbeat lost > 30s. Taking over trailing...
2026-08-12 16:54:20,667 [WARNING] [ACTIVE] TIE heartbeat lost > 30s. Taking over trailing...
2026-08-12 16:54:25,740 [WARNING] [ACTIVE] TIE heartbeat lost > 30s. Taking over trailing...
2026-08-12 16:54:30,826 [WARNING] [ACTIVE] TIE heartbeat lost > 30s. Taking over trailing...
2026-08-12 16:54:35,902 [WARNING] [ACTIVE] TIE heartbeat lost > 30s. Taking over trailing...
2026-08-12 16:54:40,978 [WARNING] [ACTIVE] TIE heartbeat lost > 30s. Taking over trailing...
2026-08-12 16:54:46,078 [WARNING] [ACTIVE] TIE heartbeat lost > 30s. Taking over trailing...
2026-08-12 16:54:51,158 [WARNING] [ACTIVE] TIE heartbeat lost > 30s. Taking over trailing...
2026-08-12 16:54:56,224 [WARNING] [ACTIVE] TIE heartbeat lost > 30s. Taking over trailing...
2026-08-12 16:55:01,308 [WARNING] [ACTIVE] TIE heartbeat lost > 30s. Taking over trailing...
2026-08-12 16:55:06,402 [WARNING] [ACTIVE] TIE heartbeat lost > 30s. Taking over trailing...
2026-08-12 16:55:11,482 [WARNING] [ACTIVE] TIE heartbeat lost > 30s. Taking over trailing...
2026-08-12 16:55:16,558 [WARNING] [ACTIVE] TIE heartbeat lost > 30s. Taking over trailing...
2026-08-12 16:55:21,640 [WARNING] [ACTIVE] TIE heartbeat lost > 30s. Taking over trailing...
2026-08-12 16:55:26,723 [WARNING] [ACTIVE] TIE heartbeat lost > 30s. Taking over trailing...
2026-08-12 16:55:31,797 [WARNING] [ACTIVE] TIE heartbeat lost > 30s. Taking over trailing...
2026-08-12 16:55:36,893 [WARNING] [ACTIVE] TIE heartbeat lost > 30s. Taking over trailing...
2026-08-12 16:55:41,986 [WARNING] [ACTIVE] TIE heartbeat lost > 30s. Taking over trailing...
2026-08-12 16:55:47,107 [WARNING] [ACTIVE] TIE heartbeat lost > 30s. Taking over trailing...
2026-08-12 16:55:52,185 [WARNING] [ACTIVE] TIE heartbeat lost > 30s. Taking over trailing...
2026-08-12 16:55:57,262 [WARNING] [ACTIVE] TIE heartbeat lost > 30s. Taking over trailing...
2026-08-12 16:56:02,339 [WARNING] [ACTIVE] TIE heartbeat lost > 30s. Taking over trailing...
2026-08-12 16:56:07,406 [WARNING] [ACTIVE] TIE heartbeat lost > 30s. Taking over trailing...
2026-08-12 16:56:12,480 [WARNING] [ACTIVE] TIE heartbeat lost > 30s. Taking over trailing...
2026-08-12 16:56:17,560 [WARNING] [ACTIVE] TIE heartbeat lost > 30s. Taking over trailing...
2026-08-12 16:56:22,644 [WARNING] [ACTIVE] TIE heartbeat lost > 30s. Taking over trailing...
2026-08-12 16:56:27,722 [WARNING] [ACTIVE] TIE heartbeat lost > 30s. Taking over trailing...
2026-08-12 16:56:32,818 [WARNING] [ACTIVE] TIE heartbeat lost > 30s. Taking over trailing...
2026-08-12 16:56:37,890 [WARNING] [ACTIVE] TIE heartbeat lost > 30s. Taking over trailing...
2026-08-12 16:56:42,967 [WARNING] [ACTIVE] TIE heartbeat lost > 30s. Taking over trailing...
2026-08-12 16:56:48,042 [WARNING] [ACTIVE] TIE heartbeat lost > 30s. Taking over trailing...
2026-08-12 16:56:53,122 [WARNING] [ACTIVE] TIE heartbeat lost > 30s. Taking over trailing...
2026-08-12 16:56:58,230 [WARNING] [ACTIVE] TIE heartbeat lost > 30s. Taking over trailing...
2026-08-12 16:57:03,316 [WARNING] [ACTIVE] TIE heartbeat lost > 30s. Taking over trailing...
2026-08-12 16:57:08,389 [WARNING] [ACTIVE] TIE heartbeat lost > 30s. Taking over trailing...
2026-08-12 16:57:13,465 [WARNING] [ACTIVE] TIE heartbeat lost > 30s. Taking over trailing...
2026-08-12 16:57:18,548 [WARNING] [ACTIVE] TIE heartbeat lost > 30s. Taking over trailing...
2026-08-12 16:57:23,645 [WARNING] [ACTIVE] TIE heartbeat lost > 30s. Taking over trailing...
2026-08-12 16:57:28,749 [WARNING] [ACTIVE] TIE heartbeat lost > 30s. Taking over trailing...
2026-08-12 16:57:33,837 [WARNING] [ACTIVE] TIE heartbeat lost > 30s. Taking over trailing...
2026-08-12 16:57:38,925 [WARNING] [ACTIVE] TIE heartbeat lost > 30s. Taking over trailing...
2026-08-12 16:57:44,008 [WARNING] [ACTIVE] TIE heartbeat lost > 30s. Taking over trailing...
2026-08-12 16:57:49,082 [WARNING] [ACTIVE] TIE heartbeat lost > 30s. Taking over trailing...
2026-08-12 16:57:54,169 [WARNING] [ACTIVE] TIE heartbeat lost > 30s. Taking over trailing...
2026-08-12 16:57:59,239 [WARNING] [ACTIVE] TIE heartbeat lost > 30s. Taking over trailing...
2026-08-12 16:58:04,328 [WARNING] [ACTIVE] TIE heartbeat lost > 30s. Taking over trailing...
2026-08-12 16:58:09,415 [WARNING] [ACTIVE] TIE heartbeat lost > 30s. Taking over trailing...
2026-08-12 16:58:14,485 [WARNING] [ACTIVE] TIE heartbeat lost > 30s. Taking over trailing...
2026-08-12 16:58:19,569 [WARNING] [ACTIVE] TIE heartbeat lost > 30s. Taking over trailing...
2026-08-12 16:58:24,665 [WARNING] [ACTIVE] TIE heartbeat lost > 30s. Taking over trailing...
2026-08-12 16:58:29,781 [WARNING] [ACTIVE] TIE heartbeat lost > 30s. Taking over trailing...
2026-08-12 16:58:34,890 [WARNING] [ACTIVE] TIE heartbeat lost > 30s. Taking over trailing...
2026-08-12 16:58:40,004 [WARNING] [ACTIVE] TIE heartbeat lost > 30s. Taking over trailing...
2026-08-12 16:58:45,120 [WARNING] [ACTIVE] TIE heartbeat lost > 30s. Taking over trailing...
2026-08-12 16:58:50,205 [WARNING] [ACTIVE] TIE heartbeat lost > 30s. Taking over trailing...
2026-08-12 16:58:55,274 [WARNING] [ACTIVE] TIE heartbeat lost > 30s. Taking over trailing...
2026-08-12 16:59:00,352 [WARNING] [ACTIVE] TIE heartbeat lost > 30s. Taking over trailing...
2026-08-12 16:59:05,446 [WARNING] [ACTIVE] TIE heartbeat lost > 30s. Taking over trailing...
2026-08-12 16:59:10,527 [WARNING] [ACTIVE] TIE heartbeat lost > 30s. Taking over trailing...
2026-08-12 16:59:15,599 [WARNING] [ACTIVE] TIE heartbeat lost > 30s. Taking over trailing...
2026-08-12 16:59:20,666 [WARNING] [ACTIVE] TIE heartbeat lost > 30s. Taking over trailing...
2026-08-12 16:59:25,744 [WARNING] [ACTIVE] TIE heartbeat lost > 30s. Taking over trailing...
2026-08-12 16:59:30,833 [WARNING] [ACTIVE] TIE heartbeat lost > 30s. Taking over trailing...
2026-08-12 16:59:35,898 [WARNING] [ACTIVE] TIE heartbeat lost > 30s. Taking over trailing...
2026-08-12 16:59:40,972 [WARNING] [ACTIVE] TIE heartbeat lost > 30s. Taking over trailing...
2026-08-12 16:59:46,062 [WARNING] [ACTIVE] TIE heartbeat lost > 30s. Taking over trailing...
2026-08-12 16:59:51,131 [WARNING] [ACTIVE] TIE heartbeat lost > 30s. Taking over trailing...
2026-08-12 16:59:56,231 [WARNING] [ACTIVE] TIE heartbeat lost > 30s. Taking over trailing...
2026-08-12 17:00:01,351 [WARNING] [ACTIVE] TIE heartbeat lost > 30s. Taking over trailing...
2026-08-12 17:00:06,431 [WARNING] [ACTIVE] TIE heartbeat lost > 30s. Taking over trailing...
2026-08-12 17:00:11,534 [WARNING] [ACTIVE] TIE heartbeat lost > 30s. Taking over trailing...
2026-08-12 17:00:16,614 [WARNING] [ACTIVE] TIE heartbeat lost > 30s. Taking over trailing...
2026-08-12 17:00:21,680 [WARNING] [ACTIVE] TIE heartbeat lost > 30s. Taking over trailing...
2026-08-12 17:00:26,789 [WARNING] [ACTIVE] TIE heartbeat lost > 30s. Taking over trailing...
2026-08-12 17:00:31,917 [WARNING] [ACTIVE] TIE heartbeat lost > 30s. Taking over trailing...
2026-08-12 17:00:36,992 [WARNING] [ACTIVE] TIE heartbeat lost > 30s. Taking over trailing...
2026-08-12 17:00:42,090 [WARNING] [ACTIVE] TIE heartbeat lost > 30s. Taking over trailing...
2026-08-12 17:00:47,198 [WARNING] [ACTIVE] TIE heartbeat lost > 30s. Taking over trailing...
2026-08-12 17:00:52,324 [WARNING] [ACTIVE] TIE heartbeat lost > 30s. Taking over trailing...
2026-08-12 17:00:57,413 [WARNING] [ACTIVE] TIE heartbeat lost > 30s. Taking over trailing...
2026-08-12 17:01:02,504 [WARNING] [ACTIVE] TIE heartbeat lost > 30s. Taking over trailing...
2026-08-12 17:01:07,611 [WARNING] [ACTIVE] TIE heartbeat lost > 30s. Taking over trailing...
2026-08-12 17:01:12,688 [WARNING] [ACTIVE] TIE heartbeat lost > 30s. Taking over trailing...
2026-08-12 17:01:17,805 [WARNING] [ACTIVE] TIE heartbeat lost > 30s. Taking over trailing...
2026-08-12 17:01:22,937 [WARNING] [ACTIVE] TIE heartbeat lost > 30s. Taking over trailing...
2026-08-12 17:01:28,034 [WARNING] [ACTIVE] TIE heartbeat lost > 30s. Taking over trailing...
2026-08-12 17:01:33,122 [WARNING] [ACTIVE] TIE heartbeat lost > 30s. Taking over trailing...
2026-08-12 17:01:38,248 [WARNING] [ACTIVE] TIE heartbeat lost > 30s. Taking over trailing...
2026-08-12 17:01:43,328 [WARNING] [ACTIVE] TIE heartbeat lost > 30s. Taking over trailing...
2026-08-12 17:01:48,425 [WARNING] [ACTIVE] TIE heartbeat lost > 30s. Taking over trailing...
2026-08-12 17:01:53,509 [WARNING] [ACTIVE] TIE heartbeat lost > 30s. Taking over trailing...
2026-08-12 17:01:58,591 [WARNING] [ACTIVE] TIE heartbeat lost > 30s. Taking over trailing...
2026-08-12 17:02:03,683 [WARNING] [ACTIVE] TIE heartbeat lost > 30s. Taking over trailing...
2026-08-12 17:02:08,786 [WARNING] [ACTIVE] TIE heartbeat lost > 30s. Taking over trailing...
2026-08-12 17:02:13,873 [WARNING] [ACTIVE] TIE heartbeat lost > 30s. Taking over trailing...
2026-08-12 17:02:18,966 [WARNING] [ACTIVE] TIE heartbeat lost > 30s. Taking over trailing...
2026-08-12 17:02:24,081 [WARNING] [ACTIVE] TIE heartbeat lost > 30s. Taking over trailing...
2026-08-12 17:02:29,155 [WARNING] [ACTIVE] TIE heartbeat lost > 30s. Taking over trailing...
2026-08-12 17:02:34,231 [WARNING] [ACTIVE] TIE heartbeat lost > 30s. Taking over trailing...
2026-08-12 17:02:39,308 [WARNING] [ACTIVE] TIE heartbeat lost > 30s. Taking over trailing...
2026-08-12 17:02:44,386 [WARNING] [ACTIVE] TIE heartbeat lost > 30s. Taking over trailing...
2026-08-12 17:02:49,486 [WARNING] [ACTIVE] TIE heartbeat lost > 30s. Taking over trailing...
2026-08-12 17:02:54,585 [WARNING] [ACTIVE] TIE heartbeat lost > 30s. Taking over trailing...
2026-08-12 17:02:59,656 [WARNING] [ACTIVE] TIE heartbeat lost > 30s. Taking over trailing...
2026-08-12 17:03:04,730 [WARNING] [ACTIVE] TIE heartbeat lost > 30s. Taking over trailing...
2026-08-12 17:03:09,816 [WARNING] [ACTIVE] TIE heartbeat lost > 30s. Taking over trailing...
2026-08-12 17:03:14,891 [WARNING] [ACTIVE] TIE heartbeat lost > 30s. Taking over trailing...
2026-08-12 17:03:19,966 [WARNING] [ACTIVE] TIE heartbeat lost > 30s. Taking over trailing...
2026-08-12 17:03:25,038 [WARNING] [ACTIVE] TIE heartbeat lost > 30s. Taking over trailing...
2026-08-12 17:03:30,150 [WARNING] [ACTIVE] TIE heartbeat lost > 30s. Taking over trailing...
2026-08-12 17:03:35,232 [WARNING] [ACTIVE] TIE heartbeat lost > 30s. Taking over trailing...
2026-08-12 17:03:40,328 [WARNING] [ACTIVE] TIE heartbeat lost > 30s. Taking over trailing...
2026-08-12 17:03:45,399 [WARNING] [ACTIVE] TIE heartbeat lost > 30s. Taking over trailing...
2026-08-12 17:03:50,490 [WARNING] [ACTIVE] TIE heartbeat lost > 30s. Taking over trailing...
2026-08-12 17:03:55,594 [WARNING] [ACTIVE] TIE heartbeat lost > 30s. Taking over trailing...
2026-08-12 17:04:00,667 [WARNING] [ACTIVE] TIE heartbeat lost > 30s. Taking over trailing...
2026-08-12 17:04:05,787 [WARNING] [ACTIVE] TIE heartbeat lost > 30s. Taking over trailing...
2026-08-12 17:04:10,923 [WARNING] [ACTIVE] TIE heartbeat lost > 30s. Taking over trailing...
2026-08-12 17:04:16,009 [WARNING] [ACTIVE] TIE heartbeat lost > 30s. Taking over trailing...
2026-08-12 17:04:21,077 [WARNING] [ACTIVE] TIE heartbeat lost > 30s. Taking over trailing...
2026-08-12 17:04:26,149 [WARNING] [ACTIVE] TIE heartbeat lost > 30s. Taking over trailing...
2026-08-12 17:04:31,231 [WARNING] [ACTIVE] TIE heartbeat lost > 30s. Taking over trailing...
2026-08-12 17:04:36,322 [WARNING] [ACTIVE] TIE heartbeat lost > 30s. Taking over trailing...
2026-08-12 17:04:41,428 [WARNING] [ACTIVE] TIE heartbeat lost > 30s. Taking over trailing...
2026-08-12 17:04:46,519 [WARNING] [ACTIVE] TIE heartbeat lost > 30s. Taking over trailing...
2026-08-12 17:04:51,615 [WARNING] [ACTIVE] TIE heartbeat lost > 30s. Taking over trailing...
2026-08-12 17:04:56,695 [WARNING] [ACTIVE] TIE heartbeat lost > 30s. Taking over trailing...
2026-08-12 17:05:01,811 [WARNING] [ACTIVE] TIE heartbeat lost > 30s. Taking over trailing...
2026-08-12 17:05:06,891 [WARNING] [ACTIVE] TIE heartbeat lost > 30s. Taking over trailing...
2026-08-12 17:05:11,974 [WARNING] [ACTIVE] TIE heartbeat lost > 30s. Taking over trailing...
2026-08-12 17:05:17,072 [WARNING] [ACTIVE] TIE heartbeat lost > 30s. Taking over trailing...
2026-08-12 17:05:22,151 [WARNING] [ACTIVE] TIE heartbeat lost > 30s. Taking over trailing...
2026-08-12 17:05:27,252 [WARNING] [ACTIVE] TIE heartbeat lost > 30s. Taking over trailing...
2026-08-12 17:05:32,338 [WARNING] [ACTIVE] TIE heartbeat lost > 30s. Taking over trailing...
2026-08-12 17:05:37,419 [WARNING] [ACTIVE] TIE heartbeat lost > 30s. Taking over trailing...
2026-08-12 17:05:42,505 [WARNING] [ACTIVE] TIE heartbeat lost > 30s. Taking over trailing...
2026-08-12 17:05:47,578 [WARNING] [ACTIVE] TIE heartbeat lost > 30s. Taking over trailing...
2026-08-12 17:05:52,665 [WARNING] [ACTIVE] TIE heartbeat lost > 30s. Taking over trailing...
2026-08-12 17:05:57,745 [WARNING] [ACTIVE] TIE heartbeat lost > 30s. Taking over trailing...
2026-08-12 17:06:02,833 [WARNING] [ACTIVE] TIE heartbeat lost > 30s. Taking over trailing...
2026-08-12 17:06:07,907 [WARNING] [ACTIVE] TIE heartbeat lost > 30s. Taking over trailing...
2026-08-12 17:06:12,993 [WARNING] [ACTIVE] TIE heartbeat lost > 30s. Taking over trailing...
2026-08-12 17:06:18,069 [WARNING] [ACTIVE] TIE heartbeat lost > 30s. Taking over trailing...
2026-08-12 17:06:23,167 [WARNING] [ACTIVE] TIE heartbeat lost > 30s. Taking over trailing...
2026-08-12 17:06:28,261 [WARNING] [ACTIVE] TIE heartbeat lost > 30s. Taking over trailing...
2026-08-12 17:06:33,336 [WARNING] [ACTIVE] TIE heartbeat lost > 30s. Taking over trailing...
2026-08-12 17:06:38,422 [WARNING] [ACTIVE] TIE heartbeat lost > 30s. Taking over trailing...
2026-08-12 17:06:43,534 [WARNING] [ACTIVE] TIE heartbeat lost > 30s. Taking over trailing...
2026-08-12 17:06:48,618 [WARNING] [ACTIVE] TIE heartbeat lost > 30s. Taking over trailing...
2026-08-12 17:06:53,729 [WARNING] [ACTIVE] TIE heartbeat lost > 30s. Taking over trailing...
2026-08-12 17:06:58,837 [WARNING] [ACTIVE] TIE heartbeat lost > 30s. Taking over trailing...
2026-08-12 17:07:03,982 [WARNING] [ACTIVE] TIE heartbeat lost > 30s. Taking over trailing...
2026-08-12 17:07:09,075 [WARNING] [ACTIVE] TIE heartbeat lost > 30s. Taking over trailing...
2026-08-12 17:07:14,172 [WARNING] [ACTIVE] TIE heartbeat lost > 30s. Taking over trailing...
2026-08-12 17:07:19,258 [WARNING] [ACTIVE] TIE heartbeat lost > 30s. Taking over trailing...
2026-08-12 17:07:24,358 [WARNING] [ACTIVE] TIE heartbeat lost > 30s. Taking over trailing...
2026-08-12 17:07:29,444 [WARNING] [ACTIVE] TIE heartbeat lost > 30s. Taking over trailing...
2026-08-12 17:07:34,557 [WARNING] [ACTIVE] TIE heartbeat lost > 30s. Taking over trailing...
2026-08-12 17:07:39,636 [WARNING] [ACTIVE] TIE heartbeat lost > 30s. Taking over trailing...
2026-08-12 17:07:44,713 [WARNING] [ACTIVE] TIE heartbeat lost > 30s. Taking over trailing...
2026-08-12 17:07:49,809 [WARNING] [ACTIVE] TIE heartbeat lost > 30s. Taking over trailing...
2026-08-12 17:07:54,888 [WARNING] [ACTIVE] TIE heartbeat lost > 30s. Taking over trailing...
2026-08-12 17:08:00,062 [WARNING] [ACTIVE] TIE heartbeat lost > 30s. Taking over trailing...
2026-08-12 17:08:05,154 [WARNING] [ACTIVE] TIE heartbeat lost > 30s. Taking over trailing...
2026-08-12 17:08:10,250 [WARNING] [ACTIVE] TIE heartbeat lost > 30s. Taking over trailing...
2026-08-12 17:08:15,351 [WARNING] [ACTIVE] TIE heartbeat lost > 30s. Taking over trailing...
2026-08-12 17:08:20,479 [WARNING] [ACTIVE] TIE heartbeat lost > 30s. Taking over trailing...
2026-08-12 17:08:25,578 [WARNING] [ACTIVE] TIE heartbeat lost > 30s. Taking over trailing...
2026-08-12 17:08:30,657 [WARNING] [ACTIVE] TIE heartbeat lost > 30s. Taking over trailing...
2026-08-12 17:08:35,739 [WARNING] [ACTIVE] TIE heartbeat lost > 30s. Taking over trailing...
2026-08-12 17:08:40,830 [WARNING] [ACTIVE] TIE heartbeat lost > 30s. Taking over trailing...
2026-08-12 17:08:45,904 [WARNING] [ACTIVE] TIE heartbeat lost > 30s. Taking over trailing...
2026-08-12 17:08:51,004 [WARNING] [ACTIVE] TIE heartbeat lost > 30s. Taking over trailing...
2026-08-12 17:08:56,074 [WARNING] [ACTIVE] TIE heartbeat lost > 30s. Taking over trailing...
2026-08-12 17:09:01,184 [WARNING] [ACTIVE] TIE heartbeat lost > 30s. Taking over trailing...
2026-08-12 17:09:06,395 [WARNING] [ACTIVE] TIE heartbeat lost > 30s. Taking over trailing...
2026-08-12 17:09:11,501 [WARNING] [ACTIVE] TIE heartbeat lost > 30s. Taking over trailing...
2026-08-12 17:09:16,597 [WARNING] [ACTIVE] TIE heartbeat lost > 30s. Taking over trailing...
2026-08-12 17:09:16,597 [INFO] [3624799252] BE lock $1.5 → SL 4417.70 | profit $2.44
2026-08-12 17:09:16,701 [INFO] [3624799252] MODIFIED SL → 4417.7
2026-08-12 17:09:16,701 [INFO] [3624800306] BE lock $1.5 → SL 4417.81 | profit $2.33
2026-08-12 17:09:16,807 [INFO] [3624800306] MODIFIED SL → 4417.81
2026-08-12 17:09:16,807 [INFO] [3624801177] BE lock $1.5 → SL 4418.11 | profit $2.03
2026-08-12 17:09:16,908 [INFO] [3624801177] MODIFIED SL → 4418.11
2026-08-12 17:09:16,908 [INFO] [3624802021] BE lock $1.5 → SL 4418.06 | profit $2.08
2026-08-12 17:09:16,990 [INFO] [3624802021] MODIFIED SL → 4418.06
2026-08-12 17:09:16,990 [INFO] [3624802781] BE lock $1.5 → SL 4417.71 | profit $2.43
2026-08-12 17:09:17,116 [INFO] [3624802781] MODIFIED SL → 4417.71
2026-08-12 17:12:35,567 [ERROR] Positions fetch fail: HTTPSConnectionPool(host='chips-extension-extensions-wearing.trycloudflare.com', port=443): Read timed out. (read timeout=5)
2026-08-12 17:55:26,084 [WARNING] [ACTIVE] TIE heartbeat lost > 30s. Taking over trailing...
2026-08-12 17:55:31,193 [WARNING] [ACTIVE] TIE heartbeat lost > 30s. Taking over trailing...
2026-08-12 17:56:47,764 [WARNING] [ACTIVE] TIE heartbeat lost > 30s. Taking over trailing...
2026-08-12 17:56:52,894 [WARNING] [ACTIVE] TIE heartbeat lost > 30s. Taking over trailing...
2026-08-12 17:56:57,980 [WARNING] [ACTIVE] TIE heartbeat lost > 30s. Taking over trailing...
2026-08-12 17:57:03,051 [WARNING] [ACTIVE] TIE heartbeat lost > 30s. Taking over trailing...
2026-08-12 17:57:08,160 [WARNING] [ACTIVE] TIE heartbeat lost > 30s. Taking over trailing...
2026-08-12 17:57:13,239 [WARNING] [ACTIVE] TIE heartbeat lost > 30s. Taking over trailing...
2026-08-12 17:57:18,364 [WARNING] [ACTIVE] TIE heartbeat lost > 30s. Taking over trailing...
2026-08-12 17:57:23,437 [WARNING] [ACTIVE] TIE heartbeat lost > 30s. Taking over trailing...
2026-08-12 17:57:28,509 [WARNING] [ACTIVE] TIE heartbeat lost > 30s. Taking over trailing...
2026-08-12 17:57:33,601 [WARNING] [ACTIVE] TIE heartbeat lost > 30s. Taking over trailing...
2026-08-12 17:57:38,676 [WARNING] [ACTIVE] TIE heartbeat lost > 30s. Taking over trailing...
2026-08-12 17:57:43,748 [WARNING] [ACTIVE] TIE heartbeat lost > 30s. Taking over trailing...
2026-08-12 17:57:48,823 [WARNING] [ACTIVE] TIE heartbeat lost > 30s. Taking over trailing...
2026-08-12 17:57:53,918 [WARNING] [ACTIVE] TIE heartbeat lost > 30s. Taking over trailing...
2026-08-12 17:57:58,995 [WARNING] [ACTIVE] TIE heartbeat lost > 30s. Taking over trailing...
2026-08-12 17:58:04,072 [WARNING] [ACTIVE] TIE heartbeat lost > 30s. Taking over trailing...
2026-08-12 17:58:09,153 [WARNING] [ACTIVE] TIE heartbeat lost > 30s. Taking over trailing...
2026-08-12 17:58:14,244 [WARNING] [ACTIVE] TIE heartbeat lost > 30s. Taking over trailing...
2026-08-12 17:58:19,312 [WARNING] [ACTIVE] TIE heartbeat lost > 30s. Taking over trailing...
2026-08-12 17:58:24,412 [WARNING] [ACTIVE] TIE heartbeat lost > 30s. Taking over trailing...
2026-08-12 17:58:29,540 [WARNING] [ACTIVE] TIE heartbeat lost > 30s. Taking over trailing...
2026-08-12 17:58:34,613 [WARNING] [ACTIVE] TIE heartbeat lost > 30s. Taking over trailing...
2026-08-12 17:58:39,714 [WARNING] [ACTIVE] TIE heartbeat lost > 30s. Taking over trailing...
2026-08-12 17:58:44,825 [WARNING] [ACTIVE] TIE heartbeat lost > 30s. Taking over trailing...
2026-08-12 17:58:49,894 [WARNING] [ACTIVE] TIE heartbeat lost > 30s. Taking over trailing...
2026-08-12 17:58:55,016 [WARNING] [ACTIVE] TIE heartbeat lost > 30s. Taking over trailing...
2026-08-12 17:59:00,106 [WARNING] [ACTIVE] TIE heartbeat lost > 30s. Taking over trailing...
2026-08-12 17:59:05,176 [WARNING] [ACTIVE] TIE heartbeat lost > 30s. Taking over trailing...
2026-08-12 17:59:10,269 [WARNING] [ACTIVE] TIE heartbeat lost > 30s. Taking over trailing...
2026-08-12 17:59:15,357 [WARNING] [ACTIVE] TIE heartbeat lost > 30s. Taking over trailing...
2026-08-12 17:59:20,427 [WARNING] [ACTIVE] TIE heartbeat lost > 30s. Taking over trailing...
2026-08-12 17:59:25,492 [WARNING] [ACTIVE] TIE heartbeat lost > 30s. Taking over trailing...
2026-08-12 17:59:30,565 [WARNING] [ACTIVE] TIE heartbeat lost > 30s. Taking over trailing...
2026-08-12 17:59:35,639 [WARNING] [ACTIVE] TIE heartbeat lost > 30s. Taking over trailing...
2026-08-12 17:59:40,728 [WARNING] [ACTIVE] TIE heartbeat lost > 30s. Taking over trailing...
2026-08-12 17:59:45,843 [WARNING] [ACTIVE] TIE heartbeat lost > 30s. Taking over trailing...
2026-08-12 17:59:50,929 [WARNING] [ACTIVE] TIE heartbeat lost > 30s. Taking over trailing...
2026-08-12 17:59:56,019 [WARNING] [ACTIVE] TIE heartbeat lost > 30s. Taking over trailing...
2026-08-12 18:00:01,100 [WARNING] [ACTIVE] TIE heartbeat lost > 30s. Taking over trailing...
2026-08-12 18:00:01,100 [INFO] [3625206112] BE lock $1.5 → SL 4413.04 | profit $1.51
2026-08-12 18:00:01,931 [INFO] [3625206112] MODIFIED SL → 4413.04
2026-08-12 18:00:01,931 [INFO] [3625210718] BE lock $1.5 → SL 4412.97 | profit $1.58
2026-08-12 18:00:02,533 [INFO] [3625210718] MODIFIED SL → 4412.97
2026-08-12 18:00:07,644 [WARNING] [ACTIVE] TIE heartbeat lost > 30s. Taking over trailing...
2026-08-12 18:00:12,748 [WARNING] [ACTIVE] TIE heartbeat lost > 30s. Taking over trailing...
2026-08-12 18:00:17,867 [WARNING] [ACTIVE] TIE heartbeat lost > 30s. Taking over trailing...
2026-08-12 18:00:17,867 [INFO] [3625211240] BE lock $1.5 → SL 4413.18 | profit $2.27
2026-08-12 18:00:17,958 [INFO] [3625211240] MODIFIED SL → 4413.18
2026-08-12 18:00:17,958 [INFO] [3625212804] BE lock $1.5 → SL 4413.89 | profit $1.56
2026-08-12 18:00:18,684 [INFO] [3625212804] MODIFIED SL → 4413.89
2026-08-12 18:00:18,684 [INFO] [3625213496] BE lock $1.5 → SL 4413.70 | profit $1.75
2026-08-12 18:00:18,763 [INFO] [3625213496] MODIFIED SL → 4413.7
2026-08-12 18:00:23,840 [WARNING] [ACTIVE] TIE heartbeat lost > 30s. Taking over trailing...
2026-08-12 18:00:23,841 [INFO] [3625211240] Trail: profit $2.64 peak $2.64 locked $1.84 → SL 4413.52
2026-08-12 18:00:23,948 [INFO] [3625211240] MODIFIED SL → 4413.52
2026-08-12 18:00:29,044 [WARNING] [ACTIVE] TIE heartbeat lost > 30s. Taking over trailing...
2026-08-12 18:00:34,139 [WARNING] [ACTIVE] TIE heartbeat lost > 30s. Taking over trailing...
2026-08-12 18:00:34,139 [INFO] [3625211240] Trail: profit $2.78 peak $2.78 locked $1.98 → SL 4413.66
2026-08-12 18:00:34,222 [INFO] [3625211240] MODIFIED SL → 4413.66
2026-08-12 18:00:39,302 [WARNING] [ACTIVE] TIE heartbeat lost > 30s. Taking over trailing...
2026-08-12 18:00:39,302 [INFO] [3625211240] Trail: profit $2.95 peak $2.95 locked $2.15 → SL 4413.83
2026-08-12 18:00:39,384 [INFO] [3625211240] MODIFIED SL → 4413.83
2026-08-12 18:00:44,484 [WARNING] [ACTIVE] TIE heartbeat lost > 30s. Taking over trailing...
2026-08-12 18:00:49,594 [WARNING] [ACTIVE] TIE heartbeat lost > 30s. Taking over trailing...
2026-08-12 18:00:54,679 [WARNING] [ACTIVE] TIE heartbeat lost > 30s. Taking over trailing...
2026-08-12 18:00:59,768 [WARNING] [ACTIVE] TIE heartbeat lost > 30s. Taking over trailing...
2026-08-12 18:01:04,844 [WARNING] [ACTIVE] TIE heartbeat lost > 30s. Taking over trailing...
2026-08-12 18:01:04,844 [INFO] [3625221988] BE lock $1.5 → SL 4415.10 | profit $1.56
2026-08-12 18:01:04,977 [INFO] [3625221988] MODIFIED SL → 4415.1
2026-08-12 18:01:10,076 [WARNING] [ACTIVE] TIE heartbeat lost > 30s. Taking over trailing...
2026-08-12 18:01:15,155 [WARNING] [ACTIVE] TIE heartbeat lost > 30s. Taking over trailing...
2026-08-12 18:01:20,263 [WARNING] [ACTIVE] TIE heartbeat lost > 30s. Taking over trailing...
2026-08-12 18:01:25,381 [WARNING] [ACTIVE] TIE heartbeat lost > 30s. Taking over trailing...
2026-08-12 18:01:30,496 [WARNING] [ACTIVE] TIE heartbeat lost > 30s. Taking over trailing...
2026-08-12 18:01:35,580 [WARNING] [ACTIVE] TIE heartbeat lost > 30s. Taking over trailing...
2026-08-12 18:01:40,651 [WARNING] [ACTIVE] TIE heartbeat lost > 30s. Taking over trailing...
2026-08-12 18:01:45,756 [WARNING] [ACTIVE] TIE heartbeat lost > 30s. Taking over trailing...
2026-08-12 18:01:50,871 [WARNING] [ACTIVE] TIE heartbeat lost > 30s. Taking over trailing...
2026-08-12 18:01:55,975 [WARNING] [ACTIVE] TIE heartbeat lost > 30s. Taking over trailing...
2026-08-12 18:02:01,062 [WARNING] [ACTIVE] TIE heartbeat lost > 30s. Taking over trailing...
2026-08-12 18:02:06,169 [WARNING] [ACTIVE] TIE heartbeat lost > 30s. Taking over trailing...
2026-08-12 18:02:11,267 [WARNING] [ACTIVE] TIE heartbeat lost > 30s. Taking over trailing...
2026-08-12 18:02:16,357 [WARNING] [ACTIVE] TIE heartbeat lost > 30s. Taking over trailing...
2026-08-12 18:02:21,437 [WARNING] [ACTIVE] TIE heartbeat lost > 30s. Taking over trailing...
2026-08-12 18:02:26,526 [WARNING] [ACTIVE] TIE heartbeat lost > 30s. Taking over trailing...
2026-08-12 18:02:31,591 [WARNING] [ACTIVE] TIE heartbeat lost > 30s. Taking over trailing...
2026-08-12 18:02:36,661 [WARNING] [ACTIVE] TIE heartbeat lost > 30s. Taking over trailing...
2026-08-12 18:02:41,748 [WARNING] [ACTIVE] TIE heartbeat lost > 30s. Taking over trailing...
2026-08-12 18:02:46,816 [WARNING] [ACTIVE] TIE heartbeat lost > 30s. Taking over trailing...
2026-08-12 18:02:51,902 [WARNING] [ACTIVE] TIE heartbeat lost > 30s. Taking over trailing...
2026-08-12 18:02:56,990 [WARNING] [ACTIVE] TIE heartbeat lost > 30s. Taking over trailing...
2026-08-12 18:03:02,101 [WARNING] [ACTIVE] TIE heartbeat lost > 30s. Taking over trailing...
2026-08-12 18:03:07,188 [WARNING] [ACTIVE] TIE heartbeat lost > 30s. Taking over trailing...
2026-08-12 18:03:12,285 [WARNING] [ACTIVE] TIE heartbeat lost > 30s. Taking over trailing...
2026-08-12 18:03:17,366 [WARNING] [ACTIVE] TIE heartbeat lost > 30s. Taking over trailing...
2026-08-12 18:03:22,452 [WARNING] [ACTIVE] TIE heartbeat lost > 30s. Taking over trailing...
2026-08-12 18:03:27,538 [WARNING] [ACTIVE] TIE heartbeat lost > 30s. Taking over trailing...
2026-08-12 18:03:32,632 [WARNING] [ACTIVE] TIE heartbeat lost > 30s. Taking over trailing...
2026-08-12 18:03:37,700 [WARNING] [ACTIVE] TIE heartbeat lost > 30s. Taking over trailing...
2026-08-12 18:03:42,773 [WARNING] [ACTIVE] TIE heartbeat lost > 30s. Taking over trailing...
2026-08-12 18:03:47,842 [WARNING] [ACTIVE] TIE heartbeat lost > 30s. Taking over trailing...
2026-08-12 18:03:52,923 [WARNING] [ACTIVE] TIE heartbeat lost > 30s. Taking over trailing...
2026-08-12 18:03:58,017 [WARNING] [ACTIVE] TIE heartbeat lost > 30s. Taking over trailing...
2026-08-12 18:04:03,094 [WARNING] [ACTIVE] TIE heartbeat lost > 30s. Taking over trailing...
2026-08-12 18:05:14,211 [ERROR] Positions fetch fail: HTTPSConnectionPool(host='chips-extension-extensions-wearing.trycloudflare.com', port=443): Read timed out. (read timeout=5)
2026-08-12 18:20:44,974 [WARNING] [ACTIVE] TIE heartbeat lost > 30s. Taking over trailing...
2026-08-12 18:20:50,050 [WARNING] [ACTIVE] TIE heartbeat lost > 30s. Taking over trailing...
2026-08-12 18:20:55,126 [WARNING] [ACTIVE] TIE heartbeat lost > 30s. Taking over trailing...
2026-08-12 18:21:00,203 [WARNING] [ACTIVE] TIE heartbeat lost > 30s. Taking over trailing...
2026-08-12 18:21:05,305 [WARNING] [ACTIVE] TIE heartbeat lost > 30s. Taking over trailing...
2026-08-12 18:21:10,366 [WARNING] [ACTIVE] TIE heartbeat lost > 30s. Taking over trailing...
2026-08-12 18:21:15,451 [WARNING] [ACTIVE] TIE heartbeat lost > 30s. Taking over trailing...
2026-08-12 18:21:20,560 [WARNING] [ACTIVE] TIE heartbeat lost > 30s. Taking over trailing...
2026-08-12 18:21:25,635 [WARNING] [ACTIVE] TIE heartbeat lost > 30s. Taking over trailing...
2026-08-12 18:21:30,705 [WARNING] [ACTIVE] TIE heartbeat lost > 30s. Taking over trailing...
2026-08-12 18:21:35,775 [WARNING] [ACTIVE] TIE heartbeat lost > 30s. Taking over trailing...
2026-08-12 18:21:40,888 [WARNING] [ACTIVE] TIE heartbeat lost > 30s. Taking over trailing...
2026-08-12 18:21:45,958 [WARNING] [ACTIVE] TIE heartbeat lost > 30s. Taking over trailing...
2026-08-12 18:21:51,028 [WARNING] [ACTIVE] TIE heartbeat lost > 30s. Taking over trailing...
2026-08-12 18:21:56,099 [WARNING] [ACTIVE] TIE heartbeat lost > 30s. Taking over trailing...
2026-08-12 18:22:01,184 [WARNING] [ACTIVE] TIE heartbeat lost > 30s. Taking over trailing...
2026-08-12 18:22:06,267 [WARNING] [ACTIVE] TIE heartbeat lost > 30s. Taking over trailing...
2026-08-12 18:22:11,337 [WARNING] [ACTIVE] TIE heartbeat lost > 30s. Taking over trailing...
2026-08-12 18:22:16,426 [WARNING] [ACTIVE] TIE heartbeat lost > 30s. Taking over trailing...
2026-08-12 18:22:21,501 [WARNING] [ACTIVE] TIE heartbeat lost > 30s. Taking over trailing...
2026-08-12 18:22:26,584 [WARNING] [ACTIVE] TIE heartbeat lost > 30s. Taking over trailing...
2026-08-12 18:22:31,656 [WARNING] [ACTIVE] TIE heartbeat lost > 30s. Taking over trailing...
2026-08-12 18:22:36,732 [WARNING] [ACTIVE] TIE heartbeat lost > 30s. Taking over trailing...
2026-08-12 18:22:41,804 [WARNING] [ACTIVE] TIE heartbeat lost > 30s. Taking over trailing...
2026-08-12 18:22:46,887 [WARNING] [ACTIVE] TIE heartbeat lost > 30s. Taking over trailing...
2026-08-12 18:22:51,956 [WARNING] [ACTIVE] TIE heartbeat lost > 30s. Taking over trailing...
2026-08-12 18:22:57,026 [WARNING] [ACTIVE] TIE heartbeat lost > 30s. Taking over trailing...
2026-08-12 18:23:02,099 [WARNING] [ACTIVE] TIE heartbeat lost > 30s. Taking over trailing...
2026-08-12 18:23:07,172 [WARNING] [ACTIVE] TIE heartbeat lost > 30s. Taking over trailing...
2026-08-12 18:23:12,250 [WARNING] [ACTIVE] TIE heartbeat lost > 30s. Taking over trailing...
2026-08-12 18:23:17,322 [WARNING] [ACTIVE] TIE heartbeat lost > 30s. Taking over trailing...
2026-08-12 18:23:22,416 [WARNING] [ACTIVE] TIE heartbeat lost > 30s. Taking over trailing...
2026-08-12 18:23:27,497 [WARNING] [ACTIVE] TIE heartbeat lost > 30s. Taking over trailing...
2026-08-12 18:23:32,574 [WARNING] [ACTIVE] TIE heartbeat lost > 30s. Taking over trailing...
2026-08-12 18:23:37,663 [WARNING] [ACTIVE] TIE heartbeat lost > 30s. Taking over trailing...
2026-08-12 18:23:42,745 [WARNING] [ACTIVE] TIE heartbeat lost > 30s. Taking over trailing...
2026-08-12 18:23:47,820 [WARNING] [ACTIVE] TIE heartbeat lost > 30s. Taking over trailing...
2026-08-12 18:23:52,902 [WARNING] [ACTIVE] TIE heartbeat lost > 30s. Taking over trailing...
2026-08-12 18:23:57,981 [WARNING] [ACTIVE] TIE heartbeat lost > 30s. Taking over trailing...
2026-08-12 18:24:03,060 [WARNING] [ACTIVE] TIE heartbeat lost > 30s. Taking over trailing...
2026-08-12 18:24:08,140 [WARNING] [ACTIVE] TIE heartbeat lost > 30s. Taking over trailing...
2026-08-12 18:24:13,223 [WARNING] [ACTIVE] TIE heartbeat lost > 30s. Taking over trailing...
2026-08-12 18:24:18,311 [WARNING] [ACTIVE] TIE heartbeat lost > 30s. Taking over trailing...
2026-08-12 18:24:23,397 [WARNING] [ACTIVE] TIE heartbeat lost > 30s. Taking over trailing...
2026-08-12 18:24:28,511 [WARNING] [ACTIVE] TIE heartbeat lost > 30s. Taking over trailing...
2026-08-12 18:24:33,593 [WARNING] [ACTIVE] TIE heartbeat lost > 30s. Taking over trailing...
2026-08-12 18:24:38,682 [WARNING] [ACTIVE] TIE heartbeat lost > 30s. Taking over trailing...
2026-08-12 18:24:43,762 [WARNING] [ACTIVE] TIE heartbeat lost > 30s. Taking over trailing...
2026-08-12 18:24:48,845 [WARNING] [ACTIVE] TIE heartbeat lost > 30s. Taking over trailing...
2026-08-12 18:24:53,946 [WARNING] [ACTIVE] TIE heartbeat lost > 30s. Taking over trailing...
2026-08-12 18:24:59,026 [WARNING] [ACTIVE] TIE heartbeat lost > 30s. Taking over trailing...
2026-08-12 18:25:04,112 [WARNING] [ACTIVE] TIE heartbeat lost > 30s. Taking over trailing...
2026-08-12 18:25:09,233 [WARNING] [ACTIVE] TIE heartbeat lost > 30s. Taking over trailing...
2026-08-12 18:25:14,305 [WARNING] [ACTIVE] TIE heartbeat lost > 30s. Taking over trailing...
2026-08-12 18:25:19,410 [WARNING] [ACTIVE] TIE heartbeat lost > 30s. Taking over trailing...
2026-08-12 18:25:24,493 [WARNING] [ACTIVE] TIE heartbeat lost > 30s. Taking over trailing...
2026-08-12 18:25:29,590 [WARNING] [ACTIVE] TIE heartbeat lost > 30s. Taking over trailing...
2026-08-12 18:25:34,699 [WARNING] [ACTIVE] TIE heartbeat lost > 30s. Taking over trailing...
2026-08-12 18:25:39,766 [WARNING] [ACTIVE] TIE heartbeat lost > 30s. Taking over trailing...
2026-08-12 18:25:44,836 [WARNING] [ACTIVE] TIE heartbeat lost > 30s. Taking over trailing...
2026-08-12 18:25:44,836 [INFO] [3625318245] BE lock $1.5 → SL 4411.89 | profit $1.53
2026-08-12 18:25:46,929 [INFO] [3625318245] MODIFIED SL → 4411.89
2026-08-12 18:25:52,029 [WARNING] [ACTIVE] TIE heartbeat lost > 30s. Taking over trailing...
2026-08-12 18:25:57,108 [WARNING] [ACTIVE] TIE heartbeat lost > 30s. Taking over trailing...
2026-08-12 18:25:57,108 [INFO] [3625318245] BE lock $1.5 → SL 4411.89 | profit $1.54
2026-08-12 18:25:59,548 [INFO] [3625318245] MODIFIED SL → 4411.89
2026-08-12 18:26:04,652 [WARNING] [ACTIVE] TIE heartbeat lost > 30s. Taking over trailing...
2026-08-12 18:26:09,751 [WARNING] [ACTIVE] TIE heartbeat lost > 30s. Taking over trailing...
2026-08-12 18:26:14,829 [WARNING] [ACTIVE] TIE heartbeat lost > 30s. Taking over trailing...
2026-08-12 18:26:19,908 [WARNING] [ACTIVE] TIE heartbeat lost > 30s. Taking over trailing...
2026-08-12 18:26:24,992 [WARNING] [ACTIVE] TIE heartbeat lost > 30s. Taking over trailing...
2026-08-12 18:26:30,071 [WARNING] [ACTIVE] TIE heartbeat lost > 30s. Taking over trailing...
2026-08-12 18:26:35,153 [WARNING] [ACTIVE] TIE heartbeat lost > 30s. Taking over trailing...
2026-08-12 18:26:40,280 [WARNING] [ACTIVE] TIE heartbeat lost > 30s. Taking over trailing...
2026-08-12 18:26:45,382 [WARNING] [ACTIVE] TIE heartbeat lost > 30s. Taking over trailing...
2026-08-12 18:26:50,457 [WARNING] [ACTIVE] TIE heartbeat lost > 30s. Taking over trailing...
2026-08-12 18:26:55,556 [WARNING] [ACTIVE] TIE heartbeat lost > 30s. Taking over trailing...
2026-08-12 18:27:00,624 [WARNING] [ACTIVE] TIE heartbeat lost > 30s. Taking over trailing...
2026-08-12 18:27:05,708 [WARNING] [ACTIVE] TIE heartbeat lost > 30s. Taking over trailing...
2026-08-12 18:27:10,784 [WARNING] [ACTIVE] TIE heartbeat lost > 30s. Taking over trailing...
2026-08-12 18:27:15,869 [WARNING] [ACTIVE] TIE heartbeat lost > 30s. Taking over trailing...
2026-08-12 18:27:15,869 [INFO] [3625319246] BE lock $1.5 → SL 4412.07 | profit $1.82
2026-08-12 18:27:15,943 [INFO] [3625319246] MODIFIED SL → 4412.07
2026-08-12 18:27:15,943 [INFO] [3625319849] BE lock $1.5 → SL 4412.10 | profit $1.79
2026-08-12 18:27:16,039 [INFO] [3625319849] MODIFIED SL → 4412.1
2026-08-12 18:27:16,039 [INFO] [3625321303] BE lock $1.5 → SL 4412.07 | profit $1.82
2026-08-12 18:27:16,132 [INFO] [3625321303] MODIFIED SL → 4412.07
2026-08-12 18:30:09,064 [WARNING] [ACTIVE] TIE heartbeat lost > 30s. Taking over trailing...
2026-08-12 18:30:14,155 [WARNING] [ACTIVE] TIE heartbeat lost > 30s. Taking over trailing...
2026-08-12 18:30:19,241 [WARNING] [ACTIVE] TIE heartbeat lost > 30s. Taking over trailing...
2026-08-12 18:30:24,319 [WARNING] [ACTIVE] TIE heartbeat lost > 30s. Taking over trailing...
2026-08-12 18:30:29,410 [WARNING] [ACTIVE] TIE heartbeat lost > 30s. Taking over trailing...
2026-08-12 18:30:34,492 [WARNING] [ACTIVE] TIE heartbeat lost > 30s. Taking over trailing...
2026-08-12 18:30:39,581 [WARNING] [ACTIVE] TIE heartbeat lost > 30s. Taking over trailing...
2026-08-12 18:30:44,660 [WARNING] [ACTIVE] TIE heartbeat lost > 30s. Taking over trailing...
2026-08-12 18:30:49,731 [WARNING] [ACTIVE] TIE heartbeat lost > 30s. Taking over trailing...
2026-08-12 18:30:54,821 [WARNING] [ACTIVE] TIE heartbeat lost > 30s. Taking over trailing...
2026-08-12 18:30:59,919 [WARNING] [ACTIVE] TIE heartbeat lost > 30s. Taking over trailing...
2026-08-12 18:31:05,014 [WARNING] [ACTIVE] TIE heartbeat lost > 30s. Taking over trailing...
2026-08-12 18:31:10,095 [WARNING] [ACTIVE] TIE heartbeat lost > 30s. Taking over trailing...
2026-08-12 18:31:15,200 [WARNING] [ACTIVE] TIE heartbeat lost > 30s. Taking over trailing...
2026-08-12 18:31:20,293 [WARNING] [ACTIVE] TIE heartbeat lost > 30s. Taking over trailing...
2026-08-12 18:31:25,360 [WARNING] [ACTIVE] TIE heartbeat lost > 30s. Taking over trailing...
2026-08-12 18:31:30,456 [WARNING] [ACTIVE] TIE heartbeat lost > 30s. Taking over trailing...
2026-08-12 18:31:35,546 [WARNING] [ACTIVE] TIE heartbeat lost > 30s. Taking over trailing...
2026-08-12 18:31:40,662 [WARNING] [ACTIVE] TIE heartbeat lost > 30s. Taking over trailing...
2026-08-12 18:31:45,742 [WARNING] [ACTIVE] TIE heartbeat lost > 30s. Taking over trailing...
2026-08-12 18:31:50,859 [WARNING] [ACTIVE] TIE heartbeat lost > 30s. Taking over trailing...
2026-08-12 18:31:55,934 [WARNING] [ACTIVE] TIE heartbeat lost > 30s. Taking over trailing...
2026-08-12 18:32:01,006 [WARNING] [ACTIVE] TIE heartbeat lost > 30s. Taking over trailing...
2026-08-12 18:32:06,089 [WARNING] [ACTIVE] TIE heartbeat lost > 30s. Taking over trailing...
2026-08-12 18:32:11,176 [WARNING] [ACTIVE] TIE heartbeat lost > 30s. Taking over trailing...
2026-08-12 18:32:16,256 [WARNING] [ACTIVE] TIE heartbeat lost > 30s. Taking over trailing...
2026-08-12 18:32:21,334 [WARNING] [ACTIVE] TIE heartbeat lost > 30s. Taking over trailing...
2026-08-12 18:32:26,428 [WARNING] [ACTIVE] TIE heartbeat lost > 30s. Taking over trailing...
2026-08-12 18:32:31,496 [WARNING] [ACTIVE] TIE heartbeat lost > 30s. Taking over trailing...
2026-08-12 18:32:36,569 [WARNING] [ACTIVE] TIE heartbeat lost > 30s. Taking over trailing...
2026-08-12 18:32:41,641 [WARNING] [ACTIVE] TIE heartbeat lost > 30s. Taking over trailing...
2026-08-12 18:32:46,715 [WARNING] [ACTIVE] TIE heartbeat lost > 30s. Taking over trailing...
2026-08-12 18:32:51,803 [WARNING] [ACTIVE] TIE heartbeat lost > 30s. Taking over trailing...
2026-08-12 18:32:56,877 [WARNING] [ACTIVE] TIE heartbeat lost > 30s. Taking over trailing...
2026-08-12 18:33:01,975 [WARNING] [ACTIVE] TIE heartbeat lost > 30s. Taking over trailing...
2026-08-12 18:33:07,053 [WARNING] [ACTIVE] TIE heartbeat lost > 30s. Taking over trailing...
2026-08-12 18:33:12,139 [WARNING] [ACTIVE] TIE heartbeat lost > 30s. Taking over trailing...
2026-08-12 18:33:17,206 [WARNING] [ACTIVE] TIE heartbeat lost > 30s. Taking over trailing...
2026-08-12 18:33:22,289 [WARNING] [ACTIVE] TIE heartbeat lost > 30s. Taking over trailing...
2026-08-12 18:33:27,375 [WARNING] [ACTIVE] TIE heartbeat lost > 30s. Taking over trailing...
2026-08-12 18:33:32,462 [WARNING] [ACTIVE] TIE heartbeat lost > 30s. Taking over trailing...
2026-08-12 18:33:37,627 [WARNING] [ACTIVE] TIE heartbeat lost > 30s. Taking over trailing...
2026-08-12 18:33:42,708 [WARNING] [ACTIVE] TIE heartbeat lost > 30s. Taking over trailing...
2026-08-12 18:33:47,784 [WARNING] [ACTIVE] TIE heartbeat lost > 30s. Taking over trailing...
2026-08-12 18:33:52,862 [WARNING] [ACTIVE] TIE heartbeat lost > 30s. Taking over trailing...
2026-08-12 18:33:57,945 [WARNING] [ACTIVE] TIE heartbeat lost > 30s. Taking over trailing...
2026-08-12 18:34:03,029 [WARNING] [ACTIVE] TIE heartbeat lost > 30s. Taking over trailing...
2026-08-12 18:34:08,128 [WARNING] [ACTIVE] TIE heartbeat lost > 30s. Taking over trailing...
2026-08-12 18:34:13,219 [WARNING] [ACTIVE] TIE heartbeat lost > 30s. Taking over trailing...
2026-08-12 18:34:18,291 [WARNING] [ACTIVE] TIE heartbeat lost > 30s. Taking over trailing...
2026-08-12 18:34:23,366 [WARNING] [ACTIVE] TIE heartbeat lost > 30s. Taking over trailing...
2026-08-12 18:34:28,483 [WARNING] [ACTIVE] TIE heartbeat lost > 30s. Taking over trailing...
2026-08-12 18:34:33,572 [WARNING] [ACTIVE] TIE heartbeat lost > 30s. Taking over trailing...
2026-08-12 18:34:38,669 [WARNING] [ACTIVE] TIE heartbeat lost > 30s. Taking over trailing...
2026-08-12 18:34:43,750 [WARNING] [ACTIVE] TIE heartbeat lost > 30s. Taking over trailing...
2026-08-12 18:34:48,834 [WARNING] [ACTIVE] TIE heartbeat lost > 30s. Taking over trailing...
2026-08-12 18:34:53,901 [WARNING] [ACTIVE] TIE heartbeat lost > 30s. Taking over trailing...
2026-08-12 18:34:58,976 [WARNING] [ACTIVE] TIE heartbeat lost > 30s. Taking over trailing...
2026-08-12 18:35:04,046 [WARNING] [ACTIVE] TIE heartbeat lost > 30s. Taking over trailing...
2026-08-12 18:35:09,149 [WARNING] [ACTIVE] TIE heartbeat lost > 30s. Taking over trailing...
2026-08-12 18:35:14,221 [WARNING] [ACTIVE] TIE heartbeat lost > 30s. Taking over trailing...
2026-08-12 18:35:19,295 [WARNING] [ACTIVE] TIE heartbeat lost > 30s. Taking over trailing...
2026-08-12 18:35:24,368 [WARNING] [ACTIVE] TIE heartbeat lost > 30s. Taking over trailing...
2026-08-12 18:35:29,434 [WARNING] [ACTIVE] TIE heartbeat lost > 30s. Taking over trailing...
2026-08-12 18:35:34,526 [WARNING] [ACTIVE] TIE heartbeat lost > 30s. Taking over trailing...
2026-08-12 18:35:39,605 [WARNING] [ACTIVE] TIE heartbeat lost > 30s. Taking over trailing...
2026-08-12 18:35:44,697 [WARNING] [ACTIVE] TIE heartbeat lost > 30s. Taking over trailing...
2026-08-12 18:35:49,847 [WARNING] [ACTIVE] TIE heartbeat lost > 30s. Taking over trailing...
2026-08-12 18:35:54,932 [WARNING] [ACTIVE] TIE heartbeat lost > 30s. Taking over trailing...
2026-08-12 18:36:00,022 [WARNING] [ACTIVE] TIE heartbeat lost > 30s. Taking over trailing...
2026-08-12 18:36:05,096 [WARNING] [ACTIVE] TIE heartbeat lost > 30s. Taking over trailing...
2026-08-12 18:36:10,204 [WARNING] [ACTIVE] TIE heartbeat lost > 30s. Taking over trailing...
2026-08-12 18:36:15,300 [WARNING] [ACTIVE] TIE heartbeat lost > 30s. Taking over trailing...
2026-08-12 18:36:20,373 [WARNING] [ACTIVE] TIE heartbeat lost > 30s. Taking over trailing...
2026-08-12 18:36:25,486 [WARNING] [ACTIVE] TIE heartbeat lost > 30s. Taking over trailing...
2026-08-12 18:36:30,612 [WARNING] [ACTIVE] TIE heartbeat lost > 30s. Taking over trailing...
2026-08-12 18:36:35,692 [WARNING] [ACTIVE] TIE heartbeat lost > 30s. Taking over trailing...
2026-08-12 18:36:40,778 [WARNING] [ACTIVE] TIE heartbeat lost > 30s. Taking over trailing...
2026-08-12 18:36:45,877 [WARNING] [ACTIVE] TIE heartbeat lost > 30s. Taking over trailing...
2026-08-12 19:02:58,358 [ERROR] Positions fetch fail: HTTPSConnectionPool(host='chips-extension-extensions-wearing.trycloudflare.com', port=443): Read timed out. (read timeout=5)
2026-08-12 19:05:07,138 [WARNING] [ACTIVE] TIE heartbeat lost > 30s. Taking over trailing...
2026-08-12 19:05:12,229 [WARNING] [ACTIVE] TIE heartbeat lost > 30s. Taking over trailing...
2026-08-12 19:05:17,325 [WARNING] [ACTIVE] TIE heartbeat lost > 30s. Taking over trailing...
2026-08-12 19:05:22,426 [WARNING] [ACTIVE] TIE heartbeat lost > 30s. Taking over trailing...
2026-08-12 19:05:27,510 [WARNING] [ACTIVE] TIE heartbeat lost > 30s. Taking over trailing...
2026-08-12 19:05:32,605 [WARNING] [ACTIVE] TIE heartbeat lost > 30s. Taking over trailing...
2026-08-12 19:05:37,703 [WARNING] [ACTIVE] TIE heartbeat lost > 30s. Taking over trailing...
2026-08-12 19:05:42,785 [WARNING] [ACTIVE] TIE heartbeat lost > 30s. Taking over trailing...
2026-08-12 19:05:47,860 [WARNING] [ACTIVE] TIE heartbeat lost > 30s. Taking over trailing...
2026-08-12 19:05:52,930 [WARNING] [ACTIVE] TIE heartbeat lost > 30s. Taking over trailing...
2026-08-12 19:05:58,004 [WARNING] [ACTIVE] TIE heartbeat lost > 30s. Taking over trailing...
2026-08-12 19:06:03,089 [WARNING] [ACTIVE] TIE heartbeat lost > 30s. Taking over trailing...
2026-08-12 19:06:08,187 [WARNING] [ACTIVE] TIE heartbeat lost > 30s. Taking over trailing...
2026-08-12 19:06:13,285 [WARNING] [ACTIVE] TIE heartbeat lost > 30s. Taking over trailing...
2026-08-12 19:06:18,379 [WARNING] [ACTIVE] TIE heartbeat lost > 30s. Taking over trailing...
2026-08-12 19:06:23,460 [WARNING] [ACTIVE] TIE heartbeat lost > 30s. Taking over trailing...
2026-08-12 19:06:28,556 [WARNING] [ACTIVE] TIE heartbeat lost > 30s. Taking over trailing...
2026-08-12 19:06:33,624 [WARNING] [ACTIVE] TIE heartbeat lost > 30s. Taking over trailing...
2026-08-12 19:06:38,697 [WARNING] [ACTIVE] TIE heartbeat lost > 30s. Taking over trailing...
2026-08-12 19:06:43,772 [WARNING] [ACTIVE] TIE heartbeat lost > 30s. Taking over trailing...
2026-08-12 19:06:48,850 [WARNING] [ACTIVE] TIE heartbeat lost > 30s. Taking over trailing...
2026-08-12 19:06:53,953 [WARNING] [ACTIVE] TIE heartbeat lost > 30s. Taking over trailing...
2026-08-12 19:06:59,040 [WARNING] [ACTIVE] TIE heartbeat lost > 30s. Taking over trailing...
2026-08-12 19:07:04,147 [WARNING] [ACTIVE] TIE heartbeat lost > 30s. Taking over trailing...
2026-08-12 19:07:09,292 [WARNING] [ACTIVE] TIE heartbeat lost > 30s. Taking over trailing...
2026-08-12 19:07:14,393 [WARNING] [ACTIVE] TIE heartbeat lost > 30s. Taking over trailing...
2026-08-12 19:07:19,483 [WARNING] [ACTIVE] TIE heartbeat lost > 30s. Taking over trailing...
2026-08-12 19:07:24,592 [WARNING] [ACTIVE] TIE heartbeat lost > 30s. Taking over trailing...
2026-08-12 19:07:29,682 [WARNING] [ACTIVE] TIE heartbeat lost > 30s. Taking over trailing...
2026-08-12 19:07:34,763 [WARNING] [ACTIVE] TIE heartbeat lost > 30s. Taking over trailing...
2026-08-12 19:07:39,906 [WARNING] [ACTIVE] TIE heartbeat lost > 30s. Taking over trailing...
2026-08-12 19:07:45,074 [WARNING] [ACTIVE] TIE heartbeat lost > 30s. Taking over trailing...
2026-08-12 19:07:50,148 [WARNING] [ACTIVE] TIE heartbeat lost > 30s. Taking over trailing...
2026-08-12 19:07:55,228 [WARNING] [ACTIVE] TIE heartbeat lost > 30s. Taking over trailing...
2026-08-12 19:08:00,323 [WARNING] [ACTIVE] TIE heartbeat lost > 30s. Taking over trailing...
2026-08-12 19:08:05,405 [WARNING] [ACTIVE] TIE heartbeat lost > 30s. Taking over trailing...
2026-08-12 19:08:10,516 [WARNING] [ACTIVE] TIE heartbeat lost > 30s. Taking over trailing...
2026-08-12 19:08:15,588 [WARNING] [ACTIVE] TIE heartbeat lost > 30s. Taking over trailing...
2026-08-12 19:08:20,690 [WARNING] [ACTIVE] TIE heartbeat lost > 30s. Taking over trailing...
2026-08-12 19:08:25,826 [WARNING] [ACTIVE] TIE heartbeat lost > 30s. Taking over trailing...
2026-08-12 19:08:30,905 [WARNING] [ACTIVE] TIE heartbeat lost > 30s. Taking over trailing...
2026-08-12 19:08:35,991 [WARNING] [ACTIVE] TIE heartbeat lost > 30s. Taking over trailing...
2026-08-12 19:08:41,075 [WARNING] [ACTIVE] TIE heartbeat lost > 30s. Taking over trailing...
2026-08-12 19:08:46,153 [WARNING] [ACTIVE] TIE heartbeat lost > 30s. Taking over trailing...
2026-08-12 19:08:51,237 [WARNING] [ACTIVE] TIE heartbeat lost > 30s. Taking over trailing...
2026-08-12 19:08:56,302 [WARNING] [ACTIVE] TIE heartbeat lost > 30s. Taking over trailing...
2026-08-12 19:09:01,425 [WARNING] [ACTIVE] TIE heartbeat lost > 30s. Taking over trailing...
2026-08-12 19:09:06,497 [WARNING] [ACTIVE] TIE heartbeat lost > 30s. Taking over trailing...
2026-08-12 19:09:11,575 [WARNING] [ACTIVE] TIE heartbeat lost > 30s. Taking over trailing...
2026-08-12 19:09:16,699 [WARNING] [ACTIVE] TIE heartbeat lost > 30s. Taking over trailing...
2026-08-12 19:09:21,774 [WARNING] [ACTIVE] TIE heartbeat lost > 30s. Taking over trailing...
2026-08-12 19:09:26,889 [WARNING] [ACTIVE] TIE heartbeat lost > 30s. Taking over trailing...
2026-08-12 19:09:31,979 [WARNING] [ACTIVE] TIE heartbeat lost > 30s. Taking over trailing...
2026-08-12 19:09:37,062 [WARNING] [ACTIVE] TIE heartbeat lost > 30s. Taking over trailing...
2026-08-12 19:09:42,146 [WARNING] [ACTIVE] TIE heartbeat lost > 30s. Taking over trailing...
2026-08-12 19:09:47,229 [WARNING] [ACTIVE] TIE heartbeat lost > 30s. Taking over trailing...
2026-08-12 19:09:52,314 [WARNING] [ACTIVE] TIE heartbeat lost > 30s. Taking over trailing...
2026-08-12 19:09:57,409 [WARNING] [ACTIVE] TIE heartbeat lost > 30s. Taking over trailing...
2026-08-12 19:10:02,499 [WARNING] [ACTIVE] TIE heartbeat lost > 30s. Taking over trailing...
2026-08-12 19:10:07,578 [WARNING] [ACTIVE] TIE heartbeat lost > 30s. Taking over trailing...
2026-08-12 19:10:12,678 [WARNING] [ACTIVE] TIE heartbeat lost > 30s. Taking over trailing...
2026-08-12 19:10:17,757 [WARNING] [ACTIVE] TIE heartbeat lost > 30s. Taking over trailing...
2026-08-12 19:10:22,854 [WARNING] [ACTIVE] TIE heartbeat lost > 30s. Taking over trailing...
2026-08-12 19:10:27,986 [WARNING] [ACTIVE] TIE heartbeat lost > 30s. Taking over trailing...
2026-08-12 19:10:33,081 [WARNING] [ACTIVE] TIE heartbeat lost > 30s. Taking over trailing...
2026-08-12 19:10:38,179 [WARNING] [ACTIVE] TIE heartbeat lost > 30s. Taking over trailing...
2026-08-12 19:10:43,262 [WARNING] [ACTIVE] TIE heartbeat lost > 30s. Taking over trailing...
2026-08-12 19:10:48,339 [WARNING] [ACTIVE] TIE heartbeat lost > 30s. Taking over trailing...
2026-08-12 19:10:53,418 [WARNING] [ACTIVE] TIE heartbeat lost > 30s. Taking over trailing...
2026-08-12 19:10:58,504 [WARNING] [ACTIVE] TIE heartbeat lost > 30s. Taking over trailing...
2026-08-12 19:11:03,585 [WARNING] [ACTIVE] TIE heartbeat lost > 30s. Taking over trailing...
2026-08-12 19:11:08,661 [WARNING] [ACTIVE] TIE heartbeat lost > 30s. Taking over trailing...
2026-08-12 19:11:13,807 [WARNING] [ACTIVE] TIE heartbeat lost > 30s. Taking over trailing...
2026-08-12 19:11:18,893 [WARNING] [ACTIVE] TIE heartbeat lost > 30s. Taking over trailing...
2026-08-12 19:11:23,977 [WARNING] [ACTIVE] TIE heartbeat lost > 30s. Taking over trailing...
2026-08-12 19:11:29,058 [WARNING] [ACTIVE] TIE heartbeat lost > 30s. Taking over trailing...
2026-08-12 19:11:34,147 [WARNING] [ACTIVE] TIE heartbeat lost > 30s. Taking over trailing...
2026-08-12 19:11:39,235 [WARNING] [ACTIVE] TIE heartbeat lost > 30s. Taking over trailing...
2026-08-12 19:11:44,371 [WARNING] [ACTIVE] TIE heartbeat lost > 30s. Taking over trailing...
2026-08-12 19:11:49,461 [WARNING] [ACTIVE] TIE heartbeat lost > 30s. Taking over trailing...
2026-08-12 19:11:54,536 [WARNING] [ACTIVE] TIE heartbeat lost > 30s. Taking over trailing...
2026-08-12 19:11:59,615 [WARNING] [ACTIVE] TIE heartbeat lost > 30s. Taking over trailing...
2026-08-12 19:12:04,689 [WARNING] [ACTIVE] TIE heartbeat lost > 30s. Taking over trailing...
2026-08-12 19:12:09,838 [WARNING] [ACTIVE] TIE heartbeat lost > 30s. Taking over trailing...
2026-08-12 19:12:14,941 [WARNING] [ACTIVE] TIE heartbeat lost > 30s. Taking over trailing...
2026-08-12 19:12:20,042 [WARNING] [ACTIVE] TIE heartbeat lost > 30s. Taking over trailing...
2026-08-12 19:12:25,131 [WARNING] [ACTIVE] TIE heartbeat lost > 30s. Taking over trailing...
2026-08-12 19:12:30,241 [WARNING] [ACTIVE] TIE heartbeat lost > 30s. Taking over trailing...
2026-08-12 19:12:35,322 [WARNING] [ACTIVE] TIE heartbeat lost > 30s. Taking over trailing...
2026-08-12 19:12:40,462 [WARNING] [ACTIVE] TIE heartbeat lost > 30s. Taking over trailing...
2026-08-12 19:12:45,565 [WARNING] [ACTIVE] TIE heartbeat lost > 30s. Taking over trailing...
2026-08-12 19:12:50,654 [WARNING] [ACTIVE] TIE heartbeat lost > 30s. Taking over trailing...
2026-08-12 19:12:55,769 [WARNING] [ACTIVE] TIE heartbeat lost > 30s. Taking over trailing...
2026-08-12 19:13:00,847 [WARNING] [ACTIVE] TIE heartbeat lost > 30s. Taking over trailing...
2026-08-12 19:13:05,924 [WARNING] [ACTIVE] TIE heartbeat lost > 30s. Taking over trailing...
2026-08-12 19:13:11,036 [WARNING] [ACTIVE] TIE heartbeat lost > 30s. Taking over trailing...
2026-08-12 19:13:16,120 [WARNING] [ACTIVE] TIE heartbeat lost > 30s. Taking over trailing...
2026-08-12 19:13:21,336 [WARNING] [ACTIVE] TIE heartbeat lost > 30s. Taking over trailing...
2026-08-12 19:13:26,430 [WARNING] [ACTIVE] TIE heartbeat lost > 30s. Taking over trailing...
2026-08-12 19:13:31,526 [WARNING] [ACTIVE] TIE heartbeat lost > 30s. Taking over trailing...
2026-08-12 19:13:36,617 [WARNING] [ACTIVE] TIE heartbeat lost > 30s. Taking over trailing...
2026-08-12 19:13:41,738 [WARNING] [ACTIVE] TIE heartbeat lost > 30s. Taking over trailing...
2026-08-12 19:13:46,821 [WARNING] [ACTIVE] TIE heartbeat lost > 30s. Taking over trailing...
2026-08-12 19:13:51,942 [WARNING] [ACTIVE] TIE heartbeat lost > 30s. Taking over trailing...
2026-08-12 19:13:57,063 [WARNING] [ACTIVE] TIE heartbeat lost > 30s. Taking over trailing...
2026-08-12 19:14:02,178 [WARNING] [ACTIVE] TIE heartbeat lost > 30s. Taking over trailing...
2026-08-12 19:14:07,275 [WARNING] [ACTIVE] TIE heartbeat lost > 30s. Taking over trailing...
2026-08-12 19:14:12,389 [WARNING] [ACTIVE] TIE heartbeat lost > 30s. Taking over trailing...
2026-08-12 19:14:17,484 [WARNING] [ACTIVE] TIE heartbeat lost > 30s. Taking over trailing...
2026-08-12 19:14:22,585 [WARNING] [ACTIVE] TIE heartbeat lost > 30s. Taking over trailing...
2026-08-12 19:14:27,664 [WARNING] [ACTIVE] TIE heartbeat lost > 30s. Taking over trailing...
2026-08-12 19:14:32,753 [WARNING] [ACTIVE] TIE heartbeat lost > 30s. Taking over trailing...
2026-08-12 19:14:37,835 [WARNING] [ACTIVE] TIE heartbeat lost > 30s. Taking over trailing...
2026-08-12 19:14:43,005 [WARNING] [ACTIVE] TIE heartbeat lost > 30s. Taking over trailing...
2026-08-12 19:14:48,102 [WARNING] [ACTIVE] TIE heartbeat lost > 30s. Taking over trailing...
2026-08-12 19:14:53,183 [WARNING] [ACTIVE] TIE heartbeat lost > 30s. Taking over trailing...
2026-08-12 19:14:58,276 [WARNING] [ACTIVE] TIE heartbeat lost > 30s. Taking over trailing...
2026-08-12 19:15:03,372 [WARNING] [ACTIVE] TIE heartbeat lost > 30s. Taking over trailing...
2026-08-12 19:15:08,469 [WARNING] [ACTIVE] TIE heartbeat lost > 30s. Taking over trailing...
2026-08-12 19:15:13,578 [WARNING] [ACTIVE] TIE heartbeat lost > 30s. Taking over trailing...
2026-08-12 19:15:18,656 [WARNING] [ACTIVE] TIE heartbeat lost > 30s. Taking over trailing...
2026-08-12 19:15:23,822 [WARNING] [ACTIVE] TIE heartbeat lost > 30s. Taking over trailing...
2026-08-12 19:15:28,901 [WARNING] [ACTIVE] TIE heartbeat lost > 30s. Taking over trailing...
2026-08-12 19:15:33,994 [WARNING] [ACTIVE] TIE heartbeat lost > 30s. Taking over trailing...
2026-08-12 19:15:39,071 [WARNING] [ACTIVE] TIE heartbeat lost > 30s. Taking over trailing...
2026-08-12 19:15:44,157 [WARNING] [ACTIVE] TIE heartbeat lost > 30s. Taking over trailing...
2026-08-12 19:15:49,238 [WARNING] [ACTIVE] TIE heartbeat lost > 30s. Taking over trailing...
2026-08-12 19:15:54,326 [WARNING] [ACTIVE] TIE heartbeat lost > 30s. Taking over trailing...
2026-08-12 19:15:59,410 [WARNING] [ACTIVE] TIE heartbeat lost > 30s. Taking over trailing...
2026-08-12 19:16:04,492 [WARNING] [ACTIVE] TIE heartbeat lost > 30s. Taking over trailing...
2026-08-12 19:16:09,573 [WARNING] [ACTIVE] TIE heartbeat lost > 30s. Taking over trailing...
2026-08-12 19:16:14,668 [WARNING] [ACTIVE] TIE heartbeat lost > 30s. Taking over trailing...
2026-08-12 19:16:19,765 [WARNING] [ACTIVE] TIE heartbeat lost > 30s. Taking over trailing...
2026-08-12 19:16:24,846 [WARNING] [ACTIVE] TIE heartbeat lost > 30s. Taking over trailing...
2026-08-12 19:16:29,927 [WARNING] [ACTIVE] TIE heartbeat lost > 30s. Taking over trailing...
2026-08-12 19:16:35,009 [WARNING] [ACTIVE] TIE heartbeat lost > 30s. Taking over trailing...
2026-08-12 19:16:40,092 [WARNING] [ACTIVE] TIE heartbeat lost > 30s. Taking over trailing...
2026-08-12 19:16:45,190 [WARNING] [ACTIVE] TIE heartbeat lost > 30s. Taking over trailing...
2026-08-12 19:16:50,280 [WARNING] [ACTIVE] TIE heartbeat lost > 30s. Taking over trailing...
2026-08-12 19:16:55,386 [WARNING] [ACTIVE] TIE heartbeat lost > 30s. Taking over trailing...
2026-08-12 19:17:00,479 [WARNING] [ACTIVE] TIE heartbeat lost > 30s. Taking over trailing...
2026-08-12 19:17:05,555 [WARNING] [ACTIVE] TIE heartbeat lost > 30s. Taking over trailing...
2026-08-12 19:17:10,633 [WARNING] [ACTIVE] TIE heartbeat lost > 30s. Taking over trailing...
2026-08-12 19:17:15,719 [WARNING] [ACTIVE] TIE heartbeat lost > 30s. Taking over trailing...
2026-08-12 19:17:20,807 [WARNING] [ACTIVE] TIE heartbeat lost > 30s. Taking over trailing...
2026-08-12 19:17:25,930 [WARNING] [ACTIVE] TIE heartbeat lost > 30s. Taking over trailing...
2026-08-12 19:17:31,057 [WARNING] [ACTIVE] TIE heartbeat lost > 30s. Taking over trailing...
2026-08-12 19:17:36,146 [WARNING] [ACTIVE] TIE heartbeat lost > 30s. Taking over trailing...
2026-08-12 19:17:41,266 [WARNING] [ACTIVE] TIE heartbeat lost > 30s. Taking over trailing...
2026-08-12 19:17:46,342 [WARNING] [ACTIVE] TIE heartbeat lost > 30s. Taking over trailing...
2026-08-12 19:17:51,491 [WARNING] [ACTIVE] TIE heartbeat lost > 30s. Taking over trailing...
2026-08-12 19:17:56,588 [WARNING] [ACTIVE] TIE heartbeat lost > 30s. Taking over trailing...
2026-08-12 19:18:01,674 [WARNING] [ACTIVE] TIE heartbeat lost > 30s. Taking over trailing...
2026-08-12 19:18:06,761 [WARNING] [ACTIVE] TIE heartbeat lost > 30s. Taking over trailing...
2026-08-12 19:18:11,851 [WARNING] [ACTIVE] TIE heartbeat lost > 30s. Taking over trailing...
2026-08-12 19:18:16,927 [WARNING] [ACTIVE] TIE heartbeat lost > 30s. Taking over trailing...
2026-08-12 19:18:22,014 [WARNING] [ACTIVE] TIE heartbeat lost > 30s. Taking over trailing...
2026-08-12 19:18:27,123 [WARNING] [ACTIVE] TIE heartbeat lost > 30s. Taking over trailing...
2026-08-12 19:18:32,212 [WARNING] [ACTIVE] TIE heartbeat lost > 30s. Taking over trailing...
2026-08-12 19:18:37,297 [WARNING] [ACTIVE] TIE heartbeat lost > 30s. Taking over trailing...
2026-08-12 19:18:42,407 [WARNING] [ACTIVE] TIE heartbeat lost > 30s. Taking over trailing...
2026-08-12 19:18:47,496 [WARNING] [ACTIVE] TIE heartbeat lost > 30s. Taking over trailing...
2026-08-12 19:18:52,585 [WARNING] [ACTIVE] TIE heartbeat lost > 30s. Taking over trailing...
2026-08-12 19:18:57,670 [WARNING] [ACTIVE] TIE heartbeat lost > 30s. Taking over trailing...
2026-08-12 19:19:02,752 [WARNING] [ACTIVE] TIE heartbeat lost > 30s. Taking over trailing...
2026-08-12 19:19:07,850 [WARNING] [ACTIVE] TIE heartbeat lost > 30s. Taking over trailing...
2026-08-12 19:19:12,960 [WARNING] [ACTIVE] TIE heartbeat lost > 30s. Taking over trailing...
2026-08-12 19:19:18,186 [WARNING] [ACTIVE] TIE heartbeat lost > 30s. Taking over trailing...
2026-08-12 19:19:23,279 [WARNING] [ACTIVE] TIE heartbeat lost > 30s. Taking over trailing...
2026-08-12 19:19:28,357 [WARNING] [ACTIVE] TIE heartbeat lost > 30s. Taking over trailing...
2026-08-12 19:19:33,442 [WARNING] [ACTIVE] TIE heartbeat lost > 30s. Taking over trailing...
2026-08-12 19:19:38,508 [WARNING] [ACTIVE] TIE heartbeat lost > 30s. Taking over trailing...
2026-08-12 19:19:43,655 [WARNING] [ACTIVE] TIE heartbeat lost > 30s. Taking over trailing...
2026-08-12 19:19:48,726 [WARNING] [ACTIVE] TIE heartbeat lost > 30s. Taking over trailing...
2026-08-12 19:19:53,813 [WARNING] [ACTIVE] TIE heartbeat lost > 30s. Taking over trailing...
2026-08-12 19:19:58,892 [WARNING] [ACTIVE] TIE heartbeat lost > 30s. Taking over trailing...
2026-08-12 19:20:04,059 [WARNING] [ACTIVE] TIE heartbeat lost > 30s. Taking over trailing...
2026-08-12 19:20:09,143 [WARNING] [ACTIVE] TIE heartbeat lost > 30s. Taking over trailing...
2026-08-12 19:20:14,221 [WARNING] [ACTIVE] TIE heartbeat lost > 30s. Taking over trailing...
2026-08-12 19:20:19,302 [WARNING] [ACTIVE] TIE heartbeat lost > 30s. Taking over trailing...
2026-08-12 19:20:24,399 [WARNING] [ACTIVE] TIE heartbeat lost > 30s. Taking over trailing...
2026-08-12 19:20:29,481 [WARNING] [ACTIVE] TIE heartbeat lost > 30s. Taking over trailing...
2026-08-12 19:20:34,587 [WARNING] [ACTIVE] TIE heartbeat lost > 30s. Taking over trailing...
2026-08-12 19:20:39,667 [WARNING] [ACTIVE] TIE heartbeat lost > 30s. Taking over trailing...
2026-08-12 19:20:44,747 [WARNING] [ACTIVE] TIE heartbeat lost > 30s. Taking over trailing...
2026-08-12 19:20:49,824 [WARNING] [ACTIVE] TIE heartbeat lost > 30s. Taking over trailing...
2026-08-12 19:20:54,931 [WARNING] [ACTIVE] TIE heartbeat lost > 30s. Taking over trailing...
2026-08-12 19:21:00,025 [WARNING] [ACTIVE] TIE heartbeat lost > 30s. Taking over trailing...
2026-08-12 19:21:05,100 [WARNING] [ACTIVE] TIE heartbeat lost > 30s. Taking over trailing...
2026-08-12 19:21:10,176 [WARNING] [ACTIVE] TIE heartbeat lost > 30s. Taking over trailing...
2026-08-12 19:21:15,255 [WARNING] [ACTIVE] TIE heartbeat lost > 30s. Taking over trailing...
2026-08-12 19:21:20,325 [WARNING] [ACTIVE] TIE heartbeat lost > 30s. Taking over trailing...
2026-08-12 19:21:25,405 [WARNING] [ACTIVE] TIE heartbeat lost > 30s. Taking over trailing...
2026-08-12 19:21:30,559 [WARNING] [ACTIVE] TIE heartbeat lost > 30s. Taking over trailing...
2026-08-12 19:21:35,638 [WARNING] [ACTIVE] TIE heartbeat lost > 30s. Taking over trailing...
2026-08-12 19:21:40,717 [WARNING] [ACTIVE] TIE heartbeat lost > 30s. Taking over trailing...
2026-08-12 19:21:45,799 [WARNING] [ACTIVE] TIE heartbeat lost > 30s. Taking over trailing...
2026-08-12 19:21:50,912 [WARNING] [ACTIVE] TIE heartbeat lost > 30s. Taking over trailing...
2026-08-12 19:21:56,007 [WARNING] [ACTIVE] TIE heartbeat lost > 30s. Taking over trailing...
2026-08-12 19:22:01,157 [WARNING] [ACTIVE] TIE heartbeat lost > 30s. Taking over trailing...
2026-08-12 19:22:06,293 [WARNING] [ACTIVE] TIE heartbeat lost > 30s. Taking over trailing...
2026-08-12 19:22:11,389 [WARNING] [ACTIVE] TIE heartbeat lost > 30s. Taking over trailing...
2026-08-12 19:22:16,498 [WARNING] [ACTIVE] TIE heartbeat lost > 30s. Taking over trailing...
2026-08-12 19:22:21,587 [WARNING] [ACTIVE] TIE heartbeat lost > 30s. Taking over trailing...
2026-08-12 19:22:26,680 [WARNING] [ACTIVE] TIE heartbeat lost > 30s. Taking over trailing...
2026-08-12 19:22:31,759 [WARNING] [ACTIVE] TIE heartbeat lost > 30s. Taking over trailing...
2026-08-12 19:22:36,843 [WARNING] [ACTIVE] TIE heartbeat lost > 30s. Taking over trailing...
2026-08-12 19:22:41,934 [WARNING] [ACTIVE] TIE heartbeat lost > 30s. Taking over trailing...
2026-08-12 19:22:41,935 [INFO] [3625515369] BE lock $1.5 → SL 4407.72 | profit $3.36
2026-08-12 19:22:42,081 [INFO] [3625515369] MODIFIED SL → 4407.72
2026-08-12 19:22:47,166 [WARNING] [ACTIVE] TIE heartbeat lost > 30s. Taking over trailing...
2026-08-12 19:22:52,268 [WARNING] [ACTIVE] TIE heartbeat lost > 30s. Taking over trailing...
2026-08-12 19:22:57,350 [WARNING] [ACTIVE] TIE heartbeat lost > 30s. Taking over trailing...
2026-08-12 19:23:02,451 [WARNING] [ACTIVE] TIE heartbeat lost > 30s. Taking over trailing...
2026-08-12 19:23:07,575 [WARNING] [ACTIVE] TIE heartbeat lost > 30s. Taking over trailing...
2026-08-12 19:23:12,700 [WARNING] [ACTIVE] TIE heartbeat lost > 30s. Taking over trailing...
2026-08-12 19:23:17,777 [WARNING] [ACTIVE] TIE heartbeat lost > 30s. Taking over trailing...
2026-08-12 19:23:22,862 [WARNING] [ACTIVE] TIE heartbeat lost > 30s. Taking over trailing...
2026-08-12 19:23:27,953 [WARNING] [ACTIVE] TIE heartbeat lost > 30s. Taking over trailing...
2026-08-12 19:23:33,034 [WARNING] [ACTIVE] TIE heartbeat lost > 30s. Taking over trailing...
2026-08-12 19:23:38,119 [WARNING] [ACTIVE] TIE heartbeat lost > 30s. Taking over trailing...
2026-08-12 19:23:43,197 [WARNING] [ACTIVE] TIE heartbeat lost > 30s. Taking over trailing...
2026-08-12 19:23:48,273 [WARNING] [ACTIVE] TIE heartbeat lost > 30s. Taking over trailing...
2026-08-12 19:23:53,392 [WARNING] [ACTIVE] TIE heartbeat lost > 30s. Taking over trailing...
2026-08-12 19:23:58,502 [WARNING] [ACTIVE] TIE heartbeat lost > 30s. Taking over trailing...
2026-08-12 19:24:03,600 [WARNING] [ACTIVE] TIE heartbeat lost > 30s. Taking over trailing...
2026-08-12 19:24:08,691 [WARNING] [ACTIVE] TIE heartbeat lost > 30s. Taking over trailing...
2026-08-12 19:24:13,772 [WARNING] [ACTIVE] TIE heartbeat lost > 30s. Taking over trailing...
2026-08-12 19:24:18,877 [WARNING] [ACTIVE] TIE heartbeat lost > 30s. Taking over trailing...
2026-08-12 19:24:23,966 [WARNING] [ACTIVE] TIE heartbeat lost > 30s. Taking over trailing...
2026-08-12 19:24:29,044 [WARNING] [ACTIVE] TIE heartbeat lost > 30s. Taking over trailing...
2026-08-12 19:24:34,117 [WARNING] [ACTIVE] TIE heartbeat lost > 30s. Taking over trailing...
2026-08-12 19:24:39,217 [WARNING] [ACTIVE] TIE heartbeat lost > 30s. Taking over trailing...
2026-08-12 19:24:44,358 [WARNING] [ACTIVE] TIE heartbeat lost > 30s. Taking over trailing...
2026-08-12 19:24:49,447 [WARNING] [ACTIVE] TIE heartbeat lost > 30s. Taking over trailing...
2026-08-12 19:24:54,527 [WARNING] [ACTIVE] TIE heartbeat lost > 30s. Taking over trailing...
2026-08-12 19:24:59,678 [WARNING] [ACTIVE] TIE heartbeat lost > 30s. Taking over trailing...
2026-08-12 19:25:04,782 [WARNING] [ACTIVE] TIE heartbeat lost > 30s. Taking over trailing...
2026-08-12 19:25:09,884 [WARNING] [ACTIVE] TIE heartbeat lost > 30s. Taking over trailing...
2026-08-12 19:25:14,967 [WARNING] [ACTIVE] TIE heartbeat lost > 30s. Taking over trailing...
2026-08-12 19:25:20,062 [WARNING] [ACTIVE] TIE heartbeat lost > 30s. Taking over trailing...
2026-08-12 19:25:25,151 [WARNING] [ACTIVE] TIE heartbeat lost > 30s. Taking over trailing...
2026-08-12 19:25:30,255 [WARNING] [ACTIVE] TIE heartbeat lost > 30s. Taking over trailing...
2026-08-12 19:25:35,353 [WARNING] [ACTIVE] TIE heartbeat lost > 30s. Taking over trailing...
2026-08-12 19:25:40,444 [WARNING] [ACTIVE] TIE heartbeat lost > 30s. Taking over trailing...
2026-08-12 19:25:45,534 [WARNING] [ACTIVE] TIE heartbeat lost > 30s. Taking over trailing...
2026-08-12 19:25:50,607 [WARNING] [ACTIVE] TIE heartbeat lost > 30s. Taking over trailing...
2026-08-12 19:25:55,718 [WARNING] [ACTIVE] TIE heartbeat lost > 30s. Taking over trailing...
2026-08-12 19:26:00,798 [WARNING] [ACTIVE] TIE heartbeat lost > 30s. Taking over trailing...
2026-08-12 19:26:05,903 [WARNING] [ACTIVE] TIE heartbeat lost > 30s. Taking over trailing...
2026-08-12 19:26:11,036 [WARNING] [ACTIVE] TIE heartbeat lost > 30s. Taking over trailing...
2026-08-12 19:26:16,149 [WARNING] [ACTIVE] TIE heartbeat lost > 30s. Taking over trailing...
2026-08-12 19:26:21,243 [WARNING] [ACTIVE] TIE heartbeat lost > 30s. Taking over trailing...
2026-08-12 19:26:26,344 [WARNING] [ACTIVE] TIE heartbeat lost > 30s. Taking over trailing...
2026-08-12 19:26:31,427 [WARNING] [ACTIVE] TIE heartbeat lost > 30s. Taking over trailing...
2026-08-12 19:26:36,514 [WARNING] [ACTIVE] TIE heartbeat lost > 30s. Taking over trailing...
2026-08-12 19:26:41,609 [WARNING] [ACTIVE] TIE heartbeat lost > 30s. Taking over trailing...
2026-08-12 19:26:46,698 [WARNING] [ACTIVE] TIE heartbeat lost > 30s. Taking over trailing...
2026-08-12 19:26:51,780 [WARNING] [ACTIVE] TIE heartbeat lost > 30s. Taking over trailing...
2026-08-12 19:26:56,874 [WARNING] [ACTIVE] TIE heartbeat lost > 30s. Taking over trailing...
2026-08-12 19:27:02,020 [WARNING] [ACTIVE] TIE heartbeat lost > 30s. Taking over trailing...
2026-08-12 19:27:07,092 [WARNING] [ACTIVE] TIE heartbeat lost > 30s. Taking over trailing...
2026-08-12 19:27:12,210 [WARNING] [ACTIVE] TIE heartbeat lost > 30s. Taking over trailing...
2026-08-12 19:27:17,309 [WARNING] [ACTIVE] TIE heartbeat lost > 30s. Taking over trailing...
2026-08-12 19:27:22,399 [WARNING] [ACTIVE] TIE heartbeat lost > 30s. Taking over trailing...
2026-08-12 19:27:27,510 [WARNING] [ACTIVE] TIE heartbeat lost > 30s. Taking over trailing...
2026-08-12 19:27:32,624 [WARNING] [ACTIVE] TIE heartbeat lost > 30s. Taking over trailing...
2026-08-12 19:27:37,698 [WARNING] [ACTIVE] TIE heartbeat lost > 30s. Taking over trailing...
2026-08-12 19:27:42,780 [WARNING] [ACTIVE] TIE heartbeat lost > 30s. Taking over trailing...
2026-08-12 19:27:47,855 [WARNING] [ACTIVE] TIE heartbeat lost > 30s. Taking over trailing...
2026-08-12 19:27:52,940 [WARNING] [ACTIVE] TIE heartbeat lost > 30s. Taking over trailing...
2026-08-12 19:27:58,028 [WARNING] [ACTIVE] TIE heartbeat lost > 30s. Taking over trailing...
2026-08-12 19:28:03,113 [WARNING] [ACTIVE] TIE heartbeat lost > 30s. Taking over trailing...
2026-08-12 19:28:08,204 [WARNING] [ACTIVE] TIE heartbeat lost > 30s. Taking over trailing...
2026-08-12 19:28:13,311 [WARNING] [ACTIVE] TIE heartbeat lost > 30s. Taking over trailing...
2026-08-12 19:28:18,394 [WARNING] [ACTIVE] TIE heartbeat lost > 30s. Taking over trailing...
2026-08-12 19:28:23,496 [WARNING] [ACTIVE] TIE heartbeat lost > 30s. Taking over trailing...
2026-08-12 19:28:28,572 [WARNING] [ACTIVE] TIE heartbeat lost > 30s. Taking over trailing...
2026-08-12 19:28:33,655 [WARNING] [ACTIVE] TIE heartbeat lost > 30s. Taking over trailing...
2026-08-12 19:28:38,785 [WARNING] [ACTIVE] TIE heartbeat lost > 30s. Taking over trailing...
2026-08-12 20:28:07,170 [ERROR] Positions fetch fail: HTTPSConnectionPool(host='chips-extension-extensions-wearing.trycloudflare.com', port=443): Read timed out. (read timeout=5)
2026-08-12 21:10:39,137 [WARNING] [ACTIVE] TIE heartbeat lost > 30s. Taking over trailing...
2026-08-12 21:10:44,246 [WARNING] [ACTIVE] TIE heartbeat lost > 30s. Taking over trailing...
2026-08-12 21:10:49,369 [WARNING] [ACTIVE] TIE heartbeat lost > 30s. Taking over trailing...
2026-08-12 21:10:54,455 [WARNING] [ACTIVE] TIE heartbeat lost > 30s. Taking over trailing...
2026-08-12 21:10:59,550 [WARNING] [ACTIVE] TIE heartbeat lost > 30s. Taking over trailing...
2026-08-12 21:11:04,648 [WARNING] [ACTIVE] TIE heartbeat lost > 30s. Taking over trailing...
2026-08-12 21:11:09,748 [WARNING] [ACTIVE] TIE heartbeat lost > 30s. Taking over trailing...
2026-08-12 21:11:14,843 [WARNING] [ACTIVE] TIE heartbeat lost > 30s. Taking over trailing...
2026-08-12 21:11:19,933 [WARNING] [ACTIVE] TIE heartbeat lost > 30s. Taking over trailing...
2026-08-12 21:11:25,070 [WARNING] [ACTIVE] TIE heartbeat lost > 30s. Taking over trailing...
2026-08-12 21:11:30,201 [WARNING] [ACTIVE] TIE heartbeat lost > 30s. Taking over trailing...
2026-08-12 21:11:35,289 [WARNING] [ACTIVE] TIE heartbeat lost > 30s. Taking over trailing...
2026-08-12 21:11:40,416 [WARNING] [ACTIVE] TIE heartbeat lost > 30s. Taking over trailing...
2026-08-12 21:11:45,511 [WARNING] [ACTIVE] TIE heartbeat lost > 30s. Taking over trailing...
2026-08-12 21:11:50,616 [WARNING] [ACTIVE] TIE heartbeat lost > 30s. Taking over trailing...
2026-08-12 21:11:55,707 [WARNING] [ACTIVE] TIE heartbeat lost > 30s. Taking over trailing...
2026-08-12 21:12:00,820 [WARNING] [ACTIVE] TIE heartbeat lost > 30s. Taking over trailing...
2026-08-12 21:12:05,913 [WARNING] [ACTIVE] TIE heartbeat lost > 30s. Taking over trailing...
2026-08-12 21:12:10,997 [WARNING] [ACTIVE] TIE heartbeat lost > 30s. Taking over trailing...
2026-08-12 21:12:16,095 [WARNING] [ACTIVE] TIE heartbeat lost > 30s. Taking over trailing...
2026-08-12 21:12:21,189 [WARNING] [ACTIVE] TIE heartbeat lost > 30s. Taking over trailing...
2026-08-12 21:12:26,325 [WARNING] [ACTIVE] TIE heartbeat lost > 30s. Taking over trailing...
2026-08-12 21:12:31,443 [WARNING] [ACTIVE] TIE heartbeat lost > 30s. Taking over trailing...
2026-08-12 21:12:36,539 [WARNING] [ACTIVE] TIE heartbeat lost > 30s. Taking over trailing...
2026-08-12 21:12:41,698 [WARNING] [ACTIVE] TIE heartbeat lost > 30s. Taking over trailing...
2026-08-12 21:12:46,791 [WARNING] [ACTIVE] TIE heartbeat lost > 30s. Taking over trailing...
2026-08-12 21:12:51,886 [WARNING] [ACTIVE] TIE heartbeat lost > 30s. Taking over trailing...
2026-08-12 21:12:56,990 [WARNING] [ACTIVE] TIE heartbeat lost > 30s. Taking over trailing...
2026-08-12 21:13:02,083 [WARNING] [ACTIVE] TIE heartbeat lost > 30s. Taking over trailing...
2026-08-12 21:13:07,186 [WARNING] [ACTIVE] TIE heartbeat lost > 30s. Taking over trailing...
2026-08-12 21:13:12,288 [WARNING] [ACTIVE] TIE heartbeat lost > 30s. Taking over trailing...
2026-08-12 21:13:17,387 [WARNING] [ACTIVE] TIE heartbeat lost > 30s. Taking over trailing...
2026-08-12 21:13:22,471 [WARNING] [ACTIVE] TIE heartbeat lost > 30s. Taking over trailing...
2026-08-12 21:13:27,548 [WARNING] [ACTIVE] TIE heartbeat lost > 30s. Taking over trailing...
2026-08-12 21:13:32,627 [WARNING] [ACTIVE] TIE heartbeat lost > 30s. Taking over trailing...
2026-08-12 21:13:37,702 [WARNING] [ACTIVE] TIE heartbeat lost > 30s. Taking over trailing...
2026-08-12 21:13:42,830 [WARNING] [ACTIVE] TIE heartbeat lost > 30s. Taking over trailing...
2026-08-12 21:13:47,927 [WARNING] [ACTIVE] TIE heartbeat lost > 30s. Taking over trailing...
2026-08-12 21:13:53,043 [WARNING] [ACTIVE] TIE heartbeat lost > 30s. Taking over trailing...
2026-08-12 21:13:58,155 [WARNING] [ACTIVE] TIE heartbeat lost > 30s. Taking over trailing...
2026-08-12 21:14:03,250 [WARNING] [ACTIVE] TIE heartbeat lost > 30s. Taking over trailing...
2026-08-12 21:14:08,385 [WARNING] [ACTIVE] TIE heartbeat lost > 30s. Taking over trailing...
2026-08-12 21:14:13,472 [WARNING] [ACTIVE] TIE heartbeat lost > 30s. Taking over trailing...
2026-08-12 21:20:06,080 [WARNING] [ACTIVE] TIE heartbeat lost > 30s. Taking over trailing...
2026-08-12 21:20:11,156 [WARNING] [ACTIVE] TIE heartbeat lost > 30s. Taking over trailing...
2026-08-12 21:20:16,245 [WARNING] [ACTIVE] TIE heartbeat lost > 30s. Taking over trailing...
2026-08-12 21:20:21,346 [WARNING] [ACTIVE] TIE heartbeat lost > 30s. Taking over trailing...
2026-08-12 21:20:26,436 [WARNING] [ACTIVE] TIE heartbeat lost > 30s. Taking over trailing...
2026-08-12 21:20:31,593 [WARNING] [ACTIVE] TIE heartbeat lost > 30s. Taking over trailing...
2026-08-12 21:20:36,675 [WARNING] [ACTIVE] TIE heartbeat lost > 30s. Taking over trailing...
2026-08-12 21:20:41,759 [WARNING] [ACTIVE] TIE heartbeat lost > 30s. Taking over trailing...
2026-08-12 21:20:46,869 [WARNING] [ACTIVE] TIE heartbeat lost > 30s. Taking over trailing...
2026-08-12 21:20:51,987 [WARNING] [ACTIVE] TIE heartbeat lost > 30s. Taking over trailing...
2026-08-12 21:20:57,707 [WARNING] [ACTIVE] TIE heartbeat lost > 30s. Taking over trailing...
2026-08-12 21:21:02,810 [WARNING] [ACTIVE] TIE heartbeat lost > 30s. Taking over trailing...
2026-08-12 21:21:07,927 [WARNING] [ACTIVE] TIE heartbeat lost > 30s. Taking over trailing...
2026-08-12 21:21:13,039 [WARNING] [ACTIVE] TIE heartbeat lost > 30s. Taking over trailing...
2026-08-12 21:21:18,134 [WARNING] [ACTIVE] TIE heartbeat lost > 30s. Taking over trailing...
2026-08-12 21:21:23,250 [WARNING] [ACTIVE] TIE heartbeat lost > 30s. Taking over trailing...
2026-08-12 21:21:28,334 [WARNING] [ACTIVE] TIE heartbeat lost > 30s. Taking over trailing...
2026-08-12 21:21:33,450 [WARNING] [ACTIVE] TIE heartbeat lost > 30s. Taking over trailing...
2026-08-12 21:21:38,556 [WARNING] [ACTIVE] TIE heartbeat lost > 30s. Taking over trailing...
2026-08-12 21:21:43,642 [WARNING] [ACTIVE] TIE heartbeat lost > 30s. Taking over trailing...
2026-08-12 21:21:48,720 [WARNING] [ACTIVE] TIE heartbeat lost > 30s. Taking over trailing...
2026-08-12 21:21:53,821 [WARNING] [ACTIVE] TIE heartbeat lost > 30s. Taking over trailing...
2026-08-12 21:21:58,921 [WARNING] [ACTIVE] TIE heartbeat lost > 30s. Taking over trailing...
2026-08-12 21:22:04,023 [WARNING] [ACTIVE] TIE heartbeat lost > 30s. Taking over trailing...
2026-08-12 21:22:09,144 [WARNING] [ACTIVE] TIE heartbeat lost > 30s. Taking over trailing...
2026-08-12 21:22:14,227 [WARNING] [ACTIVE] TIE heartbeat lost > 30s. Taking over trailing...
2026-08-12 21:22:19,316 [WARNING] [ACTIVE] TIE heartbeat lost > 30s. Taking over trailing...
2026-08-12 21:22:24,418 [WARNING] [ACTIVE] TIE heartbeat lost > 30s. Taking over trailing...
2026-08-12 21:22:29,513 [WARNING] [ACTIVE] TIE heartbeat lost > 30s. Taking over trailing...
2026-08-12 21:22:34,607 [WARNING] [ACTIVE] TIE heartbeat lost > 30s. Taking over trailing...
2026-08-12 21:22:39,684 [WARNING] [ACTIVE] TIE heartbeat lost > 30s. Taking over trailing...
2026-08-12 21:22:44,782 [WARNING] [ACTIVE] TIE heartbeat lost > 30s. Taking over trailing...
2026-08-12 21:22:49,868 [WARNING] [ACTIVE] TIE heartbeat lost > 30s. Taking over trailing...
2026-08-12 21:22:54,986 [WARNING] [ACTIVE] TIE heartbeat lost > 30s. Taking over trailing...
2026-08-12 21:23:00,094 [WARNING] [ACTIVE] TIE heartbeat lost > 30s. Taking over trailing...
2026-08-12 21:23:05,202 [WARNING] [ACTIVE] TIE heartbeat lost > 30s. Taking over trailing...
2026-08-12 21:23:10,283 [WARNING] [ACTIVE] TIE heartbeat lost > 30s. Taking over trailing...
2026-08-12 21:23:15,379 [WARNING] [ACTIVE] TIE heartbeat lost > 30s. Taking over trailing...
2026-08-12 21:23:20,479 [WARNING] [ACTIVE] TIE heartbeat lost > 30s. Taking over trailing...
2026-08-12 21:23:25,567 [WARNING] [ACTIVE] TIE heartbeat lost > 30s. Taking over trailing...
2026-08-12 21:23:30,665 [WARNING] [ACTIVE] TIE heartbeat lost > 30s. Taking over trailing...
2026-08-12 21:23:35,747 [WARNING] [ACTIVE] TIE heartbeat lost > 30s. Taking over trailing...
2026-08-12 21:23:40,849 [WARNING] [ACTIVE] TIE heartbeat lost > 30s. Taking over trailing...
2026-08-12 21:23:45,959 [WARNING] [ACTIVE] TIE heartbeat lost > 30s. Taking over trailing...
2026-08-12 21:23:51,065 [WARNING] [ACTIVE] TIE heartbeat lost > 30s. Taking over trailing...
2026-08-12 21:23:56,178 [WARNING] [ACTIVE] TIE heartbeat lost > 30s. Taking over trailing...
2026-08-12 21:24:01,419 [WARNING] [ACTIVE] TIE heartbeat lost > 30s. Taking over trailing...
2026-08-12 21:24:06,553 [WARNING] [ACTIVE] TIE heartbeat lost > 30s. Taking over trailing...
2026-08-12 21:24:11,636 [WARNING] [ACTIVE] TIE heartbeat lost > 30s. Taking over trailing...
2026-08-12 21:24:16,731 [WARNING] [ACTIVE] TIE heartbeat lost > 30s. Taking over trailing...
2026-08-12 21:24:21,884 [WARNING] [ACTIVE] TIE heartbeat lost > 30s. Taking over trailing...
2026-08-12 21:24:26,972 [WARNING] [ACTIVE] TIE heartbeat lost > 30s. Taking over trailing...
2026-08-12 21:24:32,150 [WARNING] [ACTIVE] TIE heartbeat lost > 30s. Taking over trailing...
2026-08-12 21:24:37,300 [WARNING] [ACTIVE] TIE heartbeat lost > 30s. Taking over trailing...
2026-08-12 21:24:42,387 [WARNING] [ACTIVE] TIE heartbeat lost > 30s. Taking over trailing...
2026-08-12 21:24:47,501 [WARNING] [ACTIVE] TIE heartbeat lost > 30s. Taking over trailing...
2026-08-12 21:24:52,618 [WARNING] [ACTIVE] TIE heartbeat lost > 30s. Taking over trailing...
2026-08-12 21:24:57,705 [WARNING] [ACTIVE] TIE heartbeat lost > 30s. Taking over trailing...
2026-08-12 21:25:02,816 [WARNING] [ACTIVE] TIE heartbeat lost > 30s. Taking over trailing...
2026-08-12 21:25:07,920 [WARNING] [ACTIVE] TIE heartbeat lost > 30s. Taking over trailing...
2026-08-12 21:25:13,033 [WARNING] [ACTIVE] TIE heartbeat lost > 30s. Taking over trailing...
2026-08-12 21:25:18,156 [WARNING] [ACTIVE] TIE heartbeat lost > 30s. Taking over trailing...
2026-08-12 21:25:23,256 [WARNING] [ACTIVE] TIE heartbeat lost > 30s. Taking over trailing...
2026-08-12 21:25:28,349 [WARNING] [ACTIVE] TIE heartbeat lost > 30s. Taking over trailing...
2026-08-12 21:25:33,467 [WARNING] [ACTIVE] TIE heartbeat lost > 30s. Taking over trailing...
2026-08-12 21:25:38,548 [WARNING] [ACTIVE] TIE heartbeat lost > 30s. Taking over trailing...
2026-08-12 21:25:43,622 [WARNING] [ACTIVE] TIE heartbeat lost > 30s. Taking over trailing...
2026-08-12 21:25:48,738 [WARNING] [ACTIVE] TIE heartbeat lost > 30s. Taking over trailing...
2026-08-12 21:25:53,890 [WARNING] [ACTIVE] TIE heartbeat lost > 30s. Taking over trailing...
2026-08-12 21:25:59,087 [WARNING] [ACTIVE] TIE heartbeat lost > 30s. Taking over trailing...
2026-08-12 21:26:04,177 [WARNING] [ACTIVE] TIE heartbeat lost > 30s. Taking over trailing...
2026-08-12 21:26:09,260 [WARNING] [ACTIVE] TIE heartbeat lost > 30s. Taking over trailing...
2026-08-12 21:26:14,355 [WARNING] [ACTIVE] TIE heartbeat lost > 30s. Taking over trailing...
2026-08-12 21:26:19,439 [WARNING] [ACTIVE] TIE heartbeat lost > 30s. Taking over trailing...
2026-08-12 21:26:24,528 [WARNING] [ACTIVE] TIE heartbeat lost > 30s. Taking over trailing...
2026-08-12 21:26:29,627 [WARNING] [ACTIVE] TIE heartbeat lost > 30s. Taking over trailing...
2026-08-12 21:26:34,721 [WARNING] [ACTIVE] TIE heartbeat lost > 30s. Taking over trailing...
2026-08-12 21:26:39,815 [WARNING] [ACTIVE] TIE heartbeat lost > 30s. Taking over trailing...
2026-08-12 21:26:44,941 [WARNING] [ACTIVE] TIE heartbeat lost > 30s. Taking over trailing...
2026-08-12 21:26:50,041 [WARNING] [ACTIVE] TIE heartbeat lost > 30s. Taking over trailing...
2026-08-12 21:26:55,189 [WARNING] [ACTIVE] TIE heartbeat lost > 30s. Taking over trailing...
2026-08-12 21:27:00,303 [WARNING] [ACTIVE] TIE heartbeat lost > 30s. Taking over trailing...
2026-08-12 21:27:05,400 [WARNING] [ACTIVE] TIE heartbeat lost > 30s. Taking over trailing...
2026-08-12 21:27:10,472 [WARNING] [ACTIVE] TIE heartbeat lost > 30s. Taking over trailing...
2026-08-12 21:27:15,566 [WARNING] [ACTIVE] TIE heartbeat lost > 30s. Taking over trailing...
2026-08-12 21:27:20,643 [WARNING] [ACTIVE] TIE heartbeat lost > 30s. Taking over trailing...
2026-08-12 21:27:25,828 [WARNING] [ACTIVE] TIE heartbeat lost > 30s. Taking over trailing...
2026-08-12 21:27:30,916 [WARNING] [ACTIVE] TIE heartbeat lost > 30s. Taking over trailing...
2026-08-12 21:27:36,055 [WARNING] [ACTIVE] TIE heartbeat lost > 30s. Taking over trailing...
2026-08-12 21:27:41,204 [WARNING] [ACTIVE] TIE heartbeat lost > 30s. Taking over trailing...
2026-08-12 21:27:46,297 [WARNING] [ACTIVE] TIE heartbeat lost > 30s. Taking over trailing...
2026-08-12 21:27:51,388 [WARNING] [ACTIVE] TIE heartbeat lost > 30s. Taking over trailing...
2026-08-12 21:27:56,553 [WARNING] [ACTIVE] TIE heartbeat lost > 30s. Taking over trailing...
2026-08-12 21:28:01,711 [WARNING] [ACTIVE] TIE heartbeat lost > 30s. Taking over trailing...
2026-08-12 21:28:06,815 [WARNING] [ACTIVE] TIE heartbeat lost > 30s. Taking over trailing...
2026-08-12 21:28:11,973 [WARNING] [ACTIVE] TIE heartbeat lost > 30s. Taking over trailing...
2026-08-12 21:28:17,077 [WARNING] [ACTIVE] TIE heartbeat lost > 30s. Taking over trailing...
2026-08-12 21:28:22,174 [WARNING] [ACTIVE] TIE heartbeat lost > 30s. Taking over trailing...
2026-08-12 21:28:27,266 [WARNING] [ACTIVE] TIE heartbeat lost > 30s. Taking over trailing...
2026-08-12 21:28:32,362 [WARNING] [ACTIVE] TIE heartbeat lost > 30s. Taking over trailing...
2026-08-12 21:28:37,444 [WARNING] [ACTIVE] TIE heartbeat lost > 30s. Taking over trailing...
2026-08-12 21:28:42,534 [WARNING] [ACTIVE] TIE heartbeat lost > 30s. Taking over trailing...
2026-08-12 21:28:47,649 [WARNING] [ACTIVE] TIE heartbeat lost > 30s. Taking over trailing...
2026-08-12 21:28:52,784 [WARNING] [ACTIVE] TIE heartbeat lost > 30s. Taking over trailing...
2026-08-12 21:28:57,872 [WARNING] [ACTIVE] TIE heartbeat lost > 30s. Taking over trailing...
2026-08-12 21:29:02,975 [WARNING] [ACTIVE] TIE heartbeat lost > 30s. Taking over trailing...
2026-08-12 21:29:08,090 [WARNING] [ACTIVE] TIE heartbeat lost > 30s. Taking over trailing...
2026-08-12 21:29:13,223 [WARNING] [ACTIVE] TIE heartbeat lost > 30s. Taking over trailing...
2026-08-12 21:29:18,308 [WARNING] [ACTIVE] TIE heartbeat lost > 30s. Taking over trailing...
2026-08-12 21:29:23,426 [WARNING] [ACTIVE] TIE heartbeat lost > 30s. Taking over trailing...
2026-08-12 21:29:28,513 [WARNING] [ACTIVE] TIE heartbeat lost > 30s. Taking over trailing...
2026-08-12 21:29:33,617 [WARNING] [ACTIVE] TIE heartbeat lost > 30s. Taking over trailing...
2026-08-12 21:29:38,722 [WARNING] [ACTIVE] TIE heartbeat lost > 30s. Taking over trailing...
2026-08-12 21:29:43,824 [WARNING] [ACTIVE] TIE heartbeat lost > 30s. Taking over trailing...
2026-08-12 21:29:48,916 [WARNING] [ACTIVE] TIE heartbeat lost > 30s. Taking over trailing...
2026-08-12 21:29:54,000 [WARNING] [ACTIVE] TIE heartbeat lost > 30s. Taking over trailing...
2026-08-12 21:29:59,091 [WARNING] [ACTIVE] TIE heartbeat lost > 30s. Taking over trailing...
2026-08-12 21:30:04,174 [WARNING] [ACTIVE] TIE heartbeat lost > 30s. Taking over trailing...
2026-08-12 21:30:09,276 [WARNING] [ACTIVE] TIE heartbeat lost > 30s. Taking over trailing...
2026-08-12 21:30:14,386 [WARNING] [ACTIVE] TIE heartbeat lost > 30s. Taking over trailing...
2026-08-12 21:30:19,480 [WARNING] [ACTIVE] TIE heartbeat lost > 30s. Taking over trailing...
2026-08-12 21:30:24,585 [WARNING] [ACTIVE] TIE heartbeat lost > 30s. Taking over trailing...
2026-08-12 21:30:29,750 [WARNING] [ACTIVE] TIE heartbeat lost > 30s. Taking over trailing...
2026-08-12 21:30:34,896 [WARNING] [ACTIVE] TIE heartbeat lost > 30s. Taking over trailing...
2026-08-12 21:30:40,019 [WARNING] [ACTIVE] TIE heartbeat lost > 30s. Taking over trailing...
2026-08-12 21:30:45,116 [WARNING] [ACTIVE] TIE heartbeat lost > 30s. Taking over trailing...
2026-08-12 21:30:50,229 [WARNING] [ACTIVE] TIE heartbeat lost > 30s. Taking over trailing...
2026-08-12 21:30:55,319 [WARNING] [ACTIVE] TIE heartbeat lost > 30s. Taking over trailing...
2026-08-12 21:31:00,432 [WARNING] [ACTIVE] TIE heartbeat lost > 30s. Taking over trailing...
2026-08-12 21:31:05,522 [WARNING] [ACTIVE] TIE heartbeat lost > 30s. Taking over trailing...
2026-08-12 21:31:21,099 [WARNING] [ACTIVE] TIE heartbeat lost > 30s. Taking over trailing...
2026-08-12 21:31:26,181 [WARNING] [ACTIVE] TIE heartbeat lost > 30s. Taking over trailing...
2026-08-12 21:31:31,273 [WARNING] [ACTIVE] TIE heartbeat lost > 30s. Taking over trailing...
2026-08-12 21:31:36,377 [WARNING] [ACTIVE] TIE heartbeat lost > 30s. Taking over trailing...
2026-08-12 21:31:41,482 [WARNING] [ACTIVE] TIE heartbeat lost > 30s. Taking over trailing...
2026-08-12 21:31:46,590 [WARNING] [ACTIVE] TIE heartbeat lost > 30s. Taking over trailing...
2026-08-12 21:31:51,719 [WARNING] [ACTIVE] TIE heartbeat lost > 30s. Taking over trailing...
2026-08-12 21:31:56,839 [WARNING] [ACTIVE] TIE heartbeat lost > 30s. Taking over trailing...
2026-08-12 21:32:01,959 [WARNING] [ACTIVE] TIE heartbeat lost > 30s. Taking over trailing...
2026-08-12 21:32:07,043 [WARNING] [ACTIVE] TIE heartbeat lost > 30s. Taking over trailing...
2026-08-12 21:32:12,146 [WARNING] [ACTIVE] TIE heartbeat lost > 30s. Taking over trailing...
2026-08-12 21:32:17,233 [WARNING] [ACTIVE] TIE heartbeat lost > 30s. Taking over trailing...
2026-08-12 21:32:22,327 [WARNING] [ACTIVE] TIE heartbeat lost > 30s. Taking over trailing...
2026-08-12 21:32:27,441 [WARNING] [ACTIVE] TIE heartbeat lost > 30s. Taking over trailing...
2026-08-12 21:32:32,620 [WARNING] [ACTIVE] TIE heartbeat lost > 30s. Taking over trailing...
2026-08-12 21:32:37,730 [WARNING] [ACTIVE] TIE heartbeat lost > 30s. Taking over trailing...
2026-08-12 21:32:42,818 [WARNING] [ACTIVE] TIE heartbeat lost > 30s. Taking over trailing...
2026-08-12 21:32:47,943 [WARNING] [ACTIVE] TIE heartbeat lost > 30s. Taking over trailing...
2026-08-12 21:32:53,056 [WARNING] [ACTIVE] TIE heartbeat lost > 30s. Taking over trailing...
2026-08-12 21:32:58,144 [WARNING] [ACTIVE] TIE heartbeat lost > 30s. Taking over trailing...
2026-08-12 21:33:03,234 [WARNING] [ACTIVE] TIE heartbeat lost > 30s. Taking over trailing...
2026-08-12 21:33:08,362 [WARNING] [ACTIVE] TIE heartbeat lost > 30s. Taking over trailing...
2026-08-12 21:33:13,448 [WARNING] [ACTIVE] TIE heartbeat lost > 30s. Taking over trailing...
2026-08-12 21:33:18,538 [WARNING] [ACTIVE] TIE heartbeat lost > 30s. Taking over trailing...
2026-08-12 21:33:23,627 [WARNING] [ACTIVE] TIE heartbeat lost > 30s. Taking over trailing...
2026-08-12 21:33:28,765 [WARNING] [ACTIVE] TIE heartbeat lost > 30s. Taking over trailing...
2026-08-12 21:33:33,864 [WARNING] [ACTIVE] TIE heartbeat lost > 30s. Taking over trailing...
2026-08-12 21:33:38,986 [WARNING] [ACTIVE] TIE heartbeat lost > 30s. Taking over trailing...
2026-08-12 21:33:44,111 [WARNING] [ACTIVE] TIE heartbeat lost > 30s. Taking over trailing...
2026-08-12 21:33:49,206 [WARNING] [ACTIVE] TIE heartbeat lost > 30s. Taking over trailing...
2026-08-12 21:33:54,321 [WARNING] [ACTIVE] TIE heartbeat lost > 30s. Taking over trailing...
2026-08-12 21:33:59,438 [WARNING] [ACTIVE] TIE heartbeat lost > 30s. Taking over trailing...
2026-08-12 21:34:04,576 [WARNING] [ACTIVE] TIE heartbeat lost > 30s. Taking over trailing...
2026-08-12 21:34:09,666 [WARNING] [ACTIVE] TIE heartbeat lost > 30s. Taking over trailing...
2026-08-12 21:34:14,759 [WARNING] [ACTIVE] TIE heartbeat lost > 30s. Taking over trailing...
2026-08-12 21:34:19,837 [WARNING] [ACTIVE] TIE heartbeat lost > 30s. Taking over trailing...
2026-08-12 21:34:24,985 [WARNING] [ACTIVE] TIE heartbeat lost > 30s. Taking over trailing...
2026-08-12 21:34:30,091 [WARNING] [ACTIVE] TIE heartbeat lost > 30s. Taking over trailing...
2026-08-12 21:34:35,180 [WARNING] [ACTIVE] TIE heartbeat lost > 30s. Taking over trailing...
2026-08-12 21:34:40,308 [WARNING] [ACTIVE] TIE heartbeat lost > 30s. Taking over trailing...
2026-08-12 21:34:45,554 [WARNING] [ACTIVE] TIE heartbeat lost > 30s. Taking over trailing...
2026-08-12 21:34:45,555 [INFO] [3627534367] BE lock $1.5 → SL 4425.37 | profit $4.40
2026-08-12 21:34:45,670 [INFO] [3627534367] MODIFIED SL → 4425.37
2026-08-12 21:34:45,670 [INFO] [3627534472] BE lock $1.5 → SL 4425.22 | profit $4.25
2026-08-12 21:34:45,781 [INFO] [3627534472] MODIFIED SL → 4425.22
2026-08-12 21:34:45,781 [INFO] [3627551030] BE lock $1.5 → SL 4425.36 | profit $4.39
2026-08-12 21:34:45,875 [INFO] [3627551030] MODIFIED SL → 4425.36
2026-08-12 21:34:50,995 [WARNING] [ACTIVE] TIE heartbeat lost > 30s. Taking over trailing...
2026-08-12 21:34:56,128 [WARNING] [ACTIVE] TIE heartbeat lost > 30s. Taking over trailing...
2026-08-12 21:34:56,129 [INFO] [3627534367] Trail: profit $5.28 peak $5.28 locked $2.78 → SL 4424.09
2026-08-12 21:34:56,967 [INFO] [3627534367] MODIFIED SL → 4424.09
2026-08-12 21:34:56,967 [INFO] [3627534472] Trail: profit $5.13 peak $5.13 locked $2.63 → SL 4424.09
2026-08-12 21:34:57,695 [INFO] [3627534472] MODIFIED SL → 4424.09
2026-08-12 21:34:57,695 [INFO] [3627551030] Trail: profit $5.27 peak $5.27 locked $2.77 → SL 4424.09
2026-08-12 21:34:58,364 [INFO] [3627551030] MODIFIED SL → 4424.09
2026-08-12 21:35:03,455 [WARNING] [ACTIVE] TIE heartbeat lost > 30s. Taking over trailing...
2026-08-12 21:35:08,600 [WARNING] [ACTIVE] TIE heartbeat lost > 30s. Taking over trailing...
2026-08-12 21:35:08,600 [INFO] [3627521048] Trail: profit $5.49 peak $5.49 locked $2.99 → SL 4420.12
2026-08-12 21:35:09,309 [INFO] [3627521048] MODIFIED SL → 4420.12
2026-08-12 21:35:09,309 [INFO] [3627534367] Trail: profit $9.25 peak $9.25 locked $6.75 → SL 4420.12
2026-08-12 21:35:10,027 [INFO] [3627534367] MODIFIED SL → 4420.12
2026-08-12 21:35:10,028 [INFO] [3627534472] Trail: profit $9.10 peak $9.10 locked $6.60 → SL 4420.12
2026-08-12 21:35:11,434 [INFO] [3627534472] MODIFIED SL → 4420.12
2026-08-12 21:35:11,434 [INFO] [3627551030] Trail: profit $9.24 peak $9.24 locked $6.74 → SL 4420.12
2026-08-12 21:35:13,629 [INFO] [3627551030] MODIFIED SL → 4420.12
2026-08-12 21:35:18,727 [WARNING] [ACTIVE] TIE heartbeat lost > 30s. Taking over trailing...
2026-08-12 21:35:23,834 [WARNING] [ACTIVE] TIE heartbeat lost > 30s. Taking over trailing...
2026-08-12 21:35:29,223 [WARNING] [ACTIVE] TIE heartbeat lost > 30s. Taking over trailing...
2026-08-12 21:35:29,223 [INFO] [3627534472] Trail: profit $9.47 peak $9.47 locked $6.97 → SL 4419.75
2026-08-12 21:35:30,694 [INFO] [3627534472] MODIFIED SL → 4419.75
2026-08-12 21:35:30,695 [INFO] [3627551030] Trail: profit $9.61 peak $9.61 locked $7.11 → SL 4419.75
2026-08-12 21:35:31,926 [INFO] [3627551030] MODIFIED SL → 4419.75
2026-08-12 21:35:37,376 [WARNING] [ACTIVE] TIE heartbeat lost > 30s. Taking over trailing...
2026-08-12 21:35:42,466 [WARNING] [ACTIVE] TIE heartbeat lost > 30s. Taking over trailing...
2026-08-12 21:35:47,587 [WARNING] [ACTIVE] TIE heartbeat lost > 30s. Taking over trailing...
2026-08-12 21:35:52,666 [WARNING] [ACTIVE] TIE heartbeat lost > 30s. Taking over trailing...
2026-08-12 21:35:57,747 [WARNING] [ACTIVE] TIE heartbeat lost > 30s. Taking over trailing...
2026-08-12 21:36:02,860 [WARNING] [ACTIVE] TIE heartbeat lost > 30s. Taking over trailing...
2026-08-12 21:36:07,971 [WARNING] [ACTIVE] TIE heartbeat lost > 30s. Taking over trailing...
2026-08-12 21:36:13,058 [WARNING] [ACTIVE] TIE heartbeat lost > 30s. Taking over trailing...
2026-08-12 21:36:18,170 [WARNING] [ACTIVE] TIE heartbeat lost > 30s. Taking over trailing...
2026-08-12 21:36:23,265 [WARNING] [ACTIVE] TIE heartbeat lost > 30s. Taking over trailing...
2026-08-12 21:36:28,364 [WARNING] [ACTIVE] TIE heartbeat lost > 30s. Taking over trailing...
2026-08-12 21:36:33,474 [WARNING] [ACTIVE] TIE heartbeat lost > 30s. Taking over trailing...
2026-08-12 21:36:38,589 [WARNING] [ACTIVE] TIE heartbeat lost > 30s. Taking over trailing...
2026-08-12 21:36:43,811 [WARNING] [ACTIVE] TIE heartbeat lost > 30s. Taking over trailing...
2026-08-12 21:36:48,931 [WARNING] [ACTIVE] TIE heartbeat lost > 30s. Taking over trailing...
2026-08-12 21:36:54,016 [WARNING] [ACTIVE] TIE heartbeat lost > 30s. Taking over trailing...
2026-08-12 21:36:59,098 [WARNING] [ACTIVE] TIE heartbeat lost > 30s. Taking over trailing...
2026-08-12 21:37:04,197 [WARNING] [ACTIVE] TIE heartbeat lost > 30s. Taking over trailing...
2026-08-12 21:37:09,280 [WARNING] [ACTIVE] TIE heartbeat lost > 30s. Taking over trailing...
2026-08-12 21:37:14,391 [WARNING] [ACTIVE] TIE heartbeat lost > 30s. Taking over trailing...
2026-08-12 21:37:19,481 [WARNING] [ACTIVE] TIE heartbeat lost > 30s. Taking over trailing...
2026-08-12 21:37:24,559 [WARNING] [ACTIVE] TIE heartbeat lost > 30s. Taking over trailing...
2026-08-12 21:37:29,650 [WARNING] [ACTIVE] TIE heartbeat lost > 30s. Taking over trailing...
2026-08-12 21:37:34,791 [WARNING] [ACTIVE] TIE heartbeat lost > 30s. Taking over trailing...
2026-08-12 21:37:39,939 [WARNING] [ACTIVE] TIE heartbeat lost > 30s. Taking over trailing...
2026-08-12 21:37:45,044 [WARNING] [ACTIVE] TIE heartbeat lost > 30s. Taking over trailing...
2026-08-12 21:37:50,147 [WARNING] [ACTIVE] TIE heartbeat lost > 30s. Taking over trailing...
2026-08-12 21:37:55,228 [WARNING] [ACTIVE] TIE heartbeat lost > 30s. Taking over trailing...
2026-08-12 21:38:00,300 [WARNING] [ACTIVE] TIE heartbeat lost > 30s. Taking over trailing...
2026-08-12 21:38:05,393 [WARNING] [ACTIVE] TIE heartbeat lost > 30s. Taking over trailing...
2026-08-12 21:38:10,495 [WARNING] [ACTIVE] TIE heartbeat lost > 30s. Taking over trailing...
2026-08-12 21:38:15,570 [WARNING] [ACTIVE] TIE heartbeat lost > 30s. Taking over trailing...
2026-08-12 21:38:20,637 [WARNING] [ACTIVE] TIE heartbeat lost > 30s. Taking over trailing...
2026-08-12 21:38:25,780 [WARNING] [ACTIVE] TIE heartbeat lost > 30s. Taking over trailing...
2026-08-12 21:38:30,861 [WARNING] [ACTIVE] TIE heartbeat lost > 30s. Taking over trailing...
2026-08-12 21:38:35,955 [WARNING] [ACTIVE] TIE heartbeat lost > 30s. Taking over trailing...
2026-08-12 21:38:41,057 [WARNING] [ACTIVE] TIE heartbeat lost > 30s. Taking over trailing...
2026-08-12 21:38:46,390 [WARNING] [ACTIVE] TIE heartbeat lost > 30s. Taking over trailing...
2026-08-12 21:38:51,480 [WARNING] [ACTIVE] TIE heartbeat lost > 30s. Taking over trailing...
2026-08-12 21:38:56,583 [WARNING] [ACTIVE] TIE heartbeat lost > 30s. Taking over trailing...
2026-08-12 21:39:01,672 [WARNING] [ACTIVE] TIE heartbeat lost > 30s. Taking over trailing...
2026-08-12 21:39:06,763 [WARNING] [ACTIVE] TIE heartbeat lost > 30s. Taking over trailing...
2026-08-12 21:39:11,880 [WARNING] [ACTIVE] TIE heartbeat lost > 30s. Taking over trailing...
2026-08-12 21:39:16,966 [WARNING] [ACTIVE] TIE heartbeat lost > 30s. Taking over trailing...
2026-08-12 21:39:22,057 [WARNING] [ACTIVE] TIE heartbeat lost > 30s. Taking over trailing...
2026-08-12 21:39:27,196 [WARNING] [ACTIVE] TIE heartbeat lost > 30s. Taking over trailing...
2026-08-12 21:39:27,196 [INFO] [3627588887] BE lock $1.5 → SL 4418.60 | profit $3.17
2026-08-12 21:39:27,324 [INFO] [3627588887] MODIFIED SL → 4418.6
2026-08-12 21:39:32,405 [WARNING] [ACTIVE] TIE heartbeat lost > 30s. Taking over trailing...
2026-08-12 21:39:37,520 [WARNING] [ACTIVE] TIE heartbeat lost > 30s. Taking over trailing...
2026-08-12 21:39:42,662 [WARNING] [ACTIVE] TIE heartbeat lost > 30s. Taking over trailing...
2026-08-12 21:39:47,761 [WARNING] [ACTIVE] TIE heartbeat lost > 30s. Taking over trailing...
2026-08-12 21:39:52,866 [WARNING] [ACTIVE] TIE heartbeat lost > 30s. Taking over trailing...
2026-08-12 21:39:57,974 [WARNING] [ACTIVE] TIE heartbeat lost > 30s. Taking over trailing...
2026-08-12 21:40:03,064 [WARNING] [ACTIVE] TIE heartbeat lost > 30s. Taking over trailing...
2026-08-12 21:40:08,163 [WARNING] [ACTIVE] TIE heartbeat lost > 30s. Taking over trailing...
2026-08-12 21:40:13,236 [WARNING] [ACTIVE] TIE heartbeat lost > 30s. Taking over trailing...
2026-08-12 21:40:18,344 [WARNING] [ACTIVE] TIE heartbeat lost > 30s. Taking over trailing...
2026-08-12 21:40:23,458 [WARNING] [ACTIVE] TIE heartbeat lost > 30s. Taking over trailing...
2026-08-12 21:40:28,547 [WARNING] [ACTIVE] TIE heartbeat lost > 30s. Taking over trailing...
2026-08-12 21:40:33,685 [WARNING] [ACTIVE] TIE heartbeat lost > 30s. Taking over trailing...
2026-08-12 21:40:38,756 [WARNING] [ACTIVE] TIE heartbeat lost > 30s. Taking over trailing...
2026-08-12 21:40:43,888 [WARNING] [ACTIVE] TIE heartbeat lost > 30s. Taking over trailing...
2026-08-12 21:40:48,991 [WARNING] [ACTIVE] TIE heartbeat lost > 30s. Taking over trailing...
2026-08-12 21:40:54,077 [WARNING] [ACTIVE] TIE heartbeat lost > 30s. Taking over trailing...
2026-08-12 21:40:59,161 [WARNING] [ACTIVE] TIE heartbeat lost > 30s. Taking over trailing...
2026-08-12 21:41:04,270 [WARNING] [ACTIVE] TIE heartbeat lost > 30s. Taking over trailing...
2026-08-12 21:41:09,371 [WARNING] [ACTIVE] TIE heartbeat lost > 30s. Taking over trailing...
2026-08-12 21:41:14,458 [WARNING] [ACTIVE] TIE heartbeat lost > 30s. Taking over trailing...
2026-08-12 21:41:19,559 [WARNING] [ACTIVE] TIE heartbeat lost > 30s. Taking over trailing...
2026-08-12 21:41:24,649 [WARNING] [ACTIVE] TIE heartbeat lost > 30s. Taking over trailing...
2026-08-12 21:41:29,751 [WARNING] [ACTIVE] TIE heartbeat lost > 30s. Taking over trailing...
2026-08-12 21:41:34,839 [WARNING] [ACTIVE] TIE heartbeat lost > 30s. Taking over trailing...
2026-08-12 21:41:39,942 [WARNING] [ACTIVE] TIE heartbeat lost > 30s. Taking over trailing...
2026-08-12 21:41:45,036 [WARNING] [ACTIVE] TIE heartbeat lost > 30s. Taking over trailing...
2026-08-12 21:41:50,133 [WARNING] [ACTIVE] TIE heartbeat lost > 30s. Taking over trailing...
2026-08-12 21:41:55,229 [WARNING] [ACTIVE] TIE heartbeat lost > 30s. Taking over trailing...
2026-08-12 21:42:00,333 [WARNING] [ACTIVE] TIE heartbeat lost > 30s. Taking over trailing...
2026-08-12 21:42:05,434 [WARNING] [ACTIVE] TIE heartbeat lost > 30s. Taking over trailing...
2026-08-12 21:42:10,578 [WARNING] [ACTIVE] TIE heartbeat lost > 30s. Taking over trailing...
2026-08-12 21:42:15,678 [WARNING] [ACTIVE] TIE heartbeat lost > 30s. Taking over trailing...
2026-08-12 21:42:20,809 [WARNING] [ACTIVE] TIE heartbeat lost > 30s. Taking over trailing...
2026-08-12 21:42:25,907 [WARNING] [ACTIVE] TIE heartbeat lost > 30s. Taking over trailing...
2026-08-12 21:42:31,020 [WARNING] [ACTIVE] TIE heartbeat lost > 30s. Taking over trailing...
2026-08-12 21:42:36,127 [WARNING] [ACTIVE] TIE heartbeat lost > 30s. Taking over trailing...
2026-08-12 21:42:41,226 [WARNING] [ACTIVE] TIE heartbeat lost > 30s. Taking over trailing...
2026-08-12 21:42:46,308 [WARNING] [ACTIVE] TIE heartbeat lost > 30s. Taking over trailing...
2026-08-12 21:42:51,395 [WARNING] [ACTIVE] TIE heartbeat lost > 30s. Taking over trailing...
2026-08-12 21:42:56,486 [WARNING] [ACTIVE] TIE heartbeat lost > 30s. Taking over trailing...
2026-08-12 21:43:01,570 [WARNING] [ACTIVE] TIE heartbeat lost > 30s. Taking over trailing...
2026-08-12 21:43:06,700 [WARNING] [ACTIVE] TIE heartbeat lost > 30s. Taking over trailing...
2026-08-12 21:43:11,799 [WARNING] [ACTIVE] TIE heartbeat lost > 30s. Taking over trailing...
2026-08-12 21:43:16,890 [WARNING] [ACTIVE] TIE heartbeat lost > 30s. Taking over trailing...
2026-08-12 21:43:21,997 [WARNING] [ACTIVE] TIE heartbeat lost > 30s. Taking over trailing...
2026-08-12 21:43:27,070 [WARNING] [ACTIVE] TIE heartbeat lost > 30s. Taking over trailing...
2026-08-12 21:43:32,171 [WARNING] [ACTIVE] TIE heartbeat lost > 30s. Taking over trailing...
2026-08-12 21:43:37,263 [WARNING] [ACTIVE] TIE heartbeat lost > 30s. Taking over trailing...
2026-08-12 21:43:42,388 [WARNING] [ACTIVE] TIE heartbeat lost > 30s. Taking over trailing...
2026-08-12 21:43:47,480 [WARNING] [ACTIVE] TIE heartbeat lost > 30s. Taking over trailing...
2026-08-12 21:43:52,621 [WARNING] [ACTIVE] TIE heartbeat lost > 30s. Taking over trailing...
2026-08-12 21:43:57,718 [WARNING] [ACTIVE] TIE heartbeat lost > 30s. Taking over trailing...
2026-08-12 21:44:02,813 [WARNING] [ACTIVE] TIE heartbeat lost > 30s. Taking over trailing...
2026-08-12 21:44:07,914 [WARNING] [ACTIVE] TIE heartbeat lost > 30s. Taking over trailing...
2026-08-12 21:44:13,095 [WARNING] [ACTIVE] TIE heartbeat lost > 30s. Taking over trailing...
2026-08-12 21:44:18,198 [WARNING] [ACTIVE] TIE heartbeat lost > 30s. Taking over trailing...
2026-08-12 21:44:23,301 [WARNING] [ACTIVE] TIE heartbeat lost > 30s. Taking over trailing...
2026-08-12 21:44:28,383 [WARNING] [ACTIVE] TIE heartbeat lost > 30s. Taking over trailing...
2026-08-12 21:44:33,489 [WARNING] [ACTIVE] TIE heartbeat lost > 30s. Taking over trailing...
2026-08-12 21:44:38,578 [WARNING] [ACTIVE] TIE heartbeat lost > 30s. Taking over trailing...
2026-08-12 21:44:43,679 [WARNING] [ACTIVE] TIE heartbeat lost > 30s. Taking over trailing...
2026-08-12 21:44:48,767 [WARNING] [ACTIVE] TIE heartbeat lost > 30s. Taking over trailing...
2026-08-12 21:44:53,878 [WARNING] [ACTIVE] TIE heartbeat lost > 30s. Taking over trailing...
2026-08-12 21:44:58,975 [WARNING] [ACTIVE] TIE heartbeat lost > 30s. Taking over trailing...
2026-08-12 21:45:04,051 [WARNING] [ACTIVE] TIE heartbeat lost > 30s. Taking over trailing...
2026-08-12 21:45:09,153 [WARNING] [ACTIVE] TIE heartbeat lost > 30s. Taking over trailing...
2026-08-12 21:45:14,233 [WARNING] [ACTIVE] TIE heartbeat lost > 30s. Taking over trailing...
2026-08-12 21:45:19,362 [WARNING] [ACTIVE] TIE heartbeat lost > 30s. Taking over trailing...
2026-08-12 21:45:24,452 [WARNING] [ACTIVE] TIE heartbeat lost > 30s. Taking over trailing...
2026-08-12 21:45:29,576 [WARNING] [ACTIVE] TIE heartbeat lost > 30s. Taking over trailing...
2026-08-12 21:45:34,676 [WARNING] [ACTIVE] TIE heartbeat lost > 30s. Taking over trailing...
2026-08-12 21:45:39,774 [WARNING] [ACTIVE] TIE heartbeat lost > 30s. Taking over trailing...
2026-08-12 21:45:44,891 [WARNING] [ACTIVE] TIE heartbeat lost > 30s. Taking over trailing...
2026-08-12 21:45:49,977 [WARNING] [ACTIVE] TIE heartbeat lost > 30s. Taking over trailing...
2026-08-12 21:45:55,117 [WARNING] [ACTIVE] TIE heartbeat lost > 30s. Taking over trailing...
2026-08-12 21:46:00,209 [WARNING] [ACTIVE] TIE heartbeat lost > 30s. Taking over trailing...
2026-08-12 21:46:05,308 [WARNING] [ACTIVE] TIE heartbeat lost > 30s. Taking over trailing...
2026-08-12 21:46:10,406 [WARNING] [ACTIVE] TIE heartbeat lost > 30s. Taking over trailing...
2026-08-12 21:46:15,497 [WARNING] [ACTIVE] TIE heartbeat lost > 30s. Taking over trailing...
2026-08-12 21:46:20,593 [WARNING] [ACTIVE] TIE heartbeat lost > 30s. Taking over trailing...
2026-08-12 21:46:25,676 [WARNING] [ACTIVE] TIE heartbeat lost > 30s. Taking over trailing...
2026-08-12 21:46:30,788 [WARNING] [ACTIVE] TIE heartbeat lost > 30s. Taking over trailing...
2026-08-12 21:46:35,871 [WARNING] [ACTIVE] TIE heartbeat lost > 30s. Taking over trailing...
2026-08-12 21:46:41,102 [WARNING] [ACTIVE] TIE heartbeat lost > 30s. Taking over trailing...
2026-08-12 21:46:46,201 [WARNING] [ACTIVE] TIE heartbeat lost > 30s. Taking over trailing...
2026-08-12 21:46:51,286 [WARNING] [ACTIVE] TIE heartbeat lost > 30s. Taking over trailing...
2026-08-12 21:46:56,422 [WARNING] [ACTIVE] TIE heartbeat lost > 30s. Taking over trailing...
2026-08-12 21:47:01,541 [WARNING] [ACTIVE] TIE heartbeat lost > 30s. Taking over trailing...
2026-08-12 21:47:06,650 [WARNING] [ACTIVE] TIE heartbeat lost > 30s. Taking over trailing...
2026-08-12 21:47:11,741 [WARNING] [ACTIVE] TIE heartbeat lost > 30s. Taking over trailing...
2026-08-12 21:47:16,857 [WARNING] [ACTIVE] TIE heartbeat lost > 30s. Taking over trailing...
2026-08-12 21:47:21,960 [WARNING] [ACTIVE] TIE heartbeat lost > 30s. Taking over trailing...
2026-08-12 21:47:27,087 [WARNING] [ACTIVE] TIE heartbeat lost > 30s. Taking over trailing...
2026-08-12 21:47:32,162 [WARNING] [ACTIVE] TIE heartbeat lost > 30s. Taking over trailing...
2026-08-12 21:47:37,249 [WARNING] [ACTIVE] TIE heartbeat lost > 30s. Taking over trailing...
2026-08-12 21:47:42,343 [WARNING] [ACTIVE] TIE heartbeat lost > 30s. Taking over trailing...
2026-08-12 21:47:47,430 [WARNING] [ACTIVE] TIE heartbeat lost > 30s. Taking over trailing...
2026-08-12 21:47:52,539 [WARNING] [ACTIVE] TIE heartbeat lost > 30s. Taking over trailing...
2026-08-12 21:47:57,628 [WARNING] [ACTIVE] TIE heartbeat lost > 30s. Taking over trailing...
2026-08-12 21:48:03,066 [WARNING] [ACTIVE] TIE heartbeat lost > 30s. Taking over trailing...
2026-08-12 21:48:08,151 [WARNING] [ACTIVE] TIE heartbeat lost > 30s. Taking over trailing...
2026-08-12 21:48:13,267 [WARNING] [ACTIVE] TIE heartbeat lost > 30s. Taking over trailing...
2026-08-12 21:48:18,356 [WARNING] [ACTIVE] TIE heartbeat lost > 30s. Taking over trailing...
2026-08-12 21:48:23,655 [WARNING] [ACTIVE] TIE heartbeat lost > 30s. Taking over trailing...
2026-08-12 21:48:28,735 [WARNING] [ACTIVE] TIE heartbeat lost > 30s. Taking over trailing...
2026-08-12 21:48:33,837 [WARNING] [ACTIVE] TIE heartbeat lost > 30s. Taking over trailing...
2026-08-12 21:48:38,952 [WARNING] [ACTIVE] TIE heartbeat lost > 30s. Taking over trailing...
2026-08-12 21:48:44,059 [WARNING] [ACTIVE] TIE heartbeat lost > 30s. Taking over trailing...
2026-08-12 21:48:49,160 [WARNING] [ACTIVE] TIE heartbeat lost > 30s. Taking over trailing...
2026-08-12 21:48:54,244 [WARNING] [ACTIVE] TIE heartbeat lost > 30s. Taking over trailing...
2026-08-12 21:48:59,392 [WARNING] [ACTIVE] TIE heartbeat lost > 30s. Taking over trailing...
2026-08-12 21:49:04,478 [WARNING] [ACTIVE] TIE heartbeat lost > 30s. Taking over trailing...
2026-08-12 21:49:09,563 [WARNING] [ACTIVE] TIE heartbeat lost > 30s. Taking over trailing...
2026-08-12 21:49:14,637 [WARNING] [ACTIVE] TIE heartbeat lost > 30s. Taking over trailing...
2026-08-12 21:49:19,761 [WARNING] [ACTIVE] TIE heartbeat lost > 30s. Taking over trailing...
2026-08-12 21:49:24,884 [WARNING] [ACTIVE] TIE heartbeat lost > 30s. Taking over trailing...
2026-08-12 21:49:29,987 [WARNING] [ACTIVE] TIE heartbeat lost > 30s. Taking over trailing...
2026-08-12 21:49:35,067 [WARNING] [ACTIVE] TIE heartbeat lost > 30s. Taking over trailing...
2026-08-12 21:49:40,149 [WARNING] [ACTIVE] TIE heartbeat lost > 30s. Taking over trailing...
2026-08-12 21:49:45,244 [WARNING] [ACTIVE] TIE heartbeat lost > 30s. Taking over trailing...
2026-08-12 21:49:50,392 [WARNING] [ACTIVE] TIE heartbeat lost > 30s. Taking over trailing...
2026-08-12 21:49:55,473 [WARNING] [ACTIVE] TIE heartbeat lost > 30s. Taking over trailing...
2026-08-12 21:50:00,606 [WARNING] [ACTIVE] TIE heartbeat lost > 30s. Taking over trailing...
2026-08-12 21:50:05,706 [WARNING] [ACTIVE] TIE heartbeat lost > 30s. Taking over trailing...
2026-08-12 21:50:10,806 [WARNING] [ACTIVE] TIE heartbeat lost > 30s. Taking over trailing...
2026-08-12 21:50:15,924 [WARNING] [ACTIVE] TIE heartbeat lost > 30s. Taking over trailing...
2026-08-12 21:50:21,035 [WARNING] [ACTIVE] TIE heartbeat lost > 30s. Taking over trailing...
2026-08-12 21:50:26,175 [WARNING] [ACTIVE] TIE heartbeat lost > 30s. Taking over trailing...
2026-08-12 21:50:31,269 [WARNING] [ACTIVE] TIE heartbeat lost > 30s. Taking over trailing...
2026-08-12 21:50:36,356 [WARNING] [ACTIVE] TIE heartbeat lost > 30s. Taking over trailing...
2026-08-12 21:50:41,456 [WARNING] [ACTIVE] TIE heartbeat lost > 30s. Taking over trailing...
2026-08-12 21:50:46,594 [WARNING] [ACTIVE] TIE heartbeat lost > 30s. Taking over trailing...
2026-08-12 21:50:51,737 [WARNING] [ACTIVE] TIE heartbeat lost > 30s. Taking over trailing...
2026-08-12 21:50:56,826 [WARNING] [ACTIVE] TIE heartbeat lost > 30s. Taking over trailing...
2026-08-12 21:51:01,905 [WARNING] [ACTIVE] TIE heartbeat lost > 30s. Taking over trailing...
2026-08-12 21:51:07,044 [WARNING] [ACTIVE] TIE heartbeat lost > 30s. Taking over trailing...
2026-08-12 21:51:12,273 [WARNING] [ACTIVE] TIE heartbeat lost > 30s. Taking over trailing...
2026-08-12 21:51:17,361 [WARNING] [ACTIVE] TIE heartbeat lost > 30s. Taking over trailing...
2026-08-12 21:51:22,460 [WARNING] [ACTIVE] TIE heartbeat lost > 30s. Taking over trailing...
2026-08-12 21:51:27,564 [WARNING] [ACTIVE] TIE heartbeat lost > 30s. Taking over trailing...
2026-08-12 21:51:32,655 [WARNING] [ACTIVE] TIE heartbeat lost > 30s. Taking over trailing...
2026-08-12 21:51:37,739 [WARNING] [ACTIVE] TIE heartbeat lost > 30s. Taking over trailing...
2026-08-12 21:51:42,835 [WARNING] [ACTIVE] TIE heartbeat lost > 30s. Taking over trailing...
2026-08-12 21:51:47,915 [WARNING] [ACTIVE] TIE heartbeat lost > 30s. Taking over trailing...
2026-08-12 21:51:52,997 [WARNING] [ACTIVE] TIE heartbeat lost > 30s. Taking over trailing...
2026-08-12 21:51:58,096 [WARNING] [ACTIVE] TIE heartbeat lost > 30s. Taking over trailing...
2026-08-12 21:52:03,192 [WARNING] [ACTIVE] TIE heartbeat lost > 30s. Taking over trailing...
2026-08-12 21:52:08,302 [WARNING] [ACTIVE] TIE heartbeat lost > 30s. Taking over trailing...
2026-08-12 21:52:13,419 [WARNING] [ACTIVE] TIE heartbeat lost > 30s. Taking over trailing...
2026-08-12 21:52:18,513 [WARNING] [ACTIVE] TIE heartbeat lost > 30s. Taking over trailing...
2026-08-12 21:52:23,646 [WARNING] [ACTIVE] TIE heartbeat lost > 30s. Taking over trailing...
2026-08-12 21:52:28,728 [WARNING] [ACTIVE] TIE heartbeat lost > 30s. Taking over trailing...
2026-08-12 21:52:33,826 [WARNING] [ACTIVE] TIE heartbeat lost > 30s. Taking over trailing...
2026-08-12 21:52:38,927 [WARNING] [ACTIVE] TIE heartbeat lost > 30s. Taking over trailing...
2026-08-12 21:52:44,019 [WARNING] [ACTIVE] TIE heartbeat lost > 30s. Taking over trailing...
2026-08-12 21:52:49,113 [WARNING] [ACTIVE] TIE heartbeat lost > 30s. Taking over trailing...
2026-08-12 21:52:54,212 [WARNING] [ACTIVE] TIE heartbeat lost > 30s. Taking over trailing...
2026-08-12 21:52:59,299 [WARNING] [ACTIVE] TIE heartbeat lost > 30s. Taking over trailing...
2026-08-12 21:53:04,445 [WARNING] [ACTIVE] TIE heartbeat lost > 30s. Taking over trailing...
2026-08-12 21:53:09,542 [WARNING] [ACTIVE] TIE heartbeat lost > 30s. Taking over trailing...
2026-08-12 21:53:14,664 [WARNING] [ACTIVE] TIE heartbeat lost > 30s. Taking over trailing...
2026-08-12 21:53:19,774 [WARNING] [ACTIVE] TIE heartbeat lost > 30s. Taking over trailing...
2026-08-12 21:53:24,872 [WARNING] [ACTIVE] TIE heartbeat lost > 30s. Taking over trailing...
2026-08-12 21:53:29,959 [WARNING] [ACTIVE] TIE heartbeat lost > 30s. Taking over trailing...
2026-08-12 21:53:35,044 [WARNING] [ACTIVE] TIE heartbeat lost > 30s. Taking over trailing...
2026-08-12 21:53:40,193 [WARNING] [ACTIVE] TIE heartbeat lost > 30s. Taking over trailing...
2026-08-12 21:53:45,276 [WARNING] [ACTIVE] TIE heartbeat lost > 30s. Taking over trailing...
2026-08-12 21:53:50,403 [WARNING] [ACTIVE] TIE heartbeat lost > 30s. Taking over trailing...
2026-08-12 21:53:55,508 [WARNING] [ACTIVE] TIE heartbeat lost > 30s. Taking over trailing...
2026-08-12 21:54:00,598 [WARNING] [ACTIVE] TIE heartbeat lost > 30s. Taking over trailing...
2026-08-12 21:54:05,718 [WARNING] [ACTIVE] TIE heartbeat lost > 30s. Taking over trailing...
2026-08-12 21:54:10,808 [WARNING] [ACTIVE] TIE heartbeat lost > 30s. Taking over trailing...
2026-08-12 21:54:15,897 [WARNING] [ACTIVE] TIE heartbeat lost > 30s. Taking over trailing...
2026-08-12 21:54:21,053 [WARNING] [ACTIVE] TIE heartbeat lost > 30s. Taking over trailing...
2026-08-12 21:54:26,139 [WARNING] [ACTIVE] TIE heartbeat lost > 30s. Taking over trailing...
2026-08-12 21:54:31,232 [WARNING] [ACTIVE] TIE heartbeat lost > 30s. Taking over trailing...
2026-08-12 21:54:36,341 [WARNING] [ACTIVE] TIE heartbeat lost > 30s. Taking over trailing...
2026-08-12 21:54:41,480 [WARNING] [ACTIVE] TIE heartbeat lost > 30s. Taking over trailing...
2026-08-12 21:54:46,563 [WARNING] [ACTIVE] TIE heartbeat lost > 30s. Taking over trailing...
2026-08-12 21:54:51,696 [WARNING] [ACTIVE] TIE heartbeat lost > 30s. Taking over trailing...
2026-08-12 21:54:56,787 [WARNING] [ACTIVE] TIE heartbeat lost > 30s. Taking over trailing...
2026-08-12 21:55:01,894 [WARNING] [ACTIVE] TIE heartbeat lost > 30s. Taking over trailing...
2026-08-12 21:55:06,991 [WARNING] [ACTIVE] TIE heartbeat lost > 30s. Taking over trailing...
2026-08-12 21:55:12,111 [WARNING] [ACTIVE] TIE heartbeat lost > 30s. Taking over trailing...
2026-08-12 21:55:17,234 [WARNING] [ACTIVE] TIE heartbeat lost > 30s. Taking over trailing...
2026-08-12 21:55:22,346 [WARNING] [ACTIVE] TIE heartbeat lost > 30s. Taking over trailing...
2026-08-12 21:55:27,453 [WARNING] [ACTIVE] TIE heartbeat lost > 30s. Taking over trailing...
2026-08-12 21:55:32,548 [WARNING] [ACTIVE] TIE heartbeat lost > 30s. Taking over trailing...
2026-08-12 21:55:37,635 [WARNING] [ACTIVE] TIE heartbeat lost > 30s. Taking over trailing...
2026-08-12 21:55:42,737 [WARNING] [ACTIVE] TIE heartbeat lost > 30s. Taking over trailing...
2026-08-12 21:55:47,852 [WARNING] [ACTIVE] TIE heartbeat lost > 30s. Taking over trailing...
2026-08-12 21:55:52,950 [WARNING] [ACTIVE] TIE heartbeat lost > 30s. Taking over trailing...
2026-08-12 21:55:58,132 [WARNING] [ACTIVE] TIE heartbeat lost > 30s. Taking over trailing...
2026-08-12 21:56:03,238 [WARNING] [ACTIVE] TIE heartbeat lost > 30s. Taking over trailing...
2026-08-12 21:56:08,323 [WARNING] [ACTIVE] TIE heartbeat lost > 30s. Taking over trailing...
2026-08-12 21:56:13,411 [WARNING] [ACTIVE] TIE heartbeat lost > 30s. Taking over trailing...
2026-08-12 21:56:18,523 [WARNING] [ACTIVE] TIE heartbeat lost > 30s. Taking over trailing...
2026-08-12 21:56:23,622 [WARNING] [ACTIVE] TIE heartbeat lost > 30s. Taking over trailing...
2026-08-12 21:56:28,716 [WARNING] [ACTIVE] TIE heartbeat lost > 30s. Taking over trailing...
2026-08-12 21:56:33,839 [WARNING] [ACTIVE] TIE heartbeat lost > 30s. Taking over trailing...
2026-08-12 21:56:38,928 [WARNING] [ACTIVE] TIE heartbeat lost > 30s. Taking over trailing...
2026-08-12 21:56:44,030 [WARNING] [ACTIVE] TIE heartbeat lost > 30s. Taking over trailing...
2026-08-12 21:56:49,098 [WARNING] [ACTIVE] TIE heartbeat lost > 30s. Taking over trailing...
2026-08-12 21:56:54,203 [WARNING] [ACTIVE] TIE heartbeat lost > 30s. Taking over trailing...
2026-08-12 21:56:59,304 [WARNING] [ACTIVE] TIE heartbeat lost > 30s. Taking over trailing...
2026-08-12 21:57:04,419 [WARNING] [ACTIVE] TIE heartbeat lost > 30s. Taking over trailing...
2026-08-12 21:57:09,563 [WARNING] [ACTIVE] TIE heartbeat lost > 30s. Taking over trailing...
2026-08-12 21:57:14,662 [WARNING] [ACTIVE] TIE heartbeat lost > 30s. Taking over trailing...
2026-08-12 21:57:19,772 [WARNING] [ACTIVE] TIE heartbeat lost > 30s. Taking over trailing...
2026-08-12 21:57:24,861 [WARNING] [ACTIVE] TIE heartbeat lost > 30s. Taking over trailing...
2026-08-12 21:57:29,957 [WARNING] [ACTIVE] TIE heartbeat lost > 30s. Taking over trailing...
2026-08-12 21:57:35,051 [WARNING] [ACTIVE] TIE heartbeat lost > 30s. Taking over trailing...
2026-08-12 21:57:40,175 [WARNING] [ACTIVE] TIE heartbeat lost > 30s. Taking over trailing...
2026-08-12 21:57:45,266 [WARNING] [ACTIVE] TIE heartbeat lost > 30s. Taking over trailing...
2026-08-12 21:57:50,348 [WARNING] [ACTIVE] TIE heartbeat lost > 30s. Taking over trailing...
2026-08-12 21:57:55,450 [WARNING] [ACTIVE] TIE heartbeat lost > 30s. Taking over trailing...
2026-08-12 21:58:00,581 [WARNING] [ACTIVE] TIE heartbeat lost > 30s. Taking over trailing...
2026-08-12 21:58:05,676 [WARNING] [ACTIVE] TIE heartbeat lost > 30s. Taking over trailing...
2026-08-12 21:58:10,767 [WARNING] [ACTIVE] TIE heartbeat lost > 30s. Taking over trailing...
2026-08-12 21:58:15,871 [WARNING] [ACTIVE] TIE heartbeat lost > 30s. Taking over trailing...
2026-08-12 21:58:20,972 [WARNING] [ACTIVE] TIE heartbeat lost > 30s. Taking over trailing...
2026-08-12 21:58:26,050 [WARNING] [ACTIVE] TIE heartbeat lost > 30s. Taking over trailing...
2026-08-12 21:58:31,146 [WARNING] [ACTIVE] TIE heartbeat lost > 30s. Taking over trailing...
2026-08-12 21:58:36,243 [WARNING] [ACTIVE] TIE heartbeat lost > 30s. Taking over trailing...
2026-08-12 21:58:41,332 [WARNING] [ACTIVE] TIE heartbeat lost > 30s. Taking over trailing...
2026-08-12 21:58:46,443 [WARNING] [ACTIVE] TIE heartbeat lost > 30s. Taking over trailing...
2026-08-12 21:58:51,576 [WARNING] [ACTIVE] TIE heartbeat lost > 30s. Taking over trailing...
2026-08-12 21:58:56,658 [WARNING] [ACTIVE] TIE heartbeat lost > 30s. Taking over trailing...
2026-08-12 21:59:01,779 [WARNING] [ACTIVE] TIE heartbeat lost > 30s. Taking over trailing...
2026-08-12 21:59:06,858 [WARNING] [ACTIVE] TIE heartbeat lost > 30s. Taking over trailing...
2026-08-12 21:59:11,960 [WARNING] [ACTIVE] TIE heartbeat lost > 30s. Taking over trailing...
2026-08-12 21:59:17,326 [WARNING] [ACTIVE] TIE heartbeat lost > 30s. Taking over trailing...
2026-08-12 21:59:22,407 [WARNING] [ACTIVE] TIE heartbeat lost > 30s. Taking over trailing...
2026-08-12 21:59:27,506 [WARNING] [ACTIVE] TIE heartbeat lost > 30s. Taking over trailing...
2026-08-12 21:59:32,636 [WARNING] [ACTIVE] TIE heartbeat lost > 30s. Taking over trailing...
2026-08-12 21:59:37,722 [WARNING] [ACTIVE] TIE heartbeat lost > 30s. Taking over trailing...
2026-08-12 21:59:42,802 [WARNING] [ACTIVE] TIE heartbeat lost > 30s. Taking over trailing...
2026-08-12 21:59:47,898 [WARNING] [ACTIVE] TIE heartbeat lost > 30s. Taking over trailing...
2026-08-12 21:59:53,014 [WARNING] [ACTIVE] TIE heartbeat lost > 30s. Taking over trailing...
2026-08-12 21:59:58,108 [WARNING] [ACTIVE] TIE heartbeat lost > 30s. Taking over trailing...
2026-08-12 22:00:03,240 [WARNING] [ACTIVE] TIE heartbeat lost > 30s. Taking over trailing...
2026-08-12 22:00:08,352 [WARNING] [ACTIVE] TIE heartbeat lost > 30s. Taking over trailing...
2026-08-12 22:00:13,496 [WARNING] [ACTIVE] TIE heartbeat lost > 30s. Taking over trailing...
2026-08-12 22:00:18,611 [WARNING] [ACTIVE] TIE heartbeat lost > 30s. Taking over trailing...
2026-08-12 22:00:23,832 [WARNING] [ACTIVE] TIE heartbeat lost > 30s. Taking over trailing...
2026-08-12 22:00:28,914 [WARNING] [ACTIVE] TIE heartbeat lost > 30s. Taking over trailing...
2026-08-12 22:00:34,006 [WARNING] [ACTIVE] TIE heartbeat lost > 30s. Taking over trailing...
2026-08-12 22:00:39,105 [WARNING] [ACTIVE] TIE heartbeat lost > 30s. Taking over trailing...
2026-08-12 22:00:44,244 [WARNING] [ACTIVE] TIE heartbeat lost > 30s. Taking over trailing...
2026-08-12 22:00:49,369 [WARNING] [ACTIVE] TIE heartbeat lost > 30s. Taking over trailing...
2026-08-12 22:00:54,458 [WARNING] [ACTIVE] TIE heartbeat lost > 30s. Taking over trailing...
2026-08-12 22:00:59,532 [WARNING] [ACTIVE] TIE heartbeat lost > 30s. Taking over trailing...
2026-08-12 22:01:04,618 [WARNING] [ACTIVE] TIE heartbeat lost > 30s. Taking over trailing...
2026-08-12 22:01:09,740 [WARNING] [ACTIVE] TIE heartbeat lost > 30s. Taking over trailing...
2026-08-12 22:01:14,824 [WARNING] [ACTIVE] TIE heartbeat lost > 30s. Taking over trailing...
2026-08-12 22:01:19,903 [WARNING] [ACTIVE] TIE heartbeat lost > 30s. Taking over trailing...
2026-08-12 22:01:24,984 [WARNING] [ACTIVE] TIE heartbeat lost > 30s. Taking over trailing...
2026-08-12 22:01:30,093 [WARNING] [ACTIVE] TIE heartbeat lost > 30s. Taking over trailing...
2026-08-12 22:01:35,204 [WARNING] [ACTIVE] TIE heartbeat lost > 30s. Taking over trailing...
2026-08-12 22:01:40,318 [WARNING] [ACTIVE] TIE heartbeat lost > 30s. Taking over trailing...
2026-08-12 22:01:45,418 [WARNING] [ACTIVE] TIE heartbeat lost > 30s. Taking over trailing...
2026-08-12 22:01:50,504 [WARNING] [ACTIVE] TIE heartbeat lost > 30s. Taking over trailing...
2026-08-12 22:01:55,589 [WARNING] [ACTIVE] TIE heartbeat lost > 30s. Taking over trailing...
2026-08-12 22:02:00,707 [WARNING] [ACTIVE] TIE heartbeat lost > 30s. Taking over trailing...
2026-08-12 22:02:05,821 [WARNING] [ACTIVE] TIE heartbeat lost > 30s. Taking over trailing...
2026-08-12 22:02:10,915 [WARNING] [ACTIVE] TIE heartbeat lost > 30s. Taking over trailing...
2026-08-12 22:02:15,994 [WARNING] [ACTIVE] TIE heartbeat lost > 30s. Taking over trailing...
2026-08-12 22:02:21,079 [WARNING] [ACTIVE] TIE heartbeat lost > 30s. Taking over trailing...
2026-08-12 22:02:26,169 [WARNING] [ACTIVE] TIE heartbeat lost > 30s. Taking over trailing...
2026-08-12 22:02:31,310 [WARNING] [ACTIVE] TIE heartbeat lost > 30s. Taking over trailing...
2026-08-12 22:02:36,413 [WARNING] [ACTIVE] TIE heartbeat lost > 30s. Taking over trailing...
2026-08-12 22:02:41,484 [WARNING] [ACTIVE] TIE heartbeat lost > 30s. Taking over trailing...
2026-08-12 22:02:46,591 [WARNING] [ACTIVE] TIE heartbeat lost > 30s. Taking over trailing...
2026-08-12 22:02:51,697 [WARNING] [ACTIVE] TIE heartbeat lost > 30s. Taking over trailing...
2026-08-12 22:02:56,779 [WARNING] [ACTIVE] TIE heartbeat lost > 30s. Taking over trailing...
2026-08-12 22:03:01,873 [WARNING] [ACTIVE] TIE heartbeat lost > 30s. Taking over trailing...
2026-08-12 22:03:06,964 [WARNING] [ACTIVE] TIE heartbeat lost > 30s. Taking over trailing...
2026-08-12 22:03:12,076 [WARNING] [ACTIVE] TIE heartbeat lost > 30s. Taking over trailing...
2026-08-12 22:03:17,329 [WARNING] [ACTIVE] TIE heartbeat lost > 30s. Taking over trailing...
2026-08-12 22:03:22,447 [WARNING] [ACTIVE] TIE heartbeat lost > 30s. Taking over trailing...
2026-08-12 22:03:27,592 [WARNING] [ACTIVE] TIE heartbeat lost > 30s. Taking over trailing...
2026-08-12 22:03:32,668 [WARNING] [ACTIVE] TIE heartbeat lost > 30s. Taking over trailing...
2026-08-12 22:03:37,758 [WARNING] [ACTIVE] TIE heartbeat lost > 30s. Taking over trailing...
2026-08-12 22:03:42,847 [WARNING] [ACTIVE] TIE heartbeat lost > 30s. Taking over trailing...
2026-08-12 22:03:47,939 [WARNING] [ACTIVE] TIE heartbeat lost > 30s. Taking over trailing...
2026-08-12 22:03:53,061 [WARNING] [ACTIVE] TIE heartbeat lost > 30s. Taking over trailing...
2026-08-12 22:03:58,154 [WARNING] [ACTIVE] TIE heartbeat lost > 30s. Taking over trailing...
2026-08-12 22:04:03,261 [WARNING] [ACTIVE] TIE heartbeat lost > 30s. Taking over trailing...
2026-08-12 22:04:08,362 [WARNING] [ACTIVE] TIE heartbeat lost > 30s. Taking over trailing...
2026-08-12 22:04:13,454 [WARNING] [ACTIVE] TIE heartbeat lost > 30s. Taking over trailing...
2026-08-12 22:04:13,454 [INFO] [3627589053] BE lock $1.5 → SL 4418.30 | profit $3.43
2026-08-12 22:04:13,559 [INFO] [3627589053] MODIFIED SL → 4418.3
2026-08-12 22:04:18,657 [WARNING] [ACTIVE] TIE heartbeat lost > 30s. Taking over trailing...
2026-08-12 22:04:23,757 [WARNING] [ACTIVE] TIE heartbeat lost > 30s. Taking over trailing...
2026-08-12 22:04:23,757 [INFO] [3627589053] Trail: profit $4.06 peak $4.06 locked $1.56 → SL 4418.23
2026-08-12 22:04:23,864 [INFO] [3627589053] MODIFIED SL → 4418.23
2026-08-12 22:04:23,864 [INFO] [3627613773] BE lock $1.5 → SL 4417.30 | profit $3.06
2026-08-12 22:04:23,968 [INFO] [3627613773] MODIFIED SL → 4417.3
2026-08-12 22:04:29,073 [WARNING] [ACTIVE] TIE heartbeat lost > 30s. Taking over trailing...
2026-08-12 22:04:29,073 [INFO] [3627589053] Trail: profit $4.14 peak $4.14 locked $1.64 → SL 4418.16
2026-08-12 22:04:29,245 [INFO] [3627589053] MODIFIED SL → 4418.16
2026-08-12 22:04:34,329 [WARNING] [ACTIVE] TIE heartbeat lost > 30s. Taking over trailing...
2026-08-12 22:04:39,578 [WARNING] [ACTIVE] TIE heartbeat lost > 30s. Taking over trailing...
2026-08-12 22:04:44,660 [WARNING] [ACTIVE] TIE heartbeat lost > 30s. Taking over trailing...
2026-08-12 22:04:49,777 [WARNING] [ACTIVE] TIE heartbeat lost > 30s. Taking over trailing...
2026-08-12 22:04:54,891 [WARNING] [ACTIVE] TIE heartbeat lost > 30s. Taking over trailing...
2026-08-12 22:04:59,976 [WARNING] [ACTIVE] TIE heartbeat lost > 30s. Taking over trailing...
2026-08-12 22:05:05,057 [WARNING] [ACTIVE] TIE heartbeat lost > 30s. Taking over trailing...
2026-08-12 22:05:10,149 [WARNING] [ACTIVE] TIE heartbeat lost > 30s. Taking over trailing...
2026-08-12 22:05:15,251 [WARNING] [ACTIVE] TIE heartbeat lost > 30s. Taking over trailing...
2026-08-12 22:05:15,251 [INFO] [3627589053] Trail: profit $4.36 peak $4.36 locked $1.86 → SL 4417.94
2026-08-12 22:05:15,404 [INFO] [3627589053] MODIFIED SL → 4417.94
2026-08-12 22:05:20,511 [WARNING] [ACTIVE] TIE heartbeat lost > 30s. Taking over trailing...
2026-08-12 22:05:25,591 [WARNING] [ACTIVE] TIE heartbeat lost > 30s. Taking over trailing...
2026-08-12 22:05:30,670 [WARNING] [ACTIVE] TIE heartbeat lost > 30s. Taking over trailing...
2026-08-12 22:05:35,762 [WARNING] [ACTIVE] TIE heartbeat lost > 30s. Taking over trailing...
2026-08-12 22:05:40,862 [WARNING] [ACTIVE] TIE heartbeat lost > 30s. Taking over trailing...
2026-08-12 22:05:45,962 [WARNING] [ACTIVE] TIE heartbeat lost > 30s. Taking over trailing...
2026-08-12 22:05:51,072 [WARNING] [ACTIVE] TIE heartbeat lost > 30s. Taking over trailing...
2026-08-12 22:05:56,173 [WARNING] [ACTIVE] TIE heartbeat lost > 30s. Taking over trailing...
2026-08-12 22:06:01,279 [WARNING] [ACTIVE] TIE heartbeat lost > 30s. Taking over trailing...
2026-08-12 22:06:06,373 [WARNING] [ACTIVE] TIE heartbeat lost > 30s. Taking over trailing...
2026-08-12 22:06:11,525 [WARNING] [ACTIVE] TIE heartbeat lost > 30s. Taking over trailing...
2026-08-12 22:06:16,628 [WARNING] [ACTIVE] TIE heartbeat lost > 30s. Taking over trailing...
2026-08-12 22:06:21,732 [WARNING] [ACTIVE] TIE heartbeat lost > 30s. Taking over trailing...
2026-08-12 22:06:26,851 [WARNING] [ACTIVE] TIE heartbeat lost > 30s. Taking over trailing...
2026-08-12 22:06:31,944 [WARNING] [ACTIVE] TIE heartbeat lost > 30s. Taking over trailing...
2026-08-12 22:06:37,016 [WARNING] [ACTIVE] TIE heartbeat lost > 30s. Taking over trailing...
2026-08-12 22:06:42,146 [WARNING] [ACTIVE] TIE heartbeat lost > 30s. Taking over trailing...
2026-08-12 22:06:47,245 [WARNING] [ACTIVE] TIE heartbeat lost > 30s. Taking over trailing...
2026-08-12 22:06:52,361 [WARNING] [ACTIVE] TIE heartbeat lost > 30s. Taking over trailing...
2026-08-12 22:06:57,469 [WARNING] [ACTIVE] TIE heartbeat lost > 30s. Taking over trailing...
2026-08-12 22:07:02,673 [WARNING] [ACTIVE] TIE heartbeat lost > 30s. Taking over trailing...
2026-08-12 22:07:07,850 [WARNING] [ACTIVE] TIE heartbeat lost > 30s. Taking over trailing...
2026-08-12 22:07:12,947 [WARNING] [ACTIVE] TIE heartbeat lost > 30s. Taking over trailing...
2026-08-12 22:07:18,080 [WARNING] [ACTIVE] TIE heartbeat lost > 30s. Taking over trailing...
2026-08-12 22:07:23,160 [WARNING] [ACTIVE] TIE heartbeat lost > 30s. Taking over trailing...
2026-08-12 22:07:28,297 [WARNING] [ACTIVE] TIE heartbeat lost > 30s. Taking over trailing...
2026-08-12 22:07:33,413 [WARNING] [ACTIVE] TIE heartbeat lost > 30s. Taking over trailing...
2026-08-12 22:07:38,514 [WARNING] [ACTIVE] TIE heartbeat lost > 30s. Taking over trailing...
2026-08-12 22:07:43,645 [WARNING] [ACTIVE] TIE heartbeat lost > 30s. Taking over trailing...
2026-08-12 22:07:48,740 [WARNING] [ACTIVE] TIE heartbeat lost > 30s. Taking over trailing...
2026-08-12 22:07:53,830 [WARNING] [ACTIVE] TIE heartbeat lost > 30s. Taking over trailing...
2026-08-12 22:07:58,931 [WARNING] [ACTIVE] TIE heartbeat lost > 30s. Taking over trailing...
2026-08-12 22:08:04,027 [WARNING] [ACTIVE] TIE heartbeat lost > 30s. Taking over trailing...
2026-08-12 22:08:09,123 [WARNING] [ACTIVE] TIE heartbeat lost > 30s. Taking over trailing...
2026-08-12 22:08:14,213 [WARNING] [ACTIVE] TIE heartbeat lost > 30s. Taking over trailing...
2026-08-12 22:08:19,317 [WARNING] [ACTIVE] TIE heartbeat lost > 30s. Taking over trailing...
2026-08-12 22:08:24,425 [WARNING] [ACTIVE] TIE heartbeat lost > 30s. Taking over trailing...
2026-08-12 22:08:29,505 [WARNING] [ACTIVE] TIE heartbeat lost > 30s. Taking over trailing...
2026-08-12 22:08:34,643 [WARNING] [ACTIVE] TIE heartbeat lost > 30s. Taking over trailing...
2026-08-12 22:08:39,756 [WARNING] [ACTIVE] TIE heartbeat lost > 30s. Taking over trailing...
2026-08-12 22:08:44,850 [WARNING] [ACTIVE] TIE heartbeat lost > 30s. Taking over trailing...
2026-08-12 22:08:49,941 [WARNING] [ACTIVE] TIE heartbeat lost > 30s. Taking over trailing...
2026-08-12 22:08:55,044 [WARNING] [ACTIVE] TIE heartbeat lost > 30s. Taking over trailing...
2026-08-12 22:09:00,149 [WARNING] [ACTIVE] TIE heartbeat lost > 30s. Taking over trailing...
2026-08-12 22:09:05,288 [WARNING] [ACTIVE] TIE heartbeat lost > 30s. Taking over trailing...
2026-08-12 22:09:10,381 [WARNING] [ACTIVE] TIE heartbeat lost > 30s. Taking over trailing...
2026-08-12 22:09:15,473 [WARNING] [ACTIVE] TIE heartbeat lost > 30s. Taking over trailing...
2026-08-12 22:09:20,586 [WARNING] [ACTIVE] TIE heartbeat lost > 30s. Taking over trailing...
2026-08-12 22:09:25,669 [WARNING] [ACTIVE] TIE heartbeat lost > 30s. Taking over trailing...
2026-08-12 22:09:30,780 [WARNING] [ACTIVE] TIE heartbeat lost > 30s. Taking over trailing...
2026-08-12 22:09:35,936 [WARNING] [ACTIVE] TIE heartbeat lost > 30s. Taking over trailing...
2026-08-12 22:09:41,018 [WARNING] [ACTIVE] TIE heartbeat lost > 30s. Taking over trailing...
2026-08-12 22:09:46,105 [WARNING] [ACTIVE] TIE heartbeat lost > 30s. Taking over trailing...
2026-08-12 22:09:51,199 [WARNING] [ACTIVE] TIE heartbeat lost > 30s. Taking over trailing...
2026-08-12 22:09:56,292 [WARNING] [ACTIVE] TIE heartbeat lost > 30s. Taking over trailing...
2026-08-12 22:10:01,387 [WARNING] [ACTIVE] TIE heartbeat lost > 30s. Taking over trailing...
2026-08-12 22:10:06,465 [WARNING] [ACTIVE] TIE heartbeat lost > 30s. Taking over trailing...
2026-08-12 22:10:11,550 [WARNING] [ACTIVE] TIE heartbeat lost > 30s. Taking over trailing...
2026-08-12 22:10:16,636 [WARNING] [ACTIVE] TIE heartbeat lost > 30s. Taking over trailing...
2026-08-12 22:10:21,750 [WARNING] [ACTIVE] TIE heartbeat lost > 30s. Taking over trailing...
2026-08-12 22:10:26,851 [WARNING] [ACTIVE] TIE heartbeat lost > 30s. Taking over trailing...
2026-08-12 22:10:31,961 [WARNING] [ACTIVE] TIE heartbeat lost > 30s. Taking over trailing...
2026-08-12 22:10:37,149 [WARNING] [ACTIVE] TIE heartbeat lost > 30s. Taking over trailing...
2026-08-12 22:10:42,268 [WARNING] [ACTIVE] TIE heartbeat lost > 30s. Taking over trailing...
2026-08-12 22:10:47,351 [WARNING] [ACTIVE] TIE heartbeat lost > 30s. Taking over trailing...
2026-08-12 22:10:52,455 [WARNING] [ACTIVE] TIE heartbeat lost > 30s. Taking over trailing...
2026-08-12 22:10:57,529 [WARNING] [ACTIVE] TIE heartbeat lost > 30s. Taking over trailing...
2026-08-12 22:11:02,666 [WARNING] [ACTIVE] TIE heartbeat lost > 30s. Taking over trailing...
2026-08-12 22:11:07,767 [WARNING] [ACTIVE] TIE heartbeat lost > 30s. Taking over trailing...
2026-08-12 22:11:12,859 [WARNING] [ACTIVE] TIE heartbeat lost > 30s. Taking over trailing...
2026-08-12 22:11:17,982 [WARNING] [ACTIVE] TIE heartbeat lost > 30s. Taking over trailing...
2026-08-12 22:11:23,069 [WARNING] [ACTIVE] TIE heartbeat lost > 30s. Taking over trailing...
2026-08-12 22:11:28,179 [WARNING] [ACTIVE] TIE heartbeat lost > 30s. Taking over trailing...
2026-08-12 22:11:33,304 [WARNING] [ACTIVE] TIE heartbeat lost > 30s. Taking over trailing...
2026-08-12 22:11:38,400 [WARNING] [ACTIVE] TIE heartbeat lost > 30s. Taking over trailing...
2026-08-12 22:11:43,506 [WARNING] [ACTIVE] TIE heartbeat lost > 30s. Taking over trailing...
2026-08-12 22:11:48,623 [WARNING] [ACTIVE] TIE heartbeat lost > 30s. Taking over trailing...
2026-08-12 22:11:53,715 [WARNING] [ACTIVE] TIE heartbeat lost > 30s. Taking over trailing...
2026-08-12 22:11:58,813 [WARNING] [ACTIVE] TIE heartbeat lost > 30s. Taking over trailing...
2026-08-12 22:12:03,903 [WARNING] [ACTIVE] TIE heartbeat lost > 30s. Taking over trailing...
2026-08-12 22:12:09,022 [WARNING] [ACTIVE] TIE heartbeat lost > 30s. Taking over trailing...
2026-08-12 22:12:14,142 [WARNING] [ACTIVE] TIE heartbeat lost > 30s. Taking over trailing...
2026-08-12 22:12:19,229 [WARNING] [ACTIVE] TIE heartbeat lost > 30s. Taking over trailing...
2026-08-12 22:12:24,341 [WARNING] [ACTIVE] TIE heartbeat lost > 30s. Taking over trailing...
2026-08-12 22:12:29,457 [WARNING] [ACTIVE] TIE heartbeat lost > 30s. Taking over trailing...
2026-08-12 22:12:34,556 [WARNING] [ACTIVE] TIE heartbeat lost > 30s. Taking over trailing...
2026-08-12 22:12:39,876 [WARNING] [ACTIVE] TIE heartbeat lost > 30s. Taking over trailing...
2026-08-12 22:12:44,956 [WARNING] [ACTIVE] TIE heartbeat lost > 30s. Taking over trailing...
2026-08-12 22:12:50,048 [WARNING] [ACTIVE] TIE heartbeat lost > 30s. Taking over trailing...
2026-08-12 22:12:55,179 [WARNING] [ACTIVE] TIE heartbeat lost > 30s. Taking over trailing...
2026-08-12 22:13:00,372 [WARNING] [ACTIVE] TIE heartbeat lost > 30s. Taking over trailing...
2026-08-12 22:13:05,454 [WARNING] [ACTIVE] TIE heartbeat lost > 30s. Taking over trailing...
2026-08-12 22:13:10,548 [WARNING] [ACTIVE] TIE heartbeat lost > 30s. Taking over trailing...
2026-08-12 22:13:15,645 [WARNING] [ACTIVE] TIE heartbeat lost > 30s. Taking over trailing...
2026-08-12 22:13:20,774 [WARNING] [ACTIVE] TIE heartbeat lost > 30s. Taking over trailing...
2026-08-12 22:13:25,878 [WARNING] [ACTIVE] TIE heartbeat lost > 30s. Taking over trailing...
2026-08-12 22:13:30,959 [WARNING] [ACTIVE] TIE heartbeat lost > 30s. Taking over trailing...
2026-08-12 22:13:36,046 [WARNING] [ACTIVE] TIE heartbeat lost > 30s. Taking over trailing...
2026-08-12 22:13:41,160 [WARNING] [ACTIVE] TIE heartbeat lost > 30s. Taking over trailing...
2026-08-12 22:13:46,244 [WARNING] [ACTIVE] TIE heartbeat lost > 30s. Taking over trailing...
2026-08-12 22:13:51,326 [WARNING] [ACTIVE] TIE heartbeat lost > 30s. Taking over trailing...
2026-08-12 22:13:56,427 [WARNING] [ACTIVE] TIE heartbeat lost > 30s. Taking over trailing...
2026-08-12 22:14:01,552 [WARNING] [ACTIVE] TIE heartbeat lost > 30s. Taking over trailing...
2026-08-12 22:14:06,643 [WARNING] [ACTIVE] TIE heartbeat lost > 30s. Taking over trailing...
2026-08-12 22:14:11,742 [WARNING] [ACTIVE] TIE heartbeat lost > 30s. Taking over trailing...
2026-08-12 22:14:16,931 [WARNING] [ACTIVE] TIE heartbeat lost > 30s. Taking over trailing...
2026-08-12 22:14:22,027 [WARNING] [ACTIVE] TIE heartbeat lost > 30s. Taking over trailing...
2026-08-12 22:14:27,134 [WARNING] [ACTIVE] TIE heartbeat lost > 30s. Taking over trailing...
2026-08-12 22:14:32,225 [WARNING] [ACTIVE] TIE heartbeat lost > 30s. Taking over trailing...
2026-08-12 22:14:37,300 [WARNING] [ACTIVE] TIE heartbeat lost > 30s. Taking over trailing...
2026-08-12 22:14:42,392 [WARNING] [ACTIVE] TIE heartbeat lost > 30s. Taking over trailing...
2026-08-12 22:14:47,474 [WARNING] [ACTIVE] TIE heartbeat lost > 30s. Taking over trailing...
2026-08-12 22:14:52,598 [WARNING] [ACTIVE] TIE heartbeat lost > 30s. Taking over trailing...
2026-08-12 22:14:57,684 [WARNING] [ACTIVE] TIE heartbeat lost > 30s. Taking over trailing...
2026-08-12 22:15:02,781 [WARNING] [ACTIVE] TIE heartbeat lost > 30s. Taking over trailing...
2026-08-12 22:15:07,882 [WARNING] [ACTIVE] TIE heartbeat lost > 30s. Taking over trailing...
2026-08-12 22:15:12,962 [WARNING] [ACTIVE] TIE heartbeat lost > 30s. Taking over trailing...
2026-08-12 22:15:18,076 [WARNING] [ACTIVE] TIE heartbeat lost > 30s. Taking over trailing...
2026-08-12 22:15:23,170 [WARNING] [ACTIVE] TIE heartbeat lost > 30s. Taking over trailing...
2026-08-12 22:15:28,286 [WARNING] [ACTIVE] TIE heartbeat lost > 30s. Taking over trailing...
2026-08-12 22:15:33,380 [WARNING] [ACTIVE] TIE heartbeat lost > 30s. Taking over trailing...
2026-08-12 22:15:38,475 [WARNING] [ACTIVE] TIE heartbeat lost > 30s. Taking over trailing...
2026-08-12 22:15:43,560 [WARNING] [ACTIVE] TIE heartbeat lost > 30s. Taking over trailing...
2026-08-12 22:15:48,658 [WARNING] [ACTIVE] TIE heartbeat lost > 30s. Taking over trailing...
2026-08-12 22:15:53,756 [WARNING] [ACTIVE] TIE heartbeat lost > 30s. Taking over trailing...
2026-08-12 22:15:58,841 [WARNING] [ACTIVE] TIE heartbeat lost > 30s. Taking over trailing...
2026-08-12 22:16:03,925 [WARNING] [ACTIVE] TIE heartbeat lost > 30s. Taking over trailing...
2026-08-12 22:16:09,012 [WARNING] [ACTIVE] TIE heartbeat lost > 30s. Taking over trailing...
2026-08-12 22:16:14,137 [WARNING] [ACTIVE] TIE heartbeat lost > 30s. Taking over trailing...
2026-08-12 22:16:19,231 [WARNING] [ACTIVE] TIE heartbeat lost > 30s. Taking over trailing...
2026-08-12 22:16:24,315 [WARNING] [ACTIVE] TIE heartbeat lost > 30s. Taking over trailing...
2026-08-12 22:16:29,410 [WARNING] [ACTIVE] TIE heartbeat lost > 30s. Taking over trailing...
2026-08-12 22:16:34,505 [WARNING] [ACTIVE] TIE heartbeat lost > 30s. Taking over trailing...
2026-08-12 22:16:39,639 [WARNING] [ACTIVE] TIE heartbeat lost > 30s. Taking over trailing...
2026-08-12 22:16:44,805 [WARNING] [ACTIVE] TIE heartbeat lost > 30s. Taking over trailing...
2026-08-12 22:16:49,928 [WARNING] [ACTIVE] TIE heartbeat lost > 30s. Taking over trailing...
2026-08-12 22:16:55,016 [WARNING] [ACTIVE] TIE heartbeat lost > 30s. Taking over trailing...
2026-08-12 22:17:00,114 [WARNING] [ACTIVE] TIE heartbeat lost > 30s. Taking over trailing...
2026-08-12 22:17:05,297 [WARNING] [ACTIVE] TIE heartbeat lost > 30s. Taking over trailing...
2026-08-12 22:17:10,388 [WARNING] [ACTIVE] TIE heartbeat lost > 30s. Taking over trailing...
2026-08-12 22:17:15,587 [WARNING] [ACTIVE] TIE heartbeat lost > 30s. Taking over trailing...
2026-08-12 22:17:20,669 [WARNING] [ACTIVE] TIE heartbeat lost > 30s. Taking over trailing...
2026-08-12 22:17:25,763 [WARNING] [ACTIVE] TIE heartbeat lost > 30s. Taking over trailing...
2026-08-12 22:17:30,882 [WARNING] [ACTIVE] TIE heartbeat lost > 30s. Taking over trailing...
2026-08-12 22:17:35,971 [WARNING] [ACTIVE] TIE heartbeat lost > 30s. Taking over trailing...
2026-08-12 22:17:41,121 [WARNING] [ACTIVE] TIE heartbeat lost > 30s. Taking over trailing...
2026-08-12 22:17:46,225 [WARNING] [ACTIVE] TIE heartbeat lost > 30s. Taking over trailing...
2026-08-12 22:17:51,301 [WARNING] [ACTIVE] TIE heartbeat lost > 30s. Taking over trailing...
2026-08-12 22:17:56,391 [WARNING] [ACTIVE] TIE heartbeat lost > 30s. Taking over trailing...
2026-08-12 22:18:01,475 [WARNING] [ACTIVE] TIE heartbeat lost > 30s. Taking over trailing...
2026-08-12 22:18:06,565 [WARNING] [ACTIVE] TIE heartbeat lost > 30s. Taking over trailing...
2026-08-12 22:18:11,655 [WARNING] [ACTIVE] TIE heartbeat lost > 30s. Taking over trailing...
2026-08-12 22:18:16,770 [WARNING] [ACTIVE] TIE heartbeat lost > 30s. Taking over trailing...
2026-08-12 22:18:21,853 [WARNING] [ACTIVE] TIE heartbeat lost > 30s. Taking over trailing...
2026-08-12 22:18:26,952 [WARNING] [ACTIVE] TIE heartbeat lost > 30s. Taking over trailing...
2026-08-12 22:18:32,042 [WARNING] [ACTIVE] TIE heartbeat lost > 30s. Taking over trailing...
2026-08-12 22:18:37,162 [WARNING] [ACTIVE] TIE heartbeat lost > 30s. Taking over trailing...
2026-08-12 22:18:42,307 [WARNING] [ACTIVE] TIE heartbeat lost > 30s. Taking over trailing...
2026-08-12 22:18:47,411 [WARNING] [ACTIVE] TIE heartbeat lost > 30s. Taking over trailing...
2026-08-12 22:18:52,488 [WARNING] [ACTIVE] TIE heartbeat lost > 30s. Taking over trailing...
2026-08-12 22:18:57,600 [WARNING] [ACTIVE] TIE heartbeat lost > 30s. Taking over trailing...
2026-08-12 22:19:02,691 [WARNING] [ACTIVE] TIE heartbeat lost > 30s. Taking over trailing...
2026-08-12 22:19:07,805 [WARNING] [ACTIVE] TIE heartbeat lost > 30s. Taking over trailing...
2026-08-12 22:19:12,878 [WARNING] [ACTIVE] TIE heartbeat lost > 30s. Taking over trailing...
2026-08-12 22:19:17,955 [WARNING] [ACTIVE] TIE heartbeat lost > 30s. Taking over trailing...
2026-08-12 22:19:23,032 [WARNING] [ACTIVE] TIE heartbeat lost > 30s. Taking over trailing...
2026-08-12 22:19:28,110 [WARNING] [ACTIVE] TIE heartbeat lost > 30s. Taking over trailing...
2026-08-12 22:19:33,211 [WARNING] [ACTIVE] TIE heartbeat lost > 30s. Taking over trailing...
2026-08-12 22:19:38,301 [WARNING] [ACTIVE] TIE heartbeat lost > 30s. Taking over trailing...
2026-08-12 22:19:43,389 [WARNING] [ACTIVE] TIE heartbeat lost > 30s. Taking over trailing...
2026-08-12 22:19:48,470 [WARNING] [ACTIVE] TIE heartbeat lost > 30s. Taking over trailing...
2026-08-12 22:19:53,601 [WARNING] [ACTIVE] TIE heartbeat lost > 30s. Taking over trailing...
2026-08-12 22:19:58,737 [WARNING] [ACTIVE] TIE heartbeat lost > 30s. Taking over trailing...
2026-08-12 22:20:03,823 [WARNING] [ACTIVE] TIE heartbeat lost > 30s. Taking over trailing...
2026-08-12 22:20:08,905 [WARNING] [ACTIVE] TIE heartbeat lost > 30s. Taking over trailing...
2026-08-12 22:20:13,998 [WARNING] [ACTIVE] TIE heartbeat lost > 30s. Taking over trailing...
2026-08-12 22:20:19,089 [WARNING] [ACTIVE] TIE heartbeat lost > 30s. Taking over trailing...
2026-08-12 22:20:24,204 [WARNING] [ACTIVE] TIE heartbeat lost > 30s. Taking over trailing...
2026-08-12 22:20:29,283 [WARNING] [ACTIVE] TIE heartbeat lost > 30s. Taking over trailing...
2026-08-12 22:20:34,403 [WARNING] [ACTIVE] TIE heartbeat lost > 30s. Taking over trailing...
2026-08-12 22:20:39,539 [WARNING] [ACTIVE] TIE heartbeat lost > 30s. Taking over trailing...
2026-08-12 22:20:44,616 [WARNING] [ACTIVE] TIE heartbeat lost > 30s. Taking over trailing...
2026-08-12 22:20:49,715 [WARNING] [ACTIVE] TIE heartbeat lost > 30s. Taking over trailing...
2026-08-12 22:20:54,814 [WARNING] [ACTIVE] TIE heartbeat lost > 30s. Taking over trailing...
2026-08-12 22:20:59,894 [WARNING] [ACTIVE] TIE heartbeat lost > 30s. Taking over trailing...
2026-08-12 22:21:04,978 [WARNING] [ACTIVE] TIE heartbeat lost > 30s. Taking over trailing...
2026-08-12 22:21:10,073 [WARNING] [ACTIVE] TIE heartbeat lost > 30s. Taking over trailing...
2026-08-12 22:21:15,158 [WARNING] [ACTIVE] TIE heartbeat lost > 30s. Taking over trailing...
2026-08-12 22:21:20,248 [WARNING] [ACTIVE] TIE heartbeat lost > 30s. Taking over trailing...
2026-08-12 22:21:25,328 [WARNING] [ACTIVE] TIE heartbeat lost > 30s. Taking over trailing...
2026-08-12 22:21:30,412 [WARNING] [ACTIVE] TIE heartbeat lost > 30s. Taking over trailing...
2026-08-12 22:21:35,506 [WARNING] [ACTIVE] TIE heartbeat lost > 30s. Taking over trailing...
2026-08-12 22:21:40,688 [WARNING] [ACTIVE] TIE heartbeat lost > 30s. Taking over trailing...
2026-08-12 22:21:45,770 [WARNING] [ACTIVE] TIE heartbeat lost > 30s. Taking over trailing...
2026-08-12 22:21:50,877 [WARNING] [ACTIVE] TIE heartbeat lost > 30s. Taking over trailing...
2026-08-12 22:21:55,987 [WARNING] [ACTIVE] TIE heartbeat lost > 30s. Taking over trailing...
2026-08-12 22:22:01,091 [WARNING] [ACTIVE] TIE heartbeat lost > 30s. Taking over trailing...
2026-08-12 22:22:06,168 [WARNING] [ACTIVE] TIE heartbeat lost > 30s. Taking over trailing...
2026-08-12 22:22:11,262 [WARNING] [ACTIVE] TIE heartbeat lost > 30s. Taking over trailing...
2026-08-12 22:22:16,341 [WARNING] [ACTIVE] TIE heartbeat lost > 30s. Taking over trailing...
2026-08-12 22:22:21,467 [WARNING] [ACTIVE] TIE heartbeat lost > 30s. Taking over trailing...
2026-08-12 22:22:26,563 [WARNING] [ACTIVE] TIE heartbeat lost > 30s. Taking over trailing...
2026-08-12 22:22:31,642 [WARNING] [ACTIVE] TIE heartbeat lost > 30s. Taking over trailing...
2026-08-12 22:22:36,722 [WARNING] [ACTIVE] TIE heartbeat lost > 30s. Taking over trailing...
2026-08-12 22:22:41,804 [WARNING] [ACTIVE] TIE heartbeat lost > 30s. Taking over trailing...
2026-08-12 22:22:46,891 [WARNING] [ACTIVE] TIE heartbeat lost > 30s. Taking over trailing...
2026-08-12 22:22:52,010 [WARNING] [ACTIVE] TIE heartbeat lost > 30s. Taking over trailing...
2026-08-12 22:22:57,165 [WARNING] [ACTIVE] TIE heartbeat lost > 30s. Taking over trailing...
2026-08-12 22:23:02,281 [WARNING] [ACTIVE] TIE heartbeat lost > 30s. Taking over trailing...
2026-08-12 22:23:07,363 [WARNING] [ACTIVE] TIE heartbeat lost > 30s. Taking over trailing...
2026-08-12 22:23:12,470 [WARNING] [ACTIVE] TIE heartbeat lost > 30s. Taking over trailing...
2026-08-12 22:23:17,560 [WARNING] [ACTIVE] TIE heartbeat lost > 30s. Taking over trailing...
2026-08-12 22:23:22,668 [WARNING] [ACTIVE] TIE heartbeat lost > 30s. Taking over trailing...
2026-08-12 22:23:27,784 [WARNING] [ACTIVE] TIE heartbeat lost > 30s. Taking over trailing...
2026-08-12 22:23:32,866 [WARNING] [ACTIVE] TIE heartbeat lost > 30s. Taking over trailing...
2026-08-12 22:23:37,963 [WARNING] [ACTIVE] TIE heartbeat lost > 30s. Taking over trailing...
2026-08-12 22:23:43,058 [WARNING] [ACTIVE] TIE heartbeat lost > 30s. Taking over trailing...
2026-08-12 22:23:48,147 [WARNING] [ACTIVE] TIE heartbeat lost > 30s. Taking over trailing...
2026-08-12 22:23:53,245 [WARNING] [ACTIVE] TIE heartbeat lost > 30s. Taking over trailing...
2026-08-12 22:23:58,323 [WARNING] [ACTIVE] TIE heartbeat lost > 30s. Taking over trailing...
2026-08-12 22:24:03,448 [WARNING] [ACTIVE] TIE heartbeat lost > 30s. Taking over trailing...
2026-08-12 22:24:08,592 [WARNING] [ACTIVE] TIE heartbeat lost > 30s. Taking over trailing...
2026-08-12 22:24:13,755 [WARNING] [ACTIVE] TIE heartbeat lost > 30s. Taking over trailing...
2026-08-12 22:24:18,857 [WARNING] [ACTIVE] TIE heartbeat lost > 30s. Taking over trailing...
2026-08-12 22:24:23,998 [WARNING] [ACTIVE] TIE heartbeat lost > 30s. Taking over trailing...
2026-08-12 22:24:29,088 [WARNING] [ACTIVE] TIE heartbeat lost > 30s. Taking over trailing...
2026-08-12 22:24:34,187 [WARNING] [ACTIVE] TIE heartbeat lost > 30s. Taking over trailing...
2026-08-12 22:24:39,265 [WARNING] [ACTIVE] TIE heartbeat lost > 30s. Taking over trailing...
2026-08-12 22:24:44,374 [WARNING] [ACTIVE] TIE heartbeat lost > 30s. Taking over trailing...
2026-08-12 22:24:49,452 [WARNING] [ACTIVE] TIE heartbeat lost > 30s. Taking over trailing...
2026-08-12 22:24:54,555 [WARNING] [ACTIVE] TIE heartbeat lost > 30s. Taking over trailing...
2026-08-12 22:24:59,653 [WARNING] [ACTIVE] TIE heartbeat lost > 30s. Taking over trailing...
2026-08-12 22:25:04,790 [WARNING] [ACTIVE] TIE heartbeat lost > 30s. Taking over trailing...
2026-08-12 22:25:09,873 [WARNING] [ACTIVE] TIE heartbeat lost > 30s. Taking over trailing...
2026-08-12 22:25:14,969 [WARNING] [ACTIVE] TIE heartbeat lost > 30s. Taking over trailing...
2026-08-12 22:25:20,080 [WARNING] [ACTIVE] TIE heartbeat lost > 30s. Taking over trailing...
2026-08-12 22:25:25,216 [WARNING] [ACTIVE] TIE heartbeat lost > 30s. Taking over trailing...
2026-08-12 22:25:30,309 [WARNING] [ACTIVE] TIE heartbeat lost > 30s. Taking over trailing...
2026-08-12 22:25:35,401 [WARNING] [ACTIVE] TIE heartbeat lost > 30s. Taking over trailing...
2026-08-12 22:25:40,487 [WARNING] [ACTIVE] TIE heartbeat lost > 30s. Taking over trailing...
2026-08-12 22:25:45,569 [WARNING] [ACTIVE] TIE heartbeat lost > 30s. Taking over trailing...
2026-08-12 22:25:50,690 [WARNING] [ACTIVE] TIE heartbeat lost > 30s. Taking over trailing...
2026-08-12 22:25:55,785 [WARNING] [ACTIVE] TIE heartbeat lost > 30s. Taking over trailing...
2026-08-12 22:26:00,872 [WARNING] [ACTIVE] TIE heartbeat lost > 30s. Taking over trailing...
2026-08-12 22:26:05,967 [WARNING] [ACTIVE] TIE heartbeat lost > 30s. Taking over trailing...
2026-08-12 22:26:11,045 [WARNING] [ACTIVE] TIE heartbeat lost > 30s. Taking over trailing...
2026-08-12 22:26:16,138 [WARNING] [ACTIVE] TIE heartbeat lost > 30s. Taking over trailing...
2026-08-12 22:26:21,268 [WARNING] [ACTIVE] TIE heartbeat lost > 30s. Taking over trailing...
2026-08-12 22:26:26,358 [WARNING] [ACTIVE] TIE heartbeat lost > 30s. Taking over trailing...
2026-08-12 22:26:31,452 [WARNING] [ACTIVE] TIE heartbeat lost > 30s. Taking over trailing...
2026-08-12 22:26:36,544 [WARNING] [ACTIVE] TIE heartbeat lost > 30s. Taking over trailing...
2026-08-12 22:26:41,630 [WARNING] [ACTIVE] TIE heartbeat lost > 30s. Taking over trailing...
2026-08-12 22:26:46,787 [WARNING] [ACTIVE] TIE heartbeat lost > 30s. Taking over trailing...
2026-08-12 22:26:51,869 [WARNING] [ACTIVE] TIE heartbeat lost > 30s. Taking over trailing...
2026-08-12 22:26:56,961 [WARNING] [ACTIVE] TIE heartbeat lost > 30s. Taking over trailing...
2026-08-12 22:27:02,065 [WARNING] [ACTIVE] TIE heartbeat lost > 30s. Taking over trailing...
2026-08-12 22:27:07,159 [WARNING] [ACTIVE] TIE heartbeat lost > 30s. Taking over trailing...
2026-08-12 22:27:12,254 [WARNING] [ACTIVE] TIE heartbeat lost > 30s. Taking over trailing...
2026-08-12 22:27:17,340 [WARNING] [ACTIVE] TIE heartbeat lost > 30s. Taking over trailing...
2026-08-12 22:27:22,423 [WARNING] [ACTIVE] TIE heartbeat lost > 30s. Taking over trailing...
2026-08-12 22:27:27,514 [WARNING] [ACTIVE] TIE heartbeat lost > 30s. Taking over trailing...
2026-08-12 22:27:32,588 [WARNING] [ACTIVE] TIE heartbeat lost > 30s. Taking over trailing...
2026-08-12 22:27:37,666 [WARNING] [ACTIVE] TIE heartbeat lost > 30s. Taking over trailing...
2026-08-12 22:27:42,755 [WARNING] [ACTIVE] TIE heartbeat lost > 30s. Taking over trailing...
2026-08-12 22:27:47,858 [WARNING] [ACTIVE] TIE heartbeat lost > 30s. Taking over trailing...
2026-08-12 22:27:52,938 [WARNING] [ACTIVE] TIE heartbeat lost > 30s. Taking over trailing...
2026-08-12 22:27:58,024 [WARNING] [ACTIVE] TIE heartbeat lost > 30s. Taking over trailing...
2026-08-12 22:28:03,116 [WARNING] [ACTIVE] TIE heartbeat lost > 30s. Taking over trailing...
2026-08-12 22:28:08,200 [WARNING] [ACTIVE] TIE heartbeat lost > 30s. Taking over trailing...
2026-08-12 22:28:13,303 [WARNING] [ACTIVE] TIE heartbeat lost > 30s. Taking over trailing...
2026-08-12 22:28:18,389 [WARNING] [ACTIVE] TIE heartbeat lost > 30s. Taking over trailing...
2026-08-12 22:28:23,467 [WARNING] [ACTIVE] TIE heartbeat lost > 30s. Taking over trailing...
2026-08-12 22:28:28,545 [WARNING] [ACTIVE] TIE heartbeat lost > 30s. Taking over trailing...
2026-08-12 22:28:33,639 [WARNING] [ACTIVE] TIE heartbeat lost > 30s. Taking over trailing...
2026-08-12 22:28:38,725 [WARNING] [ACTIVE] TIE heartbeat lost > 30s. Taking over trailing...
2026-08-12 22:28:43,894 [WARNING] [ACTIVE] TIE heartbeat lost > 30s. Taking over trailing...
2026-08-12 22:28:49,030 [WARNING] [ACTIVE] TIE heartbeat lost > 30s. Taking over trailing...
2026-08-12 22:28:54,128 [WARNING] [ACTIVE] TIE heartbeat lost > 30s. Taking over trailing...
2026-08-12 22:28:59,230 [WARNING] [ACTIVE] TIE heartbeat lost > 30s. Taking over trailing...
2026-08-12 22:29:04,315 [WARNING] [ACTIVE] TIE heartbeat lost > 30s. Taking over trailing...
2026-08-12 22:29:09,467 [WARNING] [ACTIVE] TIE heartbeat lost > 30s. Taking over trailing...
2026-08-12 22:29:14,563 [WARNING] [ACTIVE] TIE heartbeat lost > 30s. Taking over trailing...
2026-08-12 22:29:19,663 [WARNING] [ACTIVE] TIE heartbeat lost > 30s. Taking over trailing...
2026-08-12 22:29:24,772 [WARNING] [ACTIVE] TIE heartbeat lost > 30s. Taking over trailing...
2026-08-12 22:29:29,865 [WARNING] [ACTIVE] TIE heartbeat lost > 30s. Taking over trailing...
ng over trailing...
2026-08-12 22:28:20,317 [WARNING] [ACTIVE] TIE heartbeat lost > 30s. Taking over trailing...
2026-08-12 22:28:25,417 [WARNING] [ACTIVE] TIE heartbeat lost > 30s. Taking over trailing...
2026-08-12 22:28:30,484 [WARNING] [ACTIVE] TIE heartbeat lost > 30s. Taking over trailing...
2026-08-12 22:28:35,565 [WARNING] [ACTIVE] TIE heartbeat lost > 30s. Taking over trailing...
2026-08-12 22:28:40,726 [WARNING] [ACTIVE] TIE heartbeat lost > 30s. Taking over trailing...
2026-08-12 22:28:45,823 [WARNING] [ACTIVE] TIE heartbeat lost > 30s. Taking over trailing...
2026-08-12 22:28:50,957 [WARNING] [ACTIVE] TIE heartbeat lost > 30s. Taking over trailing...
2026-08-12 22:28:56,068 [WARNING] [ACTIVE] TIE heartbeat lost > 30s. Taking over trailing...
2026-08-12 22:29:01,155 [WARNING] [ACTIVE] TIE heartbeat lost > 30s. Taking over trailing...
2026-08-12 22:29:06,268 [WARNING] [ACTIVE] TIE heartbeat lost > 30s. Taking over trailing...
2026-08-12 22:29:11,392 [WARNING] [ACTIVE] TIE heartbeat lost > 30s. Taking over trailing...
2026-08-12 22:29:16,467 [WARNING] [ACTIVE] TIE heartbeat lost > 30s. Taking over trailing...
2026-08-12 22:29:21,555 [WARNING] [ACTIVE] TIE heartbeat lost > 30s. Taking over trailing...
2026-08-12 22:29:26,626 [WARNING] [ACTIVE] TIE heartbeat lost > 30s. Taking over trailing...
2026-08-12 22:29:36,446 [INFO] Manual Trailing V2 (Shadow Mode) started.
2026-08-12 22:29:36,447 [INFO] Heartbeat: /tmp/tie_production_heartbeat.txt | Hedge close: $3.0 | BE lock: $1.5
2026-08-12 22:29:43,547 [INFO] Manual Trailing V2 (Shadow Mode) started.
2026-08-12 22:29:43,548 [INFO] Heartbeat: /tmp/tie_production_heartbeat.txt | Hedge close: $3.0 | BE lock: $1.5
2026-08-12 22:30:13,547 [INFO] Manual Trailing V2 (Shadow Mode) started.
2026-08-12 22:30:13,547 [INFO] Heartbeat: /tmp/tie_production_heartbeat.txt | Hedge close: $3.0 | BE lock: $1.5
2026-08-12 22:30:15,653 [INFO] Manual Trailing V2 (Shadow Mode) started.
2026-08-12 22:30:15,653 [INFO] Heartbeat: /tmp/tie_production_heartbeat.txt | Hedge close: $3.0 | BE lock: $1.5
2026-08-12 22:30:41,148 [INFO] Manual Trailing V2 (Shadow Mode) started.
2026-08-12 22:30:41,148 [INFO] Heartbeat: /tmp/tie_production_heartbeat.txt | Hedge close: $3.0 | BE lock: $1.5
2026-08-12 22:52:06,906 [INFO] Manual Trailing V2 (Shadow Mode) started.
2026-08-12 22:52:06,907 [INFO] Heartbeat: /tmp/tie_production_heartbeat.txt | Hedge close: $3.0 | BE lock: $1.5
2026-08-13 01:10:21,981 [WARNING] [ACTIVE] TIE heartbeat lost > 30s. Taking over trailing...
2026-08-13 01:10:27,080 [WARNING] [ACTIVE] TIE heartbeat lost > 30s. Taking over trailing...
2026-08-13 01:10:32,153 [WARNING] [ACTIVE] TIE heartbeat lost > 30s. Taking over trailing...
2026-08-13 01:10:37,218 [WARNING] [ACTIVE] TIE heartbeat lost > 30s. Taking over trailing...
2026-08-13 01:10:42,291 [WARNING] [ACTIVE] TIE heartbeat lost > 30s. Taking over trailing...
2026-08-13 01:10:47,395 [WARNING] [ACTIVE] TIE heartbeat lost > 30s. Taking over trailing...
2026-08-13 01:10:52,466 [WARNING] [ACTIVE] TIE heartbeat lost > 30s. Taking over trailing...
2026-08-13 01:10:57,532 [WARNING] [ACTIVE] TIE heartbeat lost > 30s. Taking over trailing...
2026-08-13 01:11:02,600 [WARNING] [ACTIVE] TIE heartbeat lost > 30s. Taking over trailing...
2026-08-13 01:11:07,662 [WARNING] [ACTIVE] TIE heartbeat lost > 30s. Taking over trailing...
2026-08-13 01:11:12,748 [WARNING] [ACTIVE] TIE heartbeat lost > 30s. Taking over trailing...
2026-08-13 01:11:17,822 [WARNING] [ACTIVE] TIE heartbeat lost > 30s. Taking over trailing...
2026-08-13 01:11:22,885 [WARNING] [ACTIVE] TIE heartbeat lost > 30s. Taking over trailing...
2026-08-13 01:11:27,987 [WARNING] [ACTIVE] TIE heartbeat lost > 30s. Taking over trailing...
2026-08-13 01:11:33,088 [WARNING] [ACTIVE] TIE heartbeat lost > 30s. Taking over trailing...
2026-08-13 01:11:38,156 [WARNING] [ACTIVE] TIE heartbeat lost > 30s. Taking over trailing...
2026-08-13 01:11:43,230 [WARNING] [ACTIVE] TIE heartbeat lost > 30s. Taking over trailing...
2026-08-13 01:11:48,297 [WARNING] [ACTIVE] TIE heartbeat lost > 30s. Taking over trailing...
2026-08-13 01:11:53,372 [WARNING] [ACTIVE] TIE heartbeat lost > 30s. Taking over trailing...
2026-08-13 01:11:58,440 [WARNING] [ACTIVE] TIE heartbeat lost > 30s. Taking over trailing...
2026-08-13 01:12:03,509 [WARNING] [ACTIVE] TIE heartbeat lost > 30s. Taking over trailing...
2026-08-13 01:12:08,606 [WARNING] [ACTIVE] TIE heartbeat lost > 30s. Taking over trailing...
2026-08-13 01:12:13,673 [WARNING] [ACTIVE] TIE heartbeat lost > 30s. Taking over trailing...
2026-08-13 01:12:18,758 [WARNING] [ACTIVE] TIE heartbeat lost > 30s. Taking over trailing...
2026-08-13 01:12:23,857 [WARNING] [ACTIVE] TIE heartbeat lost > 30s. Taking over trailing...
2026-08-13 01:12:29,016 [WARNING] [ACTIVE] TIE heartbeat lost > 30s. Taking over trailing...
2026-08-13 01:12:34,090 [WARNING] [ACTIVE] TIE heartbeat lost > 30s. Taking over trailing...
2026-08-13 01:12:39,159 [WARNING] [ACTIVE] TIE heartbeat lost > 30s. Taking over trailing...
2026-08-13 01:12:44,257 [WARNING] [ACTIVE] TIE heartbeat lost > 30s. Taking over trailing...
2026-08-13 01:12:49,322 [WARNING] [ACTIVE] TIE heartbeat lost > 30s. Taking over trailing...
2026-08-13 01:12:54,410 [WARNING] [ACTIVE] TIE heartbeat lost > 30s. Taking over trailing...
2026-08-13 01:12:59,479 [WARNING] [ACTIVE] TIE heartbeat lost > 30s. Taking over trailing...
2026-08-13 01:13:04,547 [WARNING] [ACTIVE] TIE heartbeat lost > 30s. Taking over trailing...
2026-08-13 01:13:09,623 [WARNING] [ACTIVE] TIE heartbeat lost > 30s. Taking over trailing...
2026-08-13 01:13:14,702 [WARNING] [ACTIVE] TIE heartbeat lost > 30s. Taking over trailing...
2026-08-13 01:13:19,782 [WARNING] [ACTIVE] TIE heartbeat lost > 30s. Taking over trailing...
2026-08-13 01:13:24,863 [WARNING] [ACTIVE] TIE heartbeat lost > 30s. Taking over trailing...
2026-08-13 01:13:29,944 [WARNING] [ACTIVE] TIE heartbeat lost > 30s. Taking over trailing...
2026-08-13 01:13:35,009 [WARNING] [ACTIVE] TIE heartbeat lost > 30s. Taking over trailing...
2026-08-13 01:13:40,093 [WARNING] [ACTIVE] TIE heartbeat lost > 30s. Taking over trailing...
2026-08-13 01:13:45,199 [WARNING] [ACTIVE] TIE heartbeat lost > 30s. Taking over trailing...
2026-08-13 01:13:50,288 [WARNING] [ACTIVE] TIE heartbeat lost > 30s. Taking over trailing...
2026-08-13 01:13:55,352 [WARNING] [ACTIVE] TIE heartbeat lost > 30s. Taking over trailing...
2026-08-13 01:14:00,425 [WARNING] [ACTIVE] TIE heartbeat lost > 30s. Taking over trailing...
2026-08-13 01:14:05,495 [WARNING] [ACTIVE] TIE heartbeat lost > 30s. Taking over trailing...
2026-08-13 01:14:10,560 [WARNING] [ACTIVE] TIE heartbeat lost > 30s. Taking over trailing...
2026-08-13 01:14:15,630 [WARNING] [ACTIVE] TIE heartbeat lost > 30s. Taking over trailing...
2026-08-13 01:14:20,699 [WARNING] [ACTIVE] TIE heartbeat lost > 30s. Taking over trailing...
2026-08-13 01:14:25,780 [WARNING] [ACTIVE] TIE heartbeat lost > 30s. Taking over trailing...
2026-08-13 01:14:30,863 [WARNING] [ACTIVE] TIE heartbeat lost > 30s. Taking over trailing...
2026-08-13 01:14:35,944 [WARNING] [ACTIVE] TIE heartbeat lost > 30s. Taking over trailing...
2026-08-13 01:14:41,008 [WARNING] [ACTIVE] TIE heartbeat lost > 30s. Taking over trailing...
2026-08-13 01:14:46,082 [WARNING] [ACTIVE] TIE heartbeat lost > 30s. Taking over trailing...
2026-08-13 01:14:51,145 [WARNING] [ACTIVE] TIE heartbeat lost > 30s. Taking over trailing...
2026-08-13 01:14:56,210 [WARNING] [ACTIVE] TIE heartbeat lost > 30s. Taking over trailing...
2026-08-13 01:15:01,280 [WARNING] [ACTIVE] TIE heartbeat lost > 30s. Taking over trailing...
2026-08-13 01:15:06,346 [WARNING] [ACTIVE] TIE heartbeat lost > 30s. Taking over trailing...
2026-08-13 01:15:11,419 [WARNING] [ACTIVE] TIE heartbeat lost > 30s. Taking over trailing...
2026-08-13 01:15:16,492 [WARNING] [ACTIVE] TIE heartbeat lost > 30s. Taking over trailing...
2026-08-13 01:15:21,560 [WARNING] [ACTIVE] TIE heartbeat lost > 30s. Taking over trailing...
2026-08-13 01:15:26,631 [WARNING] [ACTIVE] TIE heartbeat lost > 30s. Taking over trailing...
2026-08-13 01:15:31,722 [WARNING] [ACTIVE] TIE heartbeat lost > 30s. Taking over trailing...
2026-08-13 01:15:36,795 [WARNING] [ACTIVE] TIE heartbeat lost > 30s. Taking over trailing...
2026-08-13 01:15:41,885 [WARNING] [ACTIVE] TIE heartbeat lost > 30s. Taking over trailing...
2026-08-13 01:15:46,968 [WARNING] [ACTIVE] TIE heartbeat lost > 30s. Taking over trailing...
2026-08-13 01:15:52,044 [WARNING] [ACTIVE] TIE heartbeat lost > 30s. Taking over trailing...
2026-08-13 01:15:57,119 [WARNING] [ACTIVE] TIE heartbeat lost > 30s. Taking over trailing...
2026-08-13 01:16:02,187 [WARNING] [ACTIVE] TIE heartbeat lost > 30s. Taking over trailing...
2026-08-13 01:16:07,254 [WARNING] [ACTIVE] TIE heartbeat lost > 30s. Taking over trailing...
2026-08-13 01:16:12,333 [WARNING] [ACTIVE] TIE heartbeat lost > 30s. Taking over trailing...
2026-08-13 01:16:17,401 [WARNING] [ACTIVE] TIE heartbeat lost > 30s. Taking over trailing...
2026-08-13 01:16:22,471 [WARNING] [ACTIVE] TIE heartbeat lost > 30s. Taking over trailing...
2026-08-13 01:16:27,584 [WARNING] [ACTIVE] TIE heartbeat lost > 30s. Taking over trailing...
2026-08-13 01:16:32,668 [WARNING] [ACTIVE] TIE heartbeat lost > 30s. Taking over trailing...
2026-08-13 01:16:37,754 [WARNING] [ACTIVE] TIE heartbeat lost > 30s. Taking over trailing...
2026-08-13 01:16:42,820 [WARNING] [ACTIVE] TIE heartbeat lost > 30s. Taking over trailing...
2026-08-13 01:16:47,901 [WARNING] [ACTIVE] TIE heartbeat lost > 30s. Taking over trailing...
2026-08-13 01:16:52,973 [WARNING] [ACTIVE] TIE heartbeat lost > 30s. Taking over trailing...
2026-08-13 01:16:58,041 [WARNING] [ACTIVE] TIE heartbeat lost > 30s. Taking over trailing...
2026-08-13 01:17:03,154 [WARNING] [ACTIVE] TIE heartbeat lost > 30s. Taking over trailing...
2026-08-13 01:17:08,246 [WARNING] [ACTIVE] TIE heartbeat lost > 30s. Taking over trailing...
2026-08-13 01:17:13,322 [WARNING] [ACTIVE] TIE heartbeat lost > 30s. Taking over trailing...
2026-08-13 01:17:18,391 [WARNING] [ACTIVE] TIE heartbeat lost > 30s. Taking over trailing...
2026-08-13 01:17:18,392 [INFO] [3629007658] BE lock $1.5 → SL 4407.20 | profit $1.63
2026-08-13 01:17:19,209 [INFO] [3629007658] MODIFIED SL → 4407.2
2026-08-13 01:17:24,273 [WARNING] [ACTIVE] TIE heartbeat lost > 30s. Taking over trailing...
2026-08-13 01:17:29,350 [WARNING] [ACTIVE] TIE heartbeat lost > 30s. Taking over trailing...
2026-08-13 01:17:34,427 [WARNING] [ACTIVE] TIE heartbeat lost > 30s. Taking over trailing...
2026-08-13 01:17:39,512 [WARNING] [ACTIVE] TIE heartbeat lost > 30s. Taking over trailing...
2026-08-13 01:17:44,583 [WARNING] [ACTIVE] TIE heartbeat lost > 30s. Taking over trailing...
2026-08-13 01:17:49,663 [WARNING] [ACTIVE] TIE heartbeat lost > 30s. Taking over trailing...
2026-08-13 01:17:54,746 [WARNING] [ACTIVE] TIE heartbeat lost > 30s. Taking over trailing...
2026-08-13 01:17:59,829 [WARNING] [ACTIVE] TIE heartbeat lost > 30s. Taking over trailing...
2026-08-13 01:18:04,917 [WARNING] [ACTIVE] TIE heartbeat lost > 30s. Taking over trailing...
2026-08-13 01:18:09,983 [WARNING] [ACTIVE] TIE heartbeat lost > 30s. Taking over trailing...
2026-08-13 01:18:15,042 [WARNING] [ACTIVE] TIE heartbeat lost > 30s. Taking over trailing...
2026-08-13 01:18:20,118 [WARNING] [ACTIVE] TIE heartbeat lost > 30s. Taking over trailing...
2026-08-13 01:18:25,186 [WARNING] [ACTIVE] TIE heartbeat lost > 30s. Taking over trailing...
2026-08-13 01:18:30,251 [WARNING] [ACTIVE] TIE heartbeat lost > 30s. Taking over trailing...
2026-08-13 01:18:35,315 [WARNING] [ACTIVE] TIE heartbeat lost > 30s. Taking over trailing...
2026-08-13 01:18:40,381 [WARNING] [ACTIVE] TIE heartbeat lost > 30s. Taking over trailing...
2026-08-13 01:18:45,464 [WARNING] [ACTIVE] TIE heartbeat lost > 30s. Taking over trailing...
2026-08-13 01:18:50,602 [WARNING] [ACTIVE] TIE heartbeat lost > 30s. Taking over trailing...
2026-08-13 01:18:55,679 [WARNING] [ACTIVE] TIE heartbeat lost > 30s. Taking over trailing...
2026-08-13 01:19:00,772 [WARNING] [ACTIVE] TIE heartbeat lost > 30s. Taking over trailing...
2026-08-13 01:19:05,849 [WARNING] [ACTIVE] TIE heartbeat lost > 30s. Taking over trailing...
2026-08-13 01:19:10,923 [WARNING] [ACTIVE] TIE heartbeat lost > 30s. Taking over trailing...
2026-08-13 01:19:15,991 [WARNING] [ACTIVE] TIE heartbeat lost > 30s. Taking over trailing...
2026-08-13 01:19:21,060 [WARNING] [ACTIVE] TIE heartbeat lost > 30s. Taking over trailing...
2026-08-13 01:19:21,060 [INFO] [3629012684] BE lock $1.5 → SL 4407.53 | profit $1.60
2026-08-13 01:19:22,894 [INFO] [3629012684] MODIFIED SL → 4407.53
2026-08-13 01:19:27,963 [WARNING] [ACTIVE] TIE heartbeat lost > 30s. Taking over trailing...
2026-08-13 01:19:33,035 [WARNING] [ACTIVE] TIE heartbeat lost > 30s. Taking over trailing...
2026-08-13 01:19:33,036 [INFO] [3629012684] BE lock $1.5 → SL 4407.53 | profit $1.52
2026-08-13 01:19:35,372 [INFO] [3629012684] MODIFIED SL → 4407.53
2026-08-13 01:19:40,475 [WARNING] [ACTIVE] TIE heartbeat lost > 30s. Taking over trailing...
2026-08-13 01:19:40,475 [INFO] [3629012684] BE lock $1.5 → SL 4407.53 | profit $1.99
2026-08-13 01:19:40,556 [INFO] [3629012684] MODIFIED SL → 4407.53
2026-08-13 01:19:45,626 [WARNING] [ACTIVE] TIE heartbeat lost > 30s. Taking over trailing...
2026-08-13 01:19:50,695 [WARNING] [ACTIVE] TIE heartbeat lost > 30s. Taking over trailing...
2026-08-13 01:22:23,045 [WARNING] [ACTIVE] TIE heartbeat lost > 30s. Taking over trailing...
2026-08-13 01:22:28,129 [WARNING] [ACTIVE] TIE heartbeat lost > 30s. Taking over trailing...
2026-08-13 01:22:33,204 [WARNING] [ACTIVE] TIE heartbeat lost > 30s. Taking over trailing...
2026-08-13 01:22:38,274 [WARNING] [ACTIVE] TIE heartbeat lost > 30s. Taking over trailing...
2026-08-13 01:22:43,341 [WARNING] [ACTIVE] TIE heartbeat lost > 30s. Taking over trailing...
2026-08-13 01:22:48,412 [WARNING] [ACTIVE] TIE heartbeat lost > 30s. Taking over trailing...
2026-08-13 01:22:53,493 [WARNING] [ACTIVE] TIE heartbeat lost > 30s. Taking over trailing...
2026-08-13 01:22:58,570 [WARNING] [ACTIVE] TIE heartbeat lost > 30s. Taking over trailing...
2026-08-13 01:23:03,662 [WARNING] [ACTIVE] TIE heartbeat lost > 30s. Taking over trailing...
2026-08-13 01:23:08,762 [WARNING] [ACTIVE] TIE heartbeat lost > 30s. Taking over trailing...
2026-08-13 01:23:13,860 [WARNING] [ACTIVE] TIE heartbeat lost > 30s. Taking over trailing...
2026-08-13 01:23:18,929 [WARNING] [ACTIVE] TIE heartbeat lost > 30s. Taking over trailing...
2026-08-13 01:23:24,008 [WARNING] [ACTIVE] TIE heartbeat lost > 30s. Taking over trailing...
2026-08-13 01:23:29,078 [WARNING] [ACTIVE] TIE heartbeat lost > 30s. Taking over trailing...
2026-08-13 01:23:34,144 [WARNING] [ACTIVE] TIE heartbeat lost > 30s. Taking over trailing...
2026-08-13 01:23:39,211 [WARNING] [ACTIVE] TIE heartbeat lost > 30s. Taking over trailing...
2026-08-13 01:23:44,290 [WARNING] [ACTIVE] TIE heartbeat lost > 30s. Taking over trailing...
2026-08-13 01:23:49,372 [WARNING] [ACTIVE] TIE heartbeat lost > 30s. Taking over trailing...
2026-08-13 01:23:54,443 [WARNING] [ACTIVE] TIE heartbeat lost > 30s. Taking over trailing...
2026-08-13 01:23:59,523 [WARNING] [ACTIVE] TIE heartbeat lost > 30s. Taking over trailing...
2026-08-13 01:24:04,621 [WARNING] [ACTIVE] TIE heartbeat lost > 30s. Taking over trailing...
2026-08-13 01:24:09,732 [WARNING] [ACTIVE] TIE heartbeat lost > 30s. Taking over trailing...
2026-08-13 01:24:14,795 [WARNING] [ACTIVE] TIE heartbeat lost > 30s. Taking over trailing...
2026-08-13 01:24:19,848 [WARNING] [ACTIVE] TIE heartbeat lost > 30s. Taking over trailing...
2026-08-13 01:24:24,911 [WARNING] [ACTIVE] TIE heartbeat lost > 30s. Taking over trailing...
2026-08-13 01:24:30,000 [WARNING] [ACTIVE] TIE heartbeat lost > 30s. Taking over trailing...
2026-08-13 01:24:35,069 [WARNING] [ACTIVE] TIE heartbeat lost > 30s. Taking over trailing...
2026-08-13 01:24:40,136 [WARNING] [ACTIVE] TIE heartbeat lost > 30s. Taking over trailing...
2026-08-13 01:24:45,209 [WARNING] [ACTIVE] TIE heartbeat lost > 30s. Taking over trailing...
2026-08-13 01:24:50,274 [WARNING] [ACTIVE] TIE heartbeat lost > 30s. Taking over trailing...
2026-08-13 01:24:55,342 [WARNING] [ACTIVE] TIE heartbeat lost > 30s. Taking over trailing...
2026-08-13 01:25:00,412 [WARNING] [ACTIVE] TIE heartbeat lost > 30s. Taking over trailing...
2026-08-13 01:25:05,475 [WARNING] [ACTIVE] TIE heartbeat lost > 30s. Taking over trailing...
2026-08-13 01:25:10,544 [WARNING] [ACTIVE] TIE heartbeat lost > 30s. Taking over trailing...
2026-08-13 01:25:15,607 [WARNING] [ACTIVE] TIE heartbeat lost > 30s. Taking over trailing...
2026-08-13 01:25:20,671 [WARNING] [ACTIVE] TIE heartbeat lost > 30s. Taking over trailing...
2026-08-13 01:25:25,744 [WARNING] [ACTIVE] TIE heartbeat lost > 30s. Taking over trailing...
2026-08-13 01:25:30,840 [WARNING] [ACTIVE] TIE heartbeat lost > 30s. Taking over trailing...
2026-08-13 01:25:35,914 [WARNING] [ACTIVE] TIE heartbeat lost > 30s. Taking over trailing...
2026-08-13 01:25:40,996 [WARNING] [ACTIVE] TIE heartbeat lost > 30s. Taking over trailing...
2026-08-13 01:25:46,082 [WARNING] [ACTIVE] TIE heartbeat lost > 30s. Taking over trailing...
2026-08-13 01:25:51,161 [WARNING] [ACTIVE] TIE heartbeat lost > 30s. Taking over trailing...
2026-08-13 01:25:56,237 [WARNING] [ACTIVE] TIE heartbeat lost > 30s. Taking over trailing...
2026-08-13 01:26:01,308 [WARNING] [ACTIVE] TIE heartbeat lost > 30s. Taking over trailing...
2026-08-13 01:26:06,374 [WARNING] [ACTIVE] TIE heartbeat lost > 30s. Taking over trailing...
2026-08-13 01:26:11,434 [WARNING] [ACTIVE] TIE heartbeat lost > 30s. Taking over trailing...
2026-08-13 01:26:16,503 [WARNING] [ACTIVE] TIE heartbeat lost > 30s. Taking over trailing...
2026-08-13 01:26:21,565 [WARNING] [ACTIVE] TIE heartbeat lost > 30s. Taking over trailing...
2026-08-13 01:26:26,644 [WARNING] [ACTIVE] TIE heartbeat lost > 30s. Taking over trailing...
2026-08-13 01:26:31,716 [WARNING] [ACTIVE] TIE heartbeat lost > 30s. Taking over trailing...
2026-08-13 01:26:36,784 [WARNING] [ACTIVE] TIE heartbeat lost > 30s. Taking over trailing...
2026-08-13 01:26:41,853 [WARNING] [ACTIVE] TIE heartbeat lost > 30s. Taking over trailing...
2026-08-13 01:26:46,930 [WARNING] [ACTIVE] TIE heartbeat lost > 30s. Taking over trailing...
2026-08-13 01:26:52,020 [WARNING] [ACTIVE] TIE heartbeat lost > 30s. Taking over trailing...
2026-08-13 01:26:57,106 [WARNING] [ACTIVE] TIE heartbeat lost > 30s. Taking over trailing...
2026-08-13 01:27:02,181 [WARNING] [ACTIVE] TIE heartbeat lost > 30s. Taking over trailing...
2026-08-13 01:27:07,254 [WARNING] [ACTIVE] TIE heartbeat lost > 30s. Taking over trailing...
2026-08-13 01:27:12,371 [WARNING] [ACTIVE] TIE heartbeat lost > 30s. Taking over trailing...
2026-08-13 01:27:17,437 [WARNING] [ACTIVE] TIE heartbeat lost > 30s. Taking over trailing...
2026-08-13 01:27:22,526 [WARNING] [ACTIVE] TIE heartbeat lost > 30s. Taking over trailing...
2026-08-13 01:27:27,589 [WARNING] [ACTIVE] TIE heartbeat lost > 30s. Taking over trailing...
2026-08-13 01:27:32,650 [WARNING] [ACTIVE] TIE heartbeat lost > 30s. Taking over trailing...
2026-08-13 01:27:37,727 [WARNING] [ACTIVE] TIE heartbeat lost > 30s. Taking over trailing...
2026-08-13 01:27:42,789 [WARNING] [ACTIVE] TIE heartbeat lost > 30s. Taking over trailing...
2026-08-13 01:27:47,878 [WARNING] [ACTIVE] TIE heartbeat lost > 30s. Taking over trailing...
2026-08-13 01:27:52,947 [WARNING] [ACTIVE] TIE heartbeat lost > 30s. Taking over trailing...
2026-08-13 01:27:58,016 [WARNING] [ACTIVE] TIE heartbeat lost > 30s. Taking over trailing...
2026-08-13 01:28:03,116 [WARNING] [ACTIVE] TIE heartbeat lost > 30s. Taking over trailing...
2026-08-13 01:28:08,197 [WARNING] [ACTIVE] TIE heartbeat lost > 30s. Taking over trailing...
2026-08-13 01:28:13,286 [WARNING] [ACTIVE] TIE heartbeat lost > 30s. Taking over trailing...
2026-08-13 01:28:18,374 [WARNING] [ACTIVE] TIE heartbeat lost > 30s. Taking over trailing...
2026-08-13 01:28:23,437 [WARNING] [ACTIVE] TIE heartbeat lost > 30s. Taking over trailing...
2026-08-13 01:28:28,519 [WARNING] [ACTIVE] TIE heartbeat lost > 30s. Taking over trailing...
2026-08-13 01:28:33,593 [WARNING] [ACTIVE] TIE heartbeat lost > 30s. Taking over trailing...
2026-08-13 01:28:38,691 [WARNING] [ACTIVE] TIE heartbeat lost > 30s. Taking over trailing...
2026-08-13 01:28:43,824 [WARNING] [ACTIVE] TIE heartbeat lost > 30s. Taking over trailing...
2026-08-13 01:28:48,887 [WARNING] [ACTIVE] TIE heartbeat lost > 30s. Taking over trailing...
2026-08-13 01:28:53,959 [WARNING] [ACTIVE] TIE heartbeat lost > 30s. Taking over trailing...
2026-08-13 01:28:59,038 [WARNING] [ACTIVE] TIE heartbeat lost > 30s. Taking over trailing...
2026-08-13 01:29:04,102 [WARNING] [ACTIVE] TIE heartbeat lost > 30s. Taking over trailing...
2026-08-13 01:29:09,180 [WARNING] [ACTIVE] TIE heartbeat lost > 30s. Taking over trailing...
2026-08-13 01:29:14,256 [WARNING] [ACTIVE] TIE heartbeat lost > 30s. Taking over trailing...
2026-08-13 01:29:19,321 [WARNING] [ACTIVE] TIE heartbeat lost > 30s. Taking over trailing...
2026-08-13 01:29:24,403 [WARNING] [ACTIVE] TIE heartbeat lost > 30s. Taking over trailing...
2026-08-13 01:29:29,471 [WARNING] [ACTIVE] TIE heartbeat lost > 30s. Taking over trailing...
2026-08-13 01:29:34,552 [WARNING] [ACTIVE] TIE heartbeat lost > 30s. Taking over trailing...
2026-08-13 01:29:39,630 [WARNING] [ACTIVE] TIE heartbeat lost > 30s. Taking over trailing...
2026-08-13 01:29:44,702 [WARNING] [ACTIVE] TIE heartbeat lost > 30s. Taking over trailing...
2026-08-13 01:29:49,783 [WARNING] [ACTIVE] TIE heartbeat lost > 30s. Taking over trailing...
2026-08-13 01:29:54,890 [WARNING] [ACTIVE] TIE heartbeat lost > 30s. Taking over trailing...
2026-08-13 01:29:59,954 [WARNING] [ACTIVE] TIE heartbeat lost > 30s. Taking over trailing...
2026-08-13 01:30:05,024 [WARNING] [ACTIVE] TIE heartbeat lost > 30s. Taking over trailing...
2026-08-13 01:30:10,097 [WARNING] [ACTIVE] TIE heartbeat lost > 30s. Taking over trailing...
2026-08-13 01:30:15,167 [WARNING] [ACTIVE] TIE heartbeat lost > 30s. Taking over trailing...
2026-08-13 01:30:20,267 [WARNING] [ACTIVE] TIE heartbeat lost > 30s. Taking over trailing...
2026-08-13 01:30:25,358 [WARNING] [ACTIVE] TIE heartbeat lost > 30s. Taking over trailing...
2026-08-13 01:30:30,424 [WARNING] [ACTIVE] TIE heartbeat lost > 30s. Taking over trailing...
2026-08-13 01:30:35,504 [WARNING] [ACTIVE] TIE heartbeat lost > 30s. Taking over trailing...
2026-08-13 01:30:40,574 [WARNING] [ACTIVE] TIE heartbeat lost > 30s. Taking over trailing...
2026-08-13 01:30:45,667 [WARNING] [ACTIVE] TIE heartbeat lost > 30s. Taking over trailing...
2026-08-13 01:30:50,751 [WARNING] [ACTIVE] TIE heartbeat lost > 30s. Taking over trailing...
2026-08-13 01:30:55,820 [WARNING] [ACTIVE] TIE heartbeat lost > 30s. Taking over trailing...
2026-08-13 01:31:00,896 [WARNING] [ACTIVE] TIE heartbeat lost > 30s. Taking over trailing...
2026-08-13 01:31:05,963 [WARNING] [ACTIVE] TIE heartbeat lost > 30s. Taking over trailing...
2026-08-13 01:31:11,070 [WARNING] [ACTIVE] TIE heartbeat lost > 30s. Taking over trailing...
2026-08-13 01:31:16,201 [WARNING] [ACTIVE] TIE heartbeat lost > 30s. Taking over trailing...
2026-08-13 01:31:21,279 [WARNING] [ACTIVE] TIE heartbeat lost > 30s. Taking over trailing...
2026-08-13 01:31:26,358 [WARNING] [ACTIVE] TIE heartbeat lost > 30s. Taking over trailing...
2026-08-13 01:31:31,428 [WARNING] [ACTIVE] TIE heartbeat lost > 30s. Taking over trailing...
2026-08-13 01:31:36,498 [WARNING] [ACTIVE] TIE heartbeat lost > 30s. Taking over trailing...
2026-08-13 01:31:41,570 [WARNING] [ACTIVE] TIE heartbeat lost > 30s. Taking over trailing...
2026-08-13 01:31:46,652 [WARNING] [ACTIVE] TIE heartbeat lost > 30s. Taking over trailing...
2026-08-13 01:31:51,755 [WARNING] [ACTIVE] TIE heartbeat lost > 30s. Taking over trailing...
2026-08-13 01:31:56,843 [WARNING] [ACTIVE] TIE heartbeat lost > 30s. Taking over trailing...
2026-08-13 01:32:01,929 [WARNING] [ACTIVE] TIE heartbeat lost > 30s. Taking over trailing...
2026-08-13 01:32:06,994 [WARNING] [ACTIVE] TIE heartbeat lost > 30s. Taking over trailing...
2026-08-13 01:32:12,073 [WARNING] [ACTIVE] TIE heartbeat lost > 30s. Taking over trailing...
2026-08-13 01:32:17,154 [WARNING] [ACTIVE] TIE heartbeat lost > 30s. Taking over trailing...
2026-08-13 01:32:22,228 [WARNING] [ACTIVE] TIE heartbeat lost > 30s. Taking over trailing...
2026-08-13 01:32:27,295 [WARNING] [ACTIVE] TIE heartbeat lost > 30s. Taking over trailing...
2026-08-13 01:32:32,367 [WARNING] [ACTIVE] TIE heartbeat lost > 30s. Taking over trailing...
2026-08-13 01:32:37,451 [WARNING] [ACTIVE] TIE heartbeat lost > 30s. Taking over trailing...
2026-08-13 01:32:42,514 [WARNING] [ACTIVE] TIE heartbeat lost > 30s. Taking over trailing...
2026-08-13 01:32:42,514 [INFO] [3629045602] BE lock $1.5 → SL 4411.10 | profit $1.58
2026-08-13 01:32:43,358 [INFO] [3629045602] MODIFIED SL → 4411.1
2026-08-13 01:32:48,423 [WARNING] [ACTIVE] TIE heartbeat lost > 30s. Taking over trailing...
2026-08-13 01:32:53,510 [WARNING] [ACTIVE] TIE heartbeat lost > 30s. Taking over trailing...
2026-08-13 01:32:58,577 [WARNING] [ACTIVE] TIE heartbeat lost > 30s. Taking over trailing...
2026-08-13 01:33:03,679 [WARNING] [ACTIVE] TIE heartbeat lost > 30s. Taking over trailing...
2026-08-13 01:33:08,765 [WARNING] [ACTIVE] TIE heartbeat lost > 30s. Taking over trailing...
2026-08-13 01:33:08,766 [INFO] [3629050022] BE lock $1.5 → SL 4411.46 | profit $1.50
2026-08-13 01:33:09,309 [INFO] [3629050022] MODIFIED SL → 4411.46
2026-08-13 01:33:14,381 [WARNING] [ACTIVE] TIE heartbeat lost > 30s. Taking over trailing...
2026-08-13 01:33:14,381 [INFO] [3629050022] Trail: profit $2.31 peak $2.31 locked $1.51 → SL 4411.47
2026-08-13 01:33:14,454 [INFO] [3629050022] MODIFIED SL → 4411.47
2026-08-13 01:33:14,454 [INFO] [3629052338] BE lock $1.5 → SL 4411.51 | profit $2.26
2026-08-13 01:33:14,525 [INFO] [3629052338] MODIFIED SL → 4411.51
2026-08-13 01:33:19,604 [WARNING] [ACTIVE] TIE heartbeat lost > 30s. Taking over trailing...
2026-08-13 01:33:24,691 [WARNING] [ACTIVE] TIE heartbeat lost > 30s. Taking over trailing...
2026-08-13 01:33:29,767 [WARNING] [ACTIVE] TIE heartbeat lost > 30s. Taking over trailing...
2026-08-13 01:33:34,850 [WARNING] [ACTIVE] TIE heartbeat lost > 30s. Taking over trailing...
2026-08-13 01:33:39,923 [WARNING] [ACTIVE] TIE heartbeat lost > 30s. Taking over trailing...
2026-08-13 01:33:44,999 [WARNING] [ACTIVE] TIE heartbeat lost > 30s. Taking over trailing...
2026-08-13 01:33:50,120 [WARNING] [ACTIVE] TIE heartbeat lost > 30s. Taking over trailing...
2026-08-13 01:33:55,182 [WARNING] [ACTIVE] TIE heartbeat lost > 30s. Taking over trailing...
2026-08-13 01:34:00,254 [WARNING] [ACTIVE] TIE heartbeat lost > 30s. Taking over trailing...
2026-08-13 01:34:00,254 [INFO] [3629050022] Trail: profit $2.42 peak $2.42 locked $1.62 → SL 4411.58
2026-08-13 01:34:00,342 [INFO] [3629050022] MODIFIED SL → 4411.58
2026-08-13 01:34:00,343 [INFO] [3629052338] Trail: profit $2.37 peak $2.37 locked $1.57 → SL 4411.58
2026-08-13 01:34:00,425 [INFO] [3629052338] MODIFIED SL → 4411.58
2026-08-13 01:34:05,490 [WARNING] [ACTIVE] TIE heartbeat lost > 30s. Taking over trailing...
2026-08-13 01:34:10,604 [WARNING] [ACTIVE] TIE heartbeat lost > 30s. Taking over trailing...
2026-08-13 01:34:15,674 [WARNING] [ACTIVE] TIE heartbeat lost > 30s. Taking over trailing...
2026-08-13 01:34:20,746 [WARNING] [ACTIVE] TIE heartbeat lost > 30s. Taking over trailing...
2026-08-13 01:34:25,845 [WARNING] [ACTIVE] TIE heartbeat lost > 30s. Taking over trailing...
2026-08-13 01:34:25,845 [INFO] [3629050022] Trail: profit $2.52 peak $2.52 locked $1.72 → SL 4411.68
2026-08-13 01:34:25,933 [INFO] [3629050022] MODIFIED SL → 4411.68
2026-08-13 01:34:25,933 [INFO] [3629052338] Trail: profit $2.47 peak $2.47 locked $1.67 → SL 4411.68
2026-08-13 01:34:26,010 [INFO] [3629052338] MODIFIED SL → 4411.68
2026-08-13 01:34:31,082 [WARNING] [ACTIVE] TIE heartbeat lost > 30s. Taking over trailing...
2026-08-13 01:34:31,082 [INFO] [3629050022] Trail: profit $2.88 peak $2.88 locked $2.08 → SL 4412.04
2026-08-13 01:34:31,161 [INFO] [3629050022] MODIFIED SL → 4412.04
2026-08-13 01:34:31,161 [INFO] [3629052338] Trail: profit $2.83 peak $2.83 locked $2.03 → SL 4412.04
2026-08-13 01:34:31,238 [INFO] [3629052338] MODIFIED SL → 4412.04
2026-08-13 01:34:36,323 [WARNING] [ACTIVE] TIE heartbeat lost > 30s. Taking over trailing...
2026-08-13 01:34:41,498 [WARNING] [ACTIVE] TIE heartbeat lost > 30s. Taking over trailing...
2026-08-13 01:34:46,566 [WARNING] [ACTIVE] TIE heartbeat lost > 30s. Taking over trailing...
2026-08-13 01:34:51,643 [WARNING] [ACTIVE] TIE heartbeat lost > 30s. Taking over trailing...
2026-08-13 01:34:56,731 [WARNING] [ACTIVE] TIE heartbeat lost > 30s. Taking over trailing...
2026-08-13 01:35:01,806 [WARNING] [ACTIVE] TIE heartbeat lost > 30s. Taking over trailing...
2026-08-13 01:35:06,874 [WARNING] [ACTIVE] TIE heartbeat lost > 30s. Taking over trailing...
2026-08-13 01:35:11,948 [WARNING] [ACTIVE] TIE heartbeat lost > 30s. Taking over trailing...
2026-08-13 01:35:17,010 [WARNING] [ACTIVE] TIE heartbeat lost > 30s. Taking over trailing...
2026-08-13 07:00:44,557 [WARNING] [ACTIVE] TIE heartbeat lost > 30s. Taking over trailing...
2026-08-13 07:00:49,638 [WARNING] [ACTIVE] TIE heartbeat lost > 30s. Taking over trailing...
2026-08-13 07:00:54,702 [WARNING] [ACTIVE] TIE heartbeat lost > 30s. Taking over trailing...
2026-08-13 07:00:59,807 [WARNING] [ACTIVE] TIE heartbeat lost > 30s. Taking over trailing...
2026-08-13 07:01:04,880 [WARNING] [ACTIVE] TIE heartbeat lost > 30s. Taking over trailing...
2026-08-13 07:01:09,954 [WARNING] [ACTIVE] TIE heartbeat lost > 30s. Taking over trailing...
2026-08-13 07:01:15,048 [WARNING] [ACTIVE] TIE heartbeat lost > 30s. Taking over trailing...
2026-08-13 07:01:20,112 [WARNING] [ACTIVE] TIE heartbeat lost > 30s. Taking over trailing...
2026-08-13 07:01:25,172 [WARNING] [ACTIVE] TIE heartbeat lost > 30s. Taking over trailing...
2026-08-13 07:01:30,240 [WARNING] [ACTIVE] TIE heartbeat lost > 30s. Taking over trailing...
2026-08-13 07:01:35,306 [WARNING] [ACTIVE] TIE heartbeat lost > 30s. Taking over trailing...
2026-08-13 07:01:40,371 [WARNING] [ACTIVE] TIE heartbeat lost > 30s. Taking over trailing...
2026-08-13 07:01:45,432 [WARNING] [ACTIVE] TIE heartbeat lost > 30s. Taking over trailing...
2026-08-13 07:01:50,492 [WARNING] [ACTIVE] TIE heartbeat lost > 30s. Taking over trailing...
2026-08-13 07:01:55,553 [WARNING] [ACTIVE] TIE heartbeat lost > 30s. Taking over trailing...
2026-08-13 07:02:00,628 [WARNING] [ACTIVE] TIE heartbeat lost > 30s. Taking over trailing...
2026-08-13 07:02:05,690 [WARNING] [ACTIVE] TIE heartbeat lost > 30s. Taking over trailing...
2026-08-13 07:02:10,780 [WARNING] [ACTIVE] TIE heartbeat lost > 30s. Taking over trailing...
2026-08-13 07:02:15,847 [WARNING] [ACTIVE] TIE heartbeat lost > 30s. Taking over trailing...
2026-08-13 07:02:20,933 [WARNING] [ACTIVE] TIE heartbeat lost > 30s. Taking over trailing...
2026-08-13 07:02:26,012 [WARNING] [ACTIVE] TIE heartbeat lost > 30s. Taking over trailing...
2026-08-13 07:02:31,078 [WARNING] [ACTIVE] TIE heartbeat lost > 30s. Taking over trailing...
2026-08-13 07:02:36,137 [WARNING] [ACTIVE] TIE heartbeat lost > 30s. Taking over trailing...
2026-08-13 07:02:41,204 [WARNING] [ACTIVE] TIE heartbeat lost > 30s. Taking over trailing...
2026-08-13 07:02:46,289 [WARNING] [ACTIVE] TIE heartbeat lost > 30s. Taking over trailing...
2026-08-13 07:02:51,351 [WARNING] [ACTIVE] TIE heartbeat lost > 30s. Taking over trailing...
2026-08-13 07:02:56,415 [WARNING] [ACTIVE] TIE heartbeat lost > 30s. Taking over trailing...
2026-08-13 07:03:01,479 [WARNING] [ACTIVE] TIE heartbeat lost > 30s. Taking over trailing...
2026-08-13 07:03:06,561 [WARNING] [ACTIVE] TIE heartbeat lost > 30s. Taking over trailing...
2026-08-13 07:03:11,625 [WARNING] [ACTIVE] TIE heartbeat lost > 30s. Taking over trailing...
2026-08-13 07:03:11,626 [INFO] [3629662106] BE lock $1.5 → SL 4416.33 | profit $4.22
2026-08-13 07:03:11,710 [INFO] [3629662106] MODIFIED SL → 4416.33
2026-08-13 07:03:16,786 [WARNING] [ACTIVE] TIE heartbeat lost > 30s. Taking over trailing...
2026-08-13 07:03:16,786 [INFO] [3629662106] Trail: profit $4.14 peak $4.14 locked $1.64 → SL 4416.47
2026-08-13 07:03:16,878 [INFO] [3629662106] MODIFIED SL → 4416.47
2026-08-13 07:03:21,958 [WARNING] [ACTIVE] TIE heartbeat lost > 30s. Taking over trailing...
2026-08-13 07:03:27,043 [WARNING] [ACTIVE] TIE heartbeat lost > 30s. Taking over trailing...
2026-08-13 07:03:32,116 [WARNING] [ACTIVE] TIE heartbeat lost > 30s. Taking over trailing...
2026-08-13 07:03:37,179 [WARNING] [ACTIVE] TIE heartbeat lost > 30s. Taking over trailing...
2026-08-13 07:03:42,247 [WARNING] [ACTIVE] TIE heartbeat lost > 30s. Taking over trailing...
2026-08-13 07:03:47,313 [WARNING] [ACTIVE] TIE heartbeat lost > 30s. Taking over trailing...
2026-08-13 07:03:52,378 [WARNING] [ACTIVE] TIE heartbeat lost > 30s. Taking over trailing...
2026-08-13 07:03:57,440 [WARNING] [ACTIVE] TIE heartbeat lost > 30s. Taking over trailing...
2026-08-13 07:04:02,502 [WARNING] [ACTIVE] TIE heartbeat lost > 30s. Taking over trailing...
2026-08-13 07:04:07,564 [WARNING] [ACTIVE] TIE heartbeat lost > 30s. Taking over trailing...
2026-08-13 07:04:12,632 [WARNING] [ACTIVE] TIE heartbeat lost > 30s. Taking over trailing...
2026-08-13 07:04:17,695 [WARNING] [ACTIVE] TIE heartbeat lost > 30s. Taking over trailing...
2026-08-13 07:04:22,770 [WARNING] [ACTIVE] TIE heartbeat lost > 30s. Taking over trailing...
2026-08-13 07:04:27,855 [WARNING] [ACTIVE] TIE heartbeat lost > 30s. Taking over trailing...
2026-08-13 07:04:32,929 [WARNING] [ACTIVE] TIE heartbeat lost > 30s. Taking over trailing...
2026-08-13 07:04:38,018 [WARNING] [ACTIVE] TIE heartbeat lost > 30s. Taking over trailing...
2026-08-13 07:04:43,092 [WARNING] [ACTIVE] TIE heartbeat lost > 30s. Taking over trailing...
2026-08-13 07:04:48,155 [WARNING] [ACTIVE] TIE heartbeat lost > 30s. Taking over trailing...
2026-08-13 07:04:53,221 [WARNING] [ACTIVE] TIE heartbeat lost > 30s. Taking over trailing...
2026-08-13 07:04:58,291 [WARNING] [ACTIVE] TIE heartbeat lost > 30s. Taking over trailing...
2026-08-13 07:05:03,358 [WARNING] [ACTIVE] TIE heartbeat lost > 30s. Taking over trailing...
2026-08-13 07:05:08,424 [WARNING] [ACTIVE] TIE heartbeat lost > 30s. Taking over trailing...
2026-08-13 07:05:13,489 [WARNING] [ACTIVE] TIE heartbeat lost > 30s. Taking over trailing...
2026-08-13 07:05:18,570 [WARNING] [ACTIVE] TIE heartbeat lost > 30s. Taking over trailing...
2026-08-13 07:05:23,651 [WARNING] [ACTIVE] TIE heartbeat lost > 30s. Taking over trailing...
2026-08-13 07:05:28,725 [WARNING] [ACTIVE] TIE heartbeat lost > 30s. Taking over trailing...
2026-08-13 07:05:33,789 [WARNING] [ACTIVE] TIE heartbeat lost > 30s. Taking over trailing...
2026-08-13 07:05:38,847 [WARNING] [ACTIVE] TIE heartbeat lost > 30s. Taking over trailing...
2026-08-13 07:05:43,919 [WARNING] [ACTIVE] TIE heartbeat lost > 30s. Taking over trailing...
2026-08-13 07:05:48,982 [WARNING] [ACTIVE] TIE heartbeat lost > 30s. Taking over trailing...
2026-08-13 07:05:54,046 [WARNING] [ACTIVE] TIE heartbeat lost > 30s. Taking over trailing...
2026-08-13 07:05:59,111 [WARNING] [ACTIVE] TIE heartbeat lost > 30s. Taking over trailing...
2026-08-13 07:06:04,197 [WARNING] [ACTIVE] TIE heartbeat lost > 30s. Taking over trailing...
2026-08-13 07:06:09,268 [WARNING] [ACTIVE] TIE heartbeat lost > 30s. Taking over trailing...
2026-08-13 07:06:14,356 [WARNING] [ACTIVE] TIE heartbeat lost > 30s. Taking over trailing...
2026-08-13 07:06:19,443 [WARNING] [ACTIVE] TIE heartbeat lost > 30s. Taking over trailing...
2026-08-13 07:06:24,516 [WARNING] [ACTIVE] TIE heartbeat lost > 30s. Taking over trailing...
2026-08-13 07:06:29,590 [WARNING] [ACTIVE] TIE heartbeat lost > 30s. Taking over trailing...
2026-08-13 07:06:34,666 [WARNING] [ACTIVE] TIE heartbeat lost > 30s. Taking over trailing...
2026-08-13 07:06:39,739 [WARNING] [ACTIVE] TIE heartbeat lost > 30s. Taking over trailing...
2026-08-13 07:06:44,821 [WARNING] [ACTIVE] TIE heartbeat lost > 30s. Taking over trailing...
2026-08-13 07:06:49,884 [WARNING] [ACTIVE] TIE heartbeat lost > 30s. Taking over trailing...
2026-08-13 07:06:54,950 [WARNING] [ACTIVE] TIE heartbeat lost > 30s. Taking over trailing...
2026-08-13 07:07:00,013 [WARNING] [ACTIVE] TIE heartbeat lost > 30s. Taking over trailing...
2026-08-13 07:07:00,013 [INFO] [3629672055] BE lock $1.5 → SL 4417.59 | profit $3.14
2026-08-13 07:07:00,106 [INFO] [3629672055] MODIFIED SL → 4417.59
2026-08-13 07:07:05,172 [WARNING] [ACTIVE] TIE heartbeat lost > 30s. Taking over trailing...
2026-08-13 07:07:05,172 [INFO] [3629672055] Trail: profit $4.23 peak $4.23 locked $1.73 → SL 4417.82
2026-08-13 07:07:05,250 [INFO] [3629672055] MODIFIED SL → 4417.82
2026-08-13 07:07:05,250 [INFO] [3629685401] BE lock $1.5 → SL 4418.23 | profit $3.59
2026-08-13 07:07:05,329 [INFO] [3629685401] MODIFIED SL → 4418.23
2026-08-13 07:07:05,329 [INFO] [3629689355] BE lock $1.5 → SL 4418.65 | profit $3.17
2026-08-13 07:07:05,417 [INFO] [3629689355] MODIFIED SL → 4418.65
2026-08-13 07:07:10,484 [WARNING] [ACTIVE] TIE heartbeat lost > 30s. Taking over trailing...
2026-08-13 07:07:15,554 [WARNING] [ACTIVE] TIE heartbeat lost > 30s. Taking over trailing...
2026-08-13 07:07:20,640 [WARNING] [ACTIVE] TIE heartbeat lost > 30s. Taking over trailing...
2026-08-13 07:07:25,702 [WARNING] [ACTIVE] TIE heartbeat lost > 30s. Taking over trailing...
2026-08-13 07:07:30,773 [WARNING] [ACTIVE] TIE heartbeat lost > 30s. Taking over trailing...
2026-08-13 07:07:35,849 [WARNING] [ACTIVE] TIE heartbeat lost > 30s. Taking over trailing...
2026-08-13 07:07:40,912 [WARNING] [ACTIVE] TIE heartbeat lost > 30s. Taking over trailing...
2026-08-13 07:07:45,975 [WARNING] [ACTIVE] TIE heartbeat lost > 30s. Taking over trailing...
2026-08-13 07:07:51,039 [WARNING] [ACTIVE] TIE heartbeat lost > 30s. Taking over trailing...
2026-08-13 07:07:56,109 [WARNING] [ACTIVE] TIE heartbeat lost > 30s. Taking over trailing...
2026-08-13 07:07:56,109 [INFO] [3629672055] Trail: profit $4.60 peak $4.60 locked $2.10 → SL 4418.19
2026-08-13 07:07:56,186 [INFO] [3629672055] MODIFIED SL → 4418.19
2026-08-13 07:08:01,262 [WARNING] [ACTIVE] TIE heartbeat lost > 30s. Taking over trailing...
2026-08-13 07:08:06,384 [WARNING] [ACTIVE] TIE heartbeat lost > 30s. Taking over trailing...
2026-08-13 07:08:11,457 [WARNING] [ACTIVE] TIE heartbeat lost > 30s. Taking over trailing...
2026-08-13 07:08:16,520 [WARNING] [ACTIVE] TIE heartbeat lost > 30s. Taking over trailing...
2026-08-13 07:08:21,579 [WARNING] [ACTIVE] TIE heartbeat lost > 30s. Taking over trailing...
2026-08-13 07:08:26,669 [WARNING] [ACTIVE] TIE heartbeat lost > 30s. Taking over trailing...
2026-08-13 07:08:31,770 [WARNING] [ACTIVE] TIE heartbeat lost > 30s. Taking over trailing...
2026-08-13 07:08:36,833 [WARNING] [ACTIVE] TIE heartbeat lost > 30s. Taking over trailing...
2026-08-13 07:08:41,894 [WARNING] [ACTIVE] TIE heartbeat lost > 30s. Taking over trailing...
2026-08-13 07:08:46,964 [WARNING] [ACTIVE] TIE heartbeat lost > 30s. Taking over trailing...
2026-08-13 07:08:52,033 [WARNING] [ACTIVE] TIE heartbeat lost > 30s. Taking over trailing...
2026-08-13 07:08:52,033 [INFO] [3629672055] Trail: profit $4.97 peak $4.97 locked $2.47 → SL 4418.56
2026-08-13 07:08:52,108 [INFO] [3629672055] MODIFIED SL → 4418.56
2026-08-13 07:08:52,109 [INFO] [3629677314] BE lock $1.5 → SL 4419.42 | profit $3.14
2026-08-13 07:08:52,194 [INFO] [3629677314] MODIFIED SL → 4419.42
2026-08-13 07:08:52,194 [INFO] [3629685401] Trail: profit $4.33 peak $4.33 locked $1.83 → SL 4418.56
2026-08-13 07:08:52,261 [INFO] [3629685401] MODIFIED SL → 4418.56
2026-08-13 07:08:52,261 [INFO] [3629694134] BE lock $1.5 → SL 4419.31 | profit $3.25
2026-08-13 07:08:52,329 [INFO] [3629694134] MODIFIED SL → 4419.31
2026-08-13 07:08:57,407 [WARNING] [ACTIVE] TIE heartbeat lost > 30s. Taking over trailing...
2026-08-13 07:09:02,481 [WARNING] [ACTIVE] TIE heartbeat lost > 30s. Taking over trailing...
2026-08-13 07:09:02,481 [INFO] [3629672055] Trail: profit $5.30 peak $5.30 locked $2.80 → SL 4418.89
2026-08-13 07:09:02,552 [INFO] [3629672055] MODIFIED SL → 4418.89
2026-08-13 07:09:02,552 [INFO] [3629685401] Trail: profit $4.66 peak $4.66 locked $2.16 → SL 4418.89
2026-08-13 07:09:02,627 [INFO] [3629685401] MODIFIED SL → 4418.89
2026-08-13 07:09:02,628 [INFO] [3629689355] Trail: profit $4.24 peak $4.24 locked $1.74 → SL 4418.89
2026-08-13 07:09:02,731 [INFO] [3629689355] MODIFIED SL → 4418.89
2026-08-13 07:09:07,801 [WARNING] [ACTIVE] TIE heartbeat lost > 30s. Taking over trailing...
2026-08-13 07:09:12,861 [WARNING] [ACTIVE] TIE heartbeat lost > 30s. Taking over trailing...
2026-08-13 07:09:17,927 [WARNING] [ACTIVE] TIE heartbeat lost > 30s. Taking over trailing...
2026-08-13 07:09:17,927 [INFO] [3629672055] Trail: profit $5.65 peak $5.65 locked $3.15 → SL 4419.24
2026-08-13 07:09:17,994 [INFO] [3629672055] MODIFIED SL → 4419.24
2026-08-13 07:09:17,994 [INFO] [3629685401] Trail: profit $5.01 peak $5.01 locked $2.51 → SL 4419.24
2026-08-13 07:09:18,081 [INFO] [3629685401] MODIFIED SL → 4419.24
2026-08-13 07:09:18,082 [INFO] [3629689355] Trail: profit $4.59 peak $4.59 locked $2.09 → SL 4419.24
2026-08-13 07:09:18,151 [INFO] [3629689355] MODIFIED SL → 4419.24
2026-08-13 07:09:23,211 [WARNING] [ACTIVE] TIE heartbeat lost > 30s. Taking over trailing...
2026-08-13 07:09:23,211 [INFO] [3629672055] Trail: profit $5.66 peak $5.66 locked $3.16 → SL 4419.25
2026-08-13 07:09:23,281 [INFO] [3629672055] MODIFIED SL → 4419.25
2026-08-13 07:09:23,282 [INFO] [3629685401] Trail: profit $5.02 peak $5.02 locked $2.52 → SL 4419.25
2026-08-13 07:09:23,353 [INFO] [3629685401] MODIFIED SL → 4419.25
2026-08-13 07:09:23,353 [INFO] [3629689355] Trail: profit $4.60 peak $4.60 locked $2.10 → SL 4419.25
2026-08-13 07:09:23,422 [INFO] [3629689355] MODIFIED SL → 4419.25
2026-08-13 07:09:28,486 [WARNING] [ACTIVE] TIE heartbeat lost > 30s. Taking over trailing...
2026-08-13 07:09:33,550 [WARNING] [ACTIVE] TIE heartbeat lost > 30s. Taking over trailing...
2026-08-13 07:09:38,617 [WARNING] [ACTIVE] TIE heartbeat lost > 30s. Taking over trailing...
2026-08-13 07:09:43,684 [WARNING] [ACTIVE] TIE heartbeat lost > 30s. Taking over trailing...
2026-08-13 07:09:48,747 [WARNING] [ACTIVE] TIE heartbeat lost > 30s. Taking over trailing...
2026-08-13 07:09:53,813 [WARNING] [ACTIVE] TIE heartbeat lost > 30s. Taking over trailing...
2026-08-13 07:09:58,910 [WARNING] [ACTIVE] TIE heartbeat lost > 30s. Taking over trailing...
2026-08-13 07:10:03,984 [WARNING] [ACTIVE] TIE heartbeat lost > 30s. Taking over trailing...
2026-08-13 07:10:09,049 [WARNING] [ACTIVE] TIE heartbeat lost > 30s. Taking over trailing...
2026-08-13 07:10:14,110 [WARNING] [ACTIVE] TIE heartbeat lost > 30s. Taking over trailing...
2026-08-13 07:10:19,178 [WARNING] [ACTIVE] TIE heartbeat lost > 30s. Taking over trailing...
2026-08-13 07:10:24,248 [WARNING] [ACTIVE] TIE heartbeat lost > 30s. Taking over trailing...
2026-08-13 07:10:29,321 [WARNING] [ACTIVE] TIE heartbeat lost > 30s. Taking over trailing...
2026-08-13 07:10:34,409 [WARNING] [ACTIVE] TIE heartbeat lost > 30s. Taking over trailing...
2026-08-13 07:10:39,467 [WARNING] [ACTIVE] TIE heartbeat lost > 30s. Taking over trailing...
2026-08-13 07:10:44,527 [WARNING] [ACTIVE] TIE heartbeat lost > 30s. Taking over trailing...
2026-08-13 07:10:49,588 [WARNING] [ACTIVE] TIE heartbeat lost > 30s. Taking over trailing...
2026-08-13 07:10:54,651 [WARNING] [ACTIVE] TIE heartbeat lost > 30s. Taking over trailing...
2026-08-13 07:10:59,722 [WARNING] [ACTIVE] TIE heartbeat lost > 30s. Taking over trailing...
2026-08-13 07:11:04,786 [WARNING] [ACTIVE] TIE heartbeat lost > 30s. Taking over trailing...
2026-08-13 07:11:09,860 [WARNING] [ACTIVE] TIE heartbeat lost > 30s. Taking over trailing...
2026-08-13 07:11:14,926 [WARNING] [ACTIVE] TIE heartbeat lost > 30s. Taking over trailing...
2026-08-13 07:11:19,999 [WARNING] [ACTIVE] TIE heartbeat lost > 30s. Taking over trailing...
2026-08-13 07:11:25,064 [WARNING] [ACTIVE] TIE heartbeat lost > 30s. Taking over trailing...
2026-08-13 07:11:30,134 [WARNING] [ACTIVE] TIE heartbeat lost > 30s. Taking over trailing...
2026-08-13 07:11:35,195 [WARNING] [ACTIVE] TIE heartbeat lost > 30s. Taking over trailing...
2026-08-13 07:11:40,257 [WARNING] [ACTIVE] TIE heartbeat lost > 30s. Taking over trailing...
2026-08-13 07:11:45,321 [WARNING] [ACTIVE] TIE heartbeat lost > 30s. Taking over trailing...
2026-08-13 07:11:50,384 [WARNING] [ACTIVE] TIE heartbeat lost > 30s. Taking over trailing...
2026-08-13 07:11:55,456 [WARNING] [ACTIVE] TIE heartbeat lost > 30s. Taking over trailing...
2026-08-13 07:12:00,525 [WARNING] [ACTIVE] TIE heartbeat lost > 30s. Taking over trailing...
2026-08-13 07:12:05,632 [WARNING] [ACTIVE] TIE heartbeat lost > 30s. Taking over trailing...
2026-08-13 07:12:10,693 [WARNING] [ACTIVE] TIE heartbeat lost > 30s. Taking over trailing...
2026-08-13 07:12:15,784 [WARNING] [ACTIVE] TIE heartbeat lost > 30s. Taking over trailing...
2026-08-13 07:12:20,850 [WARNING] [ACTIVE] TIE heartbeat lost > 30s. Taking over trailing...
2026-08-13 07:12:25,920 [WARNING] [ACTIVE] TIE heartbeat lost > 30s. Taking over trailing...
2026-08-13 07:12:30,990 [WARNING] [ACTIVE] TIE heartbeat lost > 30s. Taking over trailing...
2026-08-13 07:12:36,067 [WARNING] [ACTIVE] TIE heartbeat lost > 30s. Taking over trailing...
2026-08-13 07:12:41,270 [WARNING] [ACTIVE] TIE heartbeat lost > 30s. Taking over trailing...
2026-08-13 07:12:46,329 [WARNING] [ACTIVE] TIE heartbeat lost > 30s. Taking over trailing...
2026-08-13 07:12:51,399 [WARNING] [ACTIVE] TIE heartbeat lost > 30s. Taking over trailing...
2026-08-13 07:12:56,462 [WARNING] [ACTIVE] TIE heartbeat lost > 30s. Taking over trailing...
2026-08-13 07:13:01,553 [WARNING] [ACTIVE] TIE heartbeat lost > 30s. Taking over trailing...
2026-08-13 07:13:06,625 [WARNING] [ACTIVE] TIE heartbeat lost > 30s. Taking over trailing...
2026-08-13 07:13:11,690 [WARNING] [ACTIVE] TIE heartbeat lost > 30s. Taking over trailing...
2026-08-13 07:13:16,754 [WARNING] [ACTIVE] TIE heartbeat lost > 30s. Taking over trailing...
2026-08-13 07:13:21,821 [WARNING] [ACTIVE] TIE heartbeat lost > 30s. Taking over trailing...
2026-08-13 07:13:26,882 [WARNING] [ACTIVE] TIE heartbeat lost > 30s. Taking over trailing...
2026-08-13 07:13:31,956 [WARNING] [ACTIVE] TIE heartbeat lost > 30s. Taking over trailing...
2026-08-13 07:13:37,038 [WARNING] [ACTIVE] TIE heartbeat lost > 30s. Taking over trailing...
2026-08-13 07:13:42,098 [WARNING] [ACTIVE] TIE heartbeat lost > 30s. Taking over trailing...
2026-08-13 07:13:47,192 [WARNING] [ACTIVE] TIE heartbeat lost > 30s. Taking over trailing...
2026-08-13 07:13:52,253 [WARNING] [ACTIVE] TIE heartbeat lost > 30s. Taking over trailing...
2026-08-13 07:13:57,322 [WARNING] [ACTIVE] TIE heartbeat lost > 30s. Taking over trailing...
2026-08-13 07:14:02,385 [WARNING] [ACTIVE] TIE heartbeat lost > 30s. Taking over trailing...
2026-08-13 07:14:07,467 [WARNING] [ACTIVE] TIE heartbeat lost > 30s. Taking over trailing...
2026-08-13 07:14:12,534 [WARNING] [ACTIVE] TIE heartbeat lost > 30s. Taking over trailing...
2026-08-13 07:14:17,602 [WARNING] [ACTIVE] TIE heartbeat lost > 30s. Taking over trailing...
2026-08-13 07:14:22,666 [WARNING] [ACTIVE] TIE heartbeat lost > 30s. Taking over trailing...
2026-08-13 07:14:27,744 [WARNING] [ACTIVE] TIE heartbeat lost > 30s. Taking over trailing...
2026-08-13 07:14:32,812 [WARNING] [ACTIVE] TIE heartbeat lost > 30s. Taking over trailing...
2026-08-13 07:14:37,874 [WARNING] [ACTIVE] TIE heartbeat lost > 30s. Taking over trailing...
2026-08-13 07:14:42,956 [WARNING] [ACTIVE] TIE heartbeat lost > 30s. Taking over trailing...
2026-08-13 07:14:48,020 [WARNING] [ACTIVE] TIE heartbeat lost > 30s. Taking over trailing...
2026-08-13 07:14:53,087 [WARNING] [ACTIVE] TIE heartbeat lost > 30s. Taking over trailing...
2026-08-13 07:14:58,155 [WARNING] [ACTIVE] TIE heartbeat lost > 30s. Taking over trailing...
2026-08-13 07:15:03,231 [WARNING] [ACTIVE] TIE heartbeat lost > 30s. Taking over trailing...
2026-08-13 07:15:08,301 [WARNING] [ACTIVE] TIE heartbeat lost > 30s. Taking over trailing...
2026-08-13 07:15:13,369 [WARNING] [ACTIVE] TIE heartbeat lost > 30s. Taking over trailing...
2026-08-13 07:15:18,434 [WARNING] [ACTIVE] TIE heartbeat lost > 30s. Taking over trailing...
2026-08-13 07:15:23,493 [WARNING] [ACTIVE] TIE heartbeat lost > 30s. Taking over trailing...
2026-08-13 07:15:28,574 [WARNING] [ACTIVE] TIE heartbeat lost > 30s. Taking over trailing...
2026-08-13 07:15:28,574 [INFO] [3629717819] BE lock $1.5 → SL 4421.22 | profit $3.10
2026-08-13 07:15:28,650 [INFO] [3629717819] MODIFIED SL → 4421.22
2026-08-13 07:15:28,650 [INFO] [3629721783] BE lock $1.5 → SL 4421.01 | profit $3.31
2026-08-13 07:15:28,742 [INFO] [3629721783] MODIFIED SL → 4421.01
2026-08-13 07:15:33,810 [WARNING] [ACTIVE] TIE heartbeat lost > 30s. Taking over trailing...
2026-08-13 07:15:38,909 [WARNING] [ACTIVE] TIE heartbeat lost > 30s. Taking over trailing...
2026-08-13 07:15:43,976 [WARNING] [ACTIVE] TIE heartbeat lost > 30s. Taking over trailing...
2026-08-13 07:15:49,040 [WARNING] [ACTIVE] TIE heartbeat lost > 30s. Taking over trailing...
2026-08-13 07:15:49,040 [INFO] [3629727522] BE lock $1.5 → SL 4421.59 | profit $3.13
2026-08-13 07:15:49,128 [INFO] [3629727522] MODIFIED SL → 4421.59
2026-08-13 07:15:54,187 [WARNING] [ACTIVE] TIE heartbeat lost > 30s. Taking over trailing...
2026-08-13 07:15:59,263 [WARNING] [ACTIVE] TIE heartbeat lost > 30s. Taking over trailing...
2026-08-13 07:16:04,324 [WARNING] [ACTIVE] TIE heartbeat lost > 30s. Taking over trailing...
2026-08-13 07:16:04,324 [INFO] [3629717819] Trail: profit $4.05 peak $4.05 locked $1.55 → SL 4421.27
2026-08-13 07:16:04,423 [INFO] [3629717819] MODIFIED SL → 4421.27
2026-08-13 07:16:04,424 [INFO] [3629721783] Trail: profit $4.26 peak $4.26 locked $1.76 → SL 4421.27
2026-08-13 07:16:04,500 [INFO] [3629721783] MODIFIED SL → 4421.27
2026-08-13 07:16:09,563 [WARNING] [ACTIVE] TIE heartbeat lost > 30s. Taking over trailing...
2026-08-13 07:16:09,563 [INFO] [3629717819] Trail: profit $4.42 peak $4.42 locked $1.92 → SL 4421.64
2026-08-13 07:16:09,644 [INFO] [3629717819] MODIFIED SL → 4421.64
2026-08-13 07:16:09,644 [INFO] [3629721783] Trail: profit $4.63 peak $4.63 locked $2.13 → SL 4421.64
2026-08-13 07:16:09,717 [INFO] [3629721783] MODIFIED SL → 4421.64
2026-08-13 07:16:09,717 [INFO] [3629724529] BE lock $1.5 → SL 4422.56 | profit $3.08
2026-08-13 07:16:09,782 [INFO] [3629724529] MODIFIED SL → 4422.56
2026-08-13 07:16:09,782 [INFO] [3629727522] Trail: profit $4.05 peak $4.05 locked $1.55 → SL 4421.64
2026-08-13 07:16:09,855 [INFO] [3629727522] MODIFIED SL → 4421.64
2026-08-13 07:16:14,932 [WARNING] [ACTIVE] TIE heartbeat lost > 30s. Taking over trailing...
2026-08-13 07:16:14,932 [INFO] [3629717819] Trail: profit $4.87 peak $4.87 locked $2.37 → SL 4422.09
2026-08-13 07:16:15,010 [INFO] [3629717819] MODIFIED SL → 4422.09
2026-08-13 07:16:15,010 [INFO] [3629721783] Trail: profit $5.08 peak $5.08 locked $2.58 → SL 4422.09
2026-08-13 07:16:15,104 [INFO] [3629721783] MODIFIED SL → 4422.09
2026-08-13 07:16:15,104 [INFO] [3629727522] Trail: profit $4.50 peak $4.50 locked $2.00 → SL 4422.09
2026-08-13 07:16:15,185 [INFO] [3629727522] MODIFIED SL → 4422.09
2026-08-13 07:16:20,247 [WARNING] [ACTIVE] TIE heartbeat lost > 30s. Taking over trailing...
2026-08-13 07:16:20,247 [INFO] [3629717819] Trail: profit $5.03 peak $5.03 locked $2.53 → SL 4422.25
2026-08-13 07:16:20,328 [INFO] [3629717819] MODIFIED SL → 4422.25
2026-08-13 07:16:20,329 [INFO] [3629721783] Trail: profit $5.24 peak $5.24 locked $2.74 → SL 4422.25
2026-08-13 07:16:20,415 [INFO] [3629721783] MODIFIED SL → 4422.25
2026-08-13 07:16:20,415 [INFO] [3629727522] Trail: profit $4.66 peak $4.66 locked $2.16 → SL 4422.25
2026-08-13 07:16:20,501 [INFO] [3629727522] MODIFIED SL → 4422.25
2026-08-13 07:16:25,565 [WARNING] [ACTIVE] TIE heartbeat lost > 30s. Taking over trailing...
2026-08-13 07:16:25,565 [INFO] [3629717819] Trail: profit $5.81 peak $5.81 locked $3.31 → SL 4423.03
2026-08-13 07:16:25,644 [INFO] [3629717819] MODIFIED SL → 4423.03
2026-08-13 07:16:25,645 [INFO] [3629721783] Trail: profit $6.02 peak $6.02 locked $3.52 → SL 4423.03
2026-08-13 07:16:25,714 [INFO] [3629721783] MODIFIED SL → 4423.03
2026-08-13 07:16:25,714 [INFO] [3629724529] Trail: profit $4.47 peak $4.47 locked $1.97 → SL 4423.03
2026-08-13 07:16:25,801 [INFO] [3629724529] MODIFIED SL → 4423.03
2026-08-13 07:16:25,801 [INFO] [3629727522] Trail: profit $5.44 peak $5.44 locked $2.94 → SL 4423.03
2026-08-13 07:16:25,871 [INFO] [3629727522] MODIFIED SL → 4423.03
2026-08-13 07:16:30,952 [WARNING] [ACTIVE] TIE heartbeat lost > 30s. Taking over trailing...
2026-08-13 07:16:30,952 [INFO] [3629717819] Trail: profit $6.88 peak $6.88 locked $4.38 → SL 4424.10
2026-08-13 07:16:31,036 [INFO] [3629717819] MODIFIED SL → 4424.1
2026-08-13 07:16:31,036 [INFO] [3629721783] Trail: profit $7.09 peak $7.09 locked $4.59 → SL 4424.10
2026-08-13 07:16:31,119 [INFO] [3629721783] MODIFIED SL → 4424.1
2026-08-13 07:16:31,119 [INFO] [3629724529] Trail: profit $5.54 peak $5.54 locked $3.04 → SL 4424.10
2026-08-13 07:16:31,191 [INFO] [3629724529] MODIFIED SL → 4424.1
2026-08-13 07:16:31,191 [INFO] [3629727522] Trail: profit $6.51 peak $6.51 locked $4.01 → SL 4424.10
2026-08-13 07:16:31,259 [INFO] [3629727522] MODIFIED SL → 4424.1
2026-08-13 07:16:36,329 [WARNING] [ACTIVE] TIE heartbeat lost > 30s. Taking over trailing...
2026-08-13 07:16:36,329 [INFO] [3629717819] Trail: profit $7.22 peak $7.22 locked $4.72 → SL 4424.44
2026-08-13 07:16:36,400 [INFO] [3629717819] MODIFIED SL → 4424.44
2026-08-13 07:16:36,400 [INFO] [3629721783] Trail: profit $7.43 peak $7.43 locked $4.93 → SL 4424.44
2026-08-13 07:16:36,476 [INFO] [3629721783] MODIFIED SL → 4424.44
2026-08-13 07:16:36,476 [INFO] [3629724529] Trail: profit $5.88 peak $5.88 locked $3.38 → SL 4424.44
2026-08-13 07:16:36,562 [INFO] [3629724529] MODIFIED SL → 4424.44
2026-08-13 07:16:36,563 [INFO] [3629727522] Trail: profit $6.85 peak $6.85 locked $4.35 → SL 4424.44
2026-08-13 07:16:36,657 [INFO] [3629727522] MODIFIED SL → 4424.44
2026-08-13 07:16:41,723 [WARNING] [ACTIVE] TIE heartbeat lost > 30s. Taking over trailing...
2026-08-13 07:16:46,808 [WARNING] [ACTIVE] TIE heartbeat lost > 30s. Taking over trailing...
2026-08-13 07:16:51,871 [WARNING] [ACTIVE] TIE heartbeat lost > 30s. Taking over trailing...
2026-08-13 07:16:56,938 [WARNING] [ACTIVE] TIE heartbeat lost > 30s. Taking over trailing...
2026-08-13 07:17:02,024 [WARNING] [ACTIVE] TIE heartbeat lost > 30s. Taking over trailing...
2026-08-13 07:17:07,084 [WARNING] [ACTIVE] TIE heartbeat lost > 30s. Taking over trailing...
2026-08-13 07:17:12,148 [WARNING] [ACTIVE] TIE heartbeat lost > 30s. Taking over trailing...
2026-08-13 07:17:17,212 [WARNING] [ACTIVE] TIE heartbeat lost > 30s. Taking over trailing...
2026-08-13 07:17:22,322 [WARNING] [ACTIVE] TIE heartbeat lost > 30s. Taking over trailing...
2026-08-13 07:17:27,387 [WARNING] [ACTIVE] TIE heartbeat lost > 30s. Taking over trailing...
2026-08-13 07:17:32,467 [WARNING] [ACTIVE] TIE heartbeat lost > 30s. Taking over trailing...
2026-08-13 07:17:37,552 [WARNING] [ACTIVE] TIE heartbeat lost > 30s. Taking over trailing...
2026-08-13 07:17:42,651 [WARNING] [ACTIVE] TIE heartbeat lost > 30s. Taking over trailing...
2026-08-13 07:17:47,722 [WARNING] [ACTIVE] TIE heartbeat lost > 30s. Taking over trailing...
2026-08-13 07:17:52,884 [WARNING] [ACTIVE] TIE heartbeat lost > 30s. Taking over trailing...
2026-08-13 07:17:52,884 [INFO] [3629717819] Trail: profit $7.43 peak $7.43 locked $4.93 → SL 4424.65
2026-08-13 07:17:53,008 [INFO] [3629717819] MODIFIED SL → 4424.65
2026-08-13 07:17:53,008 [INFO] [3629721783] Trail: profit $7.64 peak $7.64 locked $5.14 → SL 4424.65
2026-08-13 07:17:53,089 [INFO] [3629721783] MODIFIED SL → 4424.65
2026-08-13 07:17:53,090 [INFO] [3629724529] Trail: profit $6.09 peak $6.09 locked $3.59 → SL 4424.65
2026-08-13 07:17:53,164 [INFO] [3629724529] MODIFIED SL → 4424.65
2026-08-13 07:17:53,164 [INFO] [3629727522] Trail: profit $7.06 peak $7.06 locked $4.56 → SL 4424.65
2026-08-13 07:17:53,233 [INFO] [3629727522] MODIFIED SL → 4424.65
2026-08-13 07:17:58,310 [WARNING] [ACTIVE] TIE heartbeat lost > 30s. Taking over trailing...
2026-08-13 07:18:03,369 [WARNING] [ACTIVE] TIE heartbeat lost > 30s. Taking over trailing...
2026-08-13 07:18:08,445 [WARNING] [ACTIVE] TIE heartbeat lost > 30s. Taking over trailing...
2026-08-13 07:18:13,527 [WARNING] [ACTIVE] TIE heartbeat lost > 30s. Taking over trailing...
2026-08-13 07:18:13,528 [INFO] [3629717819] Trail: profit $8.00 peak $8.00 locked $5.50 → SL 4425.22
2026-08-13 07:18:13,612 [INFO] [3629717819] MODIFIED SL → 4425.22
2026-08-13 07:18:13,612 [INFO] [3629721783] Trail: profit $8.21 peak $8.21 locked $5.71 → SL 4425.22
2026-08-13 07:18:13,699 [INFO] [3629721783] MODIFIED SL → 4425.22
2026-08-13 07:18:13,699 [INFO] [3629724529] Trail: profit $6.66 peak $6.66 locked $4.16 → SL 4425.22
2026-08-13 07:18:13,771 [INFO] [3629724529] MODIFIED SL → 4425.22
2026-08-13 07:18:13,771 [INFO] [3629727522] Trail: profit $7.63 peak $7.63 locked $5.13 → SL 4425.22
2026-08-13 07:18:13,841 [INFO] [3629727522] MODIFIED SL → 4425.22
2026-08-13 07:18:18,945 [WARNING] [ACTIVE] TIE heartbeat lost > 30s. Taking over trailing...
2026-08-13 07:18:24,010 [WARNING] [ACTIVE] TIE heartbeat lost > 30s. Taking over trailing...
2026-08-13 07:18:29,085 [WARNING] [ACTIVE] TIE heartbeat lost > 30s. Taking over trailing...
2026-08-13 07:18:34,165 [WARNING] [ACTIVE] TIE heartbeat lost > 30s. Taking over trailing...
2026-08-13 07:18:39,251 [WARNING] [ACTIVE] TIE heartbeat lost > 30s. Taking over trailing...
2026-08-13 07:18:44,322 [WARNING] [ACTIVE] TIE heartbeat lost > 30s. Taking over trailing...
2026-08-13 07:18:44,323 [INFO] [3629717819] Trail: profit $8.15 peak $8.15 locked $5.65 → SL 4425.37
2026-08-13 07:18:44,400 [INFO] [3629717819] MODIFIED SL → 4425.37
2026-08-13 07:18:44,400 [INFO] [3629721783] Trail: profit $8.36 peak $8.36 locked $5.86 → SL 4425.37
2026-08-13 07:18:44,471 [INFO] [3629721783] MODIFIED SL → 4425.37
2026-08-13 07:18:44,471 [INFO] [3629724529] Trail: profit $6.81 peak $6.81 locked $4.31 → SL 4425.37
2026-08-13 07:18:44,537 [INFO] [3629724529] MODIFIED SL → 4425.37
2026-08-13 07:18:44,537 [INFO] [3629727522] Trail: profit $7.78 peak $7.78 locked $5.28 → SL 4425.37
2026-08-13 07:18:44,620 [INFO] [3629727522] MODIFIED SL → 4425.37
2026-08-13 07:18:49,679 [WARNING] [ACTIVE] TIE heartbeat lost > 30s. Taking over trailing...
2026-08-13 07:18:54,748 [WARNING] [ACTIVE] TIE heartbeat lost > 30s. Taking over trailing...
2026-08-13 07:18:59,831 [WARNING] [ACTIVE] TIE heartbeat lost > 30s. Taking over trailing...
2026-08-13 07:19:04,897 [WARNING] [ACTIVE] TIE heartbeat lost > 30s. Taking over trailing...
2026-08-13 07:19:09,970 [WARNING] [ACTIVE] TIE heartbeat lost > 30s. Taking over trailing...
2026-08-13 07:19:15,056 [WARNING] [ACTIVE] TIE heartbeat lost > 30s. Taking over trailing...
2026-08-13 07:19:15,056 [INFO] [3629717819] Trail: profit $8.25 peak $8.25 locked $5.75 → SL 4425.47
2026-08-13 07:19:15,128 [INFO] [3629717819] MODIFIED SL → 4425.47
2026-08-13 07:19:15,128 [INFO] [3629721783] Trail: profit $8.46 peak $8.46 locked $5.96 → SL 4425.47
2026-08-13 07:19:15,219 [INFO] [3629721783] MODIFIED SL → 4425.47
2026-08-13 07:19:15,219 [INFO] [3629724529] Trail: profit $6.91 peak $6.91 locked $4.41 → SL 4425.47
2026-08-13 07:19:15,303 [INFO] [3629724529] MODIFIED SL → 4425.47
2026-08-13 07:19:15,303 [INFO] [3629727522] Trail: profit $7.88 peak $7.88 locked $5.38 → SL 4425.47
2026-08-13 07:19:15,370 [INFO] [3629727522] MODIFIED SL → 4425.47
2026-08-13 07:19:20,470 [WARNING] [ACTIVE] TIE heartbeat lost > 30s. Taking over trailing...
2026-08-13 07:19:20,470 [INFO] [3629717819] Trail: profit $8.70 peak $8.70 locked $6.20 → SL 4425.92
2026-08-13 07:19:20,549 [INFO] [3629717819] MODIFIED SL → 4425.92
2026-08-13 07:19:20,549 [INFO] [3629721783] Trail: profit $8.91 peak $8.91 locked $6.41 → SL 4425.92
2026-08-13 07:19:20,614 [INFO] [3629721783] MODIFIED SL → 4425.92
2026-08-13 07:19:20,614 [INFO] [3629724529] Trail: profit $7.36 peak $7.36 locked $4.86 → SL 4425.92
2026-08-13 07:19:20,683 [INFO] [3629724529] MODIFIED SL → 4425.92
2026-08-13 07:19:20,684 [INFO] [3629727522] Trail: profit $8.33 peak $8.33 locked $5.83 → SL 4425.92
2026-08-13 07:19:20,764 [INFO] [3629727522] MODIFIED SL → 4425.92
2026-08-13 07:19:25,828 [WARNING] [ACTIVE] TIE heartbeat lost > 30s. Taking over trailing...
2026-08-13 07:19:30,901 [WARNING] [ACTIVE] TIE heartbeat lost > 30s. Taking over trailing...
2026-08-13 07:19:30,901 [INFO] [3629717819] Trail: profit $9.29 peak $9.29 locked $6.79 → SL 4426.51
2026-08-13 07:19:30,988 [INFO] [3629717819] MODIFIED SL → 4426.51
2026-08-13 07:19:30,988 [INFO] [3629721783] Trail: profit $9.50 peak $9.50 locked $7.00 → SL 4426.51
2026-08-13 07:19:31,064 [INFO] [3629721783] MODIFIED SL → 4426.51
2026-08-13 07:19:31,064 [INFO] [3629724529] Trail: profit $7.95 peak $7.95 locked $5.45 → SL 4426.51
2026-08-13 07:19:31,125 [INFO] [3629724529] MODIFIED SL → 4426.51
2026-08-13 07:19:31,126 [INFO] [3629727522] Trail: profit $8.92 peak $8.92 locked $6.42 → SL 4426.51
2026-08-13 07:19:31,199 [INFO] [3629727522] MODIFIED SL → 4426.51
2026-08-13 07:19:36,260 [WARNING] [ACTIVE] TIE heartbeat lost > 30s. Taking over trailing...
2026-08-13 07:19:41,351 [WARNING] [ACTIVE] TIE heartbeat lost > 30s. Taking over trailing...
2026-08-13 07:19:46,431 [WARNING] [ACTIVE] TIE heartbeat lost > 30s. Taking over trailing...
2026-08-13 07:19:46,431 [INFO] [3629717819] Trail: profit $9.31 peak $9.31 locked $6.81 → SL 4426.53
2026-08-13 07:19:46,515 [INFO] [3629717819] MODIFIED SL → 4426.53
2026-08-13 07:19:46,515 [INFO] [3629721783] Trail: profit $9.52 peak $9.52 locked $7.02 → SL 4426.53
2026-08-13 07:19:46,593 [INFO] [3629721783] MODIFIED SL → 4426.53
2026-08-13 07:19:46,593 [INFO] [3629724529] Trail: profit $7.97 peak $7.97 locked $5.47 → SL 4426.53
2026-08-13 07:19:46,668 [INFO] [3629724529] MODIFIED SL → 4426.53
2026-08-13 07:19:46,668 [INFO] [3629727522] Trail: profit $8.94 peak $8.94 locked $6.44 → SL 4426.53
2026-08-13 07:19:46,746 [INFO] [3629727522] MODIFIED SL → 4426.53
2026-08-13 07:19:51,813 [WARNING] [ACTIVE] TIE heartbeat lost > 30s. Taking over trailing...
2026-08-13 07:19:56,891 [WARNING] [ACTIVE] TIE heartbeat lost > 30s. Taking over trailing...
2026-08-13 07:20:01,977 [WARNING] [ACTIVE] TIE heartbeat lost > 30s. Taking over trailing...
2026-08-13 07:20:07,041 [WARNING] [ACTIVE] TIE heartbeat lost > 30s. Taking over trailing...
2026-08-13 07:20:12,109 [WARNING] [ACTIVE] TIE heartbeat lost > 30s. Taking over trailing...
2026-08-13 07:20:12,110 [INFO] [3629717819] Trail: profit $9.44 peak $9.44 locked $6.94 → SL 4426.66
2026-08-13 07:20:12,202 [INFO] [3629717819] MODIFIED SL → 4426.66
2026-08-13 07:20:12,203 [INFO] [3629721783] Trail: profit $9.65 peak $9.65 locked $7.15 → SL 4426.66
2026-08-13 07:20:12,289 [INFO] [3629721783] MODIFIED SL → 4426.66
2026-08-13 07:20:12,290 [INFO] [3629724529] Trail: profit $8.10 peak $8.10 locked $5.60 → SL 4426.66
2026-08-13 07:20:12,380 [INFO] [3629724529] MODIFIED SL → 4426.66
2026-08-13 07:20:12,380 [INFO] [3629727522] Trail: profit $9.07 peak $9.07 locked $6.57 → SL 4426.66
2026-08-13 07:20:12,449 [INFO] [3629727522] MODIFIED SL → 4426.66
2026-08-13 07:20:17,520 [WARNING] [ACTIVE] TIE heartbeat lost > 30s. Taking over trailing...
2026-08-13 07:20:22,591 [WARNING] [ACTIVE] TIE heartbeat lost > 30s. Taking over trailing...
2026-08-13 07:20:27,655 [WARNING] [ACTIVE] TIE heartbeat lost > 30s. Taking over trailing...
2026-08-13 07:20:27,655 [INFO] [3629717819] Trail: profit $11.21 peak $11.21 locked $8.71 → SL 4428.43
2026-08-13 07:20:27,743 [INFO] [3629717819] MODIFIED SL → 4428.43
2026-08-13 07:20:27,744 [INFO] [3629721783] Trail: profit $11.42 peak $11.42 locked $8.92 → SL 4428.43
2026-08-13 07:20:27,816 [INFO] [3629721783] MODIFIED SL → 4428.43
2026-08-13 07:20:27,816 [INFO] [3629724529] Trail: profit $9.87 peak $9.87 locked $7.37 → SL 4428.43
2026-08-13 07:20:27,894 [INFO] [3629724529] MODIFIED SL → 4428.43
2026-08-13 07:20:27,894 [INFO] [3629727522] Trail: profit $10.84 peak $10.84 locked $8.34 → SL 4428.43
2026-08-13 07:20:27,960 [INFO] [3629727522] MODIFIED SL → 4428.43
2026-08-13 07:20:33,108 [WARNING] [ACTIVE] TIE heartbeat lost > 30s. Taking over trailing...
2026-08-13 07:20:38,170 [WARNING] [ACTIVE] TIE heartbeat lost > 30s. Taking over trailing...
2026-08-13 07:20:43,252 [WARNING] [ACTIVE] TIE heartbeat lost > 30s. Taking over trailing...
2026-08-13 07:20:43,252 [INFO] [3629717819] Trail: profit $11.70 peak $11.70 locked $9.20 → SL 4428.92
2026-08-13 07:20:43,343 [INFO] [3629717819] MODIFIED SL → 4428.92
2026-08-13 07:20:43,344 [INFO] [3629721783] Trail: profit $11.91 peak $11.91 locked $9.41 → SL 4428.92
2026-08-13 07:20:43,429 [INFO] [3629721783] MODIFIED SL → 4428.92
2026-08-13 07:20:43,430 [INFO] [3629724529] Trail: profit $10.36 peak $10.36 locked $7.86 → SL 4428.92
2026-08-13 07:20:43,510 [INFO] [3629724529] MODIFIED SL → 4428.92
2026-08-13 07:20:43,510 [INFO] [3629727522] Trail: profit $11.33 peak $11.33 locked $8.83 → SL 4428.92
2026-08-13 07:20:43,589 [INFO] [3629727522] MODIFIED SL → 4428.92
2026-08-13 07:20:48,655 [WARNING] [ACTIVE] TIE heartbeat lost > 30s. Taking over trailing...
2026-08-13 07:20:53,726 [WARNING] [ACTIVE] TIE heartbeat lost > 30s. Taking over trailing...
2026-08-13 07:20:58,805 [WARNING] [ACTIVE] TIE heartbeat lost > 30s. Taking over trailing...
2026-08-13 07:21:03,878 [WARNING] [ACTIVE] TIE heartbeat lost > 30s. Taking over trailing...
2026-08-13 07:21:08,950 [WARNING] [ACTIVE] TIE heartbeat lost > 30s. Taking over trailing...
2026-08-13 07:21:14,028 [WARNING] [ACTIVE] TIE heartbeat lost > 30s. Taking over trailing...
2026-08-13 07:21:19,092 [WARNING] [ACTIVE] TIE heartbeat lost > 30s. Taking over trailing...
2026-08-13 07:21:19,092 [INFO] [3629717819] Trail: profit $11.76 peak $11.76 locked $9.26 → SL 4428.98
2026-08-13 07:21:19,193 [INFO] [3629717819] MODIFIED SL → 4428.98
2026-08-13 07:21:19,194 [INFO] [3629721783] Trail: profit $11.97 peak $11.97 locked $9.47 → SL 4428.98
2026-08-13 07:21:19,267 [INFO] [3629721783] MODIFIED SL → 4428.98
2026-08-13 07:21:19,267 [INFO] [3629724529] Trail: profit $10.42 peak $10.42 locked $7.92 → SL 4428.98
2026-08-13 07:21:19,353 [INFO] [3629724529] MODIFIED SL → 4428.98
2026-08-13 07:21:19,353 [INFO] [3629727522] Trail: profit $11.39 peak $11.39 locked $8.89 → SL 4428.98
2026-08-13 07:21:19,436 [INFO] [3629727522] MODIFIED SL → 4428.98
2026-08-13 07:21:24,519 [WARNING] [ACTIVE] TIE heartbeat lost > 30s. Taking over trailing...
2026-08-13 07:21:29,580 [WARNING] [ACTIVE] TIE heartbeat lost > 30s. Taking over trailing...
2026-08-13 07:21:34,643 [WARNING] [ACTIVE] TIE heartbeat lost > 30s. Taking over trailing...
2026-08-13 07:21:39,708 [WARNING] [ACTIVE] TIE heartbeat lost > 30s. Taking over trailing...
2026-08-13 07:21:44,771 [WARNING] [ACTIVE] TIE heartbeat lost > 30s. Taking over trailing...
2026-08-13 07:21:49,845 [WARNING] [ACTIVE] TIE heartbeat lost > 30s. Taking over trailing...
2026-08-13 07:21:54,909 [WARNING] [ACTIVE] TIE heartbeat lost > 30s. Taking over trailing...
2026-08-13 07:21:59,970 [WARNING] [ACTIVE] TIE heartbeat lost > 30s. Taking over trailing...
2026-08-13 07:22:05,035 [WARNING] [ACTIVE] TIE heartbeat lost > 30s. Taking over trailing...
2026-08-13 07:22:10,110 [WARNING] [ACTIVE] TIE heartbeat lost > 30s. Taking over trailing...
2026-08-13 07:22:15,177 [WARNING] [ACTIVE] TIE heartbeat lost > 30s. Taking over trailing...
2026-08-13 07:22:15,177 [INFO] [3629717819] Trail: profit $12.18 peak $12.18 locked $9.68 → SL 4429.40
2026-08-13 07:22:15,256 [INFO] [3629717819] MODIFIED SL → 4429.4
2026-08-13 07:22:15,257 [INFO] [3629721783] Trail: profit $12.39 peak $12.39 locked $9.89 → SL 4429.40
2026-08-13 07:22:15,334 [INFO] [3629721783] MODIFIED SL → 4429.4
2026-08-13 07:22:15,334 [INFO] [3629724529] Trail: profit $10.84 peak $10.84 locked $8.34 → SL 4429.40
2026-08-13 07:22:15,418 [INFO] [3629724529] MODIFIED SL → 4429.4
2026-08-13 07:22:15,418 [INFO] [3629727522] Trail: profit $11.81 peak $11.81 locked $9.31 → SL 4429.40
2026-08-13 07:22:15,496 [INFO] [3629727522] MODIFIED SL → 4429.4
2026-08-13 07:22:20,584 [WARNING] [ACTIVE] TIE heartbeat lost > 30s. Taking over trailing...
2026-08-13 07:22:25,652 [WARNING] [ACTIVE] TIE heartbeat lost > 30s. Taking over trailing...
2026-08-13 07:22:30,723 [WARNING] [ACTIVE] TIE heartbeat lost > 30s. Taking over trailing...
2026-08-13 07:22:35,834 [WARNING] [ACTIVE] TIE heartbeat lost > 30s. Taking over trailing...
2026-08-13 07:22:40,898 [WARNING] [ACTIVE] TIE heartbeat lost > 30s. Taking over trailing...
2026-08-13 07:22:45,960 [WARNING] [ACTIVE] TIE heartbeat lost > 30s. Taking over trailing...
2026-08-13 07:22:51,022 [WARNING] [ACTIVE] TIE heartbeat lost > 30s. Taking over trailing...
2026-08-13 07:22:56,098 [WARNING] [ACTIVE] TIE heartbeat lost > 30s. Taking over trailing...
2026-08-13 07:22:56,098 [INFO] [3629717819] Trail: profit $12.32 peak $12.32 locked $9.82 → SL 4429.54
2026-08-13 07:22:56,183 [INFO] [3629717819] MODIFIED SL → 4429.54
2026-08-13 07:22:56,183 [INFO] [3629721783] Trail: profit $12.53 peak $12.53 locked $10.03 → SL 4429.54
2026-08-13 07:22:56,254 [INFO] [3629721783] MODIFIED SL → 4429.54
2026-08-13 07:22:56,254 [INFO] [3629724529] Trail: profit $10.98 peak $10.98 locked $8.48 → SL 4429.54
2026-08-13 07:22:56,327 [INFO] [3629724529] MODIFIED SL → 4429.54
2026-08-13 07:22:56,327 [INFO] [3629727522] Trail: profit $11.95 peak $11.95 locked $9.45 → SL 4429.54
2026-08-13 07:22:56,413 [INFO] [3629727522] MODIFIED SL → 4429.54
2026-08-13 07:23:01,480 [WARNING] [ACTIVE] TIE heartbeat lost > 30s. Taking over trailing...
2026-08-13 07:23:06,560 [WARNING] [ACTIVE] TIE heartbeat lost > 30s. Taking over trailing...
2026-08-13 07:23:06,560 [INFO] [3629717819] Trail: profit $12.61 peak $12.61 locked $10.11 → SL 4429.83
2026-08-13 07:23:06,665 [INFO] [3629717819] MODIFIED SL → 4429.83
2026-08-13 07:23:06,665 [INFO] [3629721783] Trail: profit $12.82 peak $12.82 locked $10.32 → SL 4429.83
2026-08-13 07:23:06,786 [INFO] [3629721783] MODIFIED SL → 4429.83
2026-08-13 07:23:06,786 [INFO] [3629724529] Trail: profit $11.27 peak $11.27 locked $8.77 → SL 4429.83
2026-08-13 07:23:06,880 [INFO] [3629724529] MODIFIED SL → 4429.83
2026-08-13 07:23:06,880 [INFO] [3629727522] Trail: profit $12.24 peak $12.24 locked $9.74 → SL 4429.83
2026-08-13 07:23:06,959 [INFO] [3629727522] MODIFIED SL → 4429.83
2026-08-13 07:23:06,960 [INFO] [3629767520] BE lock $1.5 → SL 4430.55 | profit $3.28
2026-08-13 07:23:07,057 [INFO] [3629767520] MODIFIED SL → 4430.55
2026-08-13 07:23:12,122 [WARNING] [ACTIVE] TIE heartbeat lost > 30s. Taking over trailing...
2026-08-13 07:23:12,122 [INFO] [3629717819] Trail: profit $13.15 peak $13.15 locked $10.65 → SL 4430.37
2026-08-13 07:23:12,205 [INFO] [3629717819] MODIFIED SL → 4430.37
2026-08-13 07:23:12,206 [INFO] [3629721783] Trail: profit $13.36 peak $13.36 locked $10.86 → SL 4430.37
2026-08-13 07:23:12,303 [INFO] [3629721783] MODIFIED SL → 4430.37
2026-08-13 07:23:12,304 [INFO] [3629724529] Trail: profit $11.81 peak $11.81 locked $9.31 → SL 4430.37
2026-08-13 07:23:12,415 [INFO] [3629724529] MODIFIED SL → 4430.37
2026-08-13 07:23:12,416 [INFO] [3629727522] Trail: profit $12.78 peak $12.78 locked $10.28 → SL 4430.37
2026-08-13 07:23:12,504 [INFO] [3629727522] MODIFIED SL → 4430.37
2026-08-13 07:23:17,578 [WARNING] [ACTIVE] TIE heartbeat lost > 30s. Taking over trailing...
2026-08-13 07:23:17,578 [INFO] [3629717819] Trail: profit $13.41 peak $13.41 locked $10.91 → SL 4430.63
2026-08-13 07:23:17,655 [INFO] [3629717819] MODIFIED SL → 4430.63
2026-08-13 07:23:17,655 [INFO] [3629721783] Trail: profit $13.62 peak $13.62 locked $11.12 → SL 4430.63
2026-08-13 07:23:17,730 [INFO] [3629721783] MODIFIED SL → 4430.63
2026-08-13 07:23:17,730 [INFO] [3629724529] Trail: profit $12.07 peak $12.07 locked $9.57 → SL 4430.63
2026-08-13 07:23:17,801 [INFO] [3629724529] MODIFIED SL → 4430.63
2026-08-13 07:23:17,801 [INFO] [3629727522] Trail: profit $13.04 peak $13.04 locked $10.54 → SL 4430.63
2026-08-13 07:23:17,873 [INFO] [3629727522] MODIFIED SL → 4430.63
2026-08-13 07:23:17,873 [INFO] [3629767520] Trail: profit $4.08 peak $4.08 locked $1.58 → SL 4430.63
2026-08-13 07:23:17,945 [INFO] [3629767520] MODIFIED SL → 4430.63
2026-08-13 07:23:23,025 [WARNING] [ACTIVE] TIE heartbeat lost > 30s. Taking over trailing...
2026-08-13 07:23:23,025 [INFO] [3629717819] Trail: profit $13.50 peak $13.50 locked $11.00 → SL 4430.72
2026-08-13 07:23:23,116 [INFO] [3629717819] MODIFIED SL → 4430.72
2026-08-13 07:23:23,116 [INFO] [3629721783] Trail: profit $13.71 peak $13.71 locked $11.21 → SL 4430.72
2026-08-13 07:23:23,213 [INFO] [3629721783] MODIFIED SL → 4430.72
2026-08-13 07:23:23,213 [INFO] [3629724529] Trail: profit $12.16 peak $12.16 locked $9.66 → SL 4430.72
2026-08-13 07:23:23,284 [INFO] [3629724529] MODIFIED SL → 4430.72
2026-08-13 07:23:23,284 [INFO] [3629727522] Trail: profit $13.13 peak $13.13 locked $10.63 → SL 4430.72
2026-08-13 07:23:23,356 [INFO] [3629727522] MODIFIED SL → 4430.72
2026-08-13 07:23:23,357 [INFO] [3629767520] Trail: profit $4.17 peak $4.17 locked $1.67 → SL 4430.72
2026-08-13 07:23:23,430 [INFO] [3629767520] MODIFIED SL → 4430.72
2026-08-13 07:23:28,501 [WARNING] [ACTIVE] TIE heartbeat lost > 30s. Taking over trailing...
2026-08-13 07:23:28,501 [INFO] [3629717819] Trail: profit $14.39 peak $14.39 locked $11.89 → SL 4431.61
2026-08-13 07:23:28,575 [INFO] [3629717819] MODIFIED SL → 4431.61
2026-08-13 07:23:28,575 [INFO] [3629721783] Trail: profit $14.60 peak $14.60 locked $12.10 → SL 4431.61
2026-08-13 07:23:28,646 [INFO] [3629721783] MODIFIED SL → 4431.61
2026-08-13 07:23:28,646 [INFO] [3629724529] Trail: profit $13.05 peak $13.05 locked $10.55 → SL 4431.61
2026-08-13 07:23:28,725 [INFO] [3629724529] MODIFIED SL → 4431.61
2026-08-13 07:23:28,725 [INFO] [3629727522] Trail: profit $14.02 peak $14.02 locked $11.52 → SL 4431.61
2026-08-13 07:23:28,795 [INFO] [3629727522] MODIFIED SL → 4431.61
2026-08-13 07:23:28,796 [INFO] [3629767520] Trail: profit $5.06 peak $5.06 locked $2.56 → SL 4431.61
2026-08-13 07:23:28,873 [INFO] [3629767520] MODIFIED SL → 4431.61
2026-08-13 07:23:33,935 [WARNING] [ACTIVE] TIE heartbeat lost > 30s. Taking over trailing...
2026-08-13 07:23:33,935 [INFO] [3629717819] Trail: profit $14.51 peak $14.51 locked $12.01 → SL 4431.73
2026-08-13 07:23:34,011 [INFO] [3629717819] MODIFIED SL → 4431.73
2026-08-13 07:23:34,011 [INFO] [3629721783] Trail: profit $14.72 peak $14.72 locked $12.22 → SL 4431.73
2026-08-13 07:23:34,083 [INFO] [3629721783] MODIFIED SL → 4431.73
2026-08-13 07:23:34,083 [INFO] [3629724529] Trail: profit $13.17 peak $13.17 locked $10.67 → SL 4431.73
2026-08-13 07:23:34,168 [INFO] [3629724529] MODIFIED SL → 4431.73
2026-08-13 07:23:34,168 [INFO] [3629727522] Trail: profit $14.14 peak $14.14 locked $11.64 → SL 4431.73
2026-08-13 07:23:34,258 [INFO] [3629727522] MODIFIED SL → 4431.73
2026-08-13 07:23:34,258 [INFO] [3629767520] Trail: profit $5.18 peak $5.18 locked $2.68 → SL 4431.73
2026-08-13 07:23:34,326 [INFO] [3629767520] MODIFIED SL → 4431.73
2026-08-13 07:23:39,387 [WARNING] [ACTIVE] TIE heartbeat lost > 30s. Taking over trailing...
2026-08-13 07:23:39,387 [INFO] [3629717819] Trail: profit $15.42 peak $15.42 locked $12.92 → SL 4432.64
2026-08-13 07:23:39,470 [INFO] [3629717819] MODIFIED SL → 4432.64
2026-08-13 07:23:39,470 [INFO] [3629721783] Trail: profit $15.63 peak $15.63 locked $13.13 → SL 4432.64
2026-08-13 07:23:39,541 [INFO] [3629721783] MODIFIED SL → 4432.64
2026-08-13 07:23:39,541 [INFO] [3629724529] Trail: profit $14.08 peak $14.08 locked $11.58 → SL 4432.64
2026-08-13 07:23:39,612 [INFO] [3629724529] MODIFIED SL → 4432.64
2026-08-13 07:23:39,613 [INFO] [3629727522] Trail: profit $15.05 peak $15.05 locked $12.55 → SL 4432.64
2026-08-13 07:23:39,700 [INFO] [3629727522] MODIFIED SL → 4432.64
2026-08-13 07:23:39,700 [INFO] [3629767520] Trail: profit $6.09 peak $6.09 locked $3.59 → SL 4432.64
2026-08-13 07:23:39,772 [INFO] [3629767520] MODIFIED SL → 4432.64
2026-08-13 07:23:44,839 [WARNING] [ACTIVE] TIE heartbeat lost > 30s. Taking over trailing...
2026-08-13 07:23:44,839 [INFO] [3629717819] Trail: profit $17.22 peak $17.22 locked $14.72 → SL 4434.44
2026-08-13 07:23:44,917 [INFO] [3629717819] MODIFIED SL → 4434.44
2026-08-13 07:23:44,917 [INFO] [3629721783] Trail: profit $17.43 peak $17.43 locked $14.93 → SL 4434.44
2026-08-13 07:23:44,992 [INFO] [3629721783] MODIFIED SL → 4434.44
2026-08-13 07:23:44,993 [INFO] [3629724529] Trail: profit $15.88 peak $15.88 locked $13.38 → SL 4434.44
2026-08-13 07:23:45,074 [INFO] [3629724529] MODIFIED SL → 4434.44
2026-08-13 07:23:45,074 [INFO] [3629727522] Trail: profit $16.85 peak $16.85 locked $14.35 → SL 4434.44
2026-08-13 07:23:45,165 [INFO] [3629727522] MODIFIED SL → 4434.44
2026-08-13 07:23:45,166 [INFO] [3629767520] Trail: profit $7.89 peak $7.89 locked $5.39 → SL 4434.44
2026-08-13 07:23:45,236 [INFO] [3629767520] MODIFIED SL → 4434.44
2026-08-13 07:23:50,305 [WARNING] [ACTIVE] TIE heartbeat lost > 30s. Taking over trailing...
2026-08-13 07:23:55,367 [WARNING] [ACTIVE] TIE heartbeat lost > 30s. Taking over trailing...
2026-08-13 07:24:00,434 [WARNING] [ACTIVE] TIE heartbeat lost > 30s. Taking over trailing...
2026-08-13 07:24:05,498 [WARNING] [ACTIVE] TIE heartbeat lost > 30s. Taking over trailing...
2026-08-13 07:25:01,393 [WARNING] [ACTIVE] TIE heartbeat lost > 30s. Taking over trailing...
2026-08-13 07:25:06,480 [WARNING] [ACTIVE] TIE heartbeat lost > 30s. Taking over trailing...
2026-08-13 07:25:11,544 [WARNING] [ACTIVE] TIE heartbeat lost > 30s. Taking over trailing...
2026-08-13 07:25:16,619 [WARNING] [ACTIVE] TIE heartbeat lost > 30s. Taking over trailing...
2026-08-13 07:25:21,692 [WARNING] [ACTIVE] TIE heartbeat lost > 30s. Taking over trailing...
2026-08-13 07:25:26,752 [WARNING] [ACTIVE] TIE heartbeat lost > 30s. Taking over trailing...
2026-08-13 07:25:31,818 [WARNING] [ACTIVE] TIE heartbeat lost > 30s. Taking over trailing...
2026-08-13 07:25:36,884 [WARNING] [ACTIVE] TIE heartbeat lost > 30s. Taking over trailing...
2026-08-13 07:25:41,956 [WARNING] [ACTIVE] TIE heartbeat lost > 30s. Taking over trailing...
2026-08-13 07:25:47,021 [WARNING] [ACTIVE] TIE heartbeat lost > 30s. Taking over trailing...
2026-08-13 07:25:52,088 [WARNING] [ACTIVE] TIE heartbeat lost > 30s. Taking over trailing...
2026-08-13 07:25:57,156 [WARNING] [ACTIVE] TIE heartbeat lost > 30s. Taking over trailing...
2026-08-13 07:26:02,221 [WARNING] [ACTIVE] TIE heartbeat lost > 30s. Taking over trailing...
2026-08-13 07:26:07,310 [WARNING] [ACTIVE] TIE heartbeat lost > 30s. Taking over trailing...
2026-08-13 07:26:12,404 [WARNING] [ACTIVE] TIE heartbeat lost > 30s. Taking over trailing...
2026-08-13 07:26:17,476 [WARNING] [ACTIVE] TIE heartbeat lost > 30s. Taking over trailing...
2026-08-13 07:26:22,552 [WARNING] [ACTIVE] TIE heartbeat lost > 30s. Taking over trailing...
2026-08-13 07:26:27,626 [WARNING] [ACTIVE] TIE heartbeat lost > 30s. Taking over trailing...
2026-08-13 07:26:32,690 [WARNING] [ACTIVE] TIE heartbeat lost > 30s. Taking over trailing...
2026-08-13 07:26:37,764 [WARNING] [ACTIVE] TIE heartbeat lost > 30s. Taking over trailing...
2026-08-13 07:26:42,836 [WARNING] [ACTIVE] TIE heartbeat lost > 30s. Taking over trailing...
2026-08-13 07:26:47,899 [WARNING] [ACTIVE] TIE heartbeat lost > 30s. Taking over trailing...
2026-08-13 07:26:52,968 [WARNING] [ACTIVE] TIE heartbeat lost > 30s. Taking over trailing...
2026-08-13 07:26:58,033 [WARNING] [ACTIVE] TIE heartbeat lost > 30s. Taking over trailing...
2026-08-13 07:27:03,108 [WARNING] [ACTIVE] TIE heartbeat lost > 30s. Taking over trailing...
2026-08-13 07:27:08,183 [WARNING] [ACTIVE] TIE heartbeat lost > 30s. Taking over trailing...
2026-08-13 07:27:13,279 [WARNING] [ACTIVE] TIE heartbeat lost > 30s. Taking over trailing...
2026-08-13 07:27:18,346 [WARNING] [ACTIVE] TIE heartbeat lost > 30s. Taking over trailing...
2026-08-13 07:27:23,406 [WARNING] [ACTIVE] TIE heartbeat lost > 30s. Taking over trailing...
2026-08-13 07:27:28,467 [WARNING] [ACTIVE] TIE heartbeat lost > 30s. Taking over trailing...
2026-08-13 07:27:33,538 [WARNING] [ACTIVE] TIE heartbeat lost > 30s. Taking over trailing...
2026-08-13 07:27:38,607 [WARNING] [ACTIVE] TIE heartbeat lost > 30s. Taking over trailing...
2026-08-13 07:27:43,667 [WARNING] [ACTIVE] TIE heartbeat lost > 30s. Taking over trailing...
2026-08-13 07:27:48,752 [WARNING] [ACTIVE] TIE heartbeat lost > 30s. Taking over trailing...
2026-08-13 07:27:53,832 [WARNING] [ACTIVE] TIE heartbeat lost > 30s. Taking over trailing...
2026-08-13 07:27:58,899 [WARNING] [ACTIVE] TIE heartbeat lost > 30s. Taking over trailing...
2026-08-13 07:28:03,986 [WARNING] [ACTIVE] TIE heartbeat lost > 30s. Taking over trailing...
2026-08-13 07:28:09,050 [WARNING] [ACTIVE] TIE heartbeat lost > 30s. Taking over trailing...
2026-08-13 07:28:14,115 [WARNING] [ACTIVE] TIE heartbeat lost > 30s. Taking over trailing...
2026-08-13 07:28:19,179 [WARNING] [ACTIVE] TIE heartbeat lost > 30s. Taking over trailing...
2026-08-13 07:28:24,248 [WARNING] [ACTIVE] TIE heartbeat lost > 30s. Taking over trailing...
2026-08-13 07:28:29,313 [WARNING] [ACTIVE] TIE heartbeat lost > 30s. Taking over trailing...
2026-08-13 07:28:34,375 [WARNING] [ACTIVE] TIE heartbeat lost > 30s. Taking over trailing...
2026-08-13 07:28:39,458 [WARNING] [ACTIVE] TIE heartbeat lost > 30s. Taking over trailing...
2026-08-13 07:28:44,518 [WARNING] [ACTIVE] TIE heartbeat lost > 30s. Taking over trailing...
2026-08-13 07:28:49,583 [WARNING] [ACTIVE] TIE heartbeat lost > 30s. Taking over trailing...
2026-08-13 07:28:54,649 [WARNING] [ACTIVE] TIE heartbeat lost > 30s. Taking over trailing...
2026-08-13 07:28:59,740 [WARNING] [ACTIVE] TIE heartbeat lost > 30s. Taking over trailing...
2026-08-13 07:29:04,805 [WARNING] [ACTIVE] TIE heartbeat lost > 30s. Taking over trailing...
2026-08-13 07:29:09,868 [WARNING] [ACTIVE] TIE heartbeat lost > 30s. Taking over trailing...
2026-08-13 07:29:14,931 [WARNING] [ACTIVE] TIE heartbeat lost > 30s. Taking over trailing...
2026-08-13 07:29:20,007 [WARNING] [ACTIVE] TIE heartbeat lost > 30s. Taking over trailing...
2026-08-13 07:29:25,073 [WARNING] [ACTIVE] TIE heartbeat lost > 30s. Taking over trailing...
2026-08-13 07:29:30,140 [WARNING] [ACTIVE] TIE heartbeat lost > 30s. Taking over trailing...
2026-08-13 07:29:35,215 [WARNING] [ACTIVE] TIE heartbeat lost > 30s. Taking over trailing...
2026-08-13 07:29:40,312 [WARNING] [ACTIVE] TIE heartbeat lost > 30s. Taking over trailing...
2026-08-13 07:29:45,391 [WARNING] [ACTIVE] TIE heartbeat lost > 30s. Taking over trailing...
2026-08-13 07:29:50,458 [WARNING] [ACTIVE] TIE heartbeat lost > 30s. Taking over trailing...
2026-08-13 07:29:55,523 [WARNING] [ACTIVE] TIE heartbeat lost > 30s. Taking over trailing...
2026-08-13 07:30:00,590 [WARNING] [ACTIVE] TIE heartbeat lost > 30s. Taking over trailing...
2026-08-13 07:30:05,654 [WARNING] [ACTIVE] TIE heartbeat lost > 30s. Taking over trailing...
2026-08-13 07:30:10,727 [WARNING] [ACTIVE] TIE heartbeat lost > 30s. Taking over trailing...
2026-08-13 07:30:15,794 [WARNING] [ACTIVE] TIE heartbeat lost > 30s. Taking over trailing...
2026-08-13 07:30:20,904 [WARNING] [ACTIVE] TIE heartbeat lost > 30s. Taking over trailing...
2026-08-13 07:30:25,972 [WARNING] [ACTIVE] TIE heartbeat lost > 30s. Taking over trailing...
2026-08-13 07:30:31,033 [WARNING] [ACTIVE] TIE heartbeat lost > 30s. Taking over trailing...
2026-08-13 07:30:36,093 [WARNING] [ACTIVE] TIE heartbeat lost > 30s. Taking over trailing...
2026-08-13 07:30:41,162 [WARNING] [ACTIVE] TIE heartbeat lost > 30s. Taking over trailing...
2026-08-13 07:30:46,226 [WARNING] [ACTIVE] TIE heartbeat lost > 30s. Taking over trailing...
2026-08-13 07:30:51,298 [WARNING] [ACTIVE] TIE heartbeat lost > 30s. Taking over trailing...
2026-08-13 07:30:56,365 [WARNING] [ACTIVE] TIE heartbeat lost > 30s. Taking over trailing...
2026-08-13 07:31:01,438 [WARNING] [ACTIVE] TIE heartbeat lost > 30s. Taking over trailing...
2026-08-13 07:31:06,511 [WARNING] [ACTIVE] TIE heartbeat lost > 30s. Taking over trailing...
2026-08-13 07:31:11,581 [WARNING] [ACTIVE] TIE heartbeat lost > 30s. Taking over trailing...
2026-08-13 07:31:16,644 [WARNING] [ACTIVE] TIE heartbeat lost > 30s. Taking over trailing...
2026-08-13 07:31:21,722 [WARNING] [ACTIVE] TIE heartbeat lost > 30s. Taking over trailing...
2026-08-13 07:31:26,815 [WARNING] [ACTIVE] TIE heartbeat lost > 30s. Taking over trailing...
2026-08-13 07:31:31,883 [WARNING] [ACTIVE] TIE heartbeat lost > 30s. Taking over trailing...
2026-08-13 07:31:36,969 [WARNING] [ACTIVE] TIE heartbeat lost > 30s. Taking over trailing...
2026-08-13 07:31:42,041 [WARNING] [ACTIVE] TIE heartbeat lost > 30s. Taking over trailing...
2026-08-13 07:31:47,103 [WARNING] [ACTIVE] TIE heartbeat lost > 30s. Taking over trailing...
2026-08-13 07:31:52,167 [WARNING] [ACTIVE] TIE heartbeat lost > 30s. Taking over trailing...
2026-08-13 07:31:57,244 [WARNING] [ACTIVE] TIE heartbeat lost > 30s. Taking over trailing...
2026-08-13 07:32:02,331 [WARNING] [ACTIVE] TIE heartbeat lost > 30s. Taking over trailing...
2026-08-13 07:32:07,422 [WARNING] [ACTIVE] TIE heartbeat lost > 30s. Taking over trailing...
2026-08-13 07:32:12,486 [WARNING] [ACTIVE] TIE heartbeat lost > 30s. Taking over trailing...
2026-08-13 07:32:17,551 [WARNING] [ACTIVE] TIE heartbeat lost > 30s. Taking over trailing...
2026-08-13 07:32:22,618 [WARNING] [ACTIVE] TIE heartbeat lost > 30s. Taking over trailing...
2026-08-13 07:32:27,682 [WARNING] [ACTIVE] TIE heartbeat lost > 30s. Taking over trailing...
2026-08-13 07:32:32,767 [WARNING] [ACTIVE] TIE heartbeat lost > 30s. Taking over trailing...
2026-08-13 07:32:37,845 [WARNING] [ACTIVE] TIE heartbeat lost > 30s. Taking over trailing...
2026-08-13 07:32:42,912 [WARNING] [ACTIVE] TIE heartbeat lost > 30s. Taking over trailing...
2026-08-13 07:32:47,975 [WARNING] [ACTIVE] TIE heartbeat lost > 30s. Taking over trailing...
2026-08-13 07:32:53,060 [WARNING] [ACTIVE] TIE heartbeat lost > 30s. Taking over trailing...
2026-08-13 07:32:58,141 [WARNING] [ACTIVE] TIE heartbeat lost > 30s. Taking over trailing...
2026-08-13 07:33:03,207 [WARNING] [ACTIVE] TIE heartbeat lost > 30s. Taking over trailing...
2026-08-13 07:33:08,283 [WARNING] [ACTIVE] TIE heartbeat lost > 30s. Taking over trailing...
2026-08-13 07:33:13,351 [WARNING] [ACTIVE] TIE heartbeat lost > 30s. Taking over trailing...
2026-08-13 07:33:18,416 [WARNING] [ACTIVE] TIE heartbeat lost > 30s. Taking over trailing...
2026-08-13 07:33:23,480 [WARNING] [ACTIVE] TIE heartbeat lost > 30s. Taking over trailing...
2026-08-13 07:33:23,481 [INFO] [3629822686] BE lock $1.5 → SL 4429.92 | profit $3.44
2026-08-13 07:33:23,575 [INFO] [3629822686] MODIFIED SL → 4429.92
2026-08-13 07:33:23,575 [INFO] [3629826097] BE lock $1.5 → SL 4430.22 | profit $3.14
2026-08-13 07:33:23,647 [INFO] [3629826097] MODIFIED SL → 4430.22
2026-08-13 07:33:28,717 [WARNING] [ACTIVE] TIE heartbeat lost > 30s. Taking over trailing...
2026-08-13 07:33:28,717 [INFO] [3629817554] BE lock $1.5 → SL 4430.79 | profit $3.41
2026-08-13 07:33:28,801 [INFO] [3629817554] MODIFIED SL → 4430.79
2026-08-13 07:33:28,801 [INFO] [3629822686] Trail: profit $4.28 peak $4.28 locked $1.78 → SL 4430.20
2026-08-13 07:33:28,880 [INFO] [3629822686] MODIFIED SL → 4430.2
2026-08-13 07:33:33,945 [WARNING] [ACTIVE] TIE heartbeat lost > 30s. Taking over trailing...
2026-08-13 07:33:39,019 [WARNING] [ACTIVE] TIE heartbeat lost > 30s. Taking over trailing...
2026-08-13 07:33:44,082 [WARNING] [ACTIVE] TIE heartbeat lost > 30s. Taking over trailing...
2026-08-13 07:33:44,082 [INFO] [3629817554] Trail: profit $4.48 peak $4.48 locked $1.98 → SL 4431.27
2026-08-13 07:33:44,150 [INFO] [3629817554] MODIFIED SL → 4431.27
2026-08-13 07:33:44,151 [INFO] [3629822686] Trail: profit $5.35 peak $5.35 locked $2.85 → SL 4431.27
2026-08-13 07:33:44,235 [INFO] [3629822686] MODIFIED SL → 4431.27
2026-08-13 07:33:44,235 [INFO] [3629826097] Trail: profit $5.05 peak $5.05 locked $2.55 → SL 4431.27
2026-08-13 07:33:44,321 [INFO] [3629826097] MODIFIED SL → 4431.27
2026-08-13 07:33:49,430 [WARNING] [ACTIVE] TIE heartbeat lost > 30s. Taking over trailing...
2026-08-13 07:33:54,513 [WARNING] [ACTIVE] TIE heartbeat lost > 30s. Taking over trailing...
2026-08-13 07:33:59,575 [WARNING] [ACTIVE] TIE heartbeat lost > 30s. Taking over trailing...
2026-08-13 07:33:59,575 [INFO] [3629817554] Trail: profit $4.53 peak $4.53 locked $2.03 → SL 4431.32
2026-08-13 07:33:59,645 [INFO] [3629817554] MODIFIED SL → 4431.32
2026-08-13 07:33:59,645 [INFO] [3629822686] Trail: profit $5.40 peak $5.40 locked $2.90 → SL 4431.32
2026-08-13 07:33:59,717 [INFO] [3629822686] MODIFIED SL → 4431.32
2026-08-13 07:33:59,717 [INFO] [3629826097] Trail: profit $5.10 peak $5.10 locked $2.60 → SL 4431.32
2026-08-13 07:33:59,805 [INFO] [3629826097] MODIFIED SL → 4431.32
2026-08-13 07:34:04,881 [WARNING] [ACTIVE] TIE heartbeat lost > 30s. Taking over trailing...
2026-08-13 07:34:04,881 [INFO] [3629809716] BE lock $1.5 → SL 4433.25 | profit $4.43
2026-08-13 07:34:04,950 [INFO] [3629809716] MODIFIED SL → 4433.25
2026-08-13 07:34:04,950 [INFO] [3629817554] Trail: profit $6.89 peak $6.89 locked $4.39 → SL 4433.68
2026-08-13 07:34:05,034 [INFO] [3629817554] MODIFIED SL → 4433.68
2026-08-13 07:34:05,035 [INFO] [3629822686] Trail: profit $7.76 peak $7.76 locked $5.26 → SL 4433.68
2026-08-13 07:34:05,107 [INFO] [3629822686] MODIFIED SL → 4433.68
2026-08-13 07:34:05,108 [INFO] [3629826097] Trail: profit $7.46 peak $7.46 locked $4.96 → SL 4433.68
2026-08-13 07:34:05,181 [INFO] [3629826097] MODIFIED SL → 4433.68
2026-08-13 07:34:10,244 [WARNING] [ACTIVE] TIE heartbeat lost > 30s. Taking over trailing...
2026-08-13 07:34:10,244 [INFO] [3629803292] BE lock $1.5 → SL 4436.25 | profit $3.04
2026-08-13 07:34:10,321 [INFO] [3629803292] MODIFIED SL → 4436.25
2026-08-13 07:34:10,321 [INFO] [3629809716] Trail: profit $6.04 peak $6.04 locked $3.54 → SL 4435.29
2026-08-13 07:34:10,398 [INFO] [3629809716] MODIFIED SL → 4435.29
2026-08-13 07:34:10,398 [INFO] [3629817554] Trail: profit $8.50 peak $8.50 locked $6.00 → SL 4435.29
2026-08-13 07:34:10,482 [INFO] [3629817554] MODIFIED SL → 4435.29
2026-08-13 07:34:10,482 [INFO] [3629822686] Trail: profit $9.37 peak $9.37 locked $6.87 → SL 4435.29
2026-08-13 07:34:10,608 [INFO] [3629822686] MODIFIED SL → 4435.29
2026-08-13 07:34:10,608 [INFO] [3629826097] Trail: profit $9.07 peak $9.07 locked $6.57 → SL 4435.29
2026-08-13 07:34:10,694 [INFO] [3629826097] MODIFIED SL → 4435.29
2026-08-13 07:34:15,803 [WARNING] [ACTIVE] TIE heartbeat lost > 30s. Taking over trailing...
2026-08-13 07:34:15,803 [INFO] [3629803292] Trail: profit $12.06 peak $12.06 locked $9.56 → SL 4444.31
2026-08-13 07:34:15,912 [INFO] [3629803292] MODIFIED SL → 4444.31
2026-08-13 07:34:15,913 [INFO] [3629809716] Trail: profit $15.06 peak $15.06 locked $12.56 → SL 4444.31
2026-08-13 07:34:16,023 [INFO] [3629809716] MODIFIED SL → 4444.31
2026-08-13 07:34:16,023 [INFO] [3629817554] Trail: profit $17.52 peak $17.52 locked $15.02 → SL 4444.31
2026-08-13 07:34:16,175 [INFO] [3629817554] MODIFIED SL → 4444.31
2026-08-13 07:34:16,175 [INFO] [3629822686] Trail: profit $18.39 peak $18.39 locked $15.89 → SL 4444.31
2026-08-13 07:34:16,269 [INFO] [3629822686] MODIFIED SL → 4444.31
2026-08-13 07:34:16,270 [INFO] [3629826097] Trail: profit $18.09 peak $18.09 locked $15.59 → SL 4444.31
2026-08-13 07:34:16,401 [INFO] [3629826097] MODIFIED SL → 4444.31
2026-08-13 07:34:21,479 [WARNING] [ACTIVE] TIE heartbeat lost > 30s. Taking over trailing...
2026-08-13 07:34:21,479 [INFO] [3629803292] Trail: profit $12.34 peak $12.34 locked $9.84 → SL 4444.59
2026-08-13 07:34:21,558 [INFO] [3629803292] MODIFIED SL → 4444.59
2026-08-13 07:34:21,559 [INFO] [3629809716] Trail: profit $15.34 peak $15.34 locked $12.84 → SL 4444.59
2026-08-13 07:34:21,639 [INFO] [3629809716] MODIFIED SL → 4444.59
2026-08-13 07:34:21,640 [INFO] [3629817554] Trail: profit $17.80 peak $17.80 locked $15.30 → SL 4444.59
2026-08-13 07:34:21,750 [INFO] [3629817554] MODIFIED SL → 4444.59
2026-08-13 07:34:21,751 [INFO] [3629822686] Trail: profit $18.67 peak $18.67 locked $16.17 → SL 4444.59
2026-08-13 07:34:21,851 [INFO] [3629822686] MODIFIED SL → 4444.59
2026-08-13 07:34:21,851 [INFO] [3629826097] Trail: profit $18.37 peak $18.37 locked $15.87 → SL 4444.59
2026-08-13 07:34:21,923 [INFO] [3629826097] MODIFIED SL → 4444.59
2026-08-13 07:34:26,993 [WARNING] [ACTIVE] TIE heartbeat lost > 30s. Taking over trailing...
2026-08-13 07:34:32,067 [WARNING] [ACTIVE] TIE heartbeat lost > 30s. Taking over trailing...
2026-08-13 07:34:32,067 [INFO] [3629803292] Trail: profit $12.75 peak $12.75 locked $10.25 → SL 4445.00
2026-08-13 07:34:32,137 [INFO] [3629803292] MODIFIED SL → 4445.0
2026-08-13 07:34:32,137 [INFO] [3629809716] Trail: profit $15.75 peak $15.75 locked $13.25 → SL 4445.00
2026-08-13 07:34:32,202 [INFO] [3629809716] MODIFIED SL → 4445.0
2026-08-13 07:34:32,202 [INFO] [3629817554] Trail: profit $18.21 peak $18.21 locked $15.71 → SL 4445.00
2026-08-13 07:34:32,269 [INFO] [3629817554] MODIFIED SL → 4445.0
2026-08-13 07:34:32,269 [INFO] [3629822686] Trail: profit $19.08 peak $19.08 locked $16.58 → SL 4445.00
2026-08-13 07:34:32,336 [INFO] [3629822686] MODIFIED SL → 4445.0
2026-08-13 07:34:32,336 [INFO] [3629826097] Trail: profit $18.78 peak $18.78 locked $16.28 → SL 4445.00
2026-08-13 07:34:32,416 [INFO] [3629826097] MODIFIED SL → 4445.0
2026-08-13 07:34:37,491 [WARNING] [ACTIVE] TIE heartbeat lost > 30s. Taking over trailing...
2026-08-13 07:34:37,491 [INFO] [3629803292] Trail: profit $14.74 peak $14.74 locked $12.24 → SL 4446.99
2026-08-13 07:34:37,591 [INFO] [3629803292] MODIFIED SL → 4446.99
2026-08-13 07:34:37,591 [INFO] [3629809716] Trail: profit $17.74 peak $17.74 locked $15.24 → SL 4446.99
2026-08-13 07:34:37,687 [INFO] [3629809716] MODIFIED SL → 4446.99
2026-08-13 07:34:37,687 [INFO] [3629817554] Trail: profit $20.20 peak $20.20 locked $17.70 → SL 4446.99
2026-08-13 07:34:37,758 [INFO] [3629817554] MODIFIED SL → 4446.99
2026-08-13 07:34:37,758 [INFO] [3629822686] Trail: profit $21.07 peak $21.07 locked $18.57 → SL 4446.99
2026-08-13 07:34:37,842 [INFO] [3629822686] MODIFIED SL → 4446.99
2026-08-13 07:34:37,842 [INFO] [3629826097] Trail: profit $20.77 peak $20.77 locked $18.27 → SL 4446.99
2026-08-13 07:34:37,921 [INFO] [3629826097] MODIFIED SL → 4446.99
2026-08-13 07:34:42,988 [WARNING] [ACTIVE] TIE heartbeat lost > 30s. Taking over trailing...
2026-08-13 07:34:48,048 [WARNING] [ACTIVE] TIE heartbeat lost > 30s. Taking over trailing...
2026-08-13 07:36:09,172 [WARNING] [ACTIVE] TIE heartbeat lost > 30s. Taking over trailing...
2026-08-13 07:36:14,256 [WARNING] [ACTIVE] TIE heartbeat lost > 30s. Taking over trailing...
2026-08-13 07:36:19,323 [WARNING] [ACTIVE] TIE heartbeat lost > 30s. Taking over trailing...
2026-08-13 07:36:24,386 [WARNING] [ACTIVE] TIE heartbeat lost > 30s. Taking over trailing...
2026-08-13 07:36:29,450 [WARNING] [ACTIVE] TIE heartbeat lost > 30s. Taking over trailing...
2026-08-13 07:36:34,550 [WARNING] [ACTIVE] TIE heartbeat lost > 30s. Taking over trailing...
2026-08-13 07:36:39,623 [WARNING] [ACTIVE] TIE heartbeat lost > 30s. Taking over trailing...
2026-08-13 07:36:44,700 [WARNING] [ACTIVE] TIE heartbeat lost > 30s. Taking over trailing...
2026-08-13 07:36:49,789 [WARNING] [ACTIVE] TIE heartbeat lost > 30s. Taking over trailing...
2026-08-13 07:36:54,857 [WARNING] [ACTIVE] TIE heartbeat lost > 30s. Taking over trailing...
2026-08-13 07:36:59,925 [WARNING] [ACTIVE] TIE heartbeat lost > 30s. Taking over trailing...
2026-08-13 07:37:04,995 [WARNING] [ACTIVE] TIE heartbeat lost > 30s. Taking over trailing...
2026-08-13 07:37:04,995 [INFO] [3629894426] BE lock $1.5 → SL 4443.09 | profit $3.69
2026-08-13 07:37:05,061 [INFO] [3629894426] MODIFIED SL → 4443.09
2026-08-13 07:37:10,126 [WARNING] [ACTIVE] TIE heartbeat lost > 30s. Taking over trailing...
2026-08-13 07:37:15,192 [WARNING] [ACTIVE] TIE heartbeat lost > 30s. Taking over trailing...
2026-08-13 07:37:20,300 [WARNING] [ACTIVE] TIE heartbeat lost > 30s. Taking over trailing...
2026-08-13 07:37:25,377 [WARNING] [ACTIVE] TIE heartbeat lost > 30s. Taking over trailing...
2026-08-13 07:37:30,445 [WARNING] [ACTIVE] TIE heartbeat lost > 30s. Taking over trailing...
2026-08-13 07:37:35,512 [WARNING] [ACTIVE] TIE heartbeat lost > 30s. Taking over trailing...
2026-08-13 07:37:40,599 [WARNING] [ACTIVE] TIE heartbeat lost > 30s. Taking over trailing...
2026-08-13 07:37:45,683 [WARNING] [ACTIVE] TIE heartbeat lost > 30s. Taking over trailing...
2026-08-13 07:37:50,757 [WARNING] [ACTIVE] TIE heartbeat lost > 30s. Taking over trailing...
2026-08-13 07:37:55,819 [WARNING] [ACTIVE] TIE heartbeat lost > 30s. Taking over trailing...
2026-08-13 07:38:00,897 [WARNING] [ACTIVE] TIE heartbeat lost > 30s. Taking over trailing...
2026-08-13 07:38:05,967 [WARNING] [ACTIVE] TIE heartbeat lost > 30s. Taking over trailing...
2026-08-13 07:38:11,026 [WARNING] [ACTIVE] TIE heartbeat lost > 30s. Taking over trailing...
2026-08-13 07:38:16,094 [WARNING] [ACTIVE] TIE heartbeat lost > 30s. Taking over trailing...
2026-08-13 07:38:21,164 [WARNING] [ACTIVE] TIE heartbeat lost > 30s. Taking over trailing...
2026-08-13 07:38:26,224 [WARNING] [ACTIVE] TIE heartbeat lost > 30s. Taking over trailing...
2026-08-13 07:38:31,337 [WARNING] [ACTIVE] TIE heartbeat lost > 30s. Taking over trailing...
2026-08-13 07:38:36,457 [WARNING] [ACTIVE] TIE heartbeat lost > 30s. Taking over trailing...
2026-08-13 07:38:41,523 [WARNING] [ACTIVE] TIE heartbeat lost > 30s. Taking over trailing...
2026-08-13 07:38:46,595 [WARNING] [ACTIVE] TIE heartbeat lost > 30s. Taking over trailing...
2026-08-13 07:38:51,675 [WARNING] [ACTIVE] TIE heartbeat lost > 30s. Taking over trailing...
2026-08-13 07:38:56,750 [WARNING] [ACTIVE] TIE heartbeat lost > 30s. Taking over trailing...
2026-08-13 07:39:01,836 [WARNING] [ACTIVE] TIE heartbeat lost > 30s. Taking over trailing...
2026-08-13 07:39:06,918 [WARNING] [ACTIVE] TIE heartbeat lost > 30s. Taking over trailing...
2026-08-13 07:39:11,983 [WARNING] [ACTIVE] TIE heartbeat lost > 30s. Taking over trailing...
2026-08-13 07:39:17,046 [WARNING] [ACTIVE] TIE heartbeat lost > 30s. Taking over trailing...
2026-08-13 07:39:22,110 [WARNING] [ACTIVE] TIE heartbeat lost > 30s. Taking over trailing...
2026-08-13 07:39:27,172 [WARNING] [ACTIVE] TIE heartbeat lost > 30s. Taking over trailing...
2026-08-13 07:39:32,244 [WARNING] [ACTIVE] TIE heartbeat lost > 30s. Taking over trailing...
2026-08-13 07:39:37,327 [WARNING] [ACTIVE] TIE heartbeat lost > 30s. Taking over trailing...
2026-08-13 07:39:42,409 [WARNING] [ACTIVE] TIE heartbeat lost > 30s. Taking over trailing...
2026-08-13 07:39:47,473 [WARNING] [ACTIVE] TIE heartbeat lost > 30s. Taking over trailing...
2026-08-13 07:39:52,536 [WARNING] [ACTIVE] TIE heartbeat lost > 30s. Taking over trailing...
2026-08-13 07:39:57,615 [WARNING] [ACTIVE] TIE heartbeat lost > 30s. Taking over trailing...
2026-08-13 07:40:02,684 [WARNING] [ACTIVE] TIE heartbeat lost > 30s. Taking over trailing...
2026-08-13 07:40:07,751 [WARNING] [ACTIVE] TIE heartbeat lost > 30s. Taking over trailing...
2026-08-13 07:40:12,814 [WARNING] [ACTIVE] TIE heartbeat lost > 30s. Taking over trailing...
2026-08-13 07:40:17,876 [WARNING] [ACTIVE] TIE heartbeat lost > 30s. Taking over trailing...
2026-08-13 07:40:22,963 [WARNING] [ACTIVE] TIE heartbeat lost > 30s. Taking over trailing...
2026-08-13 07:40:28,036 [WARNING] [ACTIVE] TIE heartbeat lost > 30s. Taking over trailing...
2026-08-13 07:40:33,108 [WARNING] [ACTIVE] TIE heartbeat lost > 30s. Taking over trailing...
2026-08-13 07:40:38,182 [WARNING] [ACTIVE] TIE heartbeat lost > 30s. Taking over trailing...
2026-08-13 07:40:43,260 [WARNING] [ACTIVE] TIE heartbeat lost > 30s. Taking over trailing...
2026-08-13 07:40:48,323 [WARNING] [ACTIVE] TIE heartbeat lost > 30s. Taking over trailing...
2026-08-13 07:40:53,387 [WARNING] [ACTIVE] TIE heartbeat lost > 30s. Taking over trailing...
2026-08-13 07:40:58,452 [WARNING] [ACTIVE] TIE heartbeat lost > 30s. Taking over trailing...
2026-08-13 07:41:03,532 [WARNING] [ACTIVE] TIE heartbeat lost > 30s. Taking over trailing...
2026-08-13 07:41:08,615 [WARNING] [ACTIVE] TIE heartbeat lost > 30s. Taking over trailing...
2026-08-13 07:41:13,681 [WARNING] [ACTIVE] TIE heartbeat lost > 30s. Taking over trailing...
2026-08-13 07:41:18,799 [WARNING] [ACTIVE] TIE heartbeat lost > 30s. Taking over trailing...
2026-08-13 07:41:23,870 [WARNING] [ACTIVE] TIE heartbeat lost > 30s. Taking over trailing...
2026-08-13 07:41:28,963 [WARNING] [ACTIVE] TIE heartbeat lost > 30s. Taking over trailing...
2026-08-13 07:41:34,042 [WARNING] [ACTIVE] TIE heartbeat lost > 30s. Taking over trailing...
2026-08-13 07:41:39,108 [WARNING] [ACTIVE] TIE heartbeat lost > 30s. Taking over trailing...
2026-08-13 07:41:44,183 [WARNING] [ACTIVE] TIE heartbeat lost > 30s. Taking over trailing...
2026-08-13 07:41:49,245 [WARNING] [ACTIVE] TIE heartbeat lost > 30s. Taking over trailing...
2026-08-13 07:41:54,308 [WARNING] [ACTIVE] TIE heartbeat lost > 30s. Taking over trailing...
2026-08-13 07:41:59,374 [WARNING] [ACTIVE] TIE heartbeat lost > 30s. Taking over trailing...
2026-08-13 07:42:04,437 [WARNING] [ACTIVE] TIE heartbeat lost > 30s. Taking over trailing...
2026-08-13 07:42:09,506 [WARNING] [ACTIVE] TIE heartbeat lost > 30s. Taking over trailing...
2026-08-13 07:42:14,571 [WARNING] [ACTIVE] TIE heartbeat lost > 30s. Taking over trailing...
2026-08-13 07:42:19,629 [WARNING] [ACTIVE] TIE heartbeat lost > 30s. Taking over trailing...
2026-08-13 07:42:24,697 [WARNING] [ACTIVE] TIE heartbeat lost > 30s. Taking over trailing...
2026-08-13 07:42:29,765 [WARNING] [ACTIVE] TIE heartbeat lost > 30s. Taking over trailing...
2026-08-13 07:42:34,834 [WARNING] [ACTIVE] TIE heartbeat lost > 30s. Taking over trailing...
2026-08-13 07:42:39,918 [WARNING] [ACTIVE] TIE heartbeat lost > 30s. Taking over trailing...
2026-08-13 07:42:44,980 [WARNING] [ACTIVE] TIE heartbeat lost > 30s. Taking over trailing...
2026-08-13 07:42:50,045 [WARNING] [ACTIVE] TIE heartbeat lost > 30s. Taking over trailing...
2026-08-13 07:42:55,108 [WARNING] [ACTIVE] TIE heartbeat lost > 30s. Taking over trailing...
2026-08-13 07:43:00,200 [WARNING] [ACTIVE] TIE heartbeat lost > 30s. Taking over trailing...
2026-08-13 07:43:05,270 [WARNING] [ACTIVE] TIE heartbeat lost > 30s. Taking over trailing...
2026-08-13 07:43:10,335 [WARNING] [ACTIVE] TIE heartbeat lost > 30s. Taking over trailing...
2026-08-13 07:43:15,396 [WARNING] [ACTIVE] TIE heartbeat lost > 30s. Taking over trailing...
2026-08-13 07:43:20,469 [WARNING] [ACTIVE] TIE heartbeat lost > 30s. Taking over trailing...
2026-08-13 07:43:25,548 [WARNING] [ACTIVE] TIE heartbeat lost > 30s. Taking over trailing...
2026-08-13 07:43:30,613 [WARNING] [ACTIVE] TIE heartbeat lost > 30s. Taking over trailing...
2026-08-13 07:43:35,678 [WARNING] [ACTIVE] TIE heartbeat lost > 30s. Taking over trailing...
2026-08-13 07:43:40,747 [WARNING] [ACTIVE] TIE heartbeat lost > 30s. Taking over trailing...
2026-08-13 07:43:45,812 [WARNING] [ACTIVE] TIE heartbeat lost > 30s. Taking over trailing...
2026-08-13 07:43:50,877 [WARNING] [ACTIVE] TIE heartbeat lost > 30s. Taking over trailing...
2026-08-13 07:43:55,947 [WARNING] [ACTIVE] TIE heartbeat lost > 30s. Taking over trailing...
2026-08-13 07:44:01,026 [WARNING] [ACTIVE] TIE heartbeat lost > 30s. Taking over trailing...
2026-08-13 07:44:06,088 [WARNING] [ACTIVE] TIE heartbeat lost > 30s. Taking over trailing...
2026-08-13 07:44:11,148 [WARNING] [ACTIVE] TIE heartbeat lost > 30s. Taking over trailing...
2026-08-13 07:44:16,216 [WARNING] [ACTIVE] TIE heartbeat lost > 30s. Taking over trailing...
2026-08-13 07:44:21,324 [WARNING] [ACTIVE] TIE heartbeat lost > 30s. Taking over trailing...
2026-08-13 07:44:26,387 [WARNING] [ACTIVE] TIE heartbeat lost > 30s. Taking over trailing...
2026-08-13 07:44:31,462 [WARNING] [ACTIVE] TIE heartbeat lost > 30s. Taking over trailing...
2026-08-13 07:44:36,536 [WARNING] [ACTIVE] TIE heartbeat lost > 30s. Taking over trailing...
2026-08-13 07:44:41,625 [WARNING] [ACTIVE] TIE heartbeat lost > 30s. Taking over trailing...
2026-08-13 07:44:46,685 [WARNING] [ACTIVE] TIE heartbeat lost > 30s. Taking over trailing...
2026-08-13 07:44:51,752 [WARNING] [ACTIVE] TIE heartbeat lost > 30s. Taking over trailing...
2026-08-13 07:44:56,831 [WARNING] [ACTIVE] TIE heartbeat lost > 30s. Taking over trailing...
2026-08-13 07:45:01,919 [WARNING] [ACTIVE] TIE heartbeat lost > 30s. Taking over trailing...
2026-08-13 07:45:06,984 [WARNING] [ACTIVE] TIE heartbeat lost > 30s. Taking over trailing...
2026-08-13 07:45:12,051 [WARNING] [ACTIVE] TIE heartbeat lost > 30s. Taking over trailing...
2026-08-13 07:45:17,165 [WARNING] [ACTIVE] TIE heartbeat lost > 30s. Taking over trailing...
2026-08-13 07:45:22,231 [WARNING] [ACTIVE] TIE heartbeat lost > 30s. Taking over trailing...
2026-08-13 07:45:27,296 [WARNING] [ACTIVE] TIE heartbeat lost > 30s. Taking over trailing...
2026-08-13 07:45:32,359 [WARNING] [ACTIVE] TIE heartbeat lost > 30s. Taking over trailing...
2026-08-13 07:45:37,441 [WARNING] [ACTIVE] TIE heartbeat lost > 30s. Taking over trailing...
2026-08-13 07:45:42,502 [WARNING] [ACTIVE] TIE heartbeat lost > 30s. Taking over trailing...
2026-08-13 07:45:47,569 [WARNING] [ACTIVE] TIE heartbeat lost > 30s. Taking over trailing...
2026-08-13 07:45:52,632 [WARNING] [ACTIVE] TIE heartbeat lost > 30s. Taking over trailing...
2026-08-13 07:45:57,697 [WARNING] [ACTIVE] TIE heartbeat lost > 30s. Taking over trailing...
2026-08-13 07:46:02,771 [WARNING] [ACTIVE] TIE heartbeat lost > 30s. Taking over trailing...
2026-08-13 07:46:07,840 [WARNING] [ACTIVE] TIE heartbeat lost > 30s. Taking over trailing...
2026-08-13 07:46:12,915 [WARNING] [ACTIVE] TIE heartbeat lost > 30s. Taking over trailing...
2026-08-13 07:46:17,990 [WARNING] [ACTIVE] TIE heartbeat lost > 30s. Taking over trailing...
2026-08-13 07:46:23,069 [WARNING] [ACTIVE] TIE heartbeat lost > 30s. Taking over trailing...
2026-08-13 07:46:28,130 [WARNING] [ACTIVE] TIE heartbeat lost > 30s. Taking over trailing...
2026-08-13 07:46:33,244 [WARNING] [ACTIVE] TIE heartbeat lost > 30s. Taking over trailing...
2026-08-13 07:46:38,306 [WARNING] [ACTIVE] TIE heartbeat lost > 30s. Taking over trailing...
2026-08-13 07:46:43,386 [WARNING] [ACTIVE] TIE heartbeat lost > 30s. Taking over trailing...
2026-08-13 07:46:48,450 [WARNING] [ACTIVE] TIE heartbeat lost > 30s. Taking over trailing...
2026-08-13 07:46:53,533 [WARNING] [ACTIVE] TIE heartbeat lost > 30s. Taking over trailing...
2026-08-13 07:46:58,605 [WARNING] [ACTIVE] TIE heartbeat lost > 30s. Taking over trailing...
2026-08-13 07:47:03,671 [WARNING] [ACTIVE] TIE heartbeat lost > 30s. Taking over trailing...
2026-08-13 07:47:08,742 [WARNING] [ACTIVE] TIE heartbeat lost > 30s. Taking over trailing...
2026-08-13 07:47:13,810 [WARNING] [ACTIVE] TIE heartbeat lost > 30s. Taking over trailing...
2026-08-13 07:47:18,880 [WARNING] [ACTIVE] TIE heartbeat lost > 30s. Taking over trailing...
2026-08-13 07:47:23,942 [WARNING] [ACTIVE] TIE heartbeat lost > 30s. Taking over trailing...
2026-08-13 07:47:29,008 [WARNING] [ACTIVE] TIE heartbeat lost > 30s. Taking over trailing...
2026-08-13 07:47:34,070 [WARNING] [ACTIVE] TIE heartbeat lost > 30s. Taking over trailing...
2026-08-13 07:47:39,141 [WARNING] [ACTIVE] TIE heartbeat lost > 30s. Taking over trailing...
2026-08-13 07:47:44,205 [WARNING] [ACTIVE] TIE heartbeat lost > 30s. Taking over trailing...
2026-08-13 07:47:49,269 [WARNING] [ACTIVE] TIE heartbeat lost > 30s. Taking over trailing...
2026-08-13 07:47:54,333 [WARNING] [ACTIVE] TIE heartbeat lost > 30s. Taking over trailing...
2026-08-13 07:47:59,437 [WARNING] [ACTIVE] TIE heartbeat lost > 30s. Taking over trailing...
2026-08-13 07:48:04,498 [WARNING] [ACTIVE] TIE heartbeat lost > 30s. Taking over trailing...
2026-08-13 07:48:09,560 [WARNING] [ACTIVE] TIE heartbeat lost > 30s. Taking over trailing...
2026-08-13 07:48:14,640 [WARNING] [ACTIVE] TIE heartbeat lost > 30s. Taking over trailing...
2026-08-13 07:48:19,702 [WARNING] [ACTIVE] TIE heartbeat lost > 30s. Taking over trailing...
2026-08-13 07:48:24,772 [WARNING] [ACTIVE] TIE heartbeat lost > 30s. Taking over trailing...
2026-08-13 07:48:29,832 [WARNING] [ACTIVE] TIE heartbeat lost > 30s. Taking over trailing...
2026-08-13 07:48:34,898 [WARNING] [ACTIVE] TIE heartbeat lost > 30s. Taking over trailing...
2026-08-13 07:48:39,985 [WARNING] [ACTIVE] TIE heartbeat lost > 30s. Taking over trailing...
2026-08-13 07:48:45,085 [WARNING] [ACTIVE] TIE heartbeat lost > 30s. Taking over trailing...
2026-08-13 07:48:50,151 [WARNING] [ACTIVE] TIE heartbeat lost > 30s. Taking over trailing...
2026-08-13 07:48:55,223 [WARNING] [ACTIVE] TIE heartbeat lost > 30s. Taking over trailing...
2026-08-13 07:49:00,290 [WARNING] [ACTIVE] TIE heartbeat lost > 30s. Taking over trailing...
2026-08-13 07:49:05,371 [WARNING] [ACTIVE] TIE heartbeat lost > 30s. Taking over trailing...
2026-08-13 07:49:10,443 [WARNING] [ACTIVE] TIE heartbeat lost > 30s. Taking over trailing...
2026-08-13 07:49:15,510 [WARNING] [ACTIVE] TIE heartbeat lost > 30s. Taking over trailing...
2026-08-13 07:49:20,592 [WARNING] [ACTIVE] TIE heartbeat lost > 30s. Taking over trailing...
2026-08-13 07:49:25,661 [WARNING] [ACTIVE] TIE heartbeat lost > 30s. Taking over trailing...
2026-08-13 07:49:30,740 [WARNING] [ACTIVE] TIE heartbeat lost > 30s. Taking over trailing...
2026-08-13 07:49:35,810 [WARNING] [ACTIVE] TIE heartbeat lost > 30s. Taking over trailing...
2026-08-13 07:49:40,875 [WARNING] [ACTIVE] TIE heartbeat lost > 30s. Taking over trailing...
2026-08-13 07:49:45,996 [WARNING] [ACTIVE] TIE heartbeat lost > 30s. Taking over trailing...
2026-08-13 07:49:51,077 [WARNING] [ACTIVE] TIE heartbeat lost > 30s. Taking over trailing...
2026-08-13 07:49:56,146 [WARNING] [ACTIVE] TIE heartbeat lost > 30s. Taking over trailing...
2026-08-13 07:50:01,286 [WARNING] [ACTIVE] TIE heartbeat lost > 30s. Taking over trailing...
2026-08-13 07:50:06,348 [WARNING] [ACTIVE] TIE heartbeat lost > 30s. Taking over trailing...
2026-08-13 07:50:11,433 [WARNING] [ACTIVE] TIE heartbeat lost > 30s. Taking over trailing...
2026-08-13 07:50:16,500 [WARNING] [ACTIVE] TIE heartbeat lost > 30s. Taking over trailing...
2026-08-13 07:50:21,581 [WARNING] [ACTIVE] TIE heartbeat lost > 30s. Taking over trailing...
2026-08-13 07:50:26,648 [WARNING] [ACTIVE] TIE heartbeat lost > 30s. Taking over trailing...
2026-08-13 07:50:31,715 [WARNING] [ACTIVE] TIE heartbeat lost > 30s. Taking over trailing...
2026-08-13 07:50:36,886 [WARNING] [ACTIVE] TIE heartbeat lost > 30s. Taking over trailing...
2026-08-13 07:50:41,964 [WARNING] [ACTIVE] TIE heartbeat lost > 30s. Taking over trailing...
2026-08-13 07:50:47,056 [WARNING] [ACTIVE] TIE heartbeat lost > 30s. Taking over trailing...
2026-08-13 07:50:52,133 [WARNING] [ACTIVE] TIE heartbeat lost > 30s. Taking over trailing...
2026-08-13 07:50:57,198 [WARNING] [ACTIVE] TIE heartbeat lost > 30s. Taking over trailing...
2026-08-13 07:51:02,357 [WARNING] [ACTIVE] TIE heartbeat lost > 30s. Taking over trailing...
2026-08-13 07:51:07,422 [WARNING] [ACTIVE] TIE heartbeat lost > 30s. Taking over trailing...
2026-08-13 07:51:12,488 [WARNING] [ACTIVE] TIE heartbeat lost > 30s. Taking over trailing...
2026-08-13 07:51:17,550 [WARNING] [ACTIVE] TIE heartbeat lost > 30s. Taking over trailing...
2026-08-13 07:51:22,615 [WARNING] [ACTIVE] TIE heartbeat lost > 30s. Taking over trailing...
2026-08-13 07:51:27,687 [WARNING] [ACTIVE] TIE heartbeat lost > 30s. Taking over trailing...
2026-08-13 07:51:32,760 [WARNING] [ACTIVE] TIE heartbeat lost > 30s. Taking over trailing...
2026-08-13 07:51:37,820 [WARNING] [ACTIVE] TIE heartbeat lost > 30s. Taking over trailing...
2026-08-13 07:51:42,881 [WARNING] [ACTIVE] TIE heartbeat lost > 30s. Taking over trailing...
2026-08-13 07:51:47,952 [WARNING] [ACTIVE] TIE heartbeat lost > 30s. Taking over trailing...
2026-08-13 07:51:53,045 [WARNING] [ACTIVE] TIE heartbeat lost > 30s. Taking over trailing...
2026-08-13 07:51:58,141 [WARNING] [ACTIVE] TIE heartbeat lost > 30s. Taking over trailing...
2026-08-13 07:52:03,224 [WARNING] [ACTIVE] TIE heartbeat lost > 30s. Taking over trailing...
2026-08-13 07:52:08,317 [WARNING] [ACTIVE] TIE heartbeat lost > 30s. Taking over trailing...
2026-08-13 07:52:13,396 [WARNING] [ACTIVE] TIE heartbeat lost > 30s. Taking over trailing...
2026-08-13 07:52:18,478 [WARNING] [ACTIVE] TIE heartbeat lost > 30s. Taking over trailing...
2026-08-13 07:52:23,548 [WARNING] [ACTIVE] TIE heartbeat lost > 30s. Taking over trailing...
2026-08-13 07:52:28,611 [WARNING] [ACTIVE] TIE heartbeat lost > 30s. Taking over trailing...
2026-08-13 07:52:33,682 [WARNING] [ACTIVE] TIE heartbeat lost > 30s. Taking over trailing...
2026-08-13 07:52:38,762 [WARNING] [ACTIVE] TIE heartbeat lost > 30s. Taking over trailing...
2026-08-13 07:52:43,836 [WARNING] [ACTIVE] TIE heartbeat lost > 30s. Taking over trailing...
2026-08-13 07:52:48,931 [WARNING] [ACTIVE] TIE heartbeat lost > 30s. Taking over trailing...
2026-08-13 07:52:54,006 [WARNING] [ACTIVE] TIE heartbeat lost > 30s. Taking over trailing...
2026-08-13 07:52:59,078 [WARNING] [ACTIVE] TIE heartbeat lost > 30s. Taking over trailing...
2026-08-13 07:53:04,142 [WARNING] [ACTIVE] TIE heartbeat lost > 30s. Taking over trailing...
2026-08-13 07:53:09,219 [WARNING] [ACTIVE] TIE heartbeat lost > 30s. Taking over trailing...
2026-08-13 07:53:14,282 [WARNING] [ACTIVE] TIE heartbeat lost > 30s. Taking over trailing...
2026-08-13 07:53:19,341 [WARNING] [ACTIVE] TIE heartbeat lost > 30s. Taking over trailing...
2026-08-13 07:53:24,411 [WARNING] [ACTIVE] TIE heartbeat lost > 30s. Taking over trailing...
2026-08-13 07:53:29,477 [WARNING] [ACTIVE] TIE heartbeat lost > 30s. Taking over trailing...
2026-08-13 07:53:34,561 [WARNING] [ACTIVE] TIE heartbeat lost > 30s. Taking over trailing...
2026-08-13 07:53:39,625 [WARNING] [ACTIVE] TIE heartbeat lost > 30s. Taking over trailing...
2026-08-13 07:53:44,731 [WARNING] [ACTIVE] TIE heartbeat lost > 30s. Taking over trailing...
2026-08-13 07:53:49,794 [WARNING] [ACTIVE] TIE heartbeat lost > 30s. Taking over trailing...
2026-08-13 07:53:54,870 [WARNING] [ACTIVE] TIE heartbeat lost > 30s. Taking over trailing...
2026-08-13 07:53:59,936 [WARNING] [ACTIVE] TIE heartbeat lost > 30s. Taking over trailing...
2026-08-13 07:54:05,000 [WARNING] [ACTIVE] TIE heartbeat lost > 30s. Taking over trailing...
2026-08-13 07:54:10,063 [WARNING] [ACTIVE] TIE heartbeat lost > 30s. Taking over trailing...
2026-08-13 07:54:15,132 [WARNING] [ACTIVE] TIE heartbeat lost > 30s. Taking over trailing...
2026-08-13 07:54:20,231 [WARNING] [ACTIVE] TIE heartbeat lost > 30s. Taking over trailing...
2026-08-13 07:54:25,295 [WARNING] [ACTIVE] TIE heartbeat lost > 30s. Taking over trailing...
2026-08-13 07:54:30,363 [WARNING] [ACTIVE] TIE heartbeat lost > 30s. Taking over trailing...
2026-08-13 07:54:35,430 [WARNING] [ACTIVE] TIE heartbeat lost > 30s. Taking over trailing...
2026-08-13 07:54:40,495 [WARNING] [ACTIVE] TIE heartbeat lost > 30s. Taking over trailing...
2026-08-13 07:54:45,559 [WARNING] [ACTIVE] TIE heartbeat lost > 30s. Taking over trailing...
2026-08-13 07:54:50,626 [WARNING] [ACTIVE] TIE heartbeat lost > 30s. Taking over trailing...
2026-08-13 07:54:55,695 [WARNING] [ACTIVE] TIE heartbeat lost > 30s. Taking over trailing...
2026-08-13 07:55:00,757 [WARNING] [ACTIVE] TIE heartbeat lost > 30s. Taking over trailing...
2026-08-13 07:55:05,831 [WARNING] [ACTIVE] TIE heartbeat lost > 30s. Taking over trailing...
2026-08-13 07:55:10,901 [WARNING] [ACTIVE] TIE heartbeat lost > 30s. Taking over trailing...
2026-08-13 07:55:15,965 [WARNING] [ACTIVE] TIE heartbeat lost > 30s. Taking over trailing...
2026-08-13 07:55:21,046 [WARNING] [ACTIVE] TIE heartbeat lost > 30s. Taking over trailing...
2026-08-13 07:55:26,130 [WARNING] [ACTIVE] TIE heartbeat lost > 30s. Taking over trailing...
2026-08-13 07:55:31,192 [WARNING] [ACTIVE] TIE heartbeat lost > 30s. Taking over trailing...
2026-08-13 07:55:36,262 [WARNING] [ACTIVE] TIE heartbeat lost > 30s. Taking over trailing...
2026-08-13 07:55:41,325 [WARNING] [ACTIVE] TIE heartbeat lost > 30s. Taking over trailing...
2026-08-13 07:55:46,391 [WARNING] [ACTIVE] TIE heartbeat lost > 30s. Taking over trailing...
2026-08-13 07:55:51,460 [WARNING] [ACTIVE] TIE heartbeat lost > 30s. Taking over trailing...
2026-08-13 07:55:56,528 [WARNING] [ACTIVE] TIE heartbeat lost > 30s. Taking over trailing...
2026-08-13 07:56:01,620 [WARNING] [ACTIVE] TIE heartbeat lost > 30s. Taking over trailing...
2026-08-13 07:56:06,685 [WARNING] [ACTIVE] TIE heartbeat lost > 30s. Taking over trailing...
2026-08-13 07:56:11,746 [WARNING] [ACTIVE] TIE heartbeat lost > 30s. Taking over trailing...
2026-08-13 07:56:16,813 [WARNING] [ACTIVE] TIE heartbeat lost > 30s. Taking over trailing...
2026-08-13 07:56:21,875 [WARNING] [ACTIVE] TIE heartbeat lost > 30s. Taking over trailing...
2026-08-13 07:56:26,945 [WARNING] [ACTIVE] TIE heartbeat lost > 30s. Taking over trailing...
2026-08-13 07:56:32,017 [WARNING] [ACTIVE] TIE heartbeat lost > 30s. Taking over trailing...
2026-08-13 07:56:37,079 [WARNING] [ACTIVE] TIE heartbeat lost > 30s. Taking over trailing...
2026-08-13 07:56:42,142 [WARNING] [ACTIVE] TIE heartbeat lost > 30s. Taking over trailing...
2026-08-13 07:56:47,203 [WARNING] [ACTIVE] TIE heartbeat lost > 30s. Taking over trailing...
2026-08-13 07:56:52,270 [WARNING] [ACTIVE] TIE heartbeat lost > 30s. Taking over trailing...
2026-08-13 07:56:57,356 [WARNING] [ACTIVE] TIE heartbeat lost > 30s. Taking over trailing...
2026-08-13 07:57:02,420 [WARNING] [ACTIVE] TIE heartbeat lost > 30s. Taking over trailing...
2026-08-13 07:57:07,483 [WARNING] [ACTIVE] TIE heartbeat lost > 30s. Taking over trailing...
2026-08-13 07:57:12,544 [WARNING] [ACTIVE] TIE heartbeat lost > 30s. Taking over trailing...
2026-08-13 07:57:17,613 [WARNING] [ACTIVE] TIE heartbeat lost > 30s. Taking over trailing...
2026-08-13 07:57:22,682 [WARNING] [ACTIVE] TIE heartbeat lost > 30s. Taking over trailing...
2026-08-13 07:57:27,744 [WARNING] [ACTIVE] TIE heartbeat lost > 30s. Taking over trailing...
2026-08-13 07:57:32,814 [WARNING] [ACTIVE] TIE heartbeat lost > 30s. Taking over trailing...
2026-08-13 07:57:37,893 [WARNING] [ACTIVE] TIE heartbeat lost > 30s. Taking over trailing...
2026-08-13 07:57:42,973 [WARNING] [ACTIVE] TIE heartbeat lost > 30s. Taking over trailing...
2026-08-13 07:57:48,038 [WARNING] [ACTIVE] TIE heartbeat lost > 30s. Taking over trailing...
2026-08-13 07:57:53,117 [WARNING] [ACTIVE] TIE heartbeat lost > 30s. Taking over trailing...
2026-08-13 07:57:58,199 [WARNING] [ACTIVE] TIE heartbeat lost > 30s. Taking over trailing...
2026-08-13 07:58:03,290 [WARNING] [ACTIVE] TIE heartbeat lost > 30s. Taking over trailing...
2026-08-13 07:58:08,366 [WARNING] [ACTIVE] TIE heartbeat lost > 30s. Taking over trailing...
2026-08-13 07:58:13,446 [WARNING] [ACTIVE] TIE heartbeat lost > 30s. Taking over trailing...
2026-08-13 07:58:18,523 [WARNING] [ACTIVE] TIE heartbeat lost > 30s. Taking over trailing...
2026-08-13 07:58:23,632 [WARNING] [ACTIVE] TIE heartbeat lost > 30s. Taking over trailing...
2026-08-13 07:58:28,700 [WARNING] [ACTIVE] TIE heartbeat lost > 30s. Taking over trailing...
2026-08-13 07:58:33,767 [WARNING] [ACTIVE] TIE heartbeat lost > 30s. Taking over trailing...
2026-08-13 07:58:38,828 [WARNING] [ACTIVE] TIE heartbeat lost > 30s. Taking over trailing...
2026-08-13 07:58:43,911 [WARNING] [ACTIVE] TIE heartbeat lost > 30s. Taking over trailing...
2026-08-13 07:58:49,063 [WARNING] [ACTIVE] TIE heartbeat lost > 30s. Taking over trailing...
2026-08-13 07:58:54,130 [WARNING] [ACTIVE] TIE heartbeat lost > 30s. Taking over trailing...
2026-08-13 07:58:59,213 [WARNING] [ACTIVE] TIE heartbeat lost > 30s. Taking over trailing...
2026-08-13 07:59:04,285 [WARNING] [ACTIVE] TIE heartbeat lost > 30s. Taking over trailing...
2026-08-13 07:59:09,371 [WARNING] [ACTIVE] TIE heartbeat lost > 30s. Taking over trailing...
2026-08-13 07:59:14,444 [WARNING] [ACTIVE] TIE heartbeat lost > 30s. Taking over trailing...
2026-08-13 07:59:19,507 [WARNING] [ACTIVE] TIE heartbeat lost > 30s. Taking over trailing...
2026-08-13 07:59:24,573 [WARNING] [ACTIVE] TIE heartbeat lost > 30s. Taking over trailing...
2026-08-13 07:59:29,649 [WARNING] [ACTIVE] TIE heartbeat lost > 30s. Taking over trailing...
2026-08-13 07:59:34,711 [WARNING] [ACTIVE] TIE heartbeat lost > 30s. Taking over trailing...
2026-08-13 07:59:39,771 [WARNING] [ACTIVE] TIE heartbeat lost > 30s. Taking over trailing...
2026-08-13 07:59:44,843 [WARNING] [ACTIVE] TIE heartbeat lost > 30s. Taking over trailing...
2026-08-13 07:59:49,911 [WARNING] [ACTIVE] TIE heartbeat lost > 30s. Taking over trailing...
2026-08-13 07:59:54,977 [WARNING] [ACTIVE] TIE heartbeat lost > 30s. Taking over trailing...
2026-08-13 08:00:00,121 [WARNING] [ACTIVE] TIE heartbeat lost > 30s. Taking over trailing...
2026-08-13 08:00:05,226 [WARNING] [ACTIVE] TIE heartbeat lost > 30s. Taking over trailing...
2026-08-13 08:00:10,315 [WARNING] [ACTIVE] TIE heartbeat lost > 30s. Taking over trailing...
2026-08-13 08:00:15,399 [WARNING] [ACTIVE] TIE heartbeat lost > 30s. Taking over trailing...
2026-08-13 08:00:20,463 [WARNING] [ACTIVE] TIE heartbeat lost > 30s. Taking over trailing...
2026-08-13 08:00:25,534 [WARNING] [ACTIVE] TIE heartbeat lost > 30s. Taking over trailing...
2026-08-13 08:00:30,611 [WARNING] [ACTIVE] TIE heartbeat lost > 30s. Taking over trailing...
2026-08-13 08:00:35,680 [WARNING] [ACTIVE] TIE heartbeat lost > 30s. Taking over trailing...
2026-08-13 08:00:40,756 [WARNING] [ACTIVE] TIE heartbeat lost > 30s. Taking over trailing...
2026-08-13 08:00:45,826 [WARNING] [ACTIVE] TIE heartbeat lost > 30s. Taking over trailing...
2026-08-13 08:00:50,922 [WARNING] [ACTIVE] TIE heartbeat lost > 30s. Taking over trailing...
2026-08-13 08:00:56,045 [WARNING] [ACTIVE] TIE heartbeat lost > 30s. Taking over trailing...
2026-08-13 08:01:01,113 [WARNING] [ACTIVE] TIE heartbeat lost > 30s. Taking over trailing...
2026-08-13 08:01:06,224 [WARNING] [ACTIVE] TIE heartbeat lost > 30s. Taking over trailing...
2026-08-13 08:01:11,332 [WARNING] [ACTIVE] TIE heartbeat lost > 30s. Taking over trailing...
2026-08-13 08:01:16,403 [WARNING] [ACTIVE] TIE heartbeat lost > 30s. Taking over trailing...
2026-08-13 08:01:21,472 [WARNING] [ACTIVE] TIE heartbeat lost > 30s. Taking over trailing...
2026-08-13 08:01:26,562 [WARNING] [ACTIVE] TIE heartbeat lost > 30s. Taking over trailing...
2026-08-13 08:01:31,635 [WARNING] [ACTIVE] TIE heartbeat lost > 30s. Taking over trailing...
2026-08-13 08:01:36,709 [WARNING] [ACTIVE] TIE heartbeat lost > 30s. Taking over trailing...
2026-08-13 08:01:41,774 [WARNING] [ACTIVE] TIE heartbeat lost > 30s. Taking over trailing...
2026-08-13 08:01:46,847 [WARNING] [ACTIVE] TIE heartbeat lost > 30s. Taking over trailing...
2026-08-13 08:01:51,929 [WARNING] [ACTIVE] TIE heartbeat lost > 30s. Taking over trailing...
2026-08-13 08:01:56,997 [WARNING] [ACTIVE] TIE heartbeat lost > 30s. Taking over trailing...
2026-08-13 08:02:02,065 [WARNING] [ACTIVE] TIE heartbeat lost > 30s. Taking over trailing...
2026-08-13 08:02:07,145 [WARNING] [ACTIVE] TIE heartbeat lost > 30s. Taking over trailing...
2026-08-13 08:02:12,213 [WARNING] [ACTIVE] TIE heartbeat lost > 30s. Taking over trailing...
2026-08-13 08:02:17,277 [WARNING] [ACTIVE] TIE heartbeat lost > 30s. Taking over trailing...
2026-08-13 08:02:22,342 [WARNING] [ACTIVE] TIE heartbeat lost > 30s. Taking over trailing...
2026-08-13 08:02:27,407 [WARNING] [ACTIVE] TIE heartbeat lost > 30s. Taking over trailing...
2026-08-13 08:02:32,478 [WARNING] [ACTIVE] TIE heartbeat lost > 30s. Taking over trailing...
2026-08-13 08:02:37,590 [WARNING] [ACTIVE] TIE heartbeat lost > 30s. Taking over trailing...
2026-08-13 08:02:42,659 [WARNING] [ACTIVE] TIE heartbeat lost > 30s. Taking over trailing...
2026-08-13 08:02:47,776 [WARNING] [ACTIVE] TIE heartbeat lost > 30s. Taking over trailing...
2026-08-13 08:02:52,854 [WARNING] [ACTIVE] TIE heartbeat lost > 30s. Taking over trailing...
2026-08-13 08:02:57,920 [WARNING] [ACTIVE] TIE heartbeat lost > 30s. Taking over trailing...
2026-08-13 08:03:03,003 [WARNING] [ACTIVE] TIE heartbeat lost > 30s. Taking over trailing...
2026-08-13 08:03:08,073 [WARNING] [ACTIVE] TIE heartbeat lost > 30s. Taking over trailing...
2026-08-13 08:03:13,137 [WARNING] [ACTIVE] TIE heartbeat lost > 30s. Taking over trailing...
2026-08-13 08:03:18,212 [WARNING] [ACTIVE] TIE heartbeat lost > 30s. Taking over trailing...
2026-08-13 08:03:23,276 [WARNING] [ACTIVE] TIE heartbeat lost > 30s. Taking over trailing...
2026-08-13 08:03:28,344 [WARNING] [ACTIVE] TIE heartbeat lost > 30s. Taking over trailing...
2026-08-13 08:03:33,418 [WARNING] [ACTIVE] TIE heartbeat lost > 30s. Taking over trailing...
2026-08-13 08:03:38,489 [WARNING] [ACTIVE] TIE heartbeat lost > 30s. Taking over trailing...
2026-08-13 08:03:43,556 [WARNING] [ACTIVE] TIE heartbeat lost > 30s. Taking over trailing...
2026-08-13 08:03:48,641 [WARNING] [ACTIVE] TIE heartbeat lost > 30s. Taking over trailing...
2026-08-13 08:03:53,712 [WARNING] [ACTIVE] TIE heartbeat lost > 30s. Taking over trailing...
2026-08-13 08:03:58,799 [WARNING] [ACTIVE] TIE heartbeat lost > 30s. Taking over trailing...
2026-08-13 08:04:03,864 [WARNING] [ACTIVE] TIE heartbeat lost > 30s. Taking over trailing...
2026-08-13 08:04:08,952 [WARNING] [ACTIVE] TIE heartbeat lost > 30s. Taking over trailing...
2026-08-13 08:04:14,107 [WARNING] [ACTIVE] TIE heartbeat lost > 30s. Taking over trailing...
2026-08-13 08:04:19,172 [WARNING] [ACTIVE] TIE heartbeat lost > 30s. Taking over trailing...
2026-08-13 08:04:24,240 [WARNING] [ACTIVE] TIE heartbeat lost > 30s. Taking over trailing...
2026-08-13 08:04:29,302 [WARNING] [ACTIVE] TIE heartbeat lost > 30s. Taking over trailing...
2026-08-13 08:04:34,371 [WARNING] [ACTIVE] TIE heartbeat lost > 30s. Taking over trailing...
2026-08-13 08:04:39,446 [WARNING] [ACTIVE] TIE heartbeat lost > 30s. Taking over trailing...
2026-08-13 08:04:44,519 [WARNING] [ACTIVE] TIE heartbeat lost > 30s. Taking over trailing...
2026-08-13 08:04:49,585 [WARNING] [ACTIVE] TIE heartbeat lost > 30s. Taking over trailing...
2026-08-13 08:04:54,650 [WARNING] [ACTIVE] TIE heartbeat lost > 30s. Taking over trailing...
2026-08-13 08:04:59,728 [WARNING] [ACTIVE] TIE heartbeat lost > 30s. Taking over trailing...
2026-08-13 08:05:04,804 [WARNING] [ACTIVE] TIE heartbeat lost > 30s. Taking over trailing...
2026-08-13 08:05:09,875 [WARNING] [ACTIVE] TIE heartbeat lost > 30s. Taking over trailing...
2026-08-13 08:05:14,941 [WARNING] [ACTIVE] TIE heartbeat lost > 30s. Taking over trailing...
2026-08-13 08:05:20,011 [WARNING] [ACTIVE] TIE heartbeat lost > 30s. Taking over trailing...
2026-08-13 08:05:25,108 [WARNING] [ACTIVE] TIE heartbeat lost > 30s. Taking over trailing...
2026-08-13 08:05:30,174 [WARNING] [ACTIVE] TIE heartbeat lost > 30s. Taking over trailing...
2026-08-13 08:05:35,252 [WARNING] [ACTIVE] TIE heartbeat lost > 30s. Taking over trailing...
2026-08-13 08:05:40,316 [WARNING] [ACTIVE] TIE heartbeat lost > 30s. Taking over trailing...
2026-08-13 08:05:45,379 [WARNING] [ACTIVE] TIE heartbeat lost > 30s. Taking over trailing...
2026-08-13 08:05:50,451 [WARNING] [ACTIVE] TIE heartbeat lost > 30s. Taking over trailing...
2026-08-13 08:05:55,517 [WARNING] [ACTIVE] TIE heartbeat lost > 30s. Taking over trailing...
2026-08-13 08:06:00,610 [WARNING] [ACTIVE] TIE heartbeat lost > 30s. Taking over trailing...
2026-08-13 08:06:05,706 [WARNING] [ACTIVE] TIE heartbeat lost > 30s. Taking over trailing...
2026-08-13 08:06:10,788 [WARNING] [ACTIVE] TIE heartbeat lost > 30s. Taking over trailing...
2026-08-13 08:06:15,851 [WARNING] [ACTIVE] TIE heartbeat lost > 30s. Taking over trailing...
2026-08-13 08:06:20,917 [WARNING] [ACTIVE] TIE heartbeat lost > 30s. Taking over trailing...
2026-08-13 08:06:26,016 [WARNING] [ACTIVE] TIE heartbeat lost > 30s. Taking over trailing...
2026-08-13 08:06:31,127 [WARNING] [ACTIVE] TIE heartbeat lost > 30s. Taking over trailing...
2026-08-13 08:06:36,202 [WARNING] [ACTIVE] TIE heartbeat lost > 30s. Taking over trailing...
2026-08-13 08:06:41,269 [WARNING] [ACTIVE] TIE heartbeat lost > 30s. Taking over trailing...
2026-08-13 08:06:46,332 [WARNING] [ACTIVE] TIE heartbeat lost > 30s. Taking over trailing...
2026-08-13 08:06:51,396 [WARNING] [ACTIVE] TIE heartbeat lost > 30s. Taking over trailing...
2026-08-13 08:06:51,396 [INFO] [3630067565] BE lock $1.5 → SL 4433.31 | profit $3.07
2026-08-13 08:06:51,482 [INFO] [3630067565] MODIFIED SL → 4433.31
2026-08-13 08:06:56,567 [WARNING] [ACTIVE] TIE heartbeat lost > 30s. Taking over trailing...
2026-08-13 08:07:01,650 [WARNING] [ACTIVE] TIE heartbeat lost > 30s. Taking over trailing...
2026-08-13 08:07:06,737 [WARNING] [ACTIVE] TIE heartbeat lost > 30s. Taking over trailing...
2026-08-13 08:07:11,816 [WARNING] [ACTIVE] TIE heartbeat lost > 30s. Taking over trailing...
2026-08-13 08:07:16,881 [WARNING] [ACTIVE] TIE heartbeat lost > 30s. Taking over trailing...
2026-08-13 08:07:21,949 [WARNING] [ACTIVE] TIE heartbeat lost > 30s. Taking over trailing...
2026-08-13 08:07:27,011 [WARNING] [ACTIVE] TIE heartbeat lost > 30s. Taking over trailing...
2026-08-13 08:07:32,077 [WARNING] [ACTIVE] TIE heartbeat lost > 30s. Taking over trailing...
2026-08-13 08:07:37,142 [WARNING] [ACTIVE] TIE heartbeat lost > 30s. Taking over trailing...
2026-08-13 08:07:42,236 [WARNING] [ACTIVE] TIE heartbeat lost > 30s. Taking over trailing...
2026-08-13 08:07:47,305 [WARNING] [ACTIVE] TIE heartbeat lost > 30s. Taking over trailing...
2026-08-13 08:07:52,400 [WARNING] [ACTIVE] TIE heartbeat lost > 30s. Taking over trailing...
2026-08-13 08:07:57,488 [WARNING] [ACTIVE] TIE heartbeat lost > 30s. Taking over trailing...
2026-08-13 08:08:02,569 [WARNING] [ACTIVE] TIE heartbeat lost > 30s. Taking over trailing...
2026-08-13 08:08:07,635 [WARNING] [ACTIVE] TIE heartbeat lost > 30s. Taking over trailing...
2026-08-13 08:08:12,722 [WARNING] [ACTIVE] TIE heartbeat lost > 30s. Taking over trailing...
2026-08-13 08:08:17,807 [WARNING] [ACTIVE] TIE heartbeat lost > 30s. Taking over trailing...
2026-08-13 08:08:22,872 [WARNING] [ACTIVE] TIE heartbeat lost > 30s. Taking over trailing...
2026-08-13 08:08:27,939 [WARNING] [ACTIVE] TIE heartbeat lost > 30s. Taking over trailing...
2026-08-13 08:08:33,010 [WARNING] [ACTIVE] TIE heartbeat lost > 30s. Taking over trailing...
2026-08-13 08:08:38,082 [WARNING] [ACTIVE] TIE heartbeat lost > 30s. Taking over trailing...
2026-08-13 08:08:43,160 [WARNING] [ACTIVE] TIE heartbeat lost > 30s. Taking over trailing...
2026-08-13 08:08:48,227 [WARNING] [ACTIVE] TIE heartbeat lost > 30s. Taking over trailing...
2026-08-13 08:08:53,292 [WARNING] [ACTIVE] TIE heartbeat lost > 30s. Taking over trailing...
2026-08-13 08:08:58,358 [WARNING] [ACTIVE] TIE heartbeat lost > 30s. Taking over trailing...
2026-08-13 08:09:03,431 [WARNING] [ACTIVE] TIE heartbeat lost > 30s. Taking over trailing...
2026-08-13 08:09:08,501 [WARNING] [ACTIVE] TIE heartbeat lost > 30s. Taking over trailing...
2026-08-13 08:09:13,574 [WARNING] [ACTIVE] TIE heartbeat lost > 30s. Taking over trailing...
2026-08-13 08:09:18,642 [WARNING] [ACTIVE] TIE heartbeat lost > 30s. Taking over trailing...
2026-08-13 08:09:23,753 [WARNING] [ACTIVE] TIE heartbeat lost > 30s. Taking over trailing...
2026-08-13 08:09:28,815 [WARNING] [ACTIVE] TIE heartbeat lost > 30s. Taking over trailing...
2026-08-13 08:09:33,920 [WARNING] [ACTIVE] TIE heartbeat lost > 30s. Taking over trailing...
2026-08-13 08:09:38,986 [WARNING] [ACTIVE] TIE heartbeat lost > 30s. Taking over trailing...
2026-08-13 08:09:44,059 [WARNING] [ACTIVE] TIE heartbeat lost > 30s. Taking over trailing...
2026-08-13 08:09:49,125 [WARNING] [ACTIVE] TIE heartbeat lost > 30s. Taking over trailing...
2026-08-13 08:09:54,195 [WARNING] [ACTIVE] TIE heartbeat lost > 30s. Taking over trailing...
2026-08-13 08:09:59,262 [WARNING] [ACTIVE] TIE heartbeat lost > 30s. Taking over trailing...
2026-08-13 08:10:04,351 [WARNING] [ACTIVE] TIE heartbeat lost > 30s. Taking over trailing...
2026-08-13 08:10:09,414 [WARNING] [ACTIVE] TIE heartbeat lost > 30s. Taking over trailing...
2026-08-13 08:10:14,481 [WARNING] [ACTIVE] TIE heartbeat lost > 30s. Taking over trailing...
2026-08-13 08:10:19,544 [WARNING] [ACTIVE] TIE heartbeat lost > 30s. Taking over trailing...
2026-08-13 08:10:24,613 [WARNING] [ACTIVE] TIE heartbeat lost > 30s. Taking over trailing...
2026-08-13 08:10:29,683 [WARNING] [ACTIVE] TIE heartbeat lost > 30s. Taking over trailing...
2026-08-13 08:10:34,746 [WARNING] [ACTIVE] TIE heartbeat lost > 30s. Taking over trailing...
2026-08-13 08:10:39,815 [WARNING] [ACTIVE] TIE heartbeat lost > 30s. Taking over trailing...
2026-08-13 08:10:44,898 [WARNING] [ACTIVE] TIE heartbeat lost > 30s. Taking over trailing...
2026-08-13 08:10:49,967 [WARNING] [ACTIVE] TIE heartbeat lost > 30s. Taking over trailing...
2026-08-13 08:10:55,031 [WARNING] [ACTIVE] TIE heartbeat lost > 30s. Taking over trailing...
2026-08-13 08:11:00,096 [WARNING] [ACTIVE] TIE heartbeat lost > 30s. Taking over trailing...
2026-08-13 08:11:05,207 [WARNING] [ACTIVE] TIE heartbeat lost > 30s. Taking over trailing...
2026-08-13 08:11:10,291 [WARNING] [ACTIVE] TIE heartbeat lost > 30s. Taking over trailing...
2026-08-13 08:11:15,365 [WARNING] [ACTIVE] TIE heartbeat lost > 30s. Taking over trailing...
2026-08-13 08:11:20,448 [WARNING] [ACTIVE] TIE heartbeat lost > 30s. Taking over trailing...
2026-08-13 08:11:25,510 [WARNING] [ACTIVE] TIE heartbeat lost > 30s. Taking over trailing...
2026-08-13 08:11:30,573 [WARNING] [ACTIVE] TIE heartbeat lost > 30s. Taking over trailing...
2026-08-13 08:11:35,666 [WARNING] [ACTIVE] TIE heartbeat lost > 30s. Taking over trailing...
2026-08-13 08:11:40,737 [WARNING] [ACTIVE] TIE heartbeat lost > 30s. Taking over trailing...
2026-08-13 08:11:45,803 [WARNING] [ACTIVE] TIE heartbeat lost > 30s. Taking over trailing...
2026-08-13 08:11:50,887 [WARNING] [ACTIVE] TIE heartbeat lost > 30s. Taking over trailing...
2026-08-13 08:11:55,955 [WARNING] [ACTIVE] TIE heartbeat lost > 30s. Taking over trailing...
2026-08-13 08:12:01,073 [WARNING] [ACTIVE] TIE heartbeat lost > 30s. Taking over trailing...
2026-08-13 08:12:06,139 [WARNING] [ACTIVE] TIE heartbeat lost > 30s. Taking over trailing...
2026-08-13 08:12:11,207 [WARNING] [ACTIVE] TIE heartbeat lost > 30s. Taking over trailing...
2026-08-13 08:12:16,297 [WARNING] [ACTIVE] TIE heartbeat lost > 30s. Taking over trailing...
2026-08-13 08:12:21,366 [WARNING] [ACTIVE] TIE heartbeat lost > 30s. Taking over trailing...
2026-08-13 08:12:26,436 [WARNING] [ACTIVE] TIE heartbeat lost > 30s. Taking over trailing...
2026-08-13 08:12:31,498 [WARNING] [ACTIVE] TIE heartbeat lost > 30s. Taking over trailing...
2026-08-13 08:12:36,563 [WARNING] [ACTIVE] TIE heartbeat lost > 30s. Taking over trailing...
2026-08-13 08:12:41,627 [WARNING] [ACTIVE] TIE heartbeat lost > 30s. Taking over trailing...
2026-08-13 08:12:46,696 [WARNING] [ACTIVE] TIE heartbeat lost > 30s. Taking over trailing...
2026-08-13 08:12:51,751 [WARNING] [ACTIVE] TIE heartbeat lost > 30s. Taking over trailing...
2026-08-13 08:12:56,822 [WARNING] [ACTIVE] TIE heartbeat lost > 30s. Taking over trailing...
2026-08-13 08:13:01,907 [WARNING] [ACTIVE] TIE heartbeat lost > 30s. Taking over trailing...
2026-08-13 08:13:06,976 [WARNING] [ACTIVE] TIE heartbeat lost > 30s. Taking over trailing...
2026-08-13 08:13:12,075 [WARNING] [ACTIVE] TIE heartbeat lost > 30s. Taking over trailing...
2026-08-13 08:13:17,145 [WARNING] [ACTIVE] TIE heartbeat lost > 30s. Taking over trailing...
2026-08-13 08:13:22,227 [WARNING] [ACTIVE] TIE heartbeat lost > 30s. Taking over trailing...
2026-08-13 08:13:27,292 [WARNING] [ACTIVE] TIE heartbeat lost > 30s. Taking over trailing...
2026-08-13 08:13:32,366 [WARNING] [ACTIVE] TIE heartbeat lost > 30s. Taking over trailing...
2026-08-13 08:13:37,430 [WARNING] [ACTIVE] TIE heartbeat lost > 30s. Taking over trailing...
2026-08-13 08:13:42,518 [WARNING] [ACTIVE] TIE heartbeat lost > 30s. Taking over trailing...
2026-08-13 08:13:47,582 [WARNING] [ACTIVE] TIE heartbeat lost > 30s. Taking over trailing...
2026-08-13 08:13:52,641 [WARNING] [ACTIVE] TIE heartbeat lost > 30s. Taking over trailing...
2026-08-13 08:13:57,720 [WARNING] [ACTIVE] TIE heartbeat lost > 30s. Taking over trailing...
2026-08-13 08:14:02,786 [WARNING] [ACTIVE] TIE heartbeat lost > 30s. Taking over trailing...
2026-08-13 08:14:07,856 [WARNING] [ACTIVE] TIE heartbeat lost > 30s. Taking over trailing...
2026-08-13 08:14:12,929 [WARNING] [ACTIVE] TIE heartbeat lost > 30s. Taking over trailing...
2026-08-13 08:14:18,034 [WARNING] [ACTIVE] TIE heartbeat lost > 30s. Taking over trailing...
2026-08-13 08:14:23,105 [WARNING] [ACTIVE] TIE heartbeat lost > 30s. Taking over trailing...
2026-08-13 08:14:28,190 [WARNING] [ACTIVE] TIE heartbeat lost > 30s. Taking over trailing...
2026-08-13 08:14:33,324 [WARNING] [ACTIVE] TIE heartbeat lost > 30s. Taking over trailing...
2026-08-13 08:14:38,394 [WARNING] [ACTIVE] TIE heartbeat lost > 30s. Taking over trailing...
2026-08-13 08:14:43,470 [WARNING] [ACTIVE] TIE heartbeat lost > 30s. Taking over trailing...
2026-08-13 08:14:48,535 [WARNING] [ACTIVE] TIE heartbeat lost > 30s. Taking over trailing...
2026-08-13 08:14:53,601 [WARNING] [ACTIVE] TIE heartbeat lost > 30s. Taking over trailing...
2026-08-13 08:14:58,672 [WARNING] [ACTIVE] TIE heartbeat lost > 30s. Taking over trailing...
2026-08-13 08:15:03,763 [WARNING] [ACTIVE] TIE heartbeat lost > 30s. Taking over trailing...
2026-08-13 08:15:08,829 [WARNING] [ACTIVE] TIE heartbeat lost > 30s. Taking over trailing...
2026-08-13 08:15:13,895 [WARNING] [ACTIVE] TIE heartbeat lost > 30s. Taking over trailing...
2026-08-13 08:15:18,986 [WARNING] [ACTIVE] TIE heartbeat lost > 30s. Taking over trailing...
2026-08-13 08:15:24,062 [WARNING] [ACTIVE] TIE heartbeat lost > 30s. Taking over trailing...
2026-08-13 08:15:29,134 [WARNING] [ACTIVE] TIE heartbeat lost > 30s. Taking over trailing...
2026-08-13 08:15:34,198 [WARNING] [ACTIVE] TIE heartbeat lost > 30s. Taking over trailing...
2026-08-13 08:15:39,269 [WARNING] [ACTIVE] TIE heartbeat lost > 30s. Taking over trailing...
2026-08-13 08:15:44,337 [WARNING] [ACTIVE] TIE heartbeat lost > 30s. Taking over trailing...
2026-08-13 08:15:49,408 [WARNING] [ACTIVE] TIE heartbeat lost > 30s. Taking over trailing...
2026-08-13 08:15:54,492 [WARNING] [ACTIVE] TIE heartbeat lost > 30s. Taking over trailing...
2026-08-13 08:15:59,558 [WARNING] [ACTIVE] TIE heartbeat lost > 30s. Taking over trailing...
2026-08-13 08:16:04,643 [WARNING] [ACTIVE] TIE heartbeat lost > 30s. Taking over trailing...
2026-08-13 08:16:09,718 [WARNING] [ACTIVE] TIE heartbeat lost > 30s. Taking over trailing...
2026-08-13 08:16:14,782 [WARNING] [ACTIVE] TIE heartbeat lost > 30s. Taking over trailing...
2026-08-13 08:16:19,855 [WARNING] [ACTIVE] TIE heartbeat lost > 30s. Taking over trailing...
2026-08-13 08:16:24,929 [WARNING] [ACTIVE] TIE heartbeat lost > 30s. Taking over trailing...
2026-08-13 08:16:30,022 [WARNING] [ACTIVE] TIE heartbeat lost > 30s. Taking over trailing...
2026-08-13 08:16:35,111 [WARNING] [ACTIVE] TIE heartbeat lost > 30s. Taking over trailing...
2026-08-13 08:16:40,198 [WARNING] [ACTIVE] TIE heartbeat lost > 30s. Taking over trailing...
2026-08-13 08:16:45,281 [WARNING] [ACTIVE] TIE heartbeat lost > 30s. Taking over trailing...
2026-08-13 08:16:50,365 [WARNING] [ACTIVE] TIE heartbeat lost > 30s. Taking over trailing...
2026-08-13 08:16:55,430 [WARNING] [ACTIVE] TIE heartbeat lost > 30s. Taking over trailing...
2026-08-13 08:17:00,503 [WARNING] [ACTIVE] TIE heartbeat lost > 30s. Taking over trailing...
2026-08-13 08:17:05,572 [WARNING] [ACTIVE] TIE heartbeat lost > 30s. Taking over trailing...
2026-08-13 08:17:10,639 [WARNING] [ACTIVE] TIE heartbeat lost > 30s. Taking over trailing...
2026-08-13 08:17:15,716 [WARNING] [ACTIVE] TIE heartbeat lost > 30s. Taking over trailing...
2026-08-13 08:17:20,781 [WARNING] [ACTIVE] TIE heartbeat lost > 30s. Taking over trailing...
2026-08-13 08:17:25,871 [WARNING] [ACTIVE] TIE heartbeat lost > 30s. Taking over trailing...
2026-08-13 08:17:30,935 [WARNING] [ACTIVE] TIE heartbeat lost > 30s. Taking over trailing...
2026-08-13 08:17:36,000 [WARNING] [ACTIVE] TIE heartbeat lost > 30s. Taking over trailing...
2026-08-13 08:17:41,074 [WARNING] [ACTIVE] TIE heartbeat lost > 30s. Taking over trailing...
2026-08-13 08:17:46,139 [WARNING] [ACTIVE] TIE heartbeat lost > 30s. Taking over trailing...
2026-08-13 08:17:51,205 [WARNING] [ACTIVE] TIE heartbeat lost > 30s. Taking over trailing...
2026-08-13 08:17:56,279 [WARNING] [ACTIVE] TIE heartbeat lost > 30s. Taking over trailing...
2026-08-13 08:18:01,347 [WARNING] [ACTIVE] TIE heartbeat lost > 30s. Taking over trailing...
2026-08-13 08:18:06,417 [WARNING] [ACTIVE] TIE heartbeat lost > 30s. Taking over trailing...
2026-08-13 08:18:11,492 [WARNING] [ACTIVE] TIE heartbeat lost > 30s. Taking over trailing...
2026-08-13 08:18:16,625 [WARNING] [ACTIVE] TIE heartbeat lost > 30s. Taking over trailing...
2026-08-13 08:18:21,709 [WARNING] [ACTIVE] TIE heartbeat lost > 30s. Taking over trailing...
2026-08-13 08:18:26,826 [WARNING] [ACTIVE] TIE heartbeat lost > 30s. Taking over trailing...
2026-08-13 08:18:31,898 [WARNING] [ACTIVE] TIE heartbeat lost > 30s. Taking over trailing...
2026-08-13 08:18:36,976 [WARNING] [ACTIVE] TIE heartbeat lost > 30s. Taking over trailing...
2026-08-13 08:18:42,045 [WARNING] [ACTIVE] TIE heartbeat lost > 30s. Taking over trailing...
2026-08-13 08:18:47,119 [WARNING] [ACTIVE] TIE heartbeat lost > 30s. Taking over trailing...
2026-08-13 08:18:52,191 [WARNING] [ACTIVE] TIE heartbeat lost > 30s. Taking over trailing...
2026-08-13 08:18:57,267 [WARNING] [ACTIVE] TIE heartbeat lost > 30s. Taking over trailing...
2026-08-13 08:19:02,338 [WARNING] [ACTIVE] TIE heartbeat lost > 30s. Taking over trailing...
2026-08-13 08:19:07,461 [WARNING] [ACTIVE] TIE heartbeat lost > 30s. Taking over trailing...
2026-08-13 08:19:12,539 [WARNING] [ACTIVE] TIE heartbeat lost > 30s. Taking over trailing...
2026-08-13 08:19:17,619 [WARNING] [ACTIVE] TIE heartbeat lost > 30s. Taking over trailing...
2026-08-13 08:19:22,684 [WARNING] [ACTIVE] TIE heartbeat lost > 30s. Taking over trailing...
2026-08-13 08:19:27,749 [WARNING] [ACTIVE] TIE heartbeat lost > 30s. Taking over trailing...
2026-08-13 08:19:32,834 [WARNING] [ACTIVE] TIE heartbeat lost > 30s. Taking over trailing...
2026-08-13 08:19:37,901 [WARNING] [ACTIVE] TIE heartbeat lost > 30s. Taking over trailing...
2026-08-13 08:19:42,980 [WARNING] [ACTIVE] TIE heartbeat lost > 30s. Taking over trailing...
2026-08-13 08:19:48,053 [WARNING] [ACTIVE] TIE heartbeat lost > 30s. Taking over trailing...
2026-08-13 08:19:53,124 [WARNING] [ACTIVE] TIE heartbeat lost > 30s. Taking over trailing...
2026-08-13 08:19:58,204 [WARNING] [ACTIVE] TIE heartbeat lost > 30s. Taking over trailing...
2026-08-13 08:20:03,291 [WARNING] [ACTIVE] TIE heartbeat lost > 30s. Taking over trailing...
2026-08-13 08:20:08,365 [WARNING] [ACTIVE] TIE heartbeat lost > 30s. Taking over trailing...
2026-08-13 08:20:13,432 [WARNING] [ACTIVE] TIE heartbeat lost > 30s. Taking over trailing...
2026-08-13 08:20:18,512 [WARNING] [ACTIVE] TIE heartbeat lost > 30s. Taking over trailing...
2026-08-13 08:20:23,616 [WARNING] [ACTIVE] TIE heartbeat lost > 30s. Taking over trailing...
2026-08-13 08:20:28,687 [WARNING] [ACTIVE] TIE heartbeat lost > 30s. Taking over trailing...
2026-08-13 08:20:33,753 [WARNING] [ACTIVE] TIE heartbeat lost > 30s. Taking over trailing...
2026-08-13 08:20:38,826 [WARNING] [ACTIVE] TIE heartbeat lost > 30s. Taking over trailing...
2026-08-13 08:20:43,891 [WARNING] [ACTIVE] TIE heartbeat lost > 30s. Taking over trailing...
2026-08-13 08:20:48,960 [WARNING] [ACTIVE] TIE heartbeat lost > 30s. Taking over trailing...
2026-08-13 08:20:54,026 [WARNING] [ACTIVE] TIE heartbeat lost > 30s. Taking over trailing...
2026-08-13 08:20:59,096 [WARNING] [ACTIVE] TIE heartbeat lost > 30s. Taking over trailing...
2026-08-13 08:21:04,173 [WARNING] [ACTIVE] TIE heartbeat lost > 30s. Taking over trailing...
2026-08-13 08:21:09,246 [WARNING] [ACTIVE] TIE heartbeat lost > 30s. Taking over trailing...
2026-08-13 08:21:14,315 [WARNING] [ACTIVE] TIE heartbeat lost > 30s. Taking over trailing...
2026-08-13 08:21:19,407 [WARNING] [ACTIVE] TIE heartbeat lost > 30s. Taking over trailing...
2026-08-13 08:21:24,480 [WARNING] [ACTIVE] TIE heartbeat lost > 30s. Taking over trailing...
2026-08-13 08:21:29,547 [WARNING] [ACTIVE] TIE heartbeat lost > 30s. Taking over trailing...
2026-08-13 08:21:34,619 [WARNING] [ACTIVE] TIE heartbeat lost > 30s. Taking over trailing...
2026-08-13 08:21:39,687 [WARNING] [ACTIVE] TIE heartbeat lost > 30s. Taking over trailing...
2026-08-13 08:21:44,754 [WARNING] [ACTIVE] TIE heartbeat lost > 30s. Taking over trailing...
2026-08-13 08:21:49,842 [WARNING] [ACTIVE] TIE heartbeat lost > 30s. Taking over trailing...
2026-08-13 08:21:54,923 [WARNING] [ACTIVE] TIE heartbeat lost > 30s. Taking over trailing...
2026-08-13 08:21:59,987 [WARNING] [ACTIVE] TIE heartbeat lost > 30s. Taking over trailing...
2026-08-13 08:22:05,051 [WARNING] [ACTIVE] TIE heartbeat lost > 30s. Taking over trailing...
2026-08-13 08:22:10,147 [WARNING] [ACTIVE] TIE heartbeat lost > 30s. Taking over trailing...
2026-08-13 08:22:15,236 [WARNING] [ACTIVE] TIE heartbeat lost > 30s. Taking over trailing...
2026-08-13 08:22:20,299 [WARNING] [ACTIVE] TIE heartbeat lost > 30s. Taking over trailing...
2026-08-13 08:22:25,363 [WARNING] [ACTIVE] TIE heartbeat lost > 30s. Taking over trailing...
2026-08-13 08:22:30,446 [WARNING] [ACTIVE] TIE heartbeat lost > 30s. Taking over trailing...
2026-08-13 08:22:35,514 [WARNING] [ACTIVE] TIE heartbeat lost > 30s. Taking over trailing...
2026-08-13 08:22:40,596 [WARNING] [ACTIVE] TIE heartbeat lost > 30s. Taking over trailing...
2026-08-13 08:22:45,649 [WARNING] [ACTIVE] TIE heartbeat lost > 30s. Taking over trailing...
2026-08-13 08:22:50,728 [WARNING] [ACTIVE] TIE heartbeat lost > 30s. Taking over trailing...
2026-08-13 08:22:55,798 [WARNING] [ACTIVE] TIE heartbeat lost > 30s. Taking over trailing...
2026-08-13 08:23:00,861 [WARNING] [ACTIVE] TIE heartbeat lost > 30s. Taking over trailing...
2026-08-13 08:23:05,941 [WARNING] [ACTIVE] TIE heartbeat lost > 30s. Taking over trailing...
2026-08-13 08:23:11,014 [WARNING] [ACTIVE] TIE heartbeat lost > 30s. Taking over trailing...
2026-08-13 08:23:16,087 [WARNING] [ACTIVE] TIE heartbeat lost > 30s. Taking over trailing...
2026-08-13 08:23:21,154 [WARNING] [ACTIVE] TIE heartbeat lost > 30s. Taking over trailing...
2026-08-13 08:23:26,219 [WARNING] [ACTIVE] TIE heartbeat lost > 30s. Taking over trailing...
2026-08-13 08:23:31,286 [WARNING] [ACTIVE] TIE heartbeat lost > 30s. Taking over trailing...
2026-08-13 08:23:36,355 [WARNING] [ACTIVE] TIE heartbeat lost > 30s. Taking over trailing...
2026-08-13 08:23:41,418 [WARNING] [ACTIVE] TIE heartbeat lost > 30s. Taking over trailing...
2026-08-13 08:23:46,497 [WARNING] [ACTIVE] TIE heartbeat lost > 30s. Taking over trailing...
2026-08-13 08:23:51,565 [WARNING] [ACTIVE] TIE heartbeat lost > 30s. Taking over trailing...
2026-08-13 08:23:56,633 [WARNING] [ACTIVE] TIE heartbeat lost > 30s. Taking over trailing...
2026-08-13 08:24:01,700 [WARNING] [ACTIVE] TIE heartbeat lost > 30s. Taking over trailing...
2026-08-13 08:24:06,771 [WARNING] [ACTIVE] TIE heartbeat lost > 30s. Taking over trailing...
2026-08-13 08:24:11,844 [WARNING] [ACTIVE] TIE heartbeat lost > 30s. Taking over trailing...
2026-08-13 08:24:16,915 [WARNING] [ACTIVE] TIE heartbeat lost > 30s. Taking over trailing...
2026-08-13 08:24:22,003 [WARNING] [ACTIVE] TIE heartbeat lost > 30s. Taking over trailing...
2026-08-13 08:24:27,077 [WARNING] [ACTIVE] TIE heartbeat lost > 30s. Taking over trailing...
2026-08-13 08:24:32,143 [WARNING] [ACTIVE] TIE heartbeat lost > 30s. Taking over trailing...
2026-08-13 08:24:37,254 [WARNING] [ACTIVE] TIE heartbeat lost > 30s. Taking over trailing...
2026-08-13 08:24:42,315 [WARNING] [ACTIVE] TIE heartbeat lost > 30s. Taking over trailing...
2026-08-13 08:24:47,391 [WARNING] [ACTIVE] TIE heartbeat lost > 30s. Taking over trailing...
2026-08-13 08:24:52,465 [WARNING] [ACTIVE] TIE heartbeat lost > 30s. Taking over trailing...
2026-08-13 08:24:57,551 [WARNING] [ACTIVE] TIE heartbeat lost > 30s. Taking over trailing...
2026-08-13 08:25:02,615 [WARNING] [ACTIVE] TIE heartbeat lost > 30s. Taking over trailing...
2026-08-13 08:25:07,712 [WARNING] [ACTIVE] TIE heartbeat lost > 30s. Taking over trailing...
2026-08-13 08:25:12,780 [WARNING] [ACTIVE] TIE heartbeat lost > 30s. Taking over trailing...
2026-08-13 08:25:17,861 [WARNING] [ACTIVE] TIE heartbeat lost > 30s. Taking over trailing...
2026-08-13 08:25:22,936 [WARNING] [ACTIVE] TIE heartbeat lost > 30s. Taking over trailing...
2026-08-13 08:25:28,036 [WARNING] [ACTIVE] TIE heartbeat lost > 30s. Taking over trailing...
2026-08-13 08:25:33,118 [WARNING] [ACTIVE] TIE heartbeat lost > 30s. Taking over trailing...
2026-08-13 08:25:38,182 [WARNING] [ACTIVE] TIE heartbeat lost > 30s. Taking over trailing...
2026-08-13 08:25:43,253 [WARNING] [ACTIVE] TIE heartbeat lost > 30s. Taking over trailing...
2026-08-13 08:25:48,320 [WARNING] [ACTIVE] TIE heartbeat lost > 30s. Taking over trailing...
2026-08-13 08:25:53,384 [WARNING] [ACTIVE] TIE heartbeat lost > 30s. Taking over trailing...
2026-08-13 08:25:58,455 [WARNING] [ACTIVE] TIE heartbeat lost > 30s. Taking over trailing...
2026-08-13 08:26:03,536 [WARNING] [ACTIVE] TIE heartbeat lost > 30s. Taking over trailing...
2026-08-13 08:26:08,614 [WARNING] [ACTIVE] TIE heartbeat lost > 30s. Taking over trailing...
2026-08-13 08:26:13,686 [WARNING] [ACTIVE] TIE heartbeat lost > 30s. Taking over trailing...
2026-08-13 08:26:18,753 [WARNING] [ACTIVE] TIE heartbeat lost > 30s. Taking over trailing...
2026-08-13 08:26:23,822 [WARNING] [ACTIVE] TIE heartbeat lost > 30s. Taking over trailing...
2026-08-13 08:26:28,887 [WARNING] [ACTIVE] TIE heartbeat lost > 30s. Taking over trailing...
2026-08-13 08:26:33,950 [WARNING] [ACTIVE] TIE heartbeat lost > 30s. Taking over trailing...
2026-08-13 08:26:39,018 [WARNING] [ACTIVE] TIE heartbeat lost > 30s. Taking over trailing...
2026-08-13 08:26:44,120 [WARNING] [ACTIVE] TIE heartbeat lost > 30s. Taking over trailing...
2026-08-13 08:26:49,187 [WARNING] [ACTIVE] TIE heartbeat lost > 30s. Taking over trailing...
2026-08-13 08:26:54,254 [WARNING] [ACTIVE] TIE heartbeat lost > 30s. Taking over trailing...
2026-08-13 08:26:59,323 [WARNING] [ACTIVE] TIE heartbeat lost > 30s. Taking over trailing...
2026-08-13 08:27:04,399 [WARNING] [ACTIVE] TIE heartbeat lost > 30s. Taking over trailing...
2026-08-13 08:27:09,463 [WARNING] [ACTIVE] TIE heartbeat lost > 30s. Taking over trailing...
2026-08-13 08:27:14,532 [WARNING] [ACTIVE] TIE heartbeat lost > 30s. Taking over trailing...
2026-08-13 08:27:19,616 [WARNING] [ACTIVE] TIE heartbeat lost > 30s. Taking over trailing...
2026-08-13 08:27:24,681 [WARNING] [ACTIVE] TIE heartbeat lost > 30s. Taking over trailing...
2026-08-13 08:27:29,755 [WARNING] [ACTIVE] TIE heartbeat lost > 30s. Taking over trailing...
2026-08-13 08:27:34,824 [WARNING] [ACTIVE] TIE heartbeat lost > 30s. Taking over trailing...
2026-08-13 08:27:39,904 [WARNING] [ACTIVE] TIE heartbeat lost > 30s. Taking over trailing...
2026-08-13 08:27:44,978 [WARNING] [ACTIVE] TIE heartbeat lost > 30s. Taking over trailing...
2026-08-13 08:27:50,042 [WARNING] [ACTIVE] TIE heartbeat lost > 30s. Taking over trailing...
2026-08-13 08:27:55,113 [WARNING] [ACTIVE] TIE heartbeat lost > 30s. Taking over trailing...
2026-08-13 08:28:00,203 [WARNING] [ACTIVE] TIE heartbeat lost > 30s. Taking over trailing...
2026-08-13 08:28:05,280 [WARNING] [ACTIVE] TIE heartbeat lost > 30s. Taking over trailing...
2026-08-13 08:28:10,354 [WARNING] [ACTIVE] TIE heartbeat lost > 30s. Taking over trailing...
2026-08-13 08:28:15,419 [WARNING] [ACTIVE] TIE heartbeat lost > 30s. Taking over trailing...
2026-08-13 08:28:20,493 [WARNING] [ACTIVE] TIE heartbeat lost > 30s. Taking over trailing...
2026-08-13 08:28:25,567 [WARNING] [ACTIVE] TIE heartbeat lost > 30s. Taking over trailing...
2026-08-13 08:28:30,638 [WARNING] [ACTIVE] TIE heartbeat lost > 30s. Taking over trailing...
2026-08-13 08:28:35,701 [WARNING] [ACTIVE] TIE heartbeat lost > 30s. Taking over trailing...
2026-08-13 08:28:40,775 [WARNING] [ACTIVE] TIE heartbeat lost > 30s. Taking over trailing...
2026-08-13 08:28:45,870 [WARNING] [ACTIVE] TIE heartbeat lost > 30s. Taking over trailing...
2026-08-13 08:28:50,937 [WARNING] [ACTIVE] TIE heartbeat lost > 30s. Taking over trailing...
2026-08-13 08:28:56,024 [WARNING] [ACTIVE] TIE heartbeat lost > 30s. Taking over trailing...
2026-08-13 08:29:01,094 [WARNING] [ACTIVE] TIE heartbeat lost > 30s. Taking over trailing...
2026-08-13 08:29:06,158 [WARNING] [ACTIVE] TIE heartbeat lost > 30s. Taking over trailing...
2026-08-13 08:29:11,256 [WARNING] [ACTIVE] TIE heartbeat lost > 30s. Taking over trailing...
2026-08-13 08:29:16,323 [WARNING] [ACTIVE] TIE heartbeat lost > 30s. Taking over trailing...
2026-08-13 08:29:21,384 [WARNING] [ACTIVE] TIE heartbeat lost > 30s. Taking over trailing...
2026-08-13 08:29:26,468 [WARNING] [ACTIVE] TIE heartbeat lost > 30s. Taking over trailing...
2026-08-13 08:29:31,545 [WARNING] [ACTIVE] TIE heartbeat lost > 30s. Taking over trailing...
2026-08-13 08:29:36,607 [WARNING] [ACTIVE] TIE heartbeat lost > 30s. Taking over trailing...
2026-08-13 08:29:41,675 [WARNING] [ACTIVE] TIE heartbeat lost > 30s. Taking over trailing...
2026-08-13 08:29:46,759 [WARNING] [ACTIVE] TIE heartbeat lost > 30s. Taking over trailing...
2026-08-13 08:29:51,823 [WARNING] [ACTIVE] TIE heartbeat lost > 30s. Taking over trailing...
2026-08-13 08:29:56,885 [WARNING] [ACTIVE] TIE heartbeat lost > 30s. Taking over trailing...
2026-08-13 08:30:01,967 [WARNING] [ACTIVE] TIE heartbeat lost > 30s. Taking over trailing...
2026-08-13 08:30:07,044 [WARNING] [ACTIVE] TIE heartbeat lost > 30s. Taking over trailing...
2026-08-13 08:30:12,118 [WARNING] [ACTIVE] TIE heartbeat lost > 30s. Taking over trailing...
2026-08-13 08:30:17,199 [WARNING] [ACTIVE] TIE heartbeat lost > 30s. Taking over trailing...
2026-08-13 08:30:22,322 [WARNING] [ACTIVE] TIE heartbeat lost > 30s. Taking over trailing...
2026-08-13 08:30:27,387 [WARNING] [ACTIVE] TIE heartbeat lost > 30s. Taking over trailing...
2026-08-13 08:30:32,480 [WARNING] [ACTIVE] TIE heartbeat lost > 30s. Taking over trailing...
2026-08-13 08:30:37,562 [WARNING] [ACTIVE] TIE heartbeat lost > 30s. Taking over trailing...
2026-08-13 08:30:42,631 [WARNING] [ACTIVE] TIE heartbeat lost > 30s. Taking over trailing...
2026-08-13 08:30:47,703 [WARNING] [ACTIVE] TIE heartbeat lost > 30s. Taking over trailing...
2026-08-13 08:30:52,774 [WARNING] [ACTIVE] TIE heartbeat lost > 30s. Taking over trailing...
2026-08-13 08:30:57,894 [WARNING] [ACTIVE] TIE heartbeat lost > 30s. Taking over trailing...
2026-08-13 08:31:02,970 [WARNING] [ACTIVE] TIE heartbeat lost > 30s. Taking over trailing...
2026-08-13 08:31:08,038 [WARNING] [ACTIVE] TIE heartbeat lost > 30s. Taking over trailing...
2026-08-13 08:31:13,147 [WARNING] [ACTIVE] TIE heartbeat lost > 30s. Taking over trailing...
2026-08-13 08:31:18,219 [WARNING] [ACTIVE] TIE heartbeat lost > 30s. Taking over trailing...
2026-08-13 08:31:23,281 [WARNING] [ACTIVE] TIE heartbeat lost > 30s. Taking over trailing...
2026-08-13 08:31:28,346 [WARNING] [ACTIVE] TIE heartbeat lost > 30s. Taking over trailing...
2026-08-13 08:31:33,433 [WARNING] [ACTIVE] TIE heartbeat lost > 30s. Taking over trailing...
2026-08-13 08:31:38,511 [WARNING] [ACTIVE] TIE heartbeat lost > 30s. Taking over trailing...
2026-08-13 08:31:43,584 [WARNING] [ACTIVE] TIE heartbeat lost > 30s. Taking over trailing...
2026-08-13 08:31:48,649 [WARNING] [ACTIVE] TIE heartbeat lost > 30s. Taking over trailing...
2026-08-13 08:31:53,721 [WARNING] [ACTIVE] TIE heartbeat lost > 30s. Taking over trailing...
2026-08-13 08:31:58,791 [WARNING] [ACTIVE] TIE heartbeat lost > 30s. Taking over trailing...
2026-08-13 08:32:03,878 [WARNING] [ACTIVE] TIE heartbeat lost > 30s. Taking over trailing...
2026-08-13 08:32:08,957 [WARNING] [ACTIVE] TIE heartbeat lost > 30s. Taking over trailing...
2026-08-13 08:32:14,025 [WARNING] [ACTIVE] TIE heartbeat lost > 30s. Taking over trailing...
2026-08-13 08:32:19,102 [WARNING] [ACTIVE] TIE heartbeat lost > 30s. Taking over trailing...
2026-08-13 08:32:24,170 [WARNING] [ACTIVE] TIE heartbeat lost > 30s. Taking over trailing...
2026-08-13 08:32:29,232 [WARNING] [ACTIVE] TIE heartbeat lost > 30s. Taking over trailing...
2026-08-13 08:32:34,302 [WARNING] [ACTIVE] TIE heartbeat lost > 30s. Taking over trailing...
2026-08-13 08:32:39,400 [WARNING] [ACTIVE] TIE heartbeat lost > 30s. Taking over trailing...
2026-08-13 08:32:44,482 [WARNING] [ACTIVE] TIE heartbeat lost > 30s. Taking over trailing...
2026-08-13 08:32:49,545 [WARNING] [ACTIVE] TIE heartbeat lost > 30s. Taking over trailing...
2026-08-13 08:32:54,622 [WARNING] [ACTIVE] TIE heartbeat lost > 30s. Taking over trailing...
2026-08-13 08:32:59,708 [WARNING] [ACTIVE] TIE heartbeat lost > 30s. Taking over trailing...
2026-08-13 08:33:04,781 [WARNING] [ACTIVE] TIE heartbeat lost > 30s. Taking over trailing...
2026-08-13 08:33:09,850 [WARNING] [ACTIVE] TIE heartbeat lost > 30s. Taking over trailing...
2026-08-13 08:33:14,918 [WARNING] [ACTIVE] TIE heartbeat lost > 30s. Taking over trailing...
2026-08-13 08:33:19,993 [WARNING] [ACTIVE] TIE heartbeat lost > 30s. Taking over trailing...
2026-08-13 08:33:25,061 [WARNING] [ACTIVE] TIE heartbeat lost > 30s. Taking over trailing...
2026-08-13 08:33:30,140 [WARNING] [ACTIVE] TIE heartbeat lost > 30s. Taking over trailing...
2026-08-13 08:33:35,203 [WARNING] [ACTIVE] TIE heartbeat lost > 30s. Taking over trailing...
2026-08-13 08:33:40,279 [WARNING] [ACTIVE] TIE heartbeat lost > 30s. Taking over trailing...
2026-08-13 08:33:45,349 [WARNING] [ACTIVE] TIE heartbeat lost > 30s. Taking over trailing...
2026-08-13 08:33:50,425 [WARNING] [ACTIVE] TIE heartbeat lost > 30s. Taking over trailing...
2026-08-13 08:33:55,541 [WARNING] [ACTIVE] TIE heartbeat lost > 30s. Taking over trailing...
2026-08-13 08:34:00,620 [WARNING] [ACTIVE] TIE heartbeat lost > 30s. Taking over trailing...
2026-08-13 08:34:05,687 [WARNING] [ACTIVE] TIE heartbeat lost > 30s. Taking over trailing...
2026-08-13 08:34:10,760 [WARNING] [ACTIVE] TIE heartbeat lost > 30s. Taking over trailing...
2026-08-13 08:34:15,832 [WARNING] [ACTIVE] TIE heartbeat lost > 30s. Taking over trailing...
2026-08-13 08:34:20,898 [WARNING] [ACTIVE] TIE heartbeat lost > 30s. Taking over trailing...
2026-08-13 08:34:25,973 [WARNING] [ACTIVE] TIE heartbeat lost > 30s. Taking over trailing...
2026-08-13 08:34:31,081 [WARNING] [ACTIVE] TIE heartbeat lost > 30s. Taking over trailing...
2026-08-13 08:34:36,158 [WARNING] [ACTIVE] TIE heartbeat lost > 30s. Taking over trailing...
2026-08-13 08:34:41,249 [WARNING] [ACTIVE] TIE heartbeat lost > 30s. Taking over trailing...
2026-08-13 08:34:46,347 [WARNING] [ACTIVE] TIE heartbeat lost > 30s. Taking over trailing...
2026-08-13 08:34:51,413 [WARNING] [ACTIVE] TIE heartbeat lost > 30s. Taking over trailing...
2026-08-13 08:34:56,485 [WARNING] [ACTIVE] TIE heartbeat lost > 30s. Taking over trailing...
2026-08-13 08:35:01,552 [WARNING] [ACTIVE] TIE heartbeat lost > 30s. Taking over trailing...
2026-08-13 08:35:06,622 [WARNING] [ACTIVE] TIE heartbeat lost > 30s. Taking over trailing...
2026-08-13 08:35:11,685 [WARNING] [ACTIVE] TIE heartbeat lost > 30s. Taking over trailing...
2026-08-13 08:35:16,752 [WARNING] [ACTIVE] TIE heartbeat lost > 30s. Taking over trailing...
2026-08-13 08:35:21,820 [WARNING] [ACTIVE] TIE heartbeat lost > 30s. Taking over trailing...
2026-08-13 08:35:26,900 [WARNING] [ACTIVE] TIE heartbeat lost > 30s. Taking over trailing...
2026-08-13 08:35:31,962 [WARNING] [ACTIVE] TIE heartbeat lost > 30s. Taking over trailing...
2026-08-13 08:35:37,029 [WARNING] [ACTIVE] TIE heartbeat lost > 30s. Taking over trailing...
2026-08-13 08:35:42,148 [WARNING] [ACTIVE] TIE heartbeat lost > 30s. Taking over trailing...
2026-08-13 08:35:47,224 [WARNING] [ACTIVE] TIE heartbeat lost > 30s. Taking over trailing...
2026-08-13 08:35:52,306 [WARNING] [ACTIVE] TIE heartbeat lost > 30s. Taking over trailing...
2026-08-13 08:35:57,378 [WARNING] [ACTIVE] TIE heartbeat lost > 30s. Taking over trailing...
2026-08-13 08:36:02,447 [WARNING] [ACTIVE] TIE heartbeat lost > 30s. Taking over trailing...
2026-08-13 08:36:07,517 [WARNING] [ACTIVE] TIE heartbeat lost > 30s. Taking over trailing...
2026-08-13 08:36:12,602 [WARNING] [ACTIVE] TIE heartbeat lost > 30s. Taking over trailing...
2026-08-13 08:36:17,667 [WARNING] [ACTIVE] TIE heartbeat lost > 30s. Taking over trailing...
2026-08-13 08:36:22,748 [WARNING] [ACTIVE] TIE heartbeat lost > 30s. Taking over trailing...
2026-08-13 08:36:27,829 [WARNING] [ACTIVE] TIE heartbeat lost > 30s. Taking over trailing...
2026-08-13 08:36:32,906 [WARNING] [ACTIVE] TIE heartbeat lost > 30s. Taking over trailing...
2026-08-13 08:36:37,970 [WARNING] [ACTIVE] TIE heartbeat lost > 30s. Taking over trailing...
2026-08-13 08:36:43,045 [WARNING] [ACTIVE] TIE heartbeat lost > 30s. Taking over trailing...
2026-08-13 08:36:48,131 [WARNING] [ACTIVE] TIE heartbeat lost > 30s. Taking over trailing...
2026-08-13 08:36:53,208 [WARNING] [ACTIVE] TIE heartbeat lost > 30s. Taking over trailing...
2026-08-13 08:36:58,294 [WARNING] [ACTIVE] TIE heartbeat lost > 30s. Taking over trailing...
2026-08-13 08:37:03,364 [WARNING] [ACTIVE] TIE heartbeat lost > 30s. Taking over trailing...
2026-08-13 08:37:08,439 [WARNING] [ACTIVE] TIE heartbeat lost > 30s. Taking over trailing...
2026-08-13 08:37:13,516 [WARNING] [ACTIVE] TIE heartbeat lost > 30s. Taking over trailing...
2026-08-13 08:37:18,597 [WARNING] [ACTIVE] TIE heartbeat lost > 30s. Taking over trailing...
2026-08-13 08:37:23,665 [WARNING] [ACTIVE] TIE heartbeat lost > 30s. Taking over trailing...
2026-08-13 08:37:28,745 [WARNING] [ACTIVE] TIE heartbeat lost > 30s. Taking over trailing...
2026-08-13 08:37:33,808 [WARNING] [ACTIVE] TIE heartbeat lost > 30s. Taking over trailing...
2026-08-13 08:37:38,886 [WARNING] [ACTIVE] TIE heartbeat lost > 30s. Taking over trailing...
2026-08-13 08:37:44,005 [WARNING] [ACTIVE] TIE heartbeat lost > 30s. Taking over trailing...
2026-08-13 08:37:49,081 [WARNING] [ACTIVE] TIE heartbeat lost > 30s. Taking over trailing...
2026-08-13 08:37:54,148 [WARNING] [ACTIVE] TIE heartbeat lost > 30s. Taking over trailing...
2026-08-13 08:37:59,213 [WARNING] [ACTIVE] TIE heartbeat lost > 30s. Taking over trailing...
2026-08-13 08:38:04,281 [WARNING] [ACTIVE] TIE heartbeat lost > 30s. Taking over trailing...
2026-08-13 08:38:09,361 [WARNING] [ACTIVE] TIE heartbeat lost > 30s. Taking over trailing...
2026-08-13 08:38:14,445 [WARNING] [ACTIVE] TIE heartbeat lost > 30s. Taking over trailing...
2026-08-13 08:38:19,529 [WARNING] [ACTIVE] TIE heartbeat lost > 30s. Taking over trailing...
2026-08-13 08:38:24,607 [WARNING] [ACTIVE] TIE heartbeat lost > 30s. Taking over trailing...
2026-08-13 08:38:29,671 [WARNING] [ACTIVE] TIE heartbeat lost > 30s. Taking over trailing...
2026-08-13 08:38:34,784 [WARNING] [ACTIVE] TIE heartbeat lost > 30s. Taking over trailing...
2026-08-13 08:38:39,860 [WARNING] [ACTIVE] TIE heartbeat lost > 30s. Taking over trailing...
2026-08-13 08:38:44,935 [WARNING] [ACTIVE] TIE heartbeat lost > 30s. Taking over trailing...
2026-08-13 08:38:50,012 [WARNING] [ACTIVE] TIE heartbeat lost > 30s. Taking over trailing...
2026-08-13 08:38:55,080 [WARNING] [ACTIVE] TIE heartbeat lost > 30s. Taking over trailing...
2026-08-13 08:39:00,149 [WARNING] [ACTIVE] TIE heartbeat lost > 30s. Taking over trailing...
2026-08-13 08:39:05,239 [WARNING] [ACTIVE] TIE heartbeat lost > 30s. Taking over trailing...
2026-08-13 08:39:10,306 [WARNING] [ACTIVE] TIE heartbeat lost > 30s. Taking over trailing...
2026-08-13 08:39:15,375 [WARNING] [ACTIVE] TIE heartbeat lost > 30s. Taking over trailing...
2026-08-13 08:39:20,442 [WARNING] [ACTIVE] TIE heartbeat lost > 30s. Taking over trailing...
2026-08-13 08:39:25,507 [WARNING] [ACTIVE] TIE heartbeat lost > 30s. Taking over trailing...
2026-08-13 08:39:30,592 [WARNING] [ACTIVE] TIE heartbeat lost > 30s. Taking over trailing...
2026-08-13 08:39:35,702 [WARNING] [ACTIVE] TIE heartbeat lost > 30s. Taking over trailing...
2026-08-13 08:39:40,781 [WARNING] [ACTIVE] TIE heartbeat lost > 30s. Taking over trailing...
2026-08-13 08:39:45,861 [WARNING] [ACTIVE] TIE heartbeat lost > 30s. Taking over trailing...
2026-08-13 08:39:50,929 [WARNING] [ACTIVE] TIE heartbeat lost > 30s. Taking over trailing...
2026-08-13 08:39:56,009 [WARNING] [ACTIVE] TIE heartbeat lost > 30s. Taking over trailing...
2026-08-13 08:40:01,076 [WARNING] [ACTIVE] TIE heartbeat lost > 30s. Taking over trailing...
2026-08-13 08:40:06,206 [WARNING] [ACTIVE] TIE heartbeat lost > 30s. Taking over trailing...
2026-08-13 08:40:11,272 [WARNING] [ACTIVE] TIE heartbeat lost > 30s. Taking over trailing...
2026-08-13 08:40:16,348 [WARNING] [ACTIVE] TIE heartbeat lost > 30s. Taking over trailing...
2026-08-13 08:40:21,424 [WARNING] [ACTIVE] TIE heartbeat lost > 30s. Taking over trailing...
2026-08-13 08:40:26,491 [WARNING] [ACTIVE] TIE heartbeat lost > 30s. Taking over trailing...
2026-08-13 08:40:31,582 [WARNING] [ACTIVE] TIE heartbeat lost > 30s. Taking over trailing...
2026-08-13 08:40:36,677 [WARNING] [ACTIVE] TIE heartbeat lost > 30s. Taking over trailing...
2026-08-13 08:40:41,752 [WARNING] [ACTIVE] TIE heartbeat lost > 30s. Taking over trailing...
2026-08-13 08:40:46,820 [WARNING] [ACTIVE] TIE heartbeat lost > 30s. Taking over trailing...
2026-08-13 08:40:51,884 [WARNING] [ACTIVE] TIE heartbeat lost > 30s. Taking over trailing...
2026-08-13 08:40:56,961 [WARNING] [ACTIVE] TIE heartbeat lost > 30s. Taking over trailing...
2026-08-13 08:41:02,026 [WARNING] [ACTIVE] TIE heartbeat lost > 30s. Taking over trailing...
2026-08-13 08:41:07,093 [WARNING] [ACTIVE] TIE heartbeat lost > 30s. Taking over trailing...
2026-08-13 08:41:12,166 [WARNING] [ACTIVE] TIE heartbeat lost > 30s. Taking over trailing...
2026-08-13 08:41:17,238 [WARNING] [ACTIVE] TIE heartbeat lost > 30s. Taking over trailing...
2026-08-13 08:41:22,315 [WARNING] [ACTIVE] TIE heartbeat lost > 30s. Taking over trailing...
2026-08-13 08:41:27,401 [WARNING] [ACTIVE] TIE heartbeat lost > 30s. Taking over trailing...
2026-08-13 08:41:32,481 [WARNING] [ACTIVE] TIE heartbeat lost > 30s. Taking over trailing...
2026-08-13 08:41:37,559 [WARNING] [ACTIVE] TIE heartbeat lost > 30s. Taking over trailing...
2026-08-13 08:41:42,649 [WARNING] [ACTIVE] TIE heartbeat lost > 30s. Taking over trailing...
2026-08-13 08:41:47,718 [WARNING] [ACTIVE] TIE heartbeat lost > 30s. Taking over trailing...
2026-08-13 08:41:52,785 [WARNING] [ACTIVE] TIE heartbeat lost > 30s. Taking over trailing...
2026-08-13 08:41:57,862 [WARNING] [ACTIVE] TIE heartbeat lost > 30s. Taking over trailing...
2026-08-13 08:42:02,934 [WARNING] [ACTIVE] TIE heartbeat lost > 30s. Taking over trailing...
2026-08-13 08:42:07,999 [WARNING] [ACTIVE] TIE heartbeat lost > 30s. Taking over trailing...
2026-08-13 08:42:13,071 [WARNING] [ACTIVE] TIE heartbeat lost > 30s. Taking over trailing...
2026-08-13 08:42:18,145 [WARNING] [ACTIVE] TIE heartbeat lost > 30s. Taking over trailing...
2026-08-13 08:42:23,212 [WARNING] [ACTIVE] TIE heartbeat lost > 30s. Taking over trailing...
2026-08-13 08:42:28,277 [WARNING] [ACTIVE] TIE heartbeat lost > 30s. Taking over trailing...
2026-08-13 08:42:33,342 [WARNING] [ACTIVE] TIE heartbeat lost > 30s. Taking over trailing...
2026-08-13 08:42:38,405 [WARNING] [ACTIVE] TIE heartbeat lost > 30s. Taking over trailing...
2026-08-13 08:42:43,485 [WARNING] [ACTIVE] TIE heartbeat lost > 30s. Taking over trailing...
2026-08-13 08:42:48,552 [WARNING] [ACTIVE] TIE heartbeat lost > 30s. Taking over trailing...
2026-08-13 08:42:53,638 [WARNING] [ACTIVE] TIE heartbeat lost > 30s. Taking over trailing...
2026-08-13 08:42:58,752 [WARNING] [ACTIVE] TIE heartbeat lost > 30s. Taking over trailing...
2026-08-13 08:43:03,824 [WARNING] [ACTIVE] TIE heartbeat lost > 30s. Taking over trailing...
2026-08-13 08:43:08,887 [WARNING] [ACTIVE] TIE heartbeat lost > 30s. Taking over trailing...
2026-08-13 08:43:13,953 [WARNING] [ACTIVE] TIE heartbeat lost > 30s. Taking over trailing...
2026-08-13 08:43:19,018 [WARNING] [ACTIVE] TIE heartbeat lost > 30s. Taking over trailing...
2026-08-13 08:43:24,111 [WARNING] [ACTIVE] TIE heartbeat lost > 30s. Taking over trailing...
2026-08-13 08:43:29,178 [WARNING] [ACTIVE] TIE heartbeat lost > 30s. Taking over trailing...
2026-08-13 08:43:34,260 [WARNING] [ACTIVE] TIE heartbeat lost > 30s. Taking over trailing...
2026-08-13 08:43:39,335 [WARNING] [ACTIVE] TIE heartbeat lost > 30s. Taking over trailing...
2026-08-13 08:43:44,439 [WARNING] [ACTIVE] TIE heartbeat lost > 30s. Taking over trailing...
2026-08-13 08:43:49,518 [WARNING] [ACTIVE] TIE heartbeat lost > 30s. Taking over trailing...
2026-08-13 08:43:54,583 [WARNING] [ACTIVE] TIE heartbeat lost > 30s. Taking over trailing...
2026-08-13 08:43:59,660 [WARNING] [ACTIVE] TIE heartbeat lost > 30s. Taking over trailing...
2026-08-13 08:44:04,740 [WARNING] [ACTIVE] TIE heartbeat lost > 30s. Taking over trailing...
2026-08-13 08:44:09,819 [WARNING] [ACTIVE] TIE heartbeat lost > 30s. Taking over trailing...
2026-08-13 08:44:14,879 [WARNING] [ACTIVE] TIE heartbeat lost > 30s. Taking over trailing...
2026-08-13 08:44:19,945 [WARNING] [ACTIVE] TIE heartbeat lost > 30s. Taking over trailing...
2026-08-13 08:44:25,036 [WARNING] [ACTIVE] TIE heartbeat lost > 30s. Taking over trailing...
2026-08-13 08:44:30,108 [WARNING] [ACTIVE] TIE heartbeat lost > 30s. Taking over trailing...
2026-08-13 08:44:35,176 [WARNING] [ACTIVE] TIE heartbeat lost > 30s. Taking over trailing...
2026-08-13 08:44:40,244 [WARNING] [ACTIVE] TIE heartbeat lost > 30s. Taking over trailing...
2026-08-13 08:44:45,305 [WARNING] [ACTIVE] TIE heartbeat lost > 30s. Taking over trailing...
2026-08-13 08:44:50,372 [WARNING] [ACTIVE] TIE heartbeat lost > 30s. Taking over trailing...
2026-08-13 08:44:55,453 [WARNING] [ACTIVE] TIE heartbeat lost > 30s. Taking over trailing...
2026-08-13 08:45:00,533 [WARNING] [ACTIVE] TIE heartbeat lost > 30s. Taking over trailing...
2026-08-13 08:45:05,620 [WARNING] [ACTIVE] TIE heartbeat lost > 30s. Taking over trailing...
2026-08-13 08:45:10,687 [WARNING] [ACTIVE] TIE heartbeat lost > 30s. Taking over trailing...
2026-08-13 08:45:15,755 [WARNING] [ACTIVE] TIE heartbeat lost > 30s. Taking over trailing...
2026-08-13 08:45:20,831 [WARNING] [ACTIVE] TIE heartbeat lost > 30s. Taking over trailing...
2026-08-13 08:45:25,908 [WARNING] [ACTIVE] TIE heartbeat lost > 30s. Taking over trailing...
2026-08-13 08:45:30,975 [WARNING] [ACTIVE] TIE heartbeat lost > 30s. Taking over trailing...
2026-08-13 08:45:36,065 [WARNING] [ACTIVE] TIE heartbeat lost > 30s. Taking over trailing...
2026-08-13 08:45:41,139 [WARNING] [ACTIVE] TIE heartbeat lost > 30s. Taking over trailing...
2026-08-13 08:45:46,222 [WARNING] [ACTIVE] TIE heartbeat lost > 30s. Taking over trailing...
2026-08-13 08:45:51,288 [WARNING] [ACTIVE] TIE heartbeat lost > 30s. Taking over trailing...
2026-08-13 08:45:56,366 [WARNING] [ACTIVE] TIE heartbeat lost > 30s. Taking over trailing...
2026-08-13 08:46:01,433 [WARNING] [ACTIVE] TIE heartbeat lost > 30s. Taking over trailing...
2026-08-13 08:46:06,499 [WARNING] [ACTIVE] TIE heartbeat lost > 30s. Taking over trailing...
2026-08-13 08:46:11,569 [WARNING] [ACTIVE] TIE heartbeat lost > 30s. Taking over trailing...
2026-08-13 08:46:16,650 [WARNING] [ACTIVE] TIE heartbeat lost > 30s. Taking over trailing...
2026-08-13 08:46:21,733 [WARNING] [ACTIVE] TIE heartbeat lost > 30s. Taking over trailing...
2026-08-13 08:46:26,810 [WARNING] [ACTIVE] TIE heartbeat lost > 30s. Taking over trailing...
2026-08-13 08:46:31,880 [WARNING] [ACTIVE] TIE heartbeat lost > 30s. Taking over trailing...
2026-08-13 08:46:36,968 [WARNING] [ACTIVE] TIE heartbeat lost > 30s. Taking over trailing...
2026-08-13 08:46:42,045 [WARNING] [ACTIVE] TIE heartbeat lost > 30s. Taking over trailing...
2026-08-13 08:46:47,133 [WARNING] [ACTIVE] TIE heartbeat lost > 30s. Taking over trailing...
2026-08-13 08:46:52,203 [WARNING] [ACTIVE] TIE heartbeat lost > 30s. Taking over trailing...
2026-08-13 08:46:57,305 [WARNING] [ACTIVE] TIE heartbeat lost > 30s. Taking over trailing...
2026-08-13 08:47:02,373 [WARNING] [ACTIVE] TIE heartbeat lost > 30s. Taking over trailing...
2026-08-13 08:47:07,441 [WARNING] [ACTIVE] TIE heartbeat lost > 30s. Taking over trailing...
2026-08-13 08:47:12,954 [WARNING] [ACTIVE] TIE heartbeat lost > 30s. Taking over trailing...
2026-08-13 08:47:18,035 [WARNING] [ACTIVE] TIE heartbeat lost > 30s. Taking over trailing...
2026-08-13 08:47:23,427 [WARNING] [ACTIVE] TIE heartbeat lost > 30s. Taking over trailing...
2026-08-13 08:47:28,824 [WARNING] [ACTIVE] TIE heartbeat lost > 30s. Taking over trailing...
2026-08-13 08:47:33,895 [WARNING] [ACTIVE] TIE heartbeat lost > 30s. Taking over trailing...
2026-08-13 08:47:38,970 [WARNING] [ACTIVE] TIE heartbeat lost > 30s. Taking over trailing...
2026-08-13 08:47:44,365 [WARNING] [ACTIVE] TIE heartbeat lost > 30s. Taking over trailing...
2026-08-13 08:47:49,432 [WARNING] [ACTIVE] TIE heartbeat lost > 30s. Taking over trailing...
2026-08-13 08:47:54,831 [WARNING] [ACTIVE] TIE heartbeat lost > 30s. Taking over trailing...
2026-08-13 08:48:00,204 [WARNING] [ACTIVE] TIE heartbeat lost > 30s. Taking over trailing...
2026-08-13 08:48:05,276 [WARNING] [ACTIVE] TIE heartbeat lost > 30s. Taking over trailing...
2026-08-13 08:48:10,348 [WARNING] [ACTIVE] TIE heartbeat lost > 30s. Taking over trailing...
2026-08-13 08:48:15,418 [WARNING] [ACTIVE] TIE heartbeat lost > 30s. Taking over trailing...
2026-08-13 08:48:20,488 [WARNING] [ACTIVE] TIE heartbeat lost > 30s. Taking over trailing...
2026-08-13 08:48:25,572 [WARNING] [ACTIVE] TIE heartbeat lost > 30s. Taking over trailing...
2026-08-13 08:48:30,668 [WARNING] [ACTIVE] TIE heartbeat lost > 30s. Taking over trailing...
2026-08-13 08:48:35,732 [WARNING] [ACTIVE] TIE heartbeat lost > 30s. Taking over trailing...
2026-08-13 08:48:40,838 [WARNING] [ACTIVE] TIE heartbeat lost > 30s. Taking over trailing...
2026-08-13 08:48:45,904 [WARNING] [ACTIVE] TIE heartbeat lost > 30s. Taking over trailing...
2026-08-13 08:48:50,973 [WARNING] [ACTIVE] TIE heartbeat lost > 30s. Taking over trailing...
2026-08-13 08:48:56,039 [WARNING] [ACTIVE] TIE heartbeat lost > 30s. Taking over trailing...
2026-08-13 08:49:01,127 [WARNING] [ACTIVE] TIE heartbeat lost > 30s. Taking over trailing...
2026-08-13 08:49:06,216 [WARNING] [ACTIVE] TIE heartbeat lost > 30s. Taking over trailing...
2026-08-13 08:49:11,303 [WARNING] [ACTIVE] TIE heartbeat lost > 30s. Taking over trailing...
2026-08-13 08:49:16,365 [WARNING] [ACTIVE] TIE heartbeat lost > 30s. Taking over trailing...
2026-08-13 08:49:21,443 [WARNING] [ACTIVE] TIE heartbeat lost > 30s. Taking over trailing...
2026-08-13 08:49:26,549 [WARNING] [ACTIVE] TIE heartbeat lost > 30s. Taking over trailing...
2026-08-13 08:49:31,610 [WARNING] [ACTIVE] TIE heartbeat lost > 30s. Taking over trailing...
2026-08-13 08:49:36,678 [WARNING] [ACTIVE] TIE heartbeat lost > 30s. Taking over trailing...
2026-08-13 08:49:41,824 [WARNING] [ACTIVE] TIE heartbeat lost > 30s. Taking over trailing...
2026-08-13 08:49:46,895 [WARNING] [ACTIVE] TIE heartbeat lost > 30s. Taking over trailing...
2026-08-13 08:49:51,973 [WARNING] [ACTIVE] TIE heartbeat lost > 30s. Taking over trailing...
2026-08-13 08:49:57,041 [WARNING] [ACTIVE] TIE heartbeat lost > 30s. Taking over trailing...
2026-08-13 08:50:02,108 [WARNING] [ACTIVE] TIE heartbeat lost > 30s. Taking over trailing...
2026-08-13 08:50:07,178 [WARNING] [ACTIVE] TIE heartbeat lost > 30s. Taking over trailing...
2026-08-13 08:50:12,248 [WARNING] [ACTIVE] TIE heartbeat lost > 30s. Taking over trailing...
2026-08-13 08:50:17,338 [WARNING] [ACTIVE] TIE heartbeat lost > 30s. Taking over trailing...
2026-08-13 08:50:22,403 [WARNING] [ACTIVE] TIE heartbeat lost > 30s. Taking over trailing...
2026-08-13 08:50:27,491 [WARNING] [ACTIVE] TIE heartbeat lost > 30s. Taking over trailing...
2026-08-13 08:50:32,590 [WARNING] [ACTIVE] TIE heartbeat lost > 30s. Taking over trailing...
2026-08-13 08:50:37,658 [WARNING] [ACTIVE] TIE heartbeat lost > 30s. Taking over trailing...
2026-08-13 08:50:42,766 [WARNING] [ACTIVE] TIE heartbeat lost > 30s. Taking over trailing...
2026-08-13 08:50:47,839 [WARNING] [ACTIVE] TIE heartbeat lost > 30s. Taking over trailing...
2026-08-13 08:50:52,910 [WARNING] [ACTIVE] TIE heartbeat lost > 30s. Taking over trailing...
2026-08-13 08:50:57,986 [WARNING] [ACTIVE] TIE heartbeat lost > 30s. Taking over trailing...
2026-08-13 08:51:03,074 [WARNING] [ACTIVE] TIE heartbeat lost > 30s. Taking over trailing...
2026-08-13 08:51:08,146 [WARNING] [ACTIVE] TIE heartbeat lost > 30s. Taking over trailing...
2026-08-13 08:51:13,209 [WARNING] [ACTIVE] TIE heartbeat lost > 30s. Taking over trailing...
2026-08-13 08:51:18,321 [WARNING] [ACTIVE] TIE heartbeat lost > 30s. Taking over trailing...
2026-08-13 08:51:23,394 [WARNING] [ACTIVE] TIE heartbeat lost > 30s. Taking over trailing...
2026-08-13 08:51:28,473 [WARNING] [ACTIVE] TIE heartbeat lost > 30s. Taking over trailing...
2026-08-13 08:51:33,542 [WARNING] [ACTIVE] TIE heartbeat lost > 30s. Taking over trailing...
2026-08-13 08:51:38,616 [WARNING] [ACTIVE] TIE heartbeat lost > 30s. Taking over trailing...
2026-08-13 08:51:43,689 [WARNING] [ACTIVE] TIE heartbeat lost > 30s. Taking over trailing...
2026-08-13 08:51:48,769 [WARNING] [ACTIVE] TIE heartbeat lost > 30s. Taking over trailing...
2026-08-13 08:51:53,842 [WARNING] [ACTIVE] TIE heartbeat lost > 30s. Taking over trailing...
2026-08-13 08:51:58,932 [WARNING] [ACTIVE] TIE heartbeat lost > 30s. Taking over trailing...
2026-08-13 08:52:04,006 [WARNING] [ACTIVE] TIE heartbeat lost > 30s. Taking over trailing...
2026-08-13 08:52:09,088 [WARNING] [ACTIVE] TIE heartbeat lost > 30s. Taking over trailing...
2026-08-13 08:52:14,165 [WARNING] [ACTIVE] TIE heartbeat lost > 30s. Taking over trailing...
2026-08-13 08:52:19,241 [WARNING] [ACTIVE] TIE heartbeat lost > 30s. Taking over trailing...
2026-08-13 08:52:24,328 [WARNING] [ACTIVE] TIE heartbeat lost > 30s. Taking over trailing...
2026-08-13 08:52:29,416 [WARNING] [ACTIVE] TIE heartbeat lost > 30s. Taking over trailing...
2026-08-13 08:52:34,485 [WARNING] [ACTIVE] TIE heartbeat lost > 30s. Taking over trailing...
2026-08-13 08:52:39,563 [WARNING] [ACTIVE] TIE heartbeat lost > 30s. Taking over trailing...
2026-08-13 08:52:44,664 [WARNING] [ACTIVE] TIE heartbeat lost > 30s. Taking over trailing...
2026-08-13 08:52:49,767 [WARNING] [ACTIVE] TIE heartbeat lost > 30s. Taking over trailing...
2026-08-13 08:52:54,838 [WARNING] [ACTIVE] TIE heartbeat lost > 30s. Taking over trailing...
2026-08-13 08:52:59,931 [WARNING] [ACTIVE] TIE heartbeat lost > 30s. Taking over trailing...
2026-08-13 08:53:05,003 [WARNING] [ACTIVE] TIE heartbeat lost > 30s. Taking over trailing...
2026-08-13 08:53:10,072 [WARNING] [ACTIVE] TIE heartbeat lost > 30s. Taking over trailing...
2026-08-13 08:53:15,137 [WARNING] [ACTIVE] TIE heartbeat lost > 30s. Taking over trailing...
2026-08-13 08:53:20,267 [WARNING] [ACTIVE] TIE heartbeat lost > 30s. Taking over trailing...
2026-08-13 08:53:25,345 [WARNING] [ACTIVE] TIE heartbeat lost > 30s. Taking over trailing...
2026-08-13 08:53:30,407 [WARNING] [ACTIVE] TIE heartbeat lost > 30s. Taking over trailing...
2026-08-13 08:53:35,471 [WARNING] [ACTIVE] TIE heartbeat lost > 30s. Taking over trailing...
2026-08-13 08:53:40,529 [WARNING] [ACTIVE] TIE heartbeat lost > 30s. Taking over trailing...
2026-08-13 08:53:45,593 [WARNING] [ACTIVE] TIE heartbeat lost > 30s. Taking over trailing...
2026-08-13 08:53:50,665 [WARNING] [ACTIVE] TIE heartbeat lost > 30s. Taking over trailing...
2026-08-13 08:53:55,732 [WARNING] [ACTIVE] TIE heartbeat lost > 30s. Taking over trailing...
2026-08-13 08:54:00,808 [WARNING] [ACTIVE] TIE heartbeat lost > 30s. Taking over trailing...
2026-08-13 08:54:05,884 [WARNING] [ACTIVE] TIE heartbeat lost > 30s. Taking over trailing...
2026-08-13 08:54:10,966 [WARNING] [ACTIVE] TIE heartbeat lost > 30s. Taking over trailing...
2026-08-13 08:54:16,069 [WARNING] [ACTIVE] TIE heartbeat lost > 30s. Taking over trailing...
2026-08-13 08:54:21,138 [WARNING] [ACTIVE] TIE heartbeat lost > 30s. Taking over trailing...
2026-08-13 08:54:26,208 [WARNING] [ACTIVE] TIE heartbeat lost > 30s. Taking over trailing...
2026-08-13 08:54:31,272 [WARNING] [ACTIVE] TIE heartbeat lost > 30s. Taking over trailing...
2026-08-13 08:54:34,963 [INFO] Manual Trailing V2 (Shadow Mode) started.
2026-08-13 08:54:34,963 [INFO] Heartbeat: /tmp/tie_production_heartbeat.txt | Hedge close: $3.0 | BE lock: $1.5
2026-08-13 08:54:39,808 [INFO] Manual Trailing V2 (Shadow Mode) started.
2026-08-13 08:54:39,808 [INFO] Heartbeat: /tmp/tie_production_heartbeat.txt | Hedge close: $3.0 | BE lock: $1.5
