2026-08-11 14:39:27,507 TIE_Production No setup for XAUUSD (WAIT)
2026-08-11 14:39:27,512 GateObservatory [XAUUSD/TIE_V4] Outcome: NO_TRADE | no_signal
2026-08-11 14:39:38,252 TIE_Production --- Scanning XAUUSD ---
2026-08-11 14:39:39,093 TIE_Production MARKET REGIME: TRENDING (strength=63) | SUGGESTED ENGINE: Aggressive
2026-08-11 14:39:39,094 strategies.semi_hft.strategy [LIQ_VACUUM] GOOD clear_path_down dir=SELL
2026-08-11 14:39:39,094 StrategyManager Strategy semi_hft_c8_v4 returned WAIT: pullback:SELL pullback pct=0.88 (need <=0.4)
2026-08-11 14:39:39,094 StrategyManager Strategy aggressive_v1 returned WAIT: tl_guard:NO_SELL_BREAK
2026-08-11 14:39:39,095 TIE_Production No setup for XAUUSD (WAIT)
2026-08-11 14:39:39,100 GateObservatory [XAUUSD/TIE_V4] Outcome: NO_TRADE | no_signal
2026-08-11 14:39:49,809 TIE_Production --- Scanning XAUUSD ---
2026-08-11 14:39:50,665 TIE_Production MARKET REGIME: TRENDING (strength=65) | SUGGESTED ENGINE: Aggressive
2026-08-11 14:39:50,667 strategies.semi_hft.strategy [LIQ_VACUUM] GOOD clear_path_down dir=SELL
2026-08-11 14:39:50,667 StrategyManager Strategy semi_hft_c8_v4 returned WAIT: pullback:SELL pullback pct=0.89 (need <=0.4)
2026-08-11 14:39:50,667 StrategyManager Strategy aggressive_v1 returned WAIT: tl_guard:NO_SELL_BREAK
2026-08-11 14:39:50,668 TIE_Production No setup for XAUUSD (WAIT)
2026-08-11 14:39:50,672 GateObservatory [XAUUSD/TIE_V4] Outcome: NO_TRADE | no_signal
2026-08-11 14:40:01,493 TIE_Production --- Scanning XAUUSD ---
2026-08-11 14:40:02,476 TIE_Production MARKET REGIME: RANGING (strength=60) | SUGGESTED ENGINE: SemiHFT
2026-08-11 14:40:02,477 strategies.semi_hft.strategy [LIQ_VACUUM] GOOD clear_path_down dir=SELL
2026-08-11 14:40:02,477 StrategyManager Strategy semi_hft_c8_v4 returned WAIT: pullback:SELL pullback pct=0.93 (need <=0.4)
2026-08-11 14:40:02,478 strategies.aggressive.strategy [LIQ_VACUUM] GOOD clear_path_up dir=BUY
2026-08-11 14:40:02,478 StrategyManager Strategy aggressive_v1 returned WAIT: rme:debate_block:penalty_83.6
2026-08-11 14:40:02,479 TIE_Production No setup for XAUUSD (WAIT)
2026-08-11 14:40:02,484 GateObservatory [XAUUSD/TIE_V4] Outcome: NO_TRADE | no_signal
2026-08-11 14:40:13,309 TIE_Production --- Scanning XAUUSD ---
2026-08-11 14:40:14,073 TIE_Production MARKET REGIME: TRENDING (strength=72) | SUGGESTED ENGINE: Aggressive
2026-08-11 14:40:14,075 strategies.semi_hft.strategy [LIQ_VACUUM] GOOD clear_path_down dir=SELL
2026-08-11 14:40:14,075 StrategyManager Strategy semi_hft_c8_v4 returned WAIT: pullback:SELL pullback pct=0.96 (need <=0.4)
2026-08-11 14:40:14,075 StrategyManager Strategy aggressive_v1 returned WAIT: tl_guard:NO_SELL_BREAK
2026-08-11 14:40:14,076 TIE_Production No setup for XAUUSD (WAIT)
2026-08-11 14:40:14,080 GateObservatory [XAUUSD/TIE_V4] Outcome: NO_TRADE | no_signal
2026-08-11 14:40:24,832 TIE_Production --- Scanning XAUUSD ---
2026-08-11 14:40:25,770 TIE_Production MARKET REGIME: TRENDING (strength=79) | SUGGESTED ENGINE: Aggressive
2026-08-11 14:40:25,771 strategies.semi_hft.strategy [LIQ_VACUUM] GOOD clear_path_down dir=SELL
2026-08-11 14:40:25,771 StrategyManager Strategy semi_hft_c8_v4 returned WAIT: pullback:SELL pullback pct=0.97 (need <=0.4)
2026-08-11 14:40:25,772 StrategyManager Strategy aggressive_v1 returned WAIT: tl_guard:NO_SELL_BREAK
2026-08-11 14:40:25,773 TIE_Production No setup for XAUUSD (WAIT)
2026-08-11 14:40:25,778 GateObservatory [XAUUSD/TIE_V4] Outcome: NO_TRADE | no_signal
2026-08-11 14:40:36,501 TIE_Production --- Scanning XAUUSD ---
2026-08-11 14:40:37,437 TIE_Production MARKET REGIME: TRENDING (strength=83) | SUGGESTED ENGINE: Aggressive
2026-08-11 14:40:37,438 strategies.semi_hft.strategy [LIQ_VACUUM] GOOD clear_path_down dir=SELL
2026-08-11 14:40:37,438 StrategyManager Strategy semi_hft_c8_v4 returned WAIT: pullback:SELL pullback pct=0.97 (need <=0.4)
2026-08-11 14:40:37,439 StrategyManager Strategy aggressive_v1 returned WAIT: tl_guard:NO_SELL_BREAK
2026-08-11 14:40:37,439 TIE_Production No setup for XAUUSD (WAIT)
2026-08-11 14:40:37,443 GateObservatory [XAUUSD/TIE_V4] Outcome: NO_TRADE | no_signal
2026-08-11 14:40:48,168 TIE_Production --- Scanning XAUUSD ---
2026-08-11 14:40:49,065 TIE_Production MARKET REGIME: TRENDING (strength=65) | SUGGESTED ENGINE: Aggressive
2026-08-11 14:40:49,066 strategies.semi_hft.strategy [LIQ_VACUUM] GOOD clear_path_down dir=SELL
2026-08-11 14:40:49,066 StrategyManager Strategy semi_hft_c8_v4 returned WAIT: pullback:SELL pullback pct=0.93 (need <=0.4)
2026-08-11 14:40:49,066 StrategyManager Strategy aggressive_v1 returned WAIT: tl_guard:NO_SELL_BREAK
2026-08-11 14:40:49,068 TIE_Production No setup for XAUUSD (WAIT)
2026-08-11 14:40:49,072 GateObservatory [XAUUSD/TIE_V4] Outcome: NO_TRADE | no_signal
2026-08-11 14:40:59,895 TIE_Production --- Scanning XAUUSD ---
2026-08-11 14:41:00,799 TIE_Production MARKET REGIME: TRENDING (strength=69) | SUGGESTED ENGINE: Aggressive
2026-08-11 14:41:00,800 strategies.semi_hft.strategy [LIQ_VACUUM] GOOD clear_path_down dir=SELL
2026-08-11 14:41:00,800 StrategyManager Strategy semi_hft_c8_v4 returned WAIT: pullback:SELL pullback pct=0.95 (need <=0.4)
2026-08-11 14:41:00,801 StrategyManager Strategy aggressive_v1 returned WAIT: tl_guard:NO_SELL_BREAK
2026-08-11 14:41:00,802 TIE_Production No setup for XAUUSD (WAIT)
2026-08-11 14:41:00,806 GateObservatory [XAUUSD/TIE_V4] Outcome: NO_TRADE | no_signal
2026-08-11 14:41:11,506 TIE_Production --- Scanning XAUUSD ---
2026-08-11 14:41:12,290 TIE_Production MARKET REGIME: RANGING (strength=60) | SUGGESTED ENGINE: SemiHFT
2026-08-11 14:41:12,291 strategies.semi_hft.strategy [LIQ_VACUUM] GOOD clear_path_down dir=SELL
2026-08-11 14:41:12,291 StrategyManager Strategy semi_hft_c8_v4 returned WAIT: pullback:SELL pullback pct=0.93 (need <=0.4)
2026-08-11 14:41:12,292 StrategyManager Strategy aggressive_v1 returned WAIT: tl_guard:NO_SELL_BREAK
2026-08-11 14:41:12,292 TIE_Production No setup for XAUUSD (WAIT)
2026-08-11 14:41:12,296 GateObservatory [XAUUSD/TIE_V4] Outcome: NO_TRADE | no_signal
2026-08-11 14:41:22,920 TIE_Production --- Scanning XAUUSD ---
2026-08-11 14:41:23,712 TIE_Production MARKET REGIME: RANGING (strength=60) | SUGGESTED ENGINE: SemiHFT
2026-08-11 14:41:23,714 strategies.semi_hft.strategy [LIQ_VACUUM] GOOD clear_path_down dir=SELL
2026-08-11 14:41:23,714 StrategyManager Strategy semi_hft_c8_v4 returned WAIT: pullback:SELL pullback pct=0.92 (need <=0.4)
2026-08-11 14:41:23,714 StrategyManager Strategy aggressive_v1 returned WAIT: tl_guard:NO_SELL_BREAK
2026-08-11 14:41:23,715 TIE_Production No setup for XAUUSD (WAIT)
2026-08-11 14:41:23,720 GateObservatory [XAUUSD/TIE_V4] Outcome: NO_TRADE | no_signal
2026-08-11 14:41:34,416 TIE_Production --- Scanning XAUUSD ---
2026-08-11 14:41:35,225 TIE_Production MARKET REGIME: TRENDING (strength=64) | SUGGESTED ENGINE: Aggressive
2026-08-11 14:41:35,226 strategies.semi_hft.strategy [LIQ_VACUUM] GOOD clear_path_down dir=SELL
2026-08-11 14:41:35,226 StrategyManager Strategy semi_hft_c8_v4 returned WAIT: pullback:SELL pullback pct=0.93 (need <=0.4)
2026-08-11 14:41:35,227 StrategyManager Strategy aggressive_v1 returned WAIT: tl_guard:NO_SELL_BREAK
2026-08-11 14:41:35,227 TIE_Production No setup for XAUUSD (WAIT)
2026-08-11 14:41:35,232 GateObservatory [XAUUSD/TIE_V4] Outcome: NO_TRADE | no_signal
2026-08-11 14:41:45,953 TIE_Production --- Scanning XAUUSD ---
2026-08-11 14:41:46,849 TIE_Production MARKET REGIME: TRENDING (strength=74) | SUGGESTED ENGINE: Aggressive
2026-08-11 14:41:46,850 strategies.semi_hft.strategy [LIQ_VACUUM] GOOD clear_path_down dir=SELL
2026-08-11 14:41:46,850 StrategyManager Strategy semi_hft_c8_v4 returned WAIT: pullback:SELL pullback pct=0.95 (need <=0.4)
2026-08-11 14:41:46,851 StrategyManager Strategy aggressive_v1 returned WAIT: tl_guard:NO_SELL_BREAK
2026-08-11 14:41:46,852 TIE_Production No setup for XAUUSD (WAIT)
2026-08-11 14:41:46,856 GateObservatory [XAUUSD/TIE_V4] Outcome: NO_TRADE | no_signal
2026-08-11 14:41:57,544 TIE_Production --- Scanning XAUUSD ---
2026-08-11 14:41:58,390 TIE_Production MARKET REGIME: TRENDING (strength=77) | SUGGESTED ENGINE: Aggressive
2026-08-11 14:41:58,391 strategies.semi_hft.strategy [LIQ_VACUUM] GOOD clear_path_down dir=SELL
2026-08-11 14:41:58,391 StrategyManager Strategy semi_hft_c8_v4 returned WAIT: pullback:SELL pullback pct=0.97 (need <=0.4)
2026-08-11 14:41:58,392 StrategyManager Strategy aggressive_v1 returned WAIT: tl_guard:NO_SELL_BREAK
2026-08-11 14:41:58,392 TIE_Production No setup for XAUUSD (WAIT)
2026-08-11 14:41:58,397 GateObservatory [XAUUSD/TIE_V4] Outcome: NO_TRADE | no_signal
2026-08-11 14:42:09,260 TIE_Production --- Scanning XAUUSD ---
2026-08-11 14:42:10,026 TIE_Production MARKET REGIME: TRENDING (strength=84) | SUGGESTED ENGINE: Aggressive
2026-08-11 14:42:10,027 strategies.semi_hft.strategy [LIQ_VACUUM] GOOD clear_path_down dir=SELL
2026-08-11 14:42:10,027 StrategyManager Strategy semi_hft_c8_v4 returned WAIT: pullback:SELL pullback pct=0.97 (need <=0.4)
2026-08-11 14:42:10,028 StrategyManager Strategy aggressive_v1 returned WAIT: tl_guard:NO_SELL_BREAK
2026-08-11 14:42:10,028 TIE_Production No setup for XAUUSD (WAIT)
2026-08-11 14:42:10,033 GateObservatory [XAUUSD/TIE_V4] Outcome: NO_TRADE | no_signal
2026-08-11 14:42:20,779 TIE_Production --- Scanning XAUUSD ---
2026-08-11 14:42:21,589 TIE_Production MARKET REGIME: TRENDING (strength=82) | SUGGESTED ENGINE: Aggressive
2026-08-11 14:42:21,590 strategies.semi_hft.strategy [LIQ_VACUUM] GOOD clear_path_down dir=SELL
2026-08-11 14:42:21,590 StrategyManager Strategy semi_hft_c8_v4 returned WAIT: pullback:SELL pullback pct=0.97 (need <=0.4)
2026-08-11 14:42:21,590 StrategyManager Strategy aggressive_v1 returned WAIT: tl_guard:NO_SELL_BREAK
2026-08-11 14:42:21,591 TIE_Production No setup for XAUUSD (WAIT)
2026-08-11 14:42:21,596 GateObservatory [XAUUSD/TIE_V4] Outcome: NO_TRADE | no_signal
2026-08-11 14:42:32,373 TIE_Production --- Scanning XAUUSD ---
2026-08-11 14:42:33,214 TIE_Production MARKET REGIME: TRENDING (strength=79) | SUGGESTED ENGINE: Aggressive
2026-08-11 14:42:33,216 strategies.semi_hft.strategy [LIQ_VACUUM] GOOD clear_path_up dir=BUY
2026-08-11 14:42:33,216 StrategyManager Strategy semi_hft_c8_v4 returned WAIT: pullback:BUY vs M15 DOWN
2026-08-11 14:42:33,217 StrategyManager Strategy aggressive_v1 returned WAIT: tl_guard:NO_SELL_BREAK
2026-08-11 14:42:33,217 TIE_Production No setup for XAUUSD (WAIT)
2026-08-11 14:42:33,225 GateObservatory [XAUUSD/TIE_V4] Outcome: NO_TRADE | no_signal
2026-08-11 14:42:44,091 TIE_Production --- Scanning XAUUSD ---
2026-08-11 14:42:44,869 TIE_Production MARKET REGIME: TRENDING (strength=70) | SUGGESTED ENGINE: Aggressive
2026-08-11 14:42:44,870 strategies.semi_hft.strategy [LIQ_VACUUM] GOOD clear_path_up dir=BUY
2026-08-11 14:42:44,870 StrategyManager Strategy semi_hft_c8_v4 returned WAIT: pullback:BUY vs M15 DOWN
2026-08-11 14:42:44,870 StrategyManager Strategy aggressive_v1 returned WAIT: tl_guard:NO_SELL_BREAK
2026-08-11 14:42:44,872 TIE_Production No setup for XAUUSD (WAIT)
2026-08-11 14:42:44,876 GateObservatory [XAUUSD/TIE_V4] Outcome: NO_TRADE | no_signal
2026-08-11 14:42:55,548 TIE_Production --- Scanning XAUUSD ---
2026-08-11 14:42:56,393 TIE_Production MARKET REGIME: TRENDING (strength=72) | SUGGESTED ENGINE: Aggressive
2026-08-11 14:42:56,394 strategies.semi_hft.strategy [LIQ_VACUUM] GOOD clear_path_up dir=BUY
2026-08-11 14:42:56,395 StrategyManager Strategy semi_hft_c8_v4 returned WAIT: pullback:BUY vs M15 DOWN
2026-08-11 14:42:56,395 StrategyManager Strategy aggressive_v1 returned WAIT: tl_guard:NO_SELL_BREAK
2026-08-11 14:42:56,396 TIE_Production No setup for XAUUSD (WAIT)
2026-08-11 14:42:56,400 GateObservatory [XAUUSD/TIE_V4] Outcome: NO_TRADE | no_signal
2026-08-11 14:43:07,121 TIE_Production --- Scanning XAUUSD ---
2026-08-11 14:43:07,925 TIE_Production MARKET REGIME: TRENDING (strength=74) | SUGGESTED ENGINE: Aggressive
2026-08-11 14:43:07,926 strategies.semi_hft.strategy [LIQ_VACUUM] GOOD clear_path_down dir=SELL
2026-08-11 14:43:07,926 StrategyManager Strategy semi_hft_c8_v4 returned WAIT: pullback:SELL pullback pct=0.95 (need <=0.4)
2026-08-11 14:43:07,926 StrategyManager Strategy aggressive_v1 returned WAIT: tl_guard:NO_SELL_BREAK
2026-08-11 14:43:07,927 TIE_Production No setup for XAUUSD (WAIT)
2026-08-11 14:43:07,931 GateObservatory [XAUUSD/TIE_V4] Outcome: NO_TRADE | no_signal
2026-08-11 14:43:18,579 TIE_Production --- Scanning XAUUSD ---
2026-08-11 14:43:19,472 TIE_Production MARKET REGIME: TRENDING (strength=72) | SUGGESTED ENGINE: Aggressive
2026-08-11 14:43:19,474 strategies.semi_hft.strategy [LIQ_VACUUM] GOOD clear_path_down dir=SELL
2026-08-11 14:43:19,475 StrategyManager Strategy semi_hft_c8_v4 returned WAIT: pullback:SELL pullback pct=0.95 (need <=0.4)
2026-08-11 14:43:19,476 StrategyManager Strategy aggressive_v1 returned WAIT: tl_guard:NO_SELL_BREAK
2026-08-11 14:43:19,477 TIE_Production No setup for XAUUSD (WAIT)
2026-08-11 14:43:19,485 GateObservatory [XAUUSD/TIE_V4] Outcome: NO_TRADE | no_signal
2026-08-11 14:43:30,210 TIE_Production --- Scanning XAUUSD ---
2026-08-11 14:43:31,233 TIE_Production MARKET REGIME: TRENDING (strength=77) | SUGGESTED ENGINE: Aggressive
2026-08-11 14:43:31,234 strategies.semi_hft.strategy [LIQ_VACUUM] GOOD clear_path_down dir=SELL
2026-08-11 14:43:31,234 StrategyManager Strategy semi_hft_c8_v4 returned WAIT: pullback:SELL pullback pct=0.95 (need <=0.4)
2026-08-11 14:43:31,234 StrategyManager Strategy aggressive_v1 returned WAIT: tl_guard:NO_SELL_BREAK
2026-08-11 14:43:31,235 TIE_Production No setup for XAUUSD (WAIT)
2026-08-11 14:43:31,239 GateObservatory [XAUUSD/TIE_V4] Outcome: NO_TRADE | no_signal
2026-08-11 14:43:41,965 TIE_Production --- Scanning XAUUSD ---
2026-08-11 14:43:42,808 TIE_Production MARKET REGIME: TRENDING (strength=74) | SUGGESTED ENGINE: Aggressive
2026-08-11 14:43:42,810 strategies.semi_hft.strategy [LIQ_VACUUM] GOOD clear_path_down dir=SELL
2026-08-11 14:43:42,810 StrategyManager Strategy semi_hft_c8_v4 returned WAIT: pullback:SELL pullback pct=0.95 (need <=0.4)
2026-08-11 14:43:42,810 StrategyManager Strategy aggressive_v1 returned WAIT: tl_guard:NO_SELL_BREAK
2026-08-11 14:43:42,811 TIE_Production No setup for XAUUSD (WAIT)
2026-08-11 14:43:42,816 GateObservatory [XAUUSD/TIE_V4] Outcome: NO_TRADE | no_signal
2026-08-11 14:43:53,531 TIE_Production --- Scanning XAUUSD ---
2026-08-11 14:43:54,404 TIE_Production MARKET REGIME: TRENDING (strength=72) | SUGGESTED ENGINE: Aggressive
2026-08-11 14:43:54,405 strategies.semi_hft.strategy [LIQ_VACUUM] GOOD clear_path_down dir=SELL
2026-08-11 14:43:54,405 StrategyManager Strategy semi_hft_c8_v4 returned WAIT: pullback:SELL pullback pct=0.95 (need <=0.4)
2026-08-11 14:43:54,405 StrategyManager Strategy aggressive_v1 returned WAIT: tl_guard:NO_SELL_BREAK
2026-08-11 14:43:54,406 TIE_Production No setup for XAUUSD (WAIT)
2026-08-11 14:43:54,411 GateObservatory [XAUUSD/TIE_V4] Outcome: NO_TRADE | no_signal
  File "/home/ubuntu/trading-intelligence-engine/runtime/tie_production.py", line 540
    log.info(f"Dedup: skip {decision.setup_name} {decision.action} {sym} (seen {(now-last_seen):.0f}s ago)")
    ^
IndentationError: expected an indented block after 'if' statement on line 539
2026-08-11 15:21:49,234 MT5BrokerAdapter MT5BrokerAdapter initialized OK
2026-08-11 15:21:49,241 BystraStrategy BystraStrategy initialized — 10 detectors
2026-08-11 15:21:49,241 StrategyManager Registered strategy Bystra v1.0.0
2026-08-11 15:21:49,241 strategies.aggressive.strategy RiriMicroScalpEngine (RME) initialized — score-based pipeline
2026-08-11 15:21:49,241 StrategyManager Registered strategy Aggressive v0.1.0
2026-08-11 15:21:49,243 strategies.semi_hft.strategy SemiHFTStrategyV4 init — C8 Score Pipeline + Pullback Filter
2026-08-11 15:21:49,243 StrategyManager Registered strategy SemiHFT V4 v4.0
2026-08-11 15:21:49,245 TIE_Production TIE Production Multi-Symbol started: ['XAUUSD']. Risk Gate active. Observatory enabled. Governor enabled.
2026-08-11 15:21:49,340 TIE_Production --- Scanning XAUUSD ---
2026-08-11 15:21:50,225 regime_allocator Strategy status updated by Regime Allocator: {'aggressive_v1': True, 'semi_hft_c8_v4': True, 'bystra_v1': True}
2026-08-11 15:21:50,225 regime_allocator REGIME SWITCH: TRENDING -> TRENDING (engine=Aggressive, fast_path=True)
2026-08-11 15:21:50,225 TIE_Production MARKET REGIME: TRENDING (strength=69) | SUGGESTED ENGINE: Aggressive
2026-08-11 15:21:50,227 strategies.semi_hft.strategy [LIQ_VACUUM] GOOD clear_path_down dir=SELL
2026-08-11 15:21:50,227 StrategyManager Strategy semi_hft_c8_v4 returned WAIT: pullback:SELL vs M15 FLAT
2026-08-11 15:21:50,227 StrategyManager Strategy aggressive_v1 returned WAIT: tl_guard:NO_SELL_BREAK
2026-08-11 15:21:50,228 MultiStrategyRuntime Scan 2.2ms — strategies=3 signals=1 dir=sell source=bystra_v1
2026-08-11 15:21:50,233 GateObservatory [XAUUSD/TIE_V4] Gate Detector: PASS | setup=B_SELL lot=0.01
2026-08-11 15:21:50,233 TIE_Production ExitOrchestrator adjusted SL/TP for B_SELL: new SL=4382.95 TP=4325.72 RR=1.50 (adj=False)
2026-08-11 15:21:50,233 TIE_Production Setup detected: B_SELL SELL conf=85%
2026-08-11 15:21:50,273 TIE_Production Exhaustion Guard: ❌ BLOCK SELL — SELL overextended 2.6x ATR below VWAP (vwap_dist=2.6x ATR, M15=DOWN)
2026-08-11 15:21:50,277 GateObservatory [XAUUSD/TIE_V4] Gate Exhaustion: FAIL | SELL overextended 2.6x ATR below VWAP
2026-08-11 15:22:00,969 TIE_Production --- Scanning XAUUSD ---
2026-08-11 15:22:01,893 TIE_Production MARKET REGIME: RANGING (strength=60) | SUGGESTED ENGINE: SemiHFT
2026-08-11 15:22:01,894 strategies.semi_hft.strategy [LIQ_VACUUM] GOOD clear_path_down dir=SELL
2026-08-11 15:22:01,894 StrategyManager Strategy semi_hft_c8_v4 returned WAIT: pullback:SELL vs M15 FLAT
2026-08-11 15:22:01,895 StrategyManager Strategy aggressive_v1 returned WAIT: tl_guard:NO_SELL_BREAK
2026-08-11 15:22:01,896 MultiStrategyRuntime Scan 2.5ms — strategies=3 signals=1 dir=sell source=bystra_v1
2026-08-11 15:22:01,901 GateObservatory [XAUUSD/TIE_V4] Gate Detector: PASS | setup=B_SELL lot=0.01
2026-08-11 15:22:01,901 TIE_Production ExitOrchestrator adjusted SL/TP for B_SELL: new SL=4382.95 TP=4329.62 RR=1.50 (adj=False)
2026-08-11 15:22:01,901 TIE_Production Setup detected: B_SELL SELL conf=85%
2026-08-11 15:22:01,919 TIE_Production Exhaustion Guard: ❌ BLOCK SELL — SELL overextended 2.3x ATR below VWAP (vwap_dist=2.3x ATR, M15=DOWN)
2026-08-11 15:22:01,922 GateObservatory [XAUUSD/TIE_V4] Gate Exhaustion: FAIL | SELL overextended 2.3x ATR below VWAP
2026-08-12 19:36:03,125 MT5BrokerAdapter MT5BrokerAdapter initialized OK
2026-08-12 19:36:03,135 BystraStrategy BystraStrategy loaded 5 zone blacklist entries
2026-08-12 19:36:03,135 BystraStrategy BystraStrategy initialized — 10 detectors
2026-08-12 19:36:03,135 StrategyManager Registered strategy Bystra v1.0.0
2026-08-12 19:36:03,135 strategies.aggressive.strategy RiriMicroScalpEngine (RME) initialized — score-based pipeline
2026-08-12 19:36:03,135 StrategyManager Registered strategy Aggressive v0.1.0
2026-08-12 19:36:03,136 strategies.semi_hft.strategy SemiHFTStrategyV4 init — C8 Score Pipeline + Pullback Filter
2026-08-12 19:36:03,136 StrategyManager Registered strategy SemiHFT V4 v4.0
2026-08-12 19:36:03,139 TIE_Production TIE Production Multi-Symbol started: ['XAUUSD']. Risk Gate active. Observatory enabled. Governor enabled.
2026-08-12 19:36:03,265 TIE_Production --- Scanning XAUUSD ---
2026-08-12 19:36:04,206 regime_allocator Strategy status updated by Regime Allocator: {'aggressive_v1': True, 'semi_hft_c8_v4': True, 'bystra_v1': True}
2026-08-12 19:36:04,206 regime_allocator REGIME SWITCH: TRENDING -> TRENDING (engine=Aggressive, fast_path=True)
2026-08-12 19:36:04,206 TIE_Production MARKET REGIME: TRENDING (strength=90) | SUGGESTED ENGINE: Aggressive
2026-08-12 19:36:04,208 strategies.semi_hft.strategy NEWS BLACKOUT ACTIVE: 
2026-08-12 19:36:04,208 StrategyManager Strategy semi_hft_c8_v4 returned WAIT: news_blackout:
2026-08-12 19:36:04,208 strategies.aggressive.strategy NEWS BLACKOUT ACTIVE: 
2026-08-12 19:36:04,208 StrategyManager Strategy aggressive_v1 returned WAIT: news_blackout:
2026-08-12 19:36:04,210 BystraStrategy Bystra best detector: THREE_CANDLE conf=82% dir=SELL
2026-08-12 19:36:04,210 MultiStrategyRuntime Scan 2.7ms — strategies=3 signals=1 dir=sell source=bystra_v1
2026-08-12 19:36:04,217 GateObservatory [XAUUSD/TIE_V4] Gate Detector: PASS | setup=B_SELL lot=0.01
2026-08-12 19:36:04,217 TIE_Production ExitOrchestrator adjusted SL/TP for B_SELL: new SL=4431.72 TP=4383.86 RR=2.80 (adj=False)
2026-08-12 19:36:04,217 TIE_Production Setup detected: B_SELL SELL conf=82%
2026-08-12 19:36:04,266 TIE_Production Momentum Gate: ❌ BLOCK SELL — momentum_weak body=1.91 < 3.36 (0.4x ATR)
2026-08-12 19:36:04,271 GateObservatory [XAUUSD/TIE_V4] Gate Momentum: FAIL | momentum_weak body=1.91 < 3.36 (0.4x ATR)
2026-08-12 19:36:15,169 TIE_Production --- Scanning XAUUSD ---
2026-08-12 19:36:16,186 TIE_Production MARKET REGIME: TRENDING (strength=68) | SUGGESTED ENGINE: Aggressive
2026-08-12 19:36:16,188 strategies.semi_hft.strategy NEWS BLACKOUT ACTIVE: 
2026-08-12 19:36:16,188 StrategyManager Strategy semi_hft_c8_v4 returned WAIT: news_blackout:
2026-08-12 19:36:16,189 strategies.aggressive.strategy NEWS BLACKOUT ACTIVE: 
2026-08-12 19:36:16,189 StrategyManager Strategy aggressive_v1 returned WAIT: news_blackout:
2026-08-12 19:36:16,191 BystraStrategy Bystra best detector: THREE_CANDLE conf=82% dir=SELL
2026-08-12 19:36:16,192 MultiStrategyRuntime Scan 4.0ms — strategies=3 signals=1 dir=sell source=bystra_v1
2026-08-12 19:36:16,197 GateObservatory [XAUUSD/TIE_V4] Gate Detector: PASS | setup=B_SELL lot=0.01
2026-08-12 19:36:16,198 TIE_Production ExitOrchestrator adjusted SL/TP for B_SELL: new SL=4434.39 TP=4383.86 RR=3.01 (adj=False)
2026-08-12 19:36:16,198 TIE_Production Setup detected: B_SELL SELL conf=82%
2026-08-12 19:36:16,227 TIE_Production Dedup Time: skip B_SELL SELL XAUUSD (cooldown 12.0s < 60s)
2026-08-12 19:36:16,232 GateObservatory [XAUUSD/TIE_V4] Gate Dedup: FAIL | cooldown_11s
2026-08-12 19:36:27,080 TIE_Production --- Scanning XAUUSD ---
2026-08-12 19:36:27,925 TIE_Production MARKET REGIME: TRENDING (strength=75) | SUGGESTED ENGINE: Aggressive
2026-08-12 19:36:27,926 strategies.semi_hft.strategy NEWS BLACKOUT ACTIVE: 
2026-08-12 19:36:27,926 StrategyManager Strategy semi_hft_c8_v4 returned WAIT: news_blackout:
2026-08-12 19:36:27,926 strategies.aggressive.strategy NEWS BLACKOUT ACTIVE: 
2026-08-12 19:36:27,926 StrategyManager Strategy aggressive_v1 returned WAIT: news_blackout:
2026-08-12 19:36:27,927 BystraStrategy Bystra best detector: THREE_CANDLE conf=82% dir=SELL
2026-08-12 19:36:27,928 MultiStrategyRuntime Scan 2.2ms — strategies=3 signals=1 dir=sell source=bystra_v1
2026-08-12 19:36:27,934 GateObservatory [XAUUSD/TIE_V4] Gate Detector: PASS | setup=B_SELL lot=0.01
2026-08-12 19:36:27,934 TIE_Production ExitOrchestrator adjusted SL/TP for B_SELL: new SL=4432.92 TP=4383.86 RR=2.89 (adj=False)
2026-08-12 19:36:27,934 TIE_Production Setup detected: B_SELL SELL conf=82%
2026-08-12 19:36:27,948 TIE_Production Dedup Time: skip B_SELL SELL XAUUSD (cooldown 23.7s < 60s)
2026-08-12 19:36:27,952 GateObservatory [XAUUSD/TIE_V4] Gate Dedup: FAIL | cooldown_23s
2026-08-12 19:36:38,867 TIE_Production --- Scanning XAUUSD ---
2026-08-12 19:36:39,682 TIE_Production MARKET REGIME: TRENDING (strength=75) | SUGGESTED ENGINE: Aggressive
2026-08-12 19:36:39,683 strategies.semi_hft.strategy NEWS BLACKOUT ACTIVE: 
2026-08-12 19:36:39,683 StrategyManager Strategy semi_hft_c8_v4 returned WAIT: news_blackout:
2026-08-12 19:36:39,683 strategies.aggressive.strategy NEWS BLACKOUT ACTIVE: 
2026-08-12 19:36:39,683 StrategyManager Strategy aggressive_v1 returned WAIT: news_blackout:
2026-08-12 19:36:39,685 BystraStrategy Bystra best detector: THREE_CANDLE conf=82% dir=SELL
2026-08-12 19:36:39,685 MultiStrategyRuntime Scan 2.3ms — strategies=3 signals=1 dir=sell source=bystra_v1
2026-08-12 19:36:39,689 GateObservatory [XAUUSD/TIE_V4] Gate Detector: PASS | setup=B_SELL lot=0.01
2026-08-12 19:36:39,689 TIE_Production ExitOrchestrator adjusted SL/TP for B_SELL: new SL=4433.02 TP=4383.86 RR=2.90 (adj=False)
2026-08-12 19:36:39,690 TIE_Production Setup detected: B_SELL SELL conf=82%
2026-08-12 19:36:40,564 TIE_Production Dedup Time: skip B_SELL SELL XAUUSD (cooldown 36.3s < 60s)
2026-08-12 19:36:40,570 GateObservatory [XAUUSD/TIE_V4] Gate Dedup: FAIL | cooldown_36s
2026-08-12 19:36:51,400 TIE_Production --- Scanning XAUUSD ---
2026-08-12 19:36:52,286 TIE_Production MARKET REGIME: TRENDING (strength=88) | SUGGESTED ENGINE: Aggressive
2026-08-12 19:36:52,287 strategies.semi_hft.strategy NEWS BLACKOUT ACTIVE: 
2026-08-12 19:36:52,287 StrategyManager Strategy semi_hft_c8_v4 returned WAIT: news_blackout:
2026-08-12 19:36:52,287 strategies.aggressive.strategy NEWS BLACKOUT ACTIVE: 
2026-08-12 19:36:52,287 StrategyManager Strategy aggressive_v1 returned WAIT: news_blackout:
2026-08-12 19:36:52,288 BystraStrategy Bystra best detector: THREE_CANDLE conf=82% dir=SELL
2026-08-12 19:36:52,289 MultiStrategyRuntime Scan 2.2ms — strategies=3 signals=1 dir=sell source=bystra_v1
2026-08-12 19:36:52,295 GateObservatory [XAUUSD/TIE_V4] Gate Detector: PASS | setup=B_SELL lot=0.01
2026-08-12 19:36:52,295 TIE_Production ExitOrchestrator adjusted SL/TP for B_SELL: new SL=4430.71 TP=4383.86 RR=2.72 (adj=False)
2026-08-12 19:36:52,295 TIE_Production Setup detected: B_SELL SELL conf=82%
2026-08-12 19:36:52,317 TIE_Production Dedup Time: skip B_SELL SELL XAUUSD (cooldown 48.1s < 60s)
2026-08-12 19:36:52,321 GateObservatory [XAUUSD/TIE_V4] Gate Dedup: FAIL | cooldown_48s
2026-08-12 19:37:03,104 TIE_Production --- Scanning XAUUSD ---
2026-08-12 19:37:04,059 TIE_Production MARKET REGIME: TRENDING (strength=63) | SUGGESTED ENGINE: Aggressive
2026-08-12 19:37:04,061 strategies.semi_hft.strategy NEWS BLACKOUT ACTIVE: 
2026-08-12 19:37:04,061 StrategyManager Strategy semi_hft_c8_v4 returned WAIT: news_blackout:
2026-08-12 19:37:04,061 strategies.aggressive.strategy NEWS BLACKOUT ACTIVE: 
2026-08-12 19:37:04,061 StrategyManager Strategy aggressive_v1 returned WAIT: news_blackout:
2026-08-12 19:37:04,062 BystraStrategy Bystra best detector: THREE_CANDLE conf=82% dir=SELL
2026-08-12 19:37:04,065 MultiStrategyRuntime Scan 4.6ms — strategies=3 signals=1 dir=sell source=bystra_v1
2026-08-12 19:37:04,069 GateObservatory [XAUUSD/TIE_V4] Gate Detector: PASS | setup=B_SELL lot=0.01
2026-08-12 19:37:04,070 TIE_Production ExitOrchestrator adjusted SL/TP for B_SELL: new SL=4434.71 TP=4383.86 RR=3.03 (adj=False)
2026-08-12 19:37:04,070 TIE_Production Setup detected: B_SELL SELL conf=82%
2026-08-12 19:37:04,087 TIE_Production Dedup Time: skip B_SELL SELL XAUUSD (cooldown 59.8s < 60s)
2026-08-12 19:37:04,091 GateObservatory [XAUUSD/TIE_V4] Gate Dedup: FAIL | cooldown_59s
2026-08-12 19:37:14,799 TIE_Production --- Scanning XAUUSD ---
2026-08-12 19:37:15,868 TIE_Production MARKET REGIME: TRENDING (strength=72) | SUGGESTED ENGINE: Aggressive
2026-08-12 19:37:15,870 strategies.semi_hft.strategy NEWS BLACKOUT ACTIVE: 
2026-08-12 19:37:15,870 StrategyManager Strategy semi_hft_c8_v4 returned WAIT: news_blackout:
2026-08-12 19:37:15,870 strategies.aggressive.strategy NEWS BLACKOUT ACTIVE: 
2026-08-12 19:37:15,870 StrategyManager Strategy aggressive_v1 returned WAIT: news_blackout:
2026-08-12 19:37:15,872 BystraStrategy Bystra best detector: THREE_CANDLE conf=82% dir=SELL
2026-08-12 19:37:15,872 MultiStrategyRuntime Scan 3.1ms — strategies=3 signals=1 dir=sell source=bystra_v1
2026-08-12 19:37:15,878 GateObservatory [XAUUSD/TIE_V4] Gate Detector: PASS | setup=B_SELL lot=0.01
2026-08-12 19:37:15,878 TIE_Production ExitOrchestrator adjusted SL/TP for B_SELL: new SL=4433.82 TP=4383.86 RR=2.96 (adj=False)
2026-08-12 19:37:15,879 TIE_Production Setup detected: B_SELL SELL conf=82%
2026-08-12 19:37:15,893 TIE_Production Momentum Gate: ❌ BLOCK SELL — momentum_weak body=1.91 < 3.36 (0.4x ATR)
2026-08-12 19:37:15,897 GateObservatory [XAUUSD/TIE_V4] Gate Momentum: FAIL | momentum_weak body=1.91 < 3.36 (0.4x ATR)
2026-08-12 19:37:27,024 TIE_Production --- Scanning XAUUSD ---
2026-08-12 19:37:27,889 TIE_Production MARKET REGIME: TRENDING (strength=68) | SUGGESTED ENGINE: Aggressive
2026-08-12 19:37:27,891 strategies.semi_hft.strategy NEWS BLACKOUT ACTIVE: 
2026-08-12 19:37:27,891 StrategyManager Strategy semi_hft_c8_v4 returned WAIT: news_blackout:
2026-08-12 19:37:27,891 strategies.aggressive.strategy NEWS BLACKOUT ACTIVE: 
2026-08-12 19:37:27,891 StrategyManager Strategy aggressive_v1 returned WAIT: news_blackout:
2026-08-12 19:37:27,892 BystraStrategy Bystra best detector: THREE_CANDLE conf=82% dir=SELL
2026-08-12 19:37:27,892 MultiStrategyRuntime Scan 2.1ms — strategies=3 signals=1 dir=sell source=bystra_v1
2026-08-12 19:37:27,899 GateObservatory [XAUUSD/TIE_V4] Gate Detector: PASS | setup=B_SELL lot=0.01
2026-08-12 19:37:27,900 TIE_Production ExitOrchestrator adjusted SL/TP for B_SELL: new SL=4434.60 TP=4383.86 RR=3.03 (adj=False)
2026-08-12 19:37:27,900 TIE_Production Setup detected: B_SELL SELL conf=82%
2026-08-12 19:37:27,916 TIE_Production Dedup Time: skip B_SELL SELL XAUUSD (cooldown 12.0s < 60s)
2026-08-12 19:37:27,919 GateObservatory [XAUUSD/TIE_V4] Gate Dedup: FAIL | cooldown_12s
2026-08-12 19:37:38,681 TIE_Production --- Scanning XAUUSD ---
2026-08-12 19:37:39,571 TIE_Production MARKET REGIME: RANGING (strength=60) | SUGGESTED ENGINE: SemiHFT
2026-08-12 19:37:39,573 strategies.semi_hft.strategy NEWS BLACKOUT ACTIVE: 
2026-08-12 19:37:39,573 StrategyManager Strategy semi_hft_c8_v4 returned WAIT: news_blackout:
2026-08-12 19:37:39,573 strategies.aggressive.strategy NEWS BLACKOUT ACTIVE: 
2026-08-12 19:37:39,573 StrategyManager Strategy aggressive_v1 returned WAIT: news_blackout:
2026-08-12 19:37:39,574 BystraStrategy Bystra best detector: THREE_CANDLE conf=82% dir=SELL
2026-08-12 19:37:39,574 MultiStrategyRuntime Scan 2.1ms — strategies=3 signals=1 dir=sell source=bystra_v1
2026-08-12 19:37:39,580 GateObservatory [XAUUSD/TIE_V4] Gate Detector: PASS | setup=B_SELL lot=0.01
2026-08-12 19:37:39,580 TIE_Production ExitOrchestrator adjusted SL/TP for B_SELL: new SL=4436.96 TP=4383.86 RR=3.21 (adj=False)
2026-08-12 19:37:39,580 TIE_Production Setup detected: B_SELL SELL conf=82%
2026-08-12 19:37:39,605 TIE_Production Dedup Time: skip B_SELL SELL XAUUSD (cooldown 23.7s < 60s)
2026-08-12 19:37:39,613 GateObservatory [XAUUSD/TIE_V4] Gate Dedup: FAIL | cooldown_23s
2026-08-12 19:37:50,392 TIE_Production --- Scanning XAUUSD ---
2026-08-12 19:37:51,347 TIE_Production MARKET REGIME: RANGING (strength=60) | SUGGESTED ENGINE: SemiHFT
2026-08-12 19:37:51,348 strategies.semi_hft.strategy NEWS BLACKOUT ACTIVE: 
2026-08-12 19:37:51,348 StrategyManager Strategy semi_hft_c8_v4 returned WAIT: news_blackout:
2026-08-12 19:37:51,348 strategies.aggressive.strategy NEWS BLACKOUT ACTIVE: 
2026-08-12 19:37:51,348 StrategyManager Strategy aggressive_v1 returned WAIT: news_blackout:
2026-08-12 19:37:51,349 BystraStrategy Bystra best detector: THREE_CANDLE conf=82% dir=SELL
2026-08-12 19:37:51,350 MultiStrategyRuntime Scan 2.6ms — strategies=3 signals=1 dir=sell source=bystra_v1
2026-08-12 19:37:51,355 GateObservatory [XAUUSD/TIE_V4] Gate Detector: PASS | setup=B_SELL lot=0.01
2026-08-12 19:37:51,355 TIE_Production ExitOrchestrator adjusted SL/TP for B_SELL: new SL=4438.02 TP=4383.86 RR=3.30 (adj=False)
2026-08-12 19:37:51,355 TIE_Production Setup detected: B_SELL SELL conf=82%
2026-08-12 19:37:51,388 TIE_Production Dedup Time: skip B_SELL SELL XAUUSD (cooldown 35.5s < 60s)
2026-08-12 19:37:51,394 GateObservatory [XAUUSD/TIE_V4] Gate Dedup: FAIL | cooldown_35s
2026-08-12 19:38:02,202 TIE_Production --- Scanning XAUUSD ---
2026-08-12 19:38:03,209 TIE_Production MARKET REGIME: RANGING (strength=60) | SUGGESTED ENGINE: SemiHFT
2026-08-12 19:38:03,211 strategies.semi_hft.strategy NEWS BLACKOUT ACTIVE: 
2026-08-12 19:38:03,211 StrategyManager Strategy semi_hft_c8_v4 returned WAIT: news_blackout:
2026-08-12 19:38:03,211 strategies.aggressive.strategy NEWS BLACKOUT ACTIVE: 
2026-08-12 19:38:03,211 StrategyManager Strategy aggressive_v1 returned WAIT: news_blackout:
2026-08-12 19:38:03,212 BystraStrategy Bystra best detector: THREE_CANDLE conf=82% dir=SELL
2026-08-12 19:38:03,212 MultiStrategyRuntime Scan 2.1ms — strategies=3 signals=1 dir=sell source=bystra_v1
2026-08-12 19:38:03,218 GateObservatory [XAUUSD/TIE_V4] Gate Detector: PASS | setup=B_SELL lot=0.01
2026-08-12 19:38:03,218 TIE_Production ExitOrchestrator adjusted SL/TP for B_SELL: new SL=4438.68 TP=4383.86 RR=3.28 (adj=False)
2026-08-12 19:38:03,218 TIE_Production Setup detected: B_SELL SELL conf=82%
2026-08-12 19:38:03,236 TIE_Production Dedup Time: skip B_SELL SELL XAUUSD (cooldown 47.3s < 60s)
2026-08-12 19:38:03,242 GateObservatory [XAUUSD/TIE_V4] Gate Dedup: FAIL | cooldown_47s
2026-08-12 19:38:14,014 TIE_Production --- Scanning XAUUSD ---
2026-08-12 19:38:14,905 TIE_Production MARKET REGIME: RANGING (strength=60) | SUGGESTED ENGINE: SemiHFT
2026-08-12 19:38:14,906 strategies.semi_hft.strategy NEWS BLACKOUT ACTIVE: 
2026-08-12 19:38:14,906 StrategyManager Strategy semi_hft_c8_v4 returned WAIT: news_blackout:
2026-08-12 19:38:14,906 strategies.aggressive.strategy NEWS BLACKOUT ACTIVE: 
2026-08-12 19:38:14,906 StrategyManager Strategy aggressive_v1 returned WAIT: news_blackout:
2026-08-12 19:38:14,907 BystraStrategy Bystra best detector: THREE_CANDLE conf=82% dir=SELL
2026-08-12 19:38:14,908 MultiStrategyRuntime Scan 2.3ms — strategies=3 signals=1 dir=sell source=bystra_v1
2026-08-12 19:38:14,913 GateObservatory [XAUUSD/TIE_V4] Gate Detector: PASS | setup=B_SELL lot=0.01
2026-08-12 19:38:14,913 TIE_Production ExitOrchestrator adjusted SL/TP for B_SELL: new SL=4436.67 TP=4383.86 RR=3.13 (adj=False)
2026-08-12 19:38:14,913 TIE_Production Setup detected: B_SELL SELL conf=82%
2026-08-12 19:38:14,929 TIE_Production Dedup Time: skip B_SELL SELL XAUUSD (cooldown 59.0s < 60s)
2026-08-12 19:38:14,934 GateObservatory [XAUUSD/TIE_V4] Gate Dedup: FAIL | cooldown_59s
2026-08-12 19:38:25,744 TIE_Production --- Scanning XAUUSD ---
2026-08-12 19:38:26,543 TIE_Production MARKET REGIME: RANGING (strength=60) | SUGGESTED ENGINE: SemiHFT
2026-08-12 19:38:26,545 strategies.semi_hft.strategy NEWS BLACKOUT ACTIVE: 
2026-08-12 19:38:26,545 StrategyManager Strategy semi_hft_c8_v4 returned WAIT: news_blackout:
2026-08-12 19:38:26,545 strategies.aggressive.strategy NEWS BLACKOUT ACTIVE: 
2026-08-12 19:38:26,545 StrategyManager Strategy aggressive_v1 returned WAIT: news_blackout:
2026-08-12 19:38:26,546 BystraStrategy Bystra best detector: THREE_CANDLE conf=82% dir=SELL
2026-08-12 19:38:26,547 MultiStrategyRuntime Scan 2.2ms — strategies=3 signals=1 dir=sell source=bystra_v1
2026-08-12 19:38:26,552 GateObservatory [XAUUSD/TIE_V4] Gate Detector: PASS | setup=B_SELL lot=0.01
2026-08-12 19:38:26,553 TIE_Production ExitOrchestrator adjusted SL/TP for B_SELL: new SL=4435.13 TP=4383.86 RR=3.01 (adj=False)
2026-08-12 19:38:26,553 TIE_Production Setup detected: B_SELL SELL conf=82%
2026-08-12 19:38:27,211 TIE_Production Momentum Gate: ❌ BLOCK SELL — momentum_weak body=1.91 < 3.41 (0.4x ATR)
2026-08-12 19:38:27,217 GateObservatory [XAUUSD/TIE_V4] Gate Momentum: FAIL | momentum_weak body=1.91 < 3.41 (0.4x ATR)
2026-08-12 19:38:38,214 TIE_Production --- Scanning XAUUSD ---
2026-08-12 19:38:39,281 TIE_Production MARKET REGIME: RANGING (strength=60) | SUGGESTED ENGINE: SemiHFT
2026-08-12 19:38:39,283 strategies.semi_hft.strategy NEWS BLACKOUT ACTIVE: 
2026-08-12 19:38:39,283 StrategyManager Strategy semi_hft_c8_v4 returned WAIT: news_blackout:
2026-08-12 19:38:39,283 strategies.aggressive.strategy NEWS BLACKOUT ACTIVE: 
2026-08-12 19:38:39,283 StrategyManager Strategy aggressive_v1 returned WAIT: news_blackout:
2026-08-12 19:38:39,284 BystraStrategy Bystra best detector: THREE_CANDLE conf=82% dir=SELL
2026-08-12 19:38:39,284 MultiStrategyRuntime Scan 2.3ms — strategies=3 signals=1 dir=sell source=bystra_v1
2026-08-12 19:38:39,289 GateObservatory [XAUUSD/TIE_V4] Gate Detector: PASS | setup=B_SELL lot=0.01
2026-08-12 19:38:39,289 TIE_Production ExitOrchestrator adjusted SL/TP for B_SELL: new SL=4435.27 TP=4383.86 RR=3.02 (adj=False)
2026-08-12 19:38:39,289 TIE_Production Setup detected: B_SELL SELL conf=82%
2026-08-12 19:38:39,307 TIE_Production Dedup Time: skip B_SELL SELL XAUUSD (cooldown 12.1s < 60s)
2026-08-12 19:38:39,311 GateObservatory [XAUUSD/TIE_V4] Gate Dedup: FAIL | cooldown_12s
2026-08-12 19:38:50,182 TIE_Production --- Scanning XAUUSD ---
2026-08-12 19:38:50,987 TIE_Production MARKET REGIME: RANGING (strength=60) | SUGGESTED ENGINE: SemiHFT
2026-08-12 19:38:50,988 strategies.semi_hft.strategy NEWS BLACKOUT ACTIVE: 
2026-08-12 19:38:50,988 StrategyManager Strategy semi_hft_c8_v4 returned WAIT: news_blackout:
2026-08-12 19:38:50,988 strategies.aggressive.strategy NEWS BLACKOUT ACTIVE: 
2026-08-12 19:38:50,988 StrategyManager Strategy aggressive_v1 returned WAIT: news_blackout:
2026-08-12 19:38:50,990 BystraStrategy Bystra best detector: THREE_CANDLE conf=82% dir=SELL
2026-08-12 19:38:50,990 MultiStrategyRuntime Scan 2.1ms — strategies=3 signals=1 dir=sell source=bystra_v1
2026-08-12 19:38:50,995 GateObservatory [XAUUSD/TIE_V4] Gate Detector: PASS | setup=B_SELL lot=0.01
2026-08-12 19:38:50,995 TIE_Production ExitOrchestrator adjusted SL/TP for B_SELL: new SL=4436.75 TP=4383.86 RR=3.13 (adj=False)
2026-08-12 19:38:50,995 TIE_Production Setup detected: B_SELL SELL conf=82%
2026-08-12 19:38:51,012 TIE_Production Dedup Time: skip B_SELL SELL XAUUSD (cooldown 23.8s < 60s)
2026-08-12 19:38:51,016 GateObservatory [XAUUSD/TIE_V4] Gate Dedup: FAIL | cooldown_23s
2026-08-12 19:39:01,812 TIE_Production --- Scanning XAUUSD ---
2026-08-12 19:39:02,686 TIE_Production MARKET REGIME: RANGING (strength=60) | SUGGESTED ENGINE: SemiHFT
2026-08-12 19:39:02,687 strategies.semi_hft.strategy NEWS BLACKOUT ACTIVE: 
2026-08-12 19:39:02,688 StrategyManager Strategy semi_hft_c8_v4 returned WAIT: news_blackout:
2026-08-12 19:39:02,688 strategies.aggressive.strategy NEWS BLACKOUT ACTIVE: 
2026-08-12 19:39:02,688 StrategyManager Strategy aggressive_v1 returned WAIT: news_blackout:
2026-08-12 19:39:02,689 BystraStrategy Bystra best detector: THREE_CANDLE conf=82% dir=SELL
2026-08-12 19:39:02,689 MultiStrategyRuntime Scan 2.3ms — strategies=3 signals=1 dir=sell source=bystra_v1
2026-08-12 19:39:02,697 GateObservatory [XAUUSD/TIE_V4] Gate Detector: PASS | setup=B_SELL lot=0.01
2026-08-12 19:39:02,697 TIE_Production ExitOrchestrator adjusted SL/TP for B_SELL: new SL=4437.59 TP=4383.86 RR=3.20 (adj=False)
2026-08-12 19:39:02,697 TIE_Production Setup detected: B_SELL SELL conf=82%
2026-08-12 19:39:02,712 TIE_Production Dedup Time: skip B_SELL SELL XAUUSD (cooldown 35.5s < 60s)
2026-08-12 19:39:02,717 GateObservatory [XAUUSD/TIE_V4] Gate Dedup: FAIL | cooldown_35s
2026-08-12 19:39:13,551 TIE_Production --- Scanning XAUUSD ---
2026-08-12 19:39:14,459 TIE_Production MARKET REGIME: RANGING (strength=60) | SUGGESTED ENGINE: SemiHFT
2026-08-12 19:39:14,460 strategies.semi_hft.strategy NEWS BLACKOUT ACTIVE: 
2026-08-12 19:39:14,460 StrategyManager Strategy semi_hft_c8_v4 returned WAIT: news_blackout:
2026-08-12 19:39:14,460 strategies.aggressive.strategy NEWS BLACKOUT ACTIVE: 
2026-08-12 19:39:14,461 StrategyManager Strategy aggressive_v1 returned WAIT: news_blackout:
2026-08-12 19:39:14,463 BystraStrategy Bystra best detector: THREE_CANDLE conf=82% dir=SELL
2026-08-12 19:39:14,463 MultiStrategyRuntime Scan 3.4ms — strategies=3 signals=1 dir=sell source=bystra_v1
2026-08-12 19:39:14,468 GateObservatory [XAUUSD/TIE_V4] Gate Detector: PASS | setup=B_SELL lot=0.01
2026-08-12 19:39:14,468 TIE_Production ExitOrchestrator adjusted SL/TP for B_SELL: new SL=4437.03 TP=4383.86 RR=3.15 (adj=False)
2026-08-12 19:39:14,468 TIE_Production Setup detected: B_SELL SELL conf=82%
2026-08-12 19:39:14,492 TIE_Production Dedup Time: skip B_SELL SELL XAUUSD (cooldown 47.3s < 60s)
2026-08-12 19:39:14,497 GateObservatory [XAUUSD/TIE_V4] Gate Dedup: FAIL | cooldown_47s
2026-08-12 19:39:25,382 TIE_Production --- Scanning XAUUSD ---
2026-08-12 19:39:26,206 TIE_Production MARKET REGIME: RANGING (strength=60) | SUGGESTED ENGINE: SemiHFT
2026-08-12 19:39:26,207 strategies.semi_hft.strategy NEWS BLACKOUT ACTIVE: 
2026-08-12 19:39:26,207 StrategyManager Strategy semi_hft_c8_v4 returned WAIT: news_blackout:
2026-08-12 19:39:26,207 strategies.aggressive.strategy NEWS BLACKOUT ACTIVE: 
2026-08-12 19:39:26,207 StrategyManager Strategy aggressive_v1 returned WAIT: news_blackout:
2026-08-12 19:39:26,209 BystraStrategy Bystra best detector: THREE_CANDLE conf=82% dir=SELL
2026-08-12 19:39:26,209 MultiStrategyRuntime Scan 2.2ms — strategies=3 signals=1 dir=sell source=bystra_v1
2026-08-12 19:39:26,213 GateObservatory [XAUUSD/TIE_V4] Gate Detector: PASS | setup=B_SELL lot=0.01
2026-08-12 19:39:26,213 TIE_Production ExitOrchestrator adjusted SL/TP for B_SELL: new SL=4437.94 TP=4383.86 RR=3.23 (adj=False)
2026-08-12 19:39:26,213 TIE_Production Setup detected: B_SELL SELL conf=82%
2026-08-12 19:39:26,232 TIE_Production Dedup Time: skip B_SELL SELL XAUUSD (cooldown 59.0s < 60s)
2026-08-12 19:39:26,236 GateObservatory [XAUUSD/TIE_V4] Gate Dedup: FAIL | cooldown_59s
2026-08-12 19:39:37,157 TIE_Production --- Scanning XAUUSD ---
2026-08-12 19:39:38,084 TIE_Production MARKET REGIME: RANGING (strength=60) | SUGGESTED ENGINE: SemiHFT
2026-08-12 19:39:38,085 strategies.semi_hft.strategy NEWS BLACKOUT ACTIVE: 
2026-08-12 19:39:38,086 StrategyManager Strategy semi_hft_c8_v4 returned WAIT: news_blackout:
2026-08-12 19:39:38,086 strategies.aggressive.strategy NEWS BLACKOUT ACTIVE: 
2026-08-12 19:39:38,086 StrategyManager Strategy aggressive_v1 returned WAIT: news_blackout:
2026-08-12 19:39:38,087 BystraStrategy Bystra best detector: THREE_CANDLE conf=82% dir=SELL
2026-08-12 19:39:38,087 MultiStrategyRuntime Scan 2.1ms — strategies=3 signals=1 dir=sell source=bystra_v1
2026-08-12 19:39:38,092 GateObservatory [XAUUSD/TIE_V4] Gate Detector: PASS | setup=B_SELL lot=0.01
2026-08-12 19:39:38,092 TIE_Production ExitOrchestrator adjusted SL/TP for B_SELL: new SL=4439.21 TP=4383.86 RR=3.32 (adj=False)
2026-08-12 19:39:38,092 TIE_Production Setup detected: B_SELL SELL conf=82%
2026-08-12 19:39:38,107 TIE_Production Momentum Gate: ❌ BLOCK SELL — momentum_weak body=1.91 < 3.41 (0.4x ATR)
2026-08-12 19:39:38,111 GateObservatory [XAUUSD/TIE_V4] Gate Momentum: FAIL | momentum_weak body=1.91 < 3.41 (0.4x ATR)
2026-08-12 19:39:48,934 TIE_Production --- Scanning XAUUSD ---
2026-08-12 19:39:49,978 TIE_Production MARKET REGIME: RANGING (strength=60) | SUGGESTED ENGINE: SemiHFT
2026-08-12 19:39:49,979 strategies.semi_hft.strategy NEWS BLACKOUT ACTIVE: 
2026-08-12 19:39:49,980 StrategyManager Strategy semi_hft_c8_v4 returned WAIT: news_blackout:
2026-08-12 19:39:49,980 strategies.aggressive.strategy NEWS BLACKOUT ACTIVE: 
2026-08-12 19:39:49,980 StrategyManager Strategy aggressive_v1 returned WAIT: news_blackout:
2026-08-12 19:39:49,981 BystraStrategy Bystra best detector: THREE_CANDLE conf=82% dir=SELL
2026-08-12 19:39:49,981 MultiStrategyRuntime Scan 2.0ms — strategies=3 signals=1 dir=sell source=bystra_v1
2026-08-12 19:39:49,986 GateObservatory [XAUUSD/TIE_V4] Gate Detector: PASS | setup=B_SELL lot=0.01
2026-08-12 19:39:49,986 TIE_Production ExitOrchestrator adjusted SL/TP for B_SELL: new SL=4441.21 TP=4383.86 RR=3.39 (adj=False)
2026-08-12 19:39:49,986 TIE_Production Setup detected: B_SELL SELL conf=82%
2026-08-12 19:39:50,001 TIE_Production Dedup Time: skip B_SELL SELL XAUUSD (cooldown 11.9s < 60s)
2026-08-12 19:39:50,006 GateObservatory [XAUUSD/TIE_V4] Gate Dedup: FAIL | cooldown_11s
2026-08-12 19:40:00,782 TIE_Production --- Scanning XAUUSD ---
2026-08-12 19:40:01,715 TIE_Production MARKET REGIME: RANGING (strength=60) | SUGGESTED ENGINE: SemiHFT
2026-08-12 19:40:01,717 strategies.semi_hft.strategy NEWS BLACKOUT ACTIVE: 
2026-08-12 19:40:01,717 StrategyManager Strategy semi_hft_c8_v4 returned WAIT: news_blackout:
2026-08-12 19:40:01,717 strategies.aggressive.strategy NEWS BLACKOUT ACTIVE: 
2026-08-12 19:40:01,717 StrategyManager Strategy aggressive_v1 returned WAIT: news_blackout:
2026-08-12 19:40:01,718 BystraStrategy Bystra best detector: THREE_CANDLE conf=82% dir=SELL
2026-08-12 19:40:01,719 MultiStrategyRuntime Scan 2.2ms — strategies=3 signals=1 dir=sell source=bystra_v1
2026-08-12 19:40:01,725 GateObservatory [XAUUSD/TIE_V4] Gate Detector: PASS | setup=B_SELL lot=0.01
2026-08-12 19:40:01,725 TIE_Production ExitOrchestrator adjusted SL/TP for B_SELL: new SL=4441.64 TP=4383.86 RR=3.50 (adj=False)
2026-08-12 19:40:01,725 TIE_Production Setup detected: B_SELL SELL conf=82%
2026-08-12 19:40:01,743 TIE_Production Dedup Time: skip B_SELL SELL XAUUSD (cooldown 23.6s < 60s)
2026-08-12 19:40:01,746 GateObservatory [XAUUSD/TIE_V4] Gate Dedup: FAIL | cooldown_23s
2026-08-12 19:40:12,564 TIE_Production --- Scanning XAUUSD ---
2026-08-12 19:40:13,384 TIE_Production MARKET REGIME: TRENDING (strength=93) | SUGGESTED ENGINE: Aggressive
2026-08-12 19:40:13,385 strategies.semi_hft.strategy NEWS BLACKOUT ACTIVE: 
2026-08-12 19:40:13,385 StrategyManager Strategy semi_hft_c8_v4 returned WAIT: news_blackout:
2026-08-12 19:40:13,385 strategies.aggressive.strategy NEWS BLACKOUT ACTIVE: 
2026-08-12 19:40:13,385 StrategyManager Strategy aggressive_v1 returned WAIT: news_blackout:
2026-08-12 19:40:13,387 BystraStrategy Bystra best detector: THREE_CANDLE conf=82% dir=SELL
2026-08-12 19:40:13,387 MultiStrategyRuntime Scan 2.1ms — strategies=3 signals=1 dir=sell source=bystra_v1
2026-08-12 19:40:13,391 GateObservatory [XAUUSD/TIE_V4] Gate Detector: PASS | setup=B_SELL lot=0.01
2026-08-12 19:40:13,391 TIE_Production ExitOrchestrator adjusted SL/TP for B_SELL: new SL=4440.14 TP=4383.86 RR=3.29 (adj=False)
2026-08-12 19:40:13,391 TIE_Production Setup detected: B_SELL SELL conf=82%
2026-08-12 19:40:13,768 TIE_Production Dedup Time: skip B_SELL SELL XAUUSD (cooldown 35.7s < 60s)
2026-08-12 19:40:13,773 GateObservatory [XAUUSD/TIE_V4] Gate Dedup: FAIL | cooldown_35s
2026-08-12 19:40:24,519 TIE_Production --- Scanning XAUUSD ---
2026-08-12 19:40:25,315 TIE_Production MARKET REGIME: TRENDING (strength=97) | SUGGESTED ENGINE: Aggressive
2026-08-12 19:40:25,316 strategies.semi_hft.strategy NEWS BLACKOUT ACTIVE: 
2026-08-12 19:40:25,317 StrategyManager Strategy semi_hft_c8_v4 returned WAIT: news_blackout:
2026-08-12 19:40:25,317 strategies.aggressive.strategy NEWS BLACKOUT ACTIVE: 
2026-08-12 19:40:25,317 StrategyManager Strategy aggressive_v1 returned WAIT: news_blackout:
2026-08-12 19:40:25,318 BystraStrategy Bystra best detector: THREE_CANDLE conf=82% dir=SELL
2026-08-12 19:40:25,318 MultiStrategyRuntime Scan 2.1ms — strategies=3 signals=1 dir=sell source=bystra_v1
2026-08-12 19:40:25,323 GateObservatory [XAUUSD/TIE_V4] Gate Detector: PASS | setup=B_SELL lot=0.01
2026-08-12 19:40:25,323 TIE_Production ExitOrchestrator adjusted SL/TP for B_SELL: new SL=4439.31 TP=4383.86 RR=3.23 (adj=False)
2026-08-12 19:40:25,323 TIE_Production Setup detected: B_SELL SELL conf=82%
2026-08-12 19:40:25,345 TIE_Production Dedup Time: skip B_SELL SELL XAUUSD (cooldown 47.2s < 60s)
2026-08-12 19:40:25,349 GateObservatory [XAUUSD/TIE_V4] Gate Dedup: FAIL | cooldown_47s
2026-08-12 19:40:36,128 TIE_Production --- Scanning XAUUSD ---
2026-08-12 19:40:37,116 regime_allocator Strategy status updated by Regime Allocator: {'aggressive_v1': True, 'semi_hft_c8_v4': True, 'bystra_v1': True}
2026-08-12 19:40:37,116 regime_allocator REGIME SWITCH: CHAOS -> CHAOS (engine=Hibernate, fast_path=True)
2026-08-12 19:40:37,116 TIE_Production MARKET REGIME: CHAOS (strength=60) | SUGGESTED ENGINE: Hibernate
2026-08-12 19:40:37,117 TIE_Production REGIME GATE: CHAOS — skip scan (unsafe market)
2026-08-12 19:40:47,985 TIE_Production --- Scanning XAUUSD ---
2026-08-12 19:40:48,952 TIE_Production MARKET REGIME: CHAOS (strength=60) | SUGGESTED ENGINE: Hibernate
2026-08-12 19:40:48,952 TIE_Production REGIME GATE: CHAOS — skip scan (unsafe market)
2026-08-12 19:40:59,757 TIE_Production --- Scanning XAUUSD ---
2026-08-12 19:41:00,632 TIE_Production MARKET REGIME: CHAOS (strength=60) | SUGGESTED ENGINE: Hibernate
2026-08-12 19:41:00,632 TIE_Production REGIME GATE: CHAOS — skip scan (unsafe market)
2026-08-12 19:41:11,513 TIE_Production --- Scanning XAUUSD ---
2026-08-12 19:41:12,460 TIE_Production MARKET REGIME: CHAOS (strength=60) | SUGGESTED ENGINE: Hibernate
2026-08-12 19:41:12,460 TIE_Production REGIME GATE: CHAOS — skip scan (unsafe market)
2026-08-12 19:41:23,275 TIE_Production --- Scanning XAUUSD ---
2026-08-12 19:41:24,084 TIE_Production MARKET REGIME: CHAOS (strength=60) | SUGGESTED ENGINE: Hibernate
2026-08-12 19:41:24,084 TIE_Production REGIME GATE: CHAOS — skip scan (unsafe market)
2026-08-12 19:41:34,915 TIE_Production --- Scanning XAUUSD ---
2026-08-12 19:41:35,992 TIE_Production MARKET REGIME: CHAOS (strength=60) | SUGGESTED ENGINE: Hibernate
2026-08-12 19:41:35,992 TIE_Production REGIME GATE: CHAOS — skip scan (unsafe market)
2026-08-12 19:41:46,777 TIE_Production --- Scanning XAUUSD ---
2026-08-12 19:41:47,566 TIE_Production MARKET REGIME: CHAOS (strength=60) | SUGGESTED ENGINE: Hibernate
2026-08-12 19:41:47,566 TIE_Production REGIME GATE: CHAOS — skip scan (unsafe market)
2026-08-12 19:41:58,409 TIE_Production --- Scanning XAUUSD ---
2026-08-12 19:41:59,204 TIE_Production MARKET REGIME: CHAOS (strength=60) | SUGGESTED ENGINE: Hibernate
2026-08-12 19:41:59,205 TIE_Production REGIME GATE: CHAOS — skip scan (unsafe market)
2026-08-12 19:42:09,866 TIE_Production --- Scanning XAUUSD ---
2026-08-12 19:42:10,767 TIE_Production MARKET REGIME: CHAOS (strength=60) | SUGGESTED ENGINE: Hibernate
2026-08-12 19:42:10,767 TIE_Production REGIME GATE: CHAOS — skip scan (unsafe market)
2026-08-12 19:42:21,513 TIE_Production --- Scanning XAUUSD ---
2026-08-12 19:42:22,356 TIE_Production MARKET REGIME: CHAOS (strength=60) | SUGGESTED ENGINE: Hibernate
2026-08-12 19:42:22,356 TIE_Production REGIME GATE: CHAOS — skip scan (unsafe market)
2026-08-12 19:42:33,102 TIE_Production --- Scanning XAUUSD ---
2026-08-12 19:42:34,011 TIE_Production MARKET REGIME: CHAOS (strength=60) | SUGGESTED ENGINE: Hibernate
2026-08-12 19:42:34,011 TIE_Production REGIME GATE: CHAOS — skip scan (unsafe market)
2026-08-12 19:42:44,788 TIE_Production --- Scanning XAUUSD ---
2026-08-12 19:42:45,596 TIE_Production MARKET REGIME: CHAOS (strength=60) | SUGGESTED ENGINE: Hibernate
2026-08-12 19:42:45,596 TIE_Production REGIME GATE: CHAOS — skip scan (unsafe market)
2026-08-12 19:42:56,345 TIE_Production --- Scanning XAUUSD ---
2026-08-12 19:42:57,586 TIE_Production MARKET REGIME: CHAOS (strength=61) | SUGGESTED ENGINE: Hibernate
2026-08-12 19:42:57,586 TIE_Production REGIME GATE: CHAOS — skip scan (unsafe market)
2026-08-12 19:43:08,482 TIE_Production --- Scanning XAUUSD ---
2026-08-12 19:43:09,767 TIE_Production MARKET REGIME: CHAOS (strength=61) | SUGGESTED ENGINE: Hibernate
2026-08-12 19:43:09,767 TIE_Production REGIME GATE: CHAOS — skip scan (unsafe market)
2026-08-12 19:43:20,883 TIE_Production --- Scanning XAUUSD ---
2026-08-12 19:43:21,839 TIE_Production MARKET REGIME: CHAOS (strength=61) | SUGGESTED ENGINE: Hibernate
2026-08-12 19:43:21,839 TIE_Production REGIME GATE: CHAOS — skip scan (unsafe market)
2026-08-12 19:43:32,709 TIE_Production --- Scanning XAUUSD ---
2026-08-12 19:43:33,570 TIE_Production MARKET REGIME: CHAOS (strength=61) | SUGGESTED ENGINE: Hibernate
2026-08-12 19:43:33,571 TIE_Production REGIME GATE: CHAOS — skip scan (unsafe market)
2026-08-12 19:43:44,297 TIE_Production --- Scanning XAUUSD ---
2026-08-12 19:43:45,297 TIE_Production MARKET REGIME: CHAOS (strength=62) | SUGGESTED ENGINE: Hibernate
2026-08-12 19:43:45,297 TIE_Production REGIME GATE: CHAOS — skip scan (unsafe market)
2026-08-12 19:43:56,040 TIE_Production --- Scanning XAUUSD ---
2026-08-12 19:43:57,068 TIE_Production MARKET REGIME: CHAOS (strength=62) | SUGGESTED ENGINE: Hibernate
2026-08-12 19:43:57,069 TIE_Production REGIME GATE: CHAOS — skip scan (unsafe market)
2026-08-12 19:44:07,927 TIE_Production --- Scanning XAUUSD ---
2026-08-12 19:44:08,841 TIE_Production MARKET REGIME: CHAOS (strength=62) | SUGGESTED ENGINE: Hibernate
2026-08-12 19:44:08,841 TIE_Production REGIME GATE: CHAOS — skip scan (unsafe market)
2026-08-12 19:44:19,714 TIE_Production --- Scanning XAUUSD ---
2026-08-12 19:44:20,571 TIE_Production MARKET REGIME: CHAOS (strength=62) | SUGGESTED ENGINE: Hibernate
2026-08-12 19:44:20,571 TIE_Production REGIME GATE: CHAOS — skip scan (unsafe market)
2026-08-12 19:44:31,401 TIE_Production --- Scanning XAUUSD ---
2026-08-12 19:44:32,281 TIE_Production MARKET REGIME: CHAOS (strength=62) | SUGGESTED ENGINE: Hibernate
2026-08-12 19:44:32,281 TIE_Production REGIME GATE: CHAOS — skip scan (unsafe market)
2026-08-12 19:44:43,006 TIE_Production --- Scanning XAUUSD ---
2026-08-12 19:44:43,845 TIE_Production MARKET REGIME: CHAOS (strength=62) | SUGGESTED ENGINE: Hibernate
2026-08-12 19:44:43,845 TIE_Production REGIME GATE: CHAOS — skip scan (unsafe market)
2026-08-12 19:44:54,524 TIE_Production --- Scanning XAUUSD ---
2026-08-12 19:44:55,413 TIE_Production MARKET REGIME: CHAOS (strength=62) | SUGGESTED ENGINE: Hibernate
2026-08-12 19:44:55,414 TIE_Production REGIME GATE: CHAOS — skip scan (unsafe market)
2026-08-12 19:45:06,134 TIE_Production --- Scanning XAUUSD ---
2026-08-12 19:45:06,967 TIE_Production MARKET REGIME: CHAOS (strength=62) | SUGGESTED ENGINE: Hibernate
2026-08-12 19:45:06,967 TIE_Production REGIME GATE: CHAOS — skip scan (unsafe market)
2026-08-12 19:45:17,794 TIE_Production --- Scanning XAUUSD ---
2026-08-12 19:45:18,635 TIE_Production MARKET REGIME: CHAOS (strength=62) | SUGGESTED ENGINE: Hibernate
2026-08-12 19:45:18,635 TIE_Production REGIME GATE: CHAOS — skip scan (unsafe market)
2026-08-12 19:45:29,427 TIE_Production --- Scanning XAUUSD ---
2026-08-12 19:45:30,320 TIE_Production MARKET REGIME: CHAOS (strength=62) | SUGGESTED ENGINE: Hibernate
2026-08-12 19:45:30,321 TIE_Production REGIME GATE: CHAOS — skip scan (unsafe market)
2026-08-12 19:45:41,118 TIE_Production --- Scanning XAUUSD ---
2026-08-12 19:45:42,010 TIE_Production MARKET REGIME: CHAOS (strength=62) | SUGGESTED ENGINE: Hibernate
2026-08-12 19:45:42,011 TIE_Production REGIME GATE: CHAOS — skip scan (unsafe market)
2026-08-12 19:45:52,751 TIE_Production --- Scanning XAUUSD ---
2026-08-12 19:45:53,701 TIE_Production MARKET REGIME: CHAOS (strength=62) | SUGGESTED ENGINE: Hibernate
2026-08-12 19:45:53,702 TIE_Production REGIME GATE: CHAOS — skip scan (unsafe market)
2026-08-12 19:46:04,583 TIE_Production --- Scanning XAUUSD ---
2026-08-12 19:46:05,445 TIE_Production MARKET REGIME: CHAOS (strength=62) | SUGGESTED ENGINE: Hibernate
2026-08-12 19:46:05,445 TIE_Production REGIME GATE: CHAOS — skip scan (unsafe market)
2026-08-12 19:46:16,240 TIE_Production --- Scanning XAUUSD ---
2026-08-12 19:46:17,059 TIE_Production MARKET REGIME: CHAOS (strength=62) | SUGGESTED ENGINE: Hibernate
2026-08-12 19:46:17,059 TIE_Production REGIME GATE: CHAOS — skip scan (unsafe market)
2026-08-12 19:46:27,794 TIE_Production --- Scanning XAUUSD ---
2026-08-12 19:46:28,629 TIE_Production MARKET REGIME: CHAOS (strength=62) | SUGGESTED ENGINE: Hibernate
2026-08-12 19:46:28,629 TIE_Production REGIME GATE: CHAOS — skip scan (unsafe market)
2026-08-12 19:46:39,326 TIE_Production --- Scanning XAUUSD ---
2026-08-12 19:46:40,172 TIE_Production MARKET REGIME: CHAOS (strength=62) | SUGGESTED ENGINE: Hibernate
2026-08-12 19:46:40,172 TIE_Production REGIME GATE: CHAOS — skip scan (unsafe market)
2026-08-12 19:46:50,956 TIE_Production --- Scanning XAUUSD ---
2026-08-12 19:46:51,790 TIE_Production MARKET REGIME: CHAOS (strength=62) | SUGGESTED ENGINE: Hibernate
2026-08-12 19:46:51,790 TIE_Production REGIME GATE: CHAOS — skip scan (unsafe market)
2026-08-12 19:47:02,529 TIE_Production --- Scanning XAUUSD ---
2026-08-12 19:47:03,403 TIE_Production MARKET REGIME: CHAOS (strength=62) | SUGGESTED ENGINE: Hibernate
2026-08-12 19:47:03,403 TIE_Production REGIME GATE: CHAOS — skip scan (unsafe market)
2026-08-12 19:47:14,131 TIE_Production --- Scanning XAUUSD ---
2026-08-12 19:47:14,957 TIE_Production MARKET REGIME: CHAOS (strength=63) | SUGGESTED ENGINE: Hibernate
2026-08-12 19:47:14,957 TIE_Production REGIME GATE: CHAOS — skip scan (unsafe market)
2026-08-12 19:47:25,691 TIE_Production --- Scanning XAUUSD ---
2026-08-12 19:47:26,601 TIE_Production MARKET REGIME: CHAOS (strength=63) | SUGGESTED ENGINE: Hibernate
2026-08-12 19:47:26,601 TIE_Production REGIME GATE: CHAOS — skip scan (unsafe market)
2026-08-12 19:47:37,678 TIE_Production --- Scanning XAUUSD ---
2026-08-12 19:47:38,529 TIE_Production MARKET REGIME: CHAOS (strength=63) | SUGGESTED ENGINE: Hibernate
2026-08-12 19:47:38,529 TIE_Production REGIME GATE: CHAOS — skip scan (unsafe market)
2026-08-12 19:47:49,262 TIE_Production --- Scanning XAUUSD ---
2026-08-12 19:47:50,099 TIE_Production MARKET REGIME: CHAOS (strength=63) | SUGGESTED ENGINE: Hibernate
2026-08-12 19:47:50,099 TIE_Production REGIME GATE: CHAOS — skip scan (unsafe market)
2026-08-12 19:48:00,840 TIE_Production --- Scanning XAUUSD ---
2026-08-12 19:48:01,733 TIE_Production MARKET REGIME: CHAOS (strength=63) | SUGGESTED ENGINE: Hibernate
2026-08-12 19:48:01,733 TIE_Production REGIME GATE: CHAOS — skip scan (unsafe market)
2026-08-12 19:48:12,481 TIE_Production --- Scanning XAUUSD ---
2026-08-12 19:48:13,451 TIE_Production MARKET REGIME: CHAOS (strength=63) | SUGGESTED ENGINE: Hibernate
2026-08-12 19:48:13,451 TIE_Production REGIME GATE: CHAOS — skip scan (unsafe market)
2026-08-12 19:48:24,251 TIE_Production --- Scanning XAUUSD ---
2026-08-12 19:48:25,069 TIE_Production MARKET REGIME: CHAOS (strength=63) | SUGGESTED ENGINE: Hibernate
2026-08-12 19:48:25,069 TIE_Production REGIME GATE: CHAOS — skip scan (unsafe market)
2026-08-12 19:48:35,801 TIE_Production --- Scanning XAUUSD ---
2026-08-12 19:48:36,649 TIE_Production MARKET REGIME: CHAOS (strength=63) | SUGGESTED ENGINE: Hibernate
2026-08-12 19:48:36,649 TIE_Production REGIME GATE: CHAOS — skip scan (unsafe market)
2026-08-12 19:48:47,392 TIE_Production --- Scanning XAUUSD ---
2026-08-12 19:48:48,329 TIE_Production MARKET REGIME: CHAOS (strength=63) | SUGGESTED ENGINE: Hibernate
2026-08-12 19:48:48,329 TIE_Production REGIME GATE: CHAOS — skip scan (unsafe market)
2026-08-12 19:48:59,059 TIE_Production --- Scanning XAUUSD ---
2026-08-12 19:49:00,020 TIE_Production MARKET REGIME: CHAOS (strength=63) | SUGGESTED ENGINE: Hibernate
2026-08-12 19:49:00,020 TIE_Production REGIME GATE: CHAOS — skip scan (unsafe market)
2026-08-12 19:49:10,959 TIE_Production --- Scanning XAUUSD ---
2026-08-12 19:49:11,871 TIE_Production MARKET REGIME: CHAOS (strength=63) | SUGGESTED ENGINE: Hibernate
2026-08-12 19:49:11,871 TIE_Production REGIME GATE: CHAOS — skip scan (unsafe market)
2026-08-12 19:49:22,770 TIE_Production --- Scanning XAUUSD ---
2026-08-12 19:49:23,625 TIE_Production MARKET REGIME: CHAOS (strength=63) | SUGGESTED ENGINE: Hibernate
2026-08-12 19:49:23,625 TIE_Production REGIME GATE: CHAOS — skip scan (unsafe market)
2026-08-12 19:49:34,305 TIE_Production --- Scanning XAUUSD ---
2026-08-12 19:49:35,118 TIE_Production MARKET REGIME: CHAOS (strength=63) | SUGGESTED ENGINE: Hibernate
2026-08-12 19:49:35,118 TIE_Production REGIME GATE: CHAOS — skip scan (unsafe market)
2026-08-12 19:49:45,793 TIE_Production --- Scanning XAUUSD ---
2026-08-12 19:49:46,626 TIE_Production MARKET REGIME: CHAOS (strength=63) | SUGGESTED ENGINE: Hibernate
2026-08-12 19:49:46,626 TIE_Production REGIME GATE: CHAOS — skip scan (unsafe market)
2026-08-12 19:49:57,387 TIE_Production --- Scanning XAUUSD ---
2026-08-12 19:49:58,813 TIE_Production MARKET REGIME: CHAOS (strength=63) | SUGGESTED ENGINE: Hibernate
2026-08-12 19:49:58,813 TIE_Production REGIME GATE: CHAOS — skip scan (unsafe market)
2026-08-12 19:50:09,569 TIE_Production --- Scanning XAUUSD ---
2026-08-12 19:50:10,607 TIE_Production MARKET REGIME: CHAOS (strength=63) | SUGGESTED ENGINE: Hibernate
2026-08-12 19:50:10,607 TIE_Production REGIME GATE: CHAOS — skip scan (unsafe market)
2026-08-12 19:50:21,426 TIE_Production --- Scanning XAUUSD ---
2026-08-12 19:50:22,336 TIE_Production MARKET REGIME: CHAOS (strength=63) | SUGGESTED ENGINE: Hibernate
2026-08-12 19:50:22,336 TIE_Production REGIME GATE: CHAOS — skip scan (unsafe market)
2026-08-12 19:50:33,108 TIE_Production --- Scanning XAUUSD ---
2026-08-12 19:50:34,380 TIE_Production MARKET REGIME: CHAOS (strength=63) | SUGGESTED ENGINE: Hibernate
2026-08-12 19:50:34,380 TIE_Production REGIME GATE: CHAOS — skip scan (unsafe market)
2026-08-12 19:50:45,829 httpx HTTP Request: GET https://nfs.faireconomy.media/ff_calendar_thisweek.json "HTTP/1.1 200 OK"
2026-08-12 19:50:46,146 TIE_Production --- Scanning XAUUSD ---
2026-08-12 19:50:47,009 TIE_Production MARKET REGIME: CHAOS (strength=63) | SUGGESTED ENGINE: Hibernate
2026-08-12 19:50:47,009 TIE_Production REGIME GATE: CHAOS — skip scan (unsafe market)
2026-08-12 19:50:57,820 TIE_Production --- Scanning XAUUSD ---
2026-08-12 19:50:58,867 TIE_Production MARKET REGIME: CHAOS (strength=64) | SUGGESTED ENGINE: Hibernate
2026-08-12 19:50:58,867 TIE_Production REGIME GATE: CHAOS — skip scan (unsafe market)
2026-08-12 19:51:09,655 TIE_Production --- Scanning XAUUSD ---
2026-08-12 19:51:10,784 TIE_Production MARKET REGIME: CHAOS (strength=64) | SUGGESTED ENGINE: Hibernate
2026-08-12 19:51:10,784 TIE_Production REGIME GATE: CHAOS — skip scan (unsafe market)
2026-08-12 19:51:21,533 TIE_Production --- Scanning XAUUSD ---
2026-08-12 19:51:22,343 TIE_Production MARKET REGIME: CHAOS (strength=64) | SUGGESTED ENGINE: Hibernate
2026-08-12 19:51:22,343 TIE_Production REGIME GATE: CHAOS — skip scan (unsafe market)
2026-08-12 19:51:33,039 TIE_Production --- Scanning XAUUSD ---
2026-08-12 19:51:33,935 TIE_Production MARKET REGIME: CHAOS (strength=64) | SUGGESTED ENGINE: Hibernate
2026-08-12 19:51:33,935 TIE_Production REGIME GATE: CHAOS — skip scan (unsafe market)
2026-08-12 19:51:44,818 TIE_Production --- Scanning XAUUSD ---
2026-08-12 19:51:45,710 TIE_Production MARKET REGIME: CHAOS (strength=64) | SUGGESTED ENGINE: Hibernate
2026-08-12 19:51:45,710 TIE_Production REGIME GATE: CHAOS — skip scan (unsafe market)
2026-08-12 19:51:56,596 TIE_Production --- Scanning XAUUSD ---
2026-08-12 19:51:57,592 TIE_Production MARKET REGIME: CHAOS (strength=64) | SUGGESTED ENGINE: Hibernate
2026-08-12 19:51:57,592 TIE_Production REGIME GATE: CHAOS — skip scan (unsafe market)
2026-08-12 19:52:08,341 TIE_Production --- Scanning XAUUSD ---
2026-08-12 19:52:09,242 TIE_Production MARKET REGIME: CHAOS (strength=64) | SUGGESTED ENGINE: Hibernate
2026-08-12 19:52:09,242 TIE_Production REGIME GATE: CHAOS — skip scan (unsafe market)
2026-08-12 19:52:19,936 TIE_Production --- Scanning XAUUSD ---
2026-08-12 19:52:20,854 TIE_Production MARKET REGIME: CHAOS (strength=64) | SUGGESTED ENGINE: Hibernate
2026-08-12 19:52:20,854 TIE_Production REGIME GATE: CHAOS — skip scan (unsafe market)
2026-08-12 19:52:31,654 TIE_Production --- Scanning XAUUSD ---
2026-08-12 19:52:32,602 TIE_Production MARKET REGIME: CHAOS (strength=64) | SUGGESTED ENGINE: Hibernate
2026-08-12 19:52:32,602 TIE_Production REGIME GATE: CHAOS — skip scan (unsafe market)
2026-08-12 19:52:43,590 TIE_Production --- Scanning XAUUSD ---
2026-08-12 19:52:44,469 TIE_Production MARKET REGIME: CHAOS (strength=64) | SUGGESTED ENGINE: Hibernate
2026-08-12 19:52:44,469 TIE_Production REGIME GATE: CHAOS — skip scan (unsafe market)
2026-08-12 19:52:55,222 TIE_Production --- Scanning XAUUSD ---
2026-08-12 19:52:56,654 TIE_Production MARKET REGIME: CHAOS (strength=64) | SUGGESTED ENGINE: Hibernate
2026-08-12 19:52:56,654 TIE_Production REGIME GATE: CHAOS — skip scan (unsafe market)
2026-08-12 19:53:07,391 TIE_Production --- Scanning XAUUSD ---
2026-08-12 19:53:08,207 TIE_Production MARKET REGIME: CHAOS (strength=64) | SUGGESTED ENGINE: Hibernate
2026-08-12 19:53:08,208 TIE_Production REGIME GATE: CHAOS — skip scan (unsafe market)
2026-08-12 19:53:18,987 TIE_Production --- Scanning XAUUSD ---
2026-08-12 19:53:19,914 TIE_Production MARKET REGIME: CHAOS (strength=64) | SUGGESTED ENGINE: Hibernate
2026-08-12 19:53:19,915 TIE_Production REGIME GATE: CHAOS — skip scan (unsafe market)
2026-08-12 19:53:30,689 TIE_Production --- Scanning XAUUSD ---
2026-08-12 19:53:31,485 TIE_Production MARKET REGIME: CHAOS (strength=64) | SUGGESTED ENGINE: Hibernate
2026-08-12 19:53:31,485 TIE_Production REGIME GATE: CHAOS — skip scan (unsafe market)
2026-08-12 19:53:42,458 TIE_Production --- Scanning XAUUSD ---
2026-08-12 19:53:43,398 TIE_Production MARKET REGIME: CHAOS (strength=64) | SUGGESTED ENGINE: Hibernate
2026-08-12 19:53:43,398 TIE_Production REGIME GATE: CHAOS — skip scan (unsafe market)
2026-08-12 19:53:54,183 TIE_Production --- Scanning XAUUSD ---
2026-08-12 19:53:55,065 TIE_Production MARKET REGIME: CHAOS (strength=64) | SUGGESTED ENGINE: Hibernate
2026-08-12 19:53:55,065 TIE_Production REGIME GATE: CHAOS — skip scan (unsafe market)
2026-08-12 19:54:05,822 TIE_Production --- Scanning XAUUSD ---
2026-08-12 19:54:06,641 TIE_Production MARKET REGIME: CHAOS (strength=64) | SUGGESTED ENGINE: Hibernate
2026-08-12 19:54:06,641 TIE_Production REGIME GATE: CHAOS — skip scan (unsafe market)
2026-08-12 19:54:17,370 TIE_Production --- Scanning XAUUSD ---
2026-08-12 19:54:18,263 TIE_Production MARKET REGIME: CHAOS (strength=64) | SUGGESTED ENGINE: Hibernate
2026-08-12 19:54:18,263 TIE_Production REGIME GATE: CHAOS — skip scan (unsafe market)
2026-08-12 19:54:29,021 TIE_Production --- Scanning XAUUSD ---
2026-08-12 19:54:29,852 TIE_Production MARKET REGIME: CHAOS (strength=64) | SUGGESTED ENGINE: Hibernate
2026-08-12 19:54:29,852 TIE_Production REGIME GATE: CHAOS — skip scan (unsafe market)
2026-08-12 19:54:40,607 TIE_Production --- Scanning XAUUSD ---
2026-08-12 19:54:41,456 TIE_Production MARKET REGIME: CHAOS (strength=64) | SUGGESTED ENGINE: Hibernate
2026-08-12 19:54:41,456 TIE_Production REGIME GATE: CHAOS — skip scan (unsafe market)
2026-08-12 19:54:52,199 TIE_Production --- Scanning XAUUSD ---
2026-08-12 19:54:53,071 TIE_Production MARKET REGIME: CHAOS (strength=64) | SUGGESTED ENGINE: Hibernate
2026-08-12 19:54:53,071 TIE_Production REGIME GATE: CHAOS — skip scan (unsafe market)
2026-08-12 19:55:03,862 TIE_Production --- Scanning XAUUSD ---
2026-08-12 19:55:04,757 TIE_Production MARKET REGIME: CHAOS (strength=64) | SUGGESTED ENGINE: Hibernate
2026-08-12 19:55:04,757 TIE_Production REGIME GATE: CHAOS — skip scan (unsafe market)
2026-08-12 19:55:15,507 TIE_Production --- Scanning XAUUSD ---
2026-08-12 19:55:16,415 TIE_Production MARKET REGIME: CHAOS (strength=64) | SUGGESTED ENGINE: Hibernate
2026-08-12 19:55:16,416 TIE_Production REGIME GATE: CHAOS — skip scan (unsafe market)
2026-08-12 19:55:27,180 TIE_Production --- Scanning XAUUSD ---
2026-08-12 19:55:28,024 TIE_Production MARKET REGIME: CHAOS (strength=64) | SUGGESTED ENGINE: Hibernate
2026-08-12 19:55:28,024 TIE_Production REGIME GATE: CHAOS — skip scan (unsafe market)
2026-08-12 19:55:38,737 TIE_Production --- Scanning XAUUSD ---
2026-08-12 19:55:39,704 TIE_Production MARKET REGIME: CHAOS (strength=64) | SUGGESTED ENGINE: Hibernate
2026-08-12 19:55:39,704 TIE_Production REGIME GATE: CHAOS — skip scan (unsafe market)
2026-08-12 19:55:50,528 TIE_Production --- Scanning XAUUSD ---
2026-08-12 19:55:51,488 TIE_Production MARKET REGIME: CHAOS (strength=64) | SUGGESTED ENGINE: Hibernate
2026-08-12 19:55:51,488 TIE_Production REGIME GATE: CHAOS — skip scan (unsafe market)
2026-08-12 19:56:02,325 TIE_Production --- Scanning XAUUSD ---
2026-08-12 19:56:03,161 TIE_Production MARKET REGIME: CHAOS (strength=64) | SUGGESTED ENGINE: Hibernate
2026-08-12 19:56:03,161 TIE_Production REGIME GATE: CHAOS — skip scan (unsafe market)
2026-08-12 19:56:13,947 TIE_Production --- Scanning XAUUSD ---
2026-08-12 19:56:14,761 TIE_Production MARKET REGIME: CHAOS (strength=64) | SUGGESTED ENGINE: Hibernate
2026-08-12 19:56:14,761 TIE_Production REGIME GATE: CHAOS — skip scan (unsafe market)
2026-08-12 19:56:25,575 TIE_Production --- Scanning XAUUSD ---
2026-08-12 19:56:26,558 TIE_Production MARKET REGIME: CHAOS (strength=64) | SUGGESTED ENGINE: Hibernate
2026-08-12 19:56:26,558 TIE_Production REGIME GATE: CHAOS — skip scan (unsafe market)
2026-08-12 19:56:37,390 TIE_Production --- Scanning XAUUSD ---
2026-08-12 19:56:38,341 TIE_Production MARKET REGIME: CHAOS (strength=64) | SUGGESTED ENGINE: Hibernate
2026-08-12 19:56:38,341 TIE_Production REGIME GATE: CHAOS — skip scan (unsafe market)
2026-08-12 19:56:49,092 TIE_Production --- Scanning XAUUSD ---
2026-08-12 19:56:49,876 TIE_Production MARKET REGIME: CHAOS (strength=64) | SUGGESTED ENGINE: Hibernate
2026-08-12 19:56:49,876 TIE_Production REGIME GATE: CHAOS — skip scan (unsafe market)
2026-08-12 19:57:00,693 TIE_Production --- Scanning XAUUSD ---
2026-08-12 19:57:01,527 TIE_Production MARKET REGIME: CHAOS (strength=64) | SUGGESTED ENGINE: Hibernate
2026-08-12 19:57:01,527 TIE_Production REGIME GATE: CHAOS — skip scan (unsafe market)
2026-08-12 19:57:12,282 TIE_Production --- Scanning XAUUSD ---
2026-08-12 19:57:13,162 TIE_Production MARKET REGIME: CHAOS (strength=64) | SUGGESTED ENGINE: Hibernate
2026-08-12 19:57:13,163 TIE_Production REGIME GATE: CHAOS — skip scan (unsafe market)
2026-08-12 19:57:24,049 TIE_Production --- Scanning XAUUSD ---
2026-08-12 19:57:25,031 TIE_Production MARKET REGIME: CHAOS (strength=65) | SUGGESTED ENGINE: Hibernate
2026-08-12 19:57:25,031 TIE_Production REGIME GATE: CHAOS — skip scan (unsafe market)
2026-08-12 19:57:35,816 TIE_Production --- Scanning XAUUSD ---
2026-08-12 19:57:36,657 TIE_Production MARKET REGIME: CHAOS (strength=65) | SUGGESTED ENGINE: Hibernate
2026-08-12 19:57:36,657 TIE_Production REGIME GATE: CHAOS — skip scan (unsafe market)
2026-08-12 19:57:47,436 TIE_Production --- Scanning XAUUSD ---
2026-08-12 19:57:48,476 TIE_Production MARKET REGIME: CHAOS (strength=65) | SUGGESTED ENGINE: Hibernate
2026-08-12 19:57:48,476 TIE_Production REGIME GATE: CHAOS — skip scan (unsafe market)
2026-08-12 19:57:59,204 TIE_Production --- Scanning XAUUSD ---
2026-08-12 19:58:00,052 TIE_Production MARKET REGIME: CHAOS (strength=65) | SUGGESTED ENGINE: Hibernate
2026-08-12 19:58:00,052 TIE_Production REGIME GATE: CHAOS — skip scan (unsafe market)
2026-08-12 19:58:10,810 TIE_Production --- Scanning XAUUSD ---
2026-08-12 19:58:11,742 TIE_Production MARKET REGIME: CHAOS (strength=65) | SUGGESTED ENGINE: Hibernate
2026-08-12 19:58:11,743 TIE_Production REGIME GATE: CHAOS — skip scan (unsafe market)
2026-08-12 19:58:22,535 TIE_Production --- Scanning XAUUSD ---
2026-08-12 19:58:23,584 TIE_Production MARKET REGIME: CHAOS (strength=65) | SUGGESTED ENGINE: Hibernate
2026-08-12 19:58:23,585 TIE_Production REGIME GATE: CHAOS — skip scan (unsafe market)
2026-08-12 19:58:34,487 TIE_Production --- Scanning XAUUSD ---
2026-08-12 19:58:35,431 TIE_Production MARKET REGIME: CHAOS (strength=65) | SUGGESTED ENGINE: Hibernate
2026-08-12 19:58:35,431 TIE_Production REGIME GATE: CHAOS — skip scan (unsafe market)
2026-08-12 19:58:46,330 TIE_Production --- Scanning XAUUSD ---
2026-08-12 19:58:47,177 TIE_Production MARKET REGIME: CHAOS (strength=65) | SUGGESTED ENGINE: Hibernate
2026-08-12 19:58:47,177 TIE_Production REGIME GATE: CHAOS — skip scan (unsafe market)
2026-08-12 19:58:58,038 TIE_Production --- Scanning XAUUSD ---
2026-08-12 19:58:58,932 TIE_Production MARKET REGIME: CHAOS (strength=65) | SUGGESTED ENGINE: Hibernate
2026-08-12 19:58:58,932 TIE_Production REGIME GATE: CHAOS — skip scan (unsafe market)
2026-08-12 19:59:09,638 TIE_Production --- Scanning XAUUSD ---
2026-08-12 19:59:10,430 TIE_Production MARKET REGIME: CHAOS (strength=65) | SUGGESTED ENGINE: Hibernate
2026-08-12 19:59:10,430 TIE_Production REGIME GATE: CHAOS — skip scan (unsafe market)
2026-08-12 19:59:21,311 TIE_Production --- Scanning XAUUSD ---
2026-08-12 19:59:22,290 TIE_Production MARKET REGIME: CHAOS (strength=65) | SUGGESTED ENGINE: Hibernate
2026-08-12 19:59:22,291 TIE_Production REGIME GATE: CHAOS — skip scan (unsafe market)
2026-08-12 19:59:33,163 TIE_Production --- Scanning XAUUSD ---
2026-08-12 19:59:34,107 TIE_Production MARKET REGIME: CHAOS (strength=65) | SUGGESTED ENGINE: Hibernate
2026-08-12 19:59:34,107 TIE_Production REGIME GATE: CHAOS — skip scan (unsafe market)
2026-08-12 19:59:44,936 TIE_Production --- Scanning XAUUSD ---
2026-08-12 19:59:45,955 TIE_Production MARKET REGIME: CHAOS (strength=65) | SUGGESTED ENGINE: Hibernate
2026-08-12 19:59:45,955 TIE_Production REGIME GATE: CHAOS — skip scan (unsafe market)
2026-08-12 19:59:56,675 TIE_Production --- Scanning XAUUSD ---
2026-08-12 19:59:57,548 TIE_Production MARKET REGIME: CHAOS (strength=65) | SUGGESTED ENGINE: Hibernate
2026-08-12 19:59:57,549 TIE_Production REGIME GATE: CHAOS — skip scan (unsafe market)
2026-08-12 20:00:08,445 TIE_Production --- Scanning XAUUSD ---
2026-08-12 20:00:09,547 TIE_Production MARKET REGIME: CHAOS (strength=66) | SUGGESTED ENGINE: Hibernate
2026-08-12 20:00:09,547 TIE_Production REGIME GATE: CHAOS — skip scan (unsafe market)
2026-08-12 20:00:20,523 TIE_Production --- Scanning XAUUSD ---
2026-08-12 20:00:21,703 TIE_Production MARKET REGIME: CHAOS (strength=66) | SUGGESTED ENGINE: Hibernate
2026-08-12 20:00:21,703 TIE_Production REGIME GATE: CHAOS — skip scan (unsafe market)
2026-08-12 20:00:32,671 TIE_Production --- Scanning XAUUSD ---
2026-08-12 20:00:34,075 TIE_Production MARKET REGIME: CHAOS (strength=66) | SUGGESTED ENGINE: Hibernate
2026-08-12 20:00:34,076 TIE_Production REGIME GATE: CHAOS — skip scan (unsafe market)
2026-08-12 20:00:45,060 TIE_Production --- Scanning XAUUSD ---
2026-08-12 20:00:46,601 TIE_Production MARKET REGIME: CHAOS (strength=67) | SUGGESTED ENGINE: Hibernate
2026-08-12 20:00:46,604 TIE_Production REGIME GATE: CHAOS — skip scan (unsafe market)
2026-08-12 20:00:57,955 TIE_Production --- Scanning XAUUSD ---
2026-08-12 20:00:59,393 TIE_Production MARKET REGIME: CHAOS (strength=67) | SUGGESTED ENGINE: Hibernate
2026-08-12 20:00:59,394 TIE_Production REGIME GATE: CHAOS — skip scan (unsafe market)
2026-08-12 20:01:10,354 TIE_Production --- Scanning XAUUSD ---
2026-08-12 20:01:12,307 TIE_Production MARKET REGIME: CHAOS (strength=67) | SUGGESTED ENGINE: Hibernate
2026-08-12 20:01:12,307 TIE_Production REGIME GATE: CHAOS — skip scan (unsafe market)
2026-08-12 20:01:23,181 TIE_Production --- Scanning XAUUSD ---
2026-08-12 20:01:26,257 TIE_Production MARKET REGIME: CHAOS (strength=67) | SUGGESTED ENGINE: Hibernate
2026-08-12 20:01:26,257 TIE_Production REGIME GATE: CHAOS — skip scan (unsafe market)
2026-08-12 20:01:37,084 TIE_Production --- Scanning XAUUSD ---
2026-08-12 20:01:37,968 TIE_Production MARKET REGIME: CHAOS (strength=67) | SUGGESTED ENGINE: Hibernate
2026-08-12 20:01:37,968 TIE_Production REGIME GATE: CHAOS — skip scan (unsafe market)
2026-08-12 20:01:48,987 TIE_Production --- Scanning XAUUSD ---
2026-08-12 20:01:49,843 TIE_Production MARKET REGIME: CHAOS (strength=68) | SUGGESTED ENGINE: Hibernate
2026-08-12 20:01:49,843 TIE_Production REGIME GATE: CHAOS — skip scan (unsafe market)
2026-08-12 20:02:00,722 TIE_Production --- Scanning XAUUSD ---
2026-08-12 20:02:01,767 TIE_Production MARKET REGIME: CHAOS (strength=68) | SUGGESTED ENGINE: Hibernate
2026-08-12 20:02:01,767 TIE_Production REGIME GATE: CHAOS — skip scan (unsafe market)
2026-08-12 20:02:12,613 TIE_Production --- Scanning XAUUSD ---
2026-08-12 20:02:14,540 TIE_Production MARKET REGIME: CHAOS (strength=68) | SUGGESTED ENGINE: Hibernate
2026-08-12 20:02:14,540 TIE_Production REGIME GATE: CHAOS — skip scan (unsafe market)
2026-08-12 20:02:25,467 TIE_Production --- Scanning XAUUSD ---
2026-08-12 20:02:26,464 TIE_Production MARKET REGIME: CHAOS (strength=68) | SUGGESTED ENGINE: Hibernate
2026-08-12 20:02:26,464 TIE_Production REGIME GATE: CHAOS — skip scan (unsafe market)
2026-08-12 20:02:37,298 TIE_Production --- Scanning XAUUSD ---
2026-08-12 20:02:38,298 TIE_Production MARKET REGIME: CHAOS (strength=68) | SUGGESTED ENGINE: Hibernate
2026-08-12 20:02:38,298 TIE_Production REGIME GATE: CHAOS — skip scan (unsafe market)
2026-08-12 20:02:49,062 TIE_Production --- Scanning XAUUSD ---
2026-08-12 20:02:49,970 TIE_Production MARKET REGIME: CHAOS (strength=68) | SUGGESTED ENGINE: Hibernate
2026-08-12 20:02:49,970 TIE_Production REGIME GATE: CHAOS — skip scan (unsafe market)
2026-08-12 20:03:01,021 TIE_Production --- Scanning XAUUSD ---
2026-08-12 20:03:02,396 TIE_Production MARKET REGIME: CHAOS (strength=68) | SUGGESTED ENGINE: Hibernate
2026-08-12 20:03:02,396 TIE_Production REGIME GATE: CHAOS — skip scan (unsafe market)
2026-08-12 20:03:13,476 TIE_Production --- Scanning XAUUSD ---
2026-08-12 20:03:15,246 TIE_Production MARKET REGIME: CHAOS (strength=68) | SUGGESTED ENGINE: Hibernate
2026-08-12 20:03:15,246 TIE_Production REGIME GATE: CHAOS — skip scan (unsafe market)
2026-08-12 20:03:26,299 TIE_Production --- Scanning XAUUSD ---
2026-08-12 20:03:27,459 TIE_Production MARKET REGIME: CHAOS (strength=68) | SUGGESTED ENGINE: Hibernate
2026-08-12 20:03:27,459 TIE_Production REGIME GATE: CHAOS — skip scan (unsafe market)
2026-08-12 20:03:38,685 TIE_Production --- Scanning XAUUSD ---
2026-08-12 20:03:39,766 TIE_Production MARKET REGIME: CHAOS (strength=68) | SUGGESTED ENGINE: Hibernate
2026-08-12 20:03:39,766 TIE_Production REGIME GATE: CHAOS — skip scan (unsafe market)
2026-08-12 20:03:50,632 TIE_Production --- Scanning XAUUSD ---
2026-08-12 20:03:51,579 TIE_Production MARKET REGIME: CHAOS (strength=68) | SUGGESTED ENGINE: Hibernate
2026-08-12 20:03:51,579 TIE_Production REGIME GATE: CHAOS — skip scan (unsafe market)
2026-08-12 20:04:02,502 TIE_Production --- Scanning XAUUSD ---
2026-08-12 20:04:03,725 TIE_Production MARKET REGIME: CHAOS (strength=68) | SUGGESTED ENGINE: Hibernate
2026-08-12 20:04:03,725 TIE_Production REGIME GATE: CHAOS — skip scan (unsafe market)
2026-08-12 20:04:14,760 TIE_Production --- Scanning XAUUSD ---
2026-08-12 20:04:16,726 TIE_Production MARKET REGIME: CHAOS (strength=68) | SUGGESTED ENGINE: Hibernate
2026-08-12 20:04:16,726 TIE_Production REGIME GATE: CHAOS — skip scan (unsafe market)
2026-08-12 20:04:27,691 TIE_Production --- Scanning XAUUSD ---
2026-08-12 20:04:28,544 TIE_Production MARKET REGIME: CHAOS (strength=68) | SUGGESTED ENGINE: Hibernate
2026-08-12 20:04:28,544 TIE_Production REGIME GATE: CHAOS — skip scan (unsafe market)
2026-08-12 20:04:39,408 TIE_Production --- Scanning XAUUSD ---
2026-08-12 20:04:40,337 TIE_Production MARKET REGIME: CHAOS (strength=68) | SUGGESTED ENGINE: Hibernate
2026-08-12 20:04:40,337 TIE_Production REGIME GATE: CHAOS — skip scan (unsafe market)
2026-08-12 20:04:51,245 TIE_Production --- Scanning XAUUSD ---
2026-08-12 20:04:52,165 TIE_Production MARKET REGIME: CHAOS (strength=68) | SUGGESTED ENGINE: Hibernate
2026-08-12 20:04:52,165 TIE_Production REGIME GATE: CHAOS — skip scan (unsafe market)
2026-08-12 20:05:03,082 TIE_Production --- Scanning XAUUSD ---
2026-08-12 20:05:04,271 TIE_Production MARKET REGIME: CHAOS (strength=67) | SUGGESTED ENGINE: Hibernate
2026-08-12 20:05:04,271 TIE_Production REGIME GATE: CHAOS — skip scan (unsafe market)
2026-08-12 20:05:15,068 TIE_Production --- Scanning XAUUSD ---
2026-08-12 20:05:19,805 TIE_Production MARKET REGIME: CHAOS (strength=68) | SUGGESTED ENGINE: Hibernate
2026-08-12 20:05:19,805 TIE_Production REGIME GATE: CHAOS — skip scan (unsafe market)
2026-08-12 20:05:30,674 TIE_Production --- Scanning XAUUSD ---
2026-08-12 20:05:31,659 TIE_Production MARKET REGIME: CHAOS (strength=68) | SUGGESTED ENGINE: Hibernate
2026-08-12 20:05:31,659 TIE_Production REGIME GATE: CHAOS — skip scan (unsafe market)
2026-08-12 20:05:42,449 TIE_Production --- Scanning XAUUSD ---
2026-08-12 20:05:43,330 TIE_Production MARKET REGIME: CHAOS (strength=68) | SUGGESTED ENGINE: Hibernate
2026-08-12 20:05:43,331 TIE_Production REGIME GATE: CHAOS — skip scan (unsafe market)
2026-08-12 20:05:54,157 TIE_Production --- Scanning XAUUSD ---
2026-08-12 20:05:55,089 TIE_Production MARKET REGIME: CHAOS (strength=68) | SUGGESTED ENGINE: Hibernate
2026-08-12 20:05:55,089 TIE_Production REGIME GATE: CHAOS — skip scan (unsafe market)
2026-08-12 20:06:06,127 TIE_Production --- Scanning XAUUSD ---
2026-08-12 20:06:07,145 TIE_Production MARKET REGIME: CHAOS (strength=68) | SUGGESTED ENGINE: Hibernate
2026-08-12 20:06:07,145 TIE_Production REGIME GATE: CHAOS — skip scan (unsafe market)
2026-08-12 20:06:17,971 TIE_Production --- Scanning XAUUSD ---
2026-08-12 20:06:19,160 TIE_Production MARKET REGIME: CHAOS (strength=68) | SUGGESTED ENGINE: Hibernate
2026-08-12 20:06:19,161 TIE_Production REGIME GATE: CHAOS — skip scan (unsafe market)
2026-08-12 20:06:30,047 TIE_Production --- Scanning XAUUSD ---
2026-08-12 20:06:31,122 TIE_Production MARKET REGIME: CHAOS (strength=68) | SUGGESTED ENGINE: Hibernate
2026-08-12 20:06:31,123 TIE_Production REGIME GATE: CHAOS — skip scan (unsafe market)
2026-08-12 20:06:41,963 TIE_Production --- Scanning XAUUSD ---
2026-08-12 20:06:43,022 TIE_Production MARKET REGIME: CHAOS (strength=68) | SUGGESTED ENGINE: Hibernate
2026-08-12 20:06:43,022 TIE_Production REGIME GATE: CHAOS — skip scan (unsafe market)
2026-08-12 20:06:53,872 TIE_Production --- Scanning XAUUSD ---
2026-08-12 20:06:54,795 TIE_Production MARKET REGIME: CHAOS (strength=68) | SUGGESTED ENGINE: Hibernate
2026-08-12 20:06:54,795 TIE_Production REGIME GATE: CHAOS — skip scan (unsafe market)
2026-08-12 20:07:05,593 TIE_Production --- Scanning XAUUSD ---
2026-08-12 20:07:06,462 TIE_Production MARKET REGIME: CHAOS (strength=68) | SUGGESTED ENGINE: Hibernate
2026-08-12 20:07:06,462 TIE_Production REGIME GATE: CHAOS — skip scan (unsafe market)
2026-08-12 20:07:17,212 TIE_Production --- Scanning XAUUSD ---
2026-08-12 20:07:18,172 TIE_Production MARKET REGIME: CHAOS (strength=68) | SUGGESTED ENGINE: Hibernate
2026-08-12 20:07:18,172 TIE_Production REGIME GATE: CHAOS — skip scan (unsafe market)
2026-08-12 20:07:29,011 TIE_Production --- Scanning XAUUSD ---
2026-08-12 20:07:29,873 TIE_Production MARKET REGIME: CHAOS (strength=68) | SUGGESTED ENGINE: Hibernate
2026-08-12 20:07:29,873 TIE_Production REGIME GATE: CHAOS — skip scan (unsafe market)
2026-08-12 20:07:40,677 TIE_Production --- Scanning XAUUSD ---
2026-08-12 20:07:41,595 TIE_Production MARKET REGIME: CHAOS (strength=68) | SUGGESTED ENGINE: Hibernate
2026-08-12 20:07:41,595 TIE_Production REGIME GATE: CHAOS — skip scan (unsafe market)
2026-08-12 20:07:52,404 TIE_Production --- Scanning XAUUSD ---
2026-08-12 20:07:53,406 TIE_Production MARKET REGIME: CHAOS (strength=68) | SUGGESTED ENGINE: Hibernate
2026-08-12 20:07:53,406 TIE_Production REGIME GATE: CHAOS — skip scan (unsafe market)
2026-08-12 20:08:04,201 TIE_Production --- Scanning XAUUSD ---
2026-08-12 20:08:05,196 TIE_Production MARKET REGIME: CHAOS (strength=68) | SUGGESTED ENGINE: Hibernate
2026-08-12 20:08:05,197 TIE_Production REGIME GATE: CHAOS — skip scan (unsafe market)
2026-08-12 20:08:15,985 TIE_Production --- Scanning XAUUSD ---
2026-08-12 20:08:16,982 TIE_Production MARKET REGIME: CHAOS (strength=68) | SUGGESTED ENGINE: Hibernate
2026-08-12 20:08:16,983 TIE_Production REGIME GATE: CHAOS — skip scan (unsafe market)
2026-08-12 20:08:27,751 TIE_Production --- Scanning XAUUSD ---
2026-08-12 20:08:28,874 TIE_Production MARKET REGIME: CHAOS (strength=68) | SUGGESTED ENGINE: Hibernate
2026-08-12 20:08:28,875 TIE_Production REGIME GATE: CHAOS — skip scan (unsafe market)
2026-08-12 20:08:39,659 TIE_Production --- Scanning XAUUSD ---
2026-08-12 20:08:40,565 TIE_Production MARKET REGIME: CHAOS (strength=68) | SUGGESTED ENGINE: Hibernate
2026-08-12 20:08:40,565 TIE_Production REGIME GATE: CHAOS — skip scan (unsafe market)
2026-08-12 20:08:51,446 TIE_Production --- Scanning XAUUSD ---
2026-08-12 20:08:52,542 TIE_Production MARKET REGIME: CHAOS (strength=68) | SUGGESTED ENGINE: Hibernate
2026-08-12 20:08:52,542 TIE_Production REGIME GATE: CHAOS — skip scan (unsafe market)
2026-08-12 20:09:03,377 TIE_Production --- Scanning XAUUSD ---
2026-08-12 20:09:04,435 TIE_Production MARKET REGIME: CHAOS (strength=68) | SUGGESTED ENGINE: Hibernate
2026-08-12 20:09:04,435 TIE_Production REGIME GATE: CHAOS — skip scan (unsafe market)
2026-08-12 20:09:15,426 TIE_Production --- Scanning XAUUSD ---
2026-08-12 20:09:16,574 TIE_Production MARKET REGIME: CHAOS (strength=68) | SUGGESTED ENGINE: Hibernate
2026-08-12 20:09:16,574 TIE_Production REGIME GATE: CHAOS — skip scan (unsafe market)
2026-08-12 20:09:27,429 TIE_Production --- Scanning XAUUSD ---
2026-08-12 20:09:28,262 TIE_Production MARKET REGIME: CHAOS (strength=68) | SUGGESTED ENGINE: Hibernate
2026-08-12 20:09:28,262 TIE_Production REGIME GATE: CHAOS — skip scan (unsafe market)
2026-08-12 20:09:39,099 TIE_Production --- Scanning XAUUSD ---
2026-08-12 20:09:40,052 TIE_Production MARKET REGIME: CHAOS (strength=68) | SUGGESTED ENGINE: Hibernate
2026-08-12 20:09:40,052 TIE_Production REGIME GATE: CHAOS — skip scan (unsafe market)
2026-08-12 20:09:50,898 TIE_Production --- Scanning XAUUSD ---
2026-08-12 20:09:51,831 TIE_Production MARKET REGIME: CHAOS (strength=68) | SUGGESTED ENGINE: Hibernate
2026-08-12 20:09:51,832 TIE_Production REGIME GATE: CHAOS — skip scan (unsafe market)
2026-08-12 20:10:02,629 TIE_Production --- Scanning XAUUSD ---
2026-08-12 20:10:03,618 TIE_Production MARKET REGIME: CHAOS (strength=68) | SUGGESTED ENGINE: Hibernate
2026-08-12 20:10:03,618 TIE_Production REGIME GATE: CHAOS — skip scan (unsafe market)
2026-08-12 20:10:16,915 TIE_Production --- Scanning XAUUSD ---
2026-08-12 20:10:18,736 TIE_Production MARKET REGIME: CHAOS (strength=68) | SUGGESTED ENGINE: Hibernate
2026-08-12 20:10:18,737 TIE_Production REGIME GATE: CHAOS — skip scan (unsafe market)
2026-08-12 20:10:29,830 httpx HTTP Request: GET https://nfs.faireconomy.media/ff_calendar_thisweek.json "HTTP/1.1 200 OK"
2026-08-12 20:10:29,996 TIE_Production --- Scanning XAUUSD ---
2026-08-12 20:10:31,063 TIE_Production MARKET REGIME: CHAOS (strength=68) | SUGGESTED ENGINE: Hibernate
2026-08-12 20:10:31,064 TIE_Production REGIME GATE: CHAOS — skip scan (unsafe market)
2026-08-12 20:10:41,978 TIE_Production --- Scanning XAUUSD ---
2026-08-12 20:10:43,007 TIE_Production MARKET REGIME: CHAOS (strength=68) | SUGGESTED ENGINE: Hibernate
2026-08-12 20:10:43,007 TIE_Production REGIME GATE: CHAOS — skip scan (unsafe market)
2026-08-12 20:10:53,766 TIE_Production --- Scanning XAUUSD ---
2026-08-12 20:10:54,777 TIE_Production MARKET REGIME: CHAOS (strength=68) | SUGGESTED ENGINE: Hibernate
2026-08-12 20:10:54,777 TIE_Production REGIME GATE: CHAOS — skip scan (unsafe market)
2026-08-12 20:11:05,616 TIE_Production --- Scanning XAUUSD ---
2026-08-12 20:11:06,604 TIE_Production MARKET REGIME: CHAOS (strength=68) | SUGGESTED ENGINE: Hibernate
2026-08-12 20:11:06,605 TIE_Production REGIME GATE: CHAOS — skip scan (unsafe market)
2026-08-12 20:11:17,632 TIE_Production --- Scanning XAUUSD ---
2026-08-12 20:11:20,079 TIE_Production MARKET REGIME: CHAOS (strength=68) | SUGGESTED ENGINE: Hibernate
2026-08-12 20:11:20,079 TIE_Production REGIME GATE: CHAOS — skip scan (unsafe market)
2026-08-12 20:11:30,969 TIE_Production --- Scanning XAUUSD ---
2026-08-12 20:11:31,934 TIE_Production MARKET REGIME: CHAOS (strength=68) | SUGGESTED ENGINE: Hibernate
2026-08-12 20:11:31,935 TIE_Production REGIME GATE: CHAOS — skip scan (unsafe market)
2026-08-12 20:11:42,771 TIE_Production --- Scanning XAUUSD ---
2026-08-12 20:11:44,036 TIE_Production MARKET REGIME: CHAOS (strength=68) | SUGGESTED ENGINE: Hibernate
2026-08-12 20:11:44,036 TIE_Production REGIME GATE: CHAOS — skip scan (unsafe market)
2026-08-12 20:11:54,906 TIE_Production --- Scanning XAUUSD ---
2026-08-12 20:11:55,906 TIE_Production MARKET REGIME: CHAOS (strength=68) | SUGGESTED ENGINE: Hibernate
2026-08-12 20:11:55,906 TIE_Production REGIME GATE: CHAOS — skip scan (unsafe market)
2026-08-12 20:12:06,691 TIE_Production --- Scanning XAUUSD ---
2026-08-12 20:12:07,577 TIE_Production MARKET REGIME: CHAOS (strength=68) | SUGGESTED ENGINE: Hibernate
2026-08-12 20:12:07,578 TIE_Production REGIME GATE: CHAOS — skip scan (unsafe market)
2026-08-12 20:12:18,815 TIE_Production --- Scanning XAUUSD ---
2026-08-12 20:12:20,682 TIE_Production MARKET REGIME: CHAOS (strength=68) | SUGGESTED ENGINE: Hibernate
2026-08-12 20:12:20,685 TIE_Production REGIME GATE: CHAOS — skip scan (unsafe market)
2026-08-12 20:12:31,618 TIE_Production --- Scanning XAUUSD ---
2026-08-12 20:12:32,504 TIE_Production MARKET REGIME: CHAOS (strength=68) | SUGGESTED ENGINE: Hibernate
2026-08-12 20:12:32,504 TIE_Production REGIME GATE: CHAOS — skip scan (unsafe market)
2026-08-12 20:12:43,252 TIE_Production --- Scanning XAUUSD ---
2026-08-12 20:12:44,307 TIE_Production MARKET REGIME: CHAOS (strength=68) | SUGGESTED ENGINE: Hibernate
2026-08-12 20:12:44,308 TIE_Production REGIME GATE: CHAOS — skip scan (unsafe market)
2026-08-12 20:12:55,186 TIE_Production --- Scanning XAUUSD ---
2026-08-12 20:12:56,062 TIE_Production MARKET REGIME: CHAOS (strength=68) | SUGGESTED ENGINE: Hibernate
2026-08-12 20:12:56,062 TIE_Production REGIME GATE: CHAOS — skip scan (unsafe market)
2026-08-12 20:13:06,857 TIE_Production --- Scanning XAUUSD ---
2026-08-12 20:13:07,840 TIE_Production MARKET REGIME: CHAOS (strength=68) | SUGGESTED ENGINE: Hibernate
2026-08-12 20:13:07,841 TIE_Production REGIME GATE: CHAOS — skip scan (unsafe market)
2026-08-12 20:13:19,024 TIE_Production --- Scanning XAUUSD ---
2026-08-12 20:13:20,892 TIE_Production MARKET REGIME: CHAOS (strength=69) | SUGGESTED ENGINE: Hibernate
2026-08-12 20:13:20,892 TIE_Production REGIME GATE: CHAOS — skip scan (unsafe market)
2026-08-12 20:13:31,681 TIE_Production --- Scanning XAUUSD ---
2026-08-12 20:13:32,590 TIE_Production MARKET REGIME: CHAOS (strength=69) | SUGGESTED ENGINE: Hibernate
2026-08-12 20:13:32,590 TIE_Production REGIME GATE: CHAOS — skip scan (unsafe market)
2026-08-12 20:13:43,321 TIE_Production --- Scanning XAUUSD ---
2026-08-12 20:13:44,258 TIE_Production MARKET REGIME: CHAOS (strength=69) | SUGGESTED ENGINE: Hibernate
2026-08-12 20:13:44,258 TIE_Production REGIME GATE: CHAOS — skip scan (unsafe market)
2026-08-12 20:13:55,229 TIE_Production --- Scanning XAUUSD ---
2026-08-12 20:13:56,099 TIE_Production MARKET REGIME: CHAOS (strength=69) | SUGGESTED ENGINE: Hibernate
2026-08-12 20:13:56,099 TIE_Production REGIME GATE: CHAOS — skip scan (unsafe market)
2026-08-12 20:14:06,877 TIE_Production --- Scanning XAUUSD ---
2026-08-12 20:14:07,882 TIE_Production MARKET REGIME: CHAOS (strength=69) | SUGGESTED ENGINE: Hibernate
2026-08-12 20:14:07,883 TIE_Production REGIME GATE: CHAOS — skip scan (unsafe market)
2026-08-12 20:14:18,642 TIE_Production --- Scanning XAUUSD ---
2026-08-12 20:14:19,510 TIE_Production MARKET REGIME: CHAOS (strength=69) | SUGGESTED ENGINE: Hibernate
2026-08-12 20:14:19,510 TIE_Production REGIME GATE: CHAOS — skip scan (unsafe market)
2026-08-12 20:14:30,231 TIE_Production --- Scanning XAUUSD ---
2026-08-12 20:14:31,315 TIE_Production MARKET REGIME: CHAOS (strength=69) | SUGGESTED ENGINE: Hibernate
2026-08-12 20:14:31,315 TIE_Production REGIME GATE: CHAOS — skip scan (unsafe market)
2026-08-12 20:14:42,101 TIE_Production --- Scanning XAUUSD ---
2026-08-12 20:14:43,018 TIE_Production MARKET REGIME: CHAOS (strength=69) | SUGGESTED ENGINE: Hibernate
2026-08-12 20:14:43,018 TIE_Production REGIME GATE: CHAOS — skip scan (unsafe market)
2026-08-12 20:14:53,898 TIE_Production --- Scanning XAUUSD ---
2026-08-12 20:14:56,206 TIE_Production MARKET REGIME: CHAOS (strength=69) | SUGGESTED ENGINE: Hibernate
2026-08-12 20:14:56,206 TIE_Production REGIME GATE: CHAOS — skip scan (unsafe market)
2026-08-12 20:15:07,105 TIE_Production --- Scanning XAUUSD ---
2026-08-12 20:15:08,064 TIE_Production MARKET REGIME: CHAOS (strength=69) | SUGGESTED ENGINE: Hibernate
2026-08-12 20:15:08,064 TIE_Production REGIME GATE: CHAOS — skip scan (unsafe market)
2026-08-12 20:15:19,115 TIE_Production --- Scanning XAUUSD ---
2026-08-12 20:15:21,303 TIE_Production MARKET REGIME: CHAOS (strength=69) | SUGGESTED ENGINE: Hibernate
2026-08-12 20:15:21,303 TIE_Production REGIME GATE: CHAOS — skip scan (unsafe market)
2026-08-12 20:15:32,069 TIE_Production --- Scanning XAUUSD ---
2026-08-12 20:15:32,919 TIE_Production MARKET REGIME: CHAOS (strength=69) | SUGGESTED ENGINE: Hibernate
2026-08-12 20:15:32,919 TIE_Production REGIME GATE: CHAOS — skip scan (unsafe market)
2026-08-12 20:15:43,727 TIE_Production --- Scanning XAUUSD ---
2026-08-12 20:15:44,766 TIE_Production MARKET REGIME: CHAOS (strength=69) | SUGGESTED ENGINE: Hibernate
2026-08-12 20:15:44,766 TIE_Production REGIME GATE: CHAOS — skip scan (unsafe market)
2026-08-12 20:15:55,551 TIE_Production --- Scanning XAUUSD ---
2026-08-12 20:15:56,664 TIE_Production MARKET REGIME: CHAOS (strength=69) | SUGGESTED ENGINE: Hibernate
2026-08-12 20:15:56,664 TIE_Production REGIME GATE: CHAOS — skip scan (unsafe market)
2026-08-12 20:16:07,452 TIE_Production --- Scanning XAUUSD ---
2026-08-12 20:16:09,013 TIE_Production MARKET REGIME: CHAOS (strength=69) | SUGGESTED ENGINE: Hibernate
2026-08-12 20:16:09,013 TIE_Production REGIME GATE: CHAOS — skip scan (unsafe market)
2026-08-12 20:16:20,012 TIE_Production --- Scanning XAUUSD ---
2026-08-12 20:16:21,986 TIE_Production MARKET REGIME: CHAOS (strength=69) | SUGGESTED ENGINE: Hibernate
2026-08-12 20:16:21,987 TIE_Production REGIME GATE: CHAOS — skip scan (unsafe market)
2026-08-12 20:16:32,789 TIE_Production --- Scanning XAUUSD ---
2026-08-12 20:16:33,786 TIE_Production MARKET REGIME: CHAOS (strength=69) | SUGGESTED ENGINE: Hibernate
2026-08-12 20:16:33,786 TIE_Production REGIME GATE: CHAOS — skip scan (unsafe market)
2026-08-12 20:16:44,678 TIE_Production --- Scanning XAUUSD ---
2026-08-12 20:16:45,685 TIE_Production MARKET REGIME: CHAOS (strength=69) | SUGGESTED ENGINE: Hibernate
2026-08-12 20:16:45,685 TIE_Production REGIME GATE: CHAOS — skip scan (unsafe market)
2026-08-12 20:16:56,484 TIE_Production --- Scanning XAUUSD ---
2026-08-12 20:16:57,362 TIE_Production MARKET REGIME: CHAOS (strength=69) | SUGGESTED ENGINE: Hibernate
2026-08-12 20:16:57,362 TIE_Production REGIME GATE: CHAOS — skip scan (unsafe market)
2026-08-12 20:17:08,188 TIE_Production --- Scanning XAUUSD ---
2026-08-12 20:17:09,150 TIE_Production MARKET REGIME: CHAOS (strength=69) | SUGGESTED ENGINE: Hibernate
2026-08-12 20:17:09,150 TIE_Production REGIME GATE: CHAOS — skip scan (unsafe market)
2026-08-12 20:17:20,205 TIE_Production --- Scanning XAUUSD ---
2026-08-12 20:17:22,217 TIE_Production MARKET REGIME: CHAOS (strength=69) | SUGGESTED ENGINE: Hibernate
2026-08-12 20:17:22,217 TIE_Production REGIME GATE: CHAOS — skip scan (unsafe market)
2026-08-12 20:17:33,018 TIE_Production --- Scanning XAUUSD ---
2026-08-12 20:17:33,916 TIE_Production MARKET REGIME: CHAOS (strength=70) | SUGGESTED ENGINE: Hibernate
2026-08-12 20:17:33,916 TIE_Production REGIME GATE: CHAOS — skip scan (unsafe market)
2026-08-12 20:17:44,683 TIE_Production --- Scanning XAUUSD ---
2026-08-12 20:17:45,652 TIE_Production MARKET REGIME: CHAOS (strength=70) | SUGGESTED ENGINE: Hibernate
2026-08-12 20:17:45,652 TIE_Production REGIME GATE: CHAOS — skip scan (unsafe market)
2026-08-12 20:17:56,507 TIE_Production --- Scanning XAUUSD ---
2026-08-12 20:17:57,534 TIE_Production MARKET REGIME: CHAOS (strength=70) | SUGGESTED ENGINE: Hibernate
2026-08-12 20:17:57,534 TIE_Production REGIME GATE: CHAOS — skip scan (unsafe market)
2026-08-12 20:18:12,544 TIE_Production --- Scanning XAUUSD ---
2026-08-12 20:18:13,384 TIE_Production MARKET REGIME: CHAOS (strength=70) | SUGGESTED ENGINE: Hibernate
2026-08-12 20:18:13,384 TIE_Production REGIME GATE: CHAOS — skip scan (unsafe market)
2026-08-12 20:18:24,293 TIE_Production --- Scanning XAUUSD ---
2026-08-12 20:18:25,144 TIE_Production MARKET REGIME: CHAOS (strength=70) | SUGGESTED ENGINE: Hibernate
2026-08-12 20:18:25,144 TIE_Production REGIME GATE: CHAOS — skip scan (unsafe market)
2026-08-12 20:18:35,955 TIE_Production --- Scanning XAUUSD ---
2026-08-12 20:18:36,806 TIE_Production MARKET REGIME: CHAOS (strength=70) | SUGGESTED ENGINE: Hibernate
2026-08-12 20:18:36,806 TIE_Production REGIME GATE: CHAOS — skip scan (unsafe market)
2026-08-12 20:18:47,574 TIE_Production --- Scanning XAUUSD ---
2026-08-12 20:18:48,566 TIE_Production MARKET REGIME: CHAOS (strength=70) | SUGGESTED ENGINE: Hibernate
2026-08-12 20:18:48,567 TIE_Production REGIME GATE: CHAOS — skip scan (unsafe market)
2026-08-12 20:18:59,442 TIE_Production --- Scanning XAUUSD ---
2026-08-12 20:19:00,346 TIE_Production MARKET REGIME: CHAOS (strength=70) | SUGGESTED ENGINE: Hibernate
2026-08-12 20:19:00,346 TIE_Production REGIME GATE: CHAOS — skip scan (unsafe market)
2026-08-12 20:19:11,160 TIE_Production --- Scanning XAUUSD ---
2026-08-12 20:19:12,251 TIE_Production MARKET REGIME: CHAOS (strength=70) | SUGGESTED ENGINE: Hibernate
2026-08-12 20:19:12,251 TIE_Production REGIME GATE: CHAOS — skip scan (unsafe market)
2026-08-12 20:19:23,139 TIE_Production --- Scanning XAUUSD ---
2026-08-12 20:19:30,494 TIE_Production MARKET REGIME: CHAOS (strength=70) | SUGGESTED ENGINE: Hibernate
2026-08-12 20:19:30,494 TIE_Production REGIME GATE: CHAOS — skip scan (unsafe market)
2026-08-12 20:19:41,339 TIE_Production --- Scanning XAUUSD ---
2026-08-12 20:19:43,316 TIE_Production MARKET REGIME: CHAOS (strength=70) | SUGGESTED ENGINE: Hibernate
2026-08-12 20:19:43,316 TIE_Production REGIME GATE: CHAOS — skip scan (unsafe market)
2026-08-12 20:19:54,078 TIE_Production --- Scanning XAUUSD ---
2026-08-12 20:19:54,893 TIE_Production MARKET REGIME: CHAOS (strength=70) | SUGGESTED ENGINE: Hibernate
2026-08-12 20:19:54,893 TIE_Production REGIME GATE: CHAOS — skip scan (unsafe market)
2026-08-12 20:20:05,712 TIE_Production --- Scanning XAUUSD ---
2026-08-12 20:20:06,587 TIE_Production MARKET REGIME: CHAOS (strength=70) | SUGGESTED ENGINE: Hibernate
2026-08-12 20:20:06,587 TIE_Production REGIME GATE: CHAOS — skip scan (unsafe market)
2026-08-12 20:20:17,437 TIE_Production --- Scanning XAUUSD ---
2026-08-12 20:20:18,567 TIE_Production MARKET REGIME: CHAOS (strength=70) | SUGGESTED ENGINE: Hibernate
2026-08-12 20:20:18,567 TIE_Production REGIME GATE: CHAOS — skip scan (unsafe market)
2026-08-12 20:20:29,386 TIE_Production --- Scanning XAUUSD ---
2026-08-12 20:20:30,328 TIE_Production MARKET REGIME: CHAOS (strength=70) | SUGGESTED ENGINE: Hibernate
2026-08-12 20:20:30,328 TIE_Production REGIME GATE: CHAOS — skip scan (unsafe market)
2026-08-12 20:20:41,193 TIE_Production --- Scanning XAUUSD ---
2026-08-12 20:20:42,194 TIE_Production MARKET REGIME: CHAOS (strength=70) | SUGGESTED ENGINE: Hibernate
2026-08-12 20:20:42,194 TIE_Production REGIME GATE: CHAOS — skip scan (unsafe market)
2026-08-12 20:20:53,008 TIE_Production --- Scanning XAUUSD ---
2026-08-12 20:20:54,134 TIE_Production MARKET REGIME: CHAOS (strength=70) | SUGGESTED ENGINE: Hibernate
2026-08-12 20:20:54,134 TIE_Production REGIME GATE: CHAOS — skip scan (unsafe market)
2026-08-12 20:21:05,058 TIE_Production --- Scanning XAUUSD ---
2026-08-12 20:21:06,047 TIE_Production MARKET REGIME: CHAOS (strength=70) | SUGGESTED ENGINE: Hibernate
2026-08-12 20:21:06,047 TIE_Production REGIME GATE: CHAOS — skip scan (unsafe market)
2026-08-12 20:21:16,880 TIE_Production --- Scanning XAUUSD ---
2026-08-12 20:21:17,846 TIE_Production MARKET REGIME: CHAOS (strength=70) | SUGGESTED ENGINE: Hibernate
2026-08-12 20:21:17,846 TIE_Production REGIME GATE: CHAOS — skip scan (unsafe market)
2026-08-12 20:21:28,753 TIE_Production --- Scanning XAUUSD ---
2026-08-12 20:21:29,765 TIE_Production MARKET REGIME: CHAOS (strength=70) | SUGGESTED ENGINE: Hibernate
2026-08-12 20:21:29,766 TIE_Production REGIME GATE: CHAOS — skip scan (unsafe market)
2026-08-12 20:21:40,522 TIE_Production --- Scanning XAUUSD ---
2026-08-12 20:21:41,362 TIE_Production MARKET REGIME: CHAOS (strength=70) | SUGGESTED ENGINE: Hibernate
2026-08-12 20:21:41,362 TIE_Production REGIME GATE: CHAOS — skip scan (unsafe market)
2026-08-12 20:21:52,121 TIE_Production --- Scanning XAUUSD ---
2026-08-12 20:21:52,988 TIE_Production MARKET REGIME: CHAOS (strength=70) | SUGGESTED ENGINE: Hibernate
2026-08-12 20:21:52,988 TIE_Production REGIME GATE: CHAOS — skip scan (unsafe market)
2026-08-12 20:22:03,814 TIE_Production --- Scanning XAUUSD ---
2026-08-12 20:22:04,649 TIE_Production MARKET REGIME: CHAOS (strength=71) | SUGGESTED ENGINE: Hibernate
2026-08-12 20:22:04,649 TIE_Production REGIME GATE: CHAOS — skip scan (unsafe market)
2026-08-12 20:22:15,390 TIE_Production --- Scanning XAUUSD ---
2026-08-12 20:22:16,521 TIE_Production MARKET REGIME: CHAOS (strength=71) | SUGGESTED ENGINE: Hibernate
2026-08-12 20:22:16,522 TIE_Production REGIME GATE: CHAOS — skip scan (unsafe market)
2026-08-12 20:22:27,312 TIE_Production --- Scanning XAUUSD ---
2026-08-12 20:22:28,261 TIE_Production MARKET REGIME: CHAOS (strength=71) | SUGGESTED ENGINE: Hibernate
2026-08-12 20:22:28,261 TIE_Production REGIME GATE: CHAOS — skip scan (unsafe market)
2026-08-12 20:22:39,134 TIE_Production --- Scanning XAUUSD ---
2026-08-12 20:22:40,152 TIE_Production MARKET REGIME: CHAOS (strength=71) | SUGGESTED ENGINE: Hibernate
2026-08-12 20:22:40,153 TIE_Production REGIME GATE: CHAOS — skip scan (unsafe market)
2026-08-12 20:22:51,060 TIE_Production --- Scanning XAUUSD ---
2026-08-12 20:22:51,891 TIE_Production MARKET REGIME: CHAOS (strength=71) | SUGGESTED ENGINE: Hibernate
2026-08-12 20:22:51,891 TIE_Production REGIME GATE: CHAOS — skip scan (unsafe market)
2026-08-12 20:23:02,776 TIE_Production --- Scanning XAUUSD ---
2026-08-12 20:23:03,819 TIE_Production MARKET REGIME: CHAOS (strength=71) | SUGGESTED ENGINE: Hibernate
2026-08-12 20:23:03,819 TIE_Production REGIME GATE: CHAOS — skip scan (unsafe market)
2026-08-12 20:23:14,682 TIE_Production --- Scanning XAUUSD ---
2026-08-12 20:23:15,516 TIE_Production MARKET REGIME: CHAOS (strength=71) | SUGGESTED ENGINE: Hibernate
2026-08-12 20:23:15,516 TIE_Production REGIME GATE: CHAOS — skip scan (unsafe market)
2026-08-12 20:23:26,297 TIE_Production --- Scanning XAUUSD ---
2026-08-12 20:23:27,242 TIE_Production MARKET REGIME: CHAOS (strength=71) | SUGGESTED ENGINE: Hibernate
2026-08-12 20:23:27,242 TIE_Production REGIME GATE: CHAOS — skip scan (unsafe market)
2026-08-12 20:23:37,974 TIE_Production --- Scanning XAUUSD ---
2026-08-12 20:23:38,964 TIE_Production MARKET REGIME: CHAOS (strength=71) | SUGGESTED ENGINE: Hibernate
2026-08-12 20:23:38,964 TIE_Production REGIME GATE: CHAOS — skip scan (unsafe market)
2026-08-12 20:23:49,949 TIE_Production --- Scanning XAUUSD ---
2026-08-12 20:23:50,949 TIE_Production MARKET REGIME: CHAOS (strength=71) | SUGGESTED ENGINE: Hibernate
2026-08-12 20:23:50,949 TIE_Production REGIME GATE: CHAOS — skip scan (unsafe market)
2026-08-12 20:24:01,758 TIE_Production --- Scanning XAUUSD ---
2026-08-12 20:24:02,685 TIE_Production MARKET REGIME: CHAOS (strength=71) | SUGGESTED ENGINE: Hibernate
2026-08-12 20:24:02,685 TIE_Production REGIME GATE: CHAOS — skip scan (unsafe market)
2026-08-12 20:24:13,551 TIE_Production --- Scanning XAUUSD ---
2026-08-12 20:24:14,644 TIE_Production MARKET REGIME: CHAOS (strength=71) | SUGGESTED ENGINE: Hibernate
2026-08-12 20:24:14,644 TIE_Production REGIME GATE: CHAOS — skip scan (unsafe market)
2026-08-12 20:24:25,384 TIE_Production --- Scanning XAUUSD ---
2026-08-12 20:24:26,476 TIE_Production MARKET REGIME: CHAOS (strength=71) | SUGGESTED ENGINE: Hibernate
2026-08-12 20:24:26,476 TIE_Production REGIME GATE: CHAOS — skip scan (unsafe market)
2026-08-12 20:24:37,260 TIE_Production --- Scanning XAUUSD ---
2026-08-12 20:24:38,334 TIE_Production MARKET REGIME: CHAOS (strength=71) | SUGGESTED ENGINE: Hibernate
2026-08-12 20:24:38,334 TIE_Production REGIME GATE: CHAOS — skip scan (unsafe market)
2026-08-12 20:24:49,114 TIE_Production --- Scanning XAUUSD ---
2026-08-12 20:24:49,969 TIE_Production MARKET REGIME: CHAOS (strength=71) | SUGGESTED ENGINE: Hibernate
2026-08-12 20:24:49,969 TIE_Production REGIME GATE: CHAOS — skip scan (unsafe market)
2026-08-12 20:25:00,783 TIE_Production --- Scanning XAUUSD ---
2026-08-12 20:25:01,983 TIE_Production MARKET REGIME: CHAOS (strength=71) | SUGGESTED ENGINE: Hibernate
2026-08-12 20:25:01,983 TIE_Production REGIME GATE: CHAOS — skip scan (unsafe market)
2026-08-12 20:25:12,907 TIE_Production --- Scanning XAUUSD ---
2026-08-12 20:25:13,862 TIE_Production MARKET REGIME: CHAOS (strength=71) | SUGGESTED ENGINE: Hibernate
2026-08-12 20:25:13,863 TIE_Production REGIME GATE: CHAOS — skip scan (unsafe market)
2026-08-12 20:25:24,681 TIE_Production --- Scanning XAUUSD ---
2026-08-12 20:25:25,668 TIE_Production MARKET REGIME: CHAOS (strength=71) | SUGGESTED ENGINE: Hibernate
2026-08-12 20:25:25,668 TIE_Production REGIME GATE: CHAOS — skip scan (unsafe market)
2026-08-12 20:25:36,454 TIE_Production --- Scanning XAUUSD ---
2026-08-12 20:25:37,400 TIE_Production MARKET REGIME: CHAOS (strength=71) | SUGGESTED ENGINE: Hibernate
2026-08-12 20:25:37,401 TIE_Production REGIME GATE: CHAOS — skip scan (unsafe market)
2026-08-12 20:25:48,172 TIE_Production --- Scanning XAUUSD ---
2026-08-12 20:25:49,069 TIE_Production MARKET REGIME: CHAOS (strength=71) | SUGGESTED ENGINE: Hibernate
2026-08-12 20:25:49,069 TIE_Production REGIME GATE: CHAOS — skip scan (unsafe market)
2026-08-12 20:25:59,940 TIE_Production --- Scanning XAUUSD ---
2026-08-12 20:26:04,447 TIE_Production MARKET REGIME: CHAOS (strength=71) | SUGGESTED ENGINE: Hibernate
2026-08-12 20:26:04,447 TIE_Production REGIME GATE: CHAOS — skip scan (unsafe market)
2026-08-12 20:26:15,249 TIE_Production --- Scanning XAUUSD ---
2026-08-12 20:26:16,122 TIE_Production MARKET REGIME: CHAOS (strength=71) | SUGGESTED ENGINE: Hibernate
2026-08-12 20:26:16,122 TIE_Production REGIME GATE: CHAOS — skip scan (unsafe market)
2026-08-12 20:26:26,881 TIE_Production --- Scanning XAUUSD ---
2026-08-12 20:26:27,987 TIE_Production MARKET REGIME: CHAOS (strength=71) | SUGGESTED ENGINE: Hibernate
2026-08-12 20:26:27,987 TIE_Production REGIME GATE: CHAOS — skip scan (unsafe market)
2026-08-12 20:26:38,893 TIE_Production --- Scanning XAUUSD ---
2026-08-12 20:26:39,702 TIE_Production MARKET REGIME: CHAOS (strength=71) | SUGGESTED ENGINE: Hibernate
2026-08-12 20:26:39,702 TIE_Production REGIME GATE: CHAOS — skip scan (unsafe market)
2026-08-12 20:26:50,508 TIE_Production --- Scanning XAUUSD ---
2026-08-12 20:26:51,346 TIE_Production MARKET REGIME: CHAOS (strength=71) | SUGGESTED ENGINE: Hibernate
2026-08-12 20:26:51,346 TIE_Production REGIME GATE: CHAOS — skip scan (unsafe market)
2026-08-12 20:27:02,060 TIE_Production --- Scanning XAUUSD ---
2026-08-12 20:27:03,197 TIE_Production MARKET REGIME: CHAOS (strength=71) | SUGGESTED ENGINE: Hibernate
2026-08-12 20:27:03,197 TIE_Production REGIME GATE: CHAOS — skip scan (unsafe market)
2026-08-12 20:27:14,125 TIE_Production --- Scanning XAUUSD ---
2026-08-12 20:27:15,065 TIE_Production MARKET REGIME: CHAOS (strength=71) | SUGGESTED ENGINE: Hibernate
2026-08-12 20:27:15,065 TIE_Production REGIME GATE: CHAOS — skip scan (unsafe market)
2026-08-12 20:27:25,851 TIE_Production --- Scanning XAUUSD ---
2026-08-12 20:27:26,764 TIE_Production MARKET REGIME: CHAOS (strength=72) | SUGGESTED ENGINE: Hibernate
2026-08-12 20:27:26,764 TIE_Production REGIME GATE: CHAOS — skip scan (unsafe market)
2026-08-12 20:27:37,620 TIE_Production --- Scanning XAUUSD ---
2026-08-12 20:27:38,608 TIE_Production MARKET REGIME: CHAOS (strength=72) | SUGGESTED ENGINE: Hibernate
2026-08-12 20:27:38,608 TIE_Production REGIME GATE: CHAOS — skip scan (unsafe market)
2026-08-12 20:27:49,498 TIE_Production --- Scanning XAUUSD ---
2026-08-12 20:27:50,470 TIE_Production MARKET REGIME: CHAOS (strength=72) | SUGGESTED ENGINE: Hibernate
2026-08-12 20:27:50,470 TIE_Production REGIME GATE: CHAOS — skip scan (unsafe market)
2026-08-12 20:28:01,292 TIE_Production --- Scanning XAUUSD ---
2026-08-12 20:28:02,381 TIE_Production MARKET REGIME: CHAOS (strength=72) | SUGGESTED ENGINE: Hibernate
2026-08-12 20:28:02,381 TIE_Production REGIME GATE: CHAOS — skip scan (unsafe market)
2026-08-12 20:28:13,195 TIE_Production --- Scanning XAUUSD ---
2026-08-12 20:28:14,232 TIE_Production MARKET REGIME: CHAOS (strength=72) | SUGGESTED ENGINE: Hibernate
2026-08-12 20:28:14,232 TIE_Production REGIME GATE: CHAOS — skip scan (unsafe market)
2026-08-12 20:28:24,988 TIE_Production --- Scanning XAUUSD ---
2026-08-12 20:28:25,873 TIE_Production MARKET REGIME: CHAOS (strength=72) | SUGGESTED ENGINE: Hibernate
2026-08-12 20:28:25,873 TIE_Production REGIME GATE: CHAOS — skip scan (unsafe market)
2026-08-12 20:28:40,662 MT5BrokerAdapter MT5BrokerAdapter initialized OK
2026-08-12 20:28:40,671 BystraStrategy BystraStrategy loaded 5 zone blacklist entries
2026-08-12 20:28:40,671 BystraStrategy BystraStrategy initialized — 10 detectors
2026-08-12 20:28:40,671 StrategyManager Registered strategy Bystra v1.0.0
2026-08-12 20:28:40,671 strategies.aggressive.strategy RiriMicroScalpEngine (RME) initialized — score-based pipeline
2026-08-12 20:28:40,671 StrategyManager Registered strategy Aggressive v0.1.0
2026-08-12 20:28:40,672 strategies.semi_hft.strategy SemiHFTStrategyV4 init — C8 Score Pipeline + Pullback Filter
2026-08-12 20:28:40,672 StrategyManager Registered strategy SemiHFT V4 v4.0
2026-08-12 20:28:40,675 TIE_Production TIE Production Multi-Symbol started: ['XAUUSD']. Risk Gate active. Observatory enabled. Governor enabled.
2026-08-12 20:28:40,829 TIE_Production --- Scanning XAUUSD ---
2026-08-12 20:28:41,764 regime_allocator Strategy status updated by Regime Allocator: {'aggressive_v1': True, 'semi_hft_c8_v4': True, 'bystra_v1': True}
2026-08-12 20:28:41,764 regime_allocator REGIME SWITCH: CHAOS -> CHAOS (engine=Hibernate, fast_path=True)
2026-08-12 20:28:41,764 TIE_Production MARKET REGIME: CHAOS (strength=72) | SUGGESTED ENGINE: Hibernate
2026-08-12 20:28:41,764 TIE_Production REGIME GATE: CHAOS — skip scan (unsafe market)
2026-08-12 20:28:52,594 TIE_Production --- Scanning XAUUSD ---
2026-08-12 20:28:53,555 TIE_Production MARKET REGIME: CHAOS (strength=72) | SUGGESTED ENGINE: Hibernate
2026-08-12 20:28:53,555 TIE_Production REGIME GATE: CHAOS — skip scan (unsafe market)
2026-08-12 20:29:04,357 TIE_Production --- Scanning XAUUSD ---
2026-08-12 20:29:05,462 TIE_Production MARKET REGIME: CHAOS (strength=72) | SUGGESTED ENGINE: Hibernate
2026-08-12 20:29:05,462 TIE_Production REGIME GATE: CHAOS — skip scan (unsafe market)
2026-08-12 20:29:16,239 TIE_Production --- Scanning XAUUSD ---
2026-08-12 20:29:17,258 TIE_Production MARKET REGIME: CHAOS (strength=72) | SUGGESTED ENGINE: Hibernate
2026-08-12 20:29:17,259 TIE_Production REGIME GATE: CHAOS — skip scan (unsafe market)
2026-08-12 20:29:28,022 TIE_Production --- Scanning XAUUSD ---
2026-08-12 20:29:28,905 TIE_Production MARKET REGIME: CHAOS (strength=72) | SUGGESTED ENGINE: Hibernate
2026-08-12 20:29:28,905 TIE_Production REGIME GATE: CHAOS — skip scan (unsafe market)
2026-08-12 20:29:39,784 TIE_Production --- Scanning XAUUSD ---
2026-08-12 20:29:40,721 TIE_Production MARKET REGIME: CHAOS (strength=72) | SUGGESTED ENGINE: Hibernate
2026-08-12 20:29:40,721 TIE_Production REGIME GATE: CHAOS — skip scan (unsafe market)
2026-08-12 20:29:51,618 TIE_Production --- Scanning XAUUSD ---
2026-08-12 20:29:52,486 TIE_Production MARKET REGIME: CHAOS (strength=72) | SUGGESTED ENGINE: Hibernate
2026-08-12 20:29:52,487 TIE_Production REGIME GATE: CHAOS — skip scan (unsafe market)
2026-08-12 20:30:03,546 TIE_Production --- Scanning XAUUSD ---
2026-08-12 20:30:04,706 TIE_Production MARKET REGIME: CHAOS (strength=71) | SUGGESTED ENGINE: Hibernate
2026-08-12 20:30:04,706 TIE_Production REGIME GATE: CHAOS — skip scan (unsafe market)
2026-08-12 20:30:15,745 TIE_Production --- Scanning XAUUSD ---
2026-08-12 20:30:16,590 TIE_Production MARKET REGIME: CHAOS (strength=71) | SUGGESTED ENGINE: Hibernate
2026-08-12 20:30:16,590 TIE_Production REGIME GATE: CHAOS — skip scan (unsafe market)
2026-08-12 20:30:27,620 TIE_Production --- Scanning XAUUSD ---
2026-08-12 20:30:28,630 TIE_Production MARKET REGIME: CHAOS (strength=71) | SUGGESTED ENGINE: Hibernate
2026-08-12 20:30:28,630 TIE_Production REGIME GATE: CHAOS — skip scan (unsafe market)
2026-08-12 20:30:39,551 TIE_Production --- Scanning XAUUSD ---
2026-08-12 20:30:40,625 TIE_Production MARKET REGIME: CHAOS (strength=71) | SUGGESTED ENGINE: Hibernate
2026-08-12 20:30:40,625 TIE_Production REGIME GATE: CHAOS — skip scan (unsafe market)
2026-08-12 20:30:51,525 TIE_Production --- Scanning XAUUSD ---
2026-08-12 20:30:52,468 TIE_Production MARKET REGIME: CHAOS (strength=72) | SUGGESTED ENGINE: Hibernate
2026-08-12 20:30:52,468 TIE_Production REGIME GATE: CHAOS — skip scan (unsafe market)
2026-08-12 20:31:03,603 TIE_Production --- Scanning XAUUSD ---
2026-08-12 20:31:04,623 TIE_Production MARKET REGIME: CHAOS (strength=72) | SUGGESTED ENGINE: Hibernate
2026-08-12 20:31:04,623 TIE_Production REGIME GATE: CHAOS — skip scan (unsafe market)
2026-08-12 20:31:15,466 TIE_Production --- Scanning XAUUSD ---
2026-08-12 20:31:16,388 TIE_Production MARKET REGIME: CHAOS (strength=72) | SUGGESTED ENGINE: Hibernate
2026-08-12 20:31:16,388 TIE_Production REGIME GATE: CHAOS — skip scan (unsafe market)
2026-08-12 20:31:27,221 TIE_Production --- Scanning XAUUSD ---
2026-08-12 20:31:28,134 TIE_Production MARKET REGIME: CHAOS (strength=72) | SUGGESTED ENGINE: Hibernate
2026-08-12 20:31:28,134 TIE_Production REGIME GATE: CHAOS — skip scan (unsafe market)
2026-08-12 20:31:38,928 TIE_Production --- Scanning XAUUSD ---
2026-08-12 20:31:40,008 TIE_Production MARKET REGIME: CHAOS (strength=72) | SUGGESTED ENGINE: Hibernate
2026-08-12 20:31:40,008 TIE_Production REGIME GATE: CHAOS — skip scan (unsafe market)
2026-08-12 20:31:51,108 TIE_Production --- Scanning XAUUSD ---
2026-08-12 20:31:52,085 TIE_Production MARKET REGIME: CHAOS (strength=72) | SUGGESTED ENGINE: Hibernate
2026-08-12 20:31:52,085 TIE_Production REGIME GATE: CHAOS — skip scan (unsafe market)
2026-08-12 20:32:02,838 TIE_Production --- Scanning XAUUSD ---
2026-08-12 20:32:03,846 TIE_Production MARKET REGIME: CHAOS (strength=72) | SUGGESTED ENGINE: Hibernate
2026-08-12 20:32:03,847 TIE_Production REGIME GATE: CHAOS — skip scan (unsafe market)
2026-08-12 20:32:14,849 TIE_Production --- Scanning XAUUSD ---
2026-08-12 20:32:15,912 TIE_Production MARKET REGIME: CHAOS (strength=72) | SUGGESTED ENGINE: Hibernate
2026-08-12 20:32:15,912 TIE_Production REGIME GATE: CHAOS — skip scan (unsafe market)
2026-08-12 20:32:26,865 TIE_Production --- Scanning XAUUSD ---
2026-08-12 20:32:27,919 TIE_Production MARKET REGIME: CHAOS (strength=72) | SUGGESTED ENGINE: Hibernate
2026-08-12 20:32:27,919 TIE_Production REGIME GATE: CHAOS — skip scan (unsafe market)
2026-08-12 20:32:38,803 TIE_Production --- Scanning XAUUSD ---
2026-08-12 20:32:39,768 TIE_Production MARKET REGIME: CHAOS (strength=72) | SUGGESTED ENGINE: Hibernate
2026-08-12 20:32:39,768 TIE_Production REGIME GATE: CHAOS — skip scan (unsafe market)
2026-08-12 20:32:50,628 TIE_Production --- Scanning XAUUSD ---
2026-08-12 20:32:51,622 TIE_Production MARKET REGIME: CHAOS (strength=72) | SUGGESTED ENGINE: Hibernate
2026-08-12 20:32:51,622 TIE_Production REGIME GATE: CHAOS — skip scan (unsafe market)
2026-08-12 20:33:03,189 TIE_Production --- Scanning XAUUSD ---
2026-08-12 20:33:04,112 TIE_Production MARKET REGIME: CHAOS (strength=72) | SUGGESTED ENGINE: Hibernate
2026-08-12 20:33:04,112 TIE_Production REGIME GATE: CHAOS — skip scan (unsafe market)
2026-08-12 20:33:15,094 TIE_Production --- Scanning XAUUSD ---
2026-08-12 20:33:16,183 TIE_Production MARKET REGIME: CHAOS (strength=72) | SUGGESTED ENGINE: Hibernate
2026-08-12 20:33:16,183 TIE_Production REGIME GATE: CHAOS — skip scan (unsafe market)
2026-08-12 20:33:26,991 TIE_Production --- Scanning XAUUSD ---
2026-08-12 20:33:28,123 TIE_Production MARKET REGIME: CHAOS (strength=72) | SUGGESTED ENGINE: Hibernate
2026-08-12 20:33:28,123 TIE_Production REGIME GATE: CHAOS — skip scan (unsafe market)
2026-08-12 20:33:39,194 TIE_Production --- Scanning XAUUSD ---
2026-08-12 20:33:40,422 TIE_Production MARKET REGIME: CHAOS (strength=72) | SUGGESTED ENGINE: Hibernate
2026-08-12 20:33:40,422 TIE_Production REGIME GATE: CHAOS — skip scan (unsafe market)
2026-08-12 20:33:51,273 TIE_Production --- Scanning XAUUSD ---
2026-08-12 20:33:53,384 TIE_Production MARKET REGIME: CHAOS (strength=72) | SUGGESTED ENGINE: Hibernate
2026-08-12 20:33:53,385 TIE_Production REGIME GATE: CHAOS — skip scan (unsafe market)
2026-08-12 20:34:04,256 TIE_Production --- Scanning XAUUSD ---
2026-08-12 20:34:05,380 TIE_Production MARKET REGIME: CHAOS (strength=72) | SUGGESTED ENGINE: Hibernate
2026-08-12 20:34:05,380 TIE_Production REGIME GATE: CHAOS — skip scan (unsafe market)
2026-08-12 20:34:16,373 httpx HTTP Request: GET https://nfs.faireconomy.media/ff_calendar_thisweek.json "HTTP/1.1 200 OK"
2026-08-12 20:34:16,472 TIE_Production --- Scanning XAUUSD ---
2026-08-12 20:34:17,538 TIE_Production MARKET REGIME: CHAOS (strength=72) | SUGGESTED ENGINE: Hibernate
2026-08-12 20:34:17,538 TIE_Production REGIME GATE: CHAOS — skip scan (unsafe market)
2026-08-12 20:34:28,326 TIE_Production --- Scanning XAUUSD ---
2026-08-12 20:34:29,614 TIE_Production MARKET REGIME: CHAOS (strength=72) | SUGGESTED ENGINE: Hibernate
2026-08-12 20:34:29,614 TIE_Production REGIME GATE: CHAOS — skip scan (unsafe market)
2026-08-12 20:34:41,055 TIE_Production --- Scanning XAUUSD ---
2026-08-12 20:34:42,112 TIE_Production MARKET REGIME: CHAOS (strength=72) | SUGGESTED ENGINE: Hibernate
2026-08-12 20:34:42,113 TIE_Production REGIME GATE: CHAOS — skip scan (unsafe market)
2026-08-12 20:34:52,988 TIE_Production --- Scanning XAUUSD ---
2026-08-12 20:35:01,663 TIE_Production MARKET REGIME: CHAOS (strength=72) | SUGGESTED ENGINE: Hibernate
2026-08-12 20:35:01,663 TIE_Production REGIME GATE: CHAOS — skip scan (unsafe market)
2026-08-12 20:35:12,581 TIE_Production --- Scanning XAUUSD ---
2026-08-12 20:35:13,603 TIE_Production MARKET REGIME: CHAOS (strength=69) | SUGGESTED ENGINE: Hibernate
2026-08-12 20:35:13,603 TIE_Production REGIME GATE: CHAOS — skip scan (unsafe market)
2026-08-12 20:35:24,523 TIE_Production --- Scanning XAUUSD ---
2026-08-12 20:35:25,509 TIE_Production MARKET REGIME: CHAOS (strength=69) | SUGGESTED ENGINE: Hibernate
2026-08-12 20:35:25,509 TIE_Production REGIME GATE: CHAOS — skip scan (unsafe market)
2026-08-12 20:35:36,453 TIE_Production --- Scanning XAUUSD ---
2026-08-12 20:35:37,765 TIE_Production MARKET REGIME: CHAOS (strength=69) | SUGGESTED ENGINE: Hibernate
2026-08-12 20:35:37,765 TIE_Production REGIME GATE: CHAOS — skip scan (unsafe market)
2026-08-12 20:35:48,616 TIE_Production --- Scanning XAUUSD ---
2026-08-12 20:35:49,666 TIE_Production MARKET REGIME: CHAOS (strength=69) | SUGGESTED ENGINE: Hibernate
2026-08-12 20:35:49,666 TIE_Production REGIME GATE: CHAOS — skip scan (unsafe market)
2026-08-12 20:36:00,515 TIE_Production --- Scanning XAUUSD ---
2026-08-12 20:36:01,766 TIE_Production MARKET REGIME: CHAOS (strength=69) | SUGGESTED ENGINE: Hibernate
2026-08-12 20:36:01,766 TIE_Production REGIME GATE: CHAOS — skip scan (unsafe market)
2026-08-12 20:36:12,670 TIE_Production --- Scanning XAUUSD ---
2026-08-12 20:36:14,023 TIE_Production MARKET REGIME: CHAOS (strength=69) | SUGGESTED ENGINE: Hibernate
2026-08-12 20:36:14,024 TIE_Production REGIME GATE: CHAOS — skip scan (unsafe market)
2026-08-12 20:36:25,284 TIE_Production --- Scanning XAUUSD ---
2026-08-12 20:36:26,268 TIE_Production MARKET REGIME: CHAOS (strength=70) | SUGGESTED ENGINE: Hibernate
2026-08-12 20:36:26,268 TIE_Production REGIME GATE: CHAOS — skip scan (unsafe market)
2026-08-12 20:36:37,227 TIE_Production --- Scanning XAUUSD ---
2026-08-12 20:36:38,198 TIE_Production MARKET REGIME: CHAOS (strength=70) | SUGGESTED ENGINE: Hibernate
2026-08-12 20:36:38,198 TIE_Production REGIME GATE: CHAOS — skip scan (unsafe market)
2026-08-12 20:36:49,175 TIE_Production --- Scanning XAUUSD ---
2026-08-12 20:36:50,952 TIE_Production MARKET REGIME: CHAOS (strength=70) | SUGGESTED ENGINE: Hibernate
2026-08-12 20:36:50,952 TIE_Production REGIME GATE: CHAOS — skip scan (unsafe market)
2026-08-12 20:37:01,810 TIE_Production --- Scanning XAUUSD ---
2026-08-12 20:37:03,006 TIE_Production MARKET REGIME: CHAOS (strength=70) | SUGGESTED ENGINE: Hibernate
2026-08-12 20:37:03,006 TIE_Production REGIME GATE: CHAOS — skip scan (unsafe market)
2026-08-12 20:37:13,965 TIE_Production --- Scanning XAUUSD ---
2026-08-12 20:37:15,136 TIE_Production MARKET REGIME: CHAOS (strength=70) | SUGGESTED ENGINE: Hibernate
2026-08-12 20:37:15,137 TIE_Production REGIME GATE: CHAOS — skip scan (unsafe market)
2026-08-12 20:37:25,999 TIE_Production --- Scanning XAUUSD ---
2026-08-12 20:37:26,940 TIE_Production MARKET REGIME: CHAOS (strength=70) | SUGGESTED ENGINE: Hibernate
2026-08-12 20:37:26,940 TIE_Production REGIME GATE: CHAOS — skip scan (unsafe market)
2026-08-12 20:37:38,009 TIE_Production --- Scanning XAUUSD ---
2026-08-12 20:37:38,923 TIE_Production MARKET REGIME: CHAOS (strength=70) | SUGGESTED ENGINE: Hibernate
2026-08-12 20:37:38,923 TIE_Production REGIME GATE: CHAOS — skip scan (unsafe market)
2026-08-12 20:37:49,829 TIE_Production --- Scanning XAUUSD ---
2026-08-12 20:37:51,506 TIE_Production MARKET REGIME: CHAOS (strength=70) | SUGGESTED ENGINE: Hibernate
2026-08-12 20:37:51,507 TIE_Production REGIME GATE: CHAOS — skip scan (unsafe market)
2026-08-12 20:38:02,354 TIE_Production --- Scanning XAUUSD ---
2026-08-12 20:38:03,588 TIE_Production MARKET REGIME: CHAOS (strength=70) | SUGGESTED ENGINE: Hibernate
2026-08-12 20:38:03,588 TIE_Production REGIME GATE: CHAOS — skip scan (unsafe market)
2026-08-12 20:38:14,372 TIE_Production --- Scanning XAUUSD ---
2026-08-12 20:38:15,572 TIE_Production MARKET REGIME: CHAOS (strength=70) | SUGGESTED ENGINE: Hibernate
2026-08-12 20:38:15,572 TIE_Production REGIME GATE: CHAOS — skip scan (unsafe market)
2026-08-12 20:38:26,520 TIE_Production --- Scanning XAUUSD ---
2026-08-12 20:38:27,785 TIE_Production MARKET REGIME: CHAOS (strength=70) | SUGGESTED ENGINE: Hibernate
2026-08-12 20:38:27,785 TIE_Production REGIME GATE: CHAOS — skip scan (unsafe market)
2026-08-12 20:38:38,938 TIE_Production --- Scanning XAUUSD ---
2026-08-12 20:38:40,027 TIE_Production MARKET REGIME: CHAOS (strength=70) | SUGGESTED ENGINE: Hibernate
2026-08-12 20:38:40,027 TIE_Production REGIME GATE: CHAOS — skip scan (unsafe market)
2026-08-12 20:38:50,784 TIE_Production --- Scanning XAUUSD ---
2026-08-12 20:38:52,841 TIE_Production MARKET REGIME: CHAOS (strength=70) | SUGGESTED ENGINE: Hibernate
2026-08-12 20:38:52,841 TIE_Production REGIME GATE: CHAOS — skip scan (unsafe market)
2026-08-12 20:39:03,818 TIE_Production --- Scanning XAUUSD ---
2026-08-12 20:39:04,963 TIE_Production MARKET REGIME: CHAOS (strength=70) | SUGGESTED ENGINE: Hibernate
2026-08-12 20:39:04,963 TIE_Production REGIME GATE: CHAOS — skip scan (unsafe market)
2026-08-12 20:39:15,866 TIE_Production --- Scanning XAUUSD ---
2026-08-12 20:39:17,083 TIE_Production MARKET REGIME: CHAOS (strength=70) | SUGGESTED ENGINE: Hibernate
2026-08-12 20:39:17,083 TIE_Production REGIME GATE: CHAOS — skip scan (unsafe market)
2026-08-12 20:39:27,931 TIE_Production --- Scanning XAUUSD ---
2026-08-12 20:39:28,969 TIE_Production MARKET REGIME: CHAOS (strength=70) | SUGGESTED ENGINE: Hibernate
2026-08-12 20:39:28,969 TIE_Production REGIME GATE: CHAOS — skip scan (unsafe market)
2026-08-12 20:39:40,026 TIE_Production --- Scanning XAUUSD ---
2026-08-12 20:39:41,071 TIE_Production MARKET REGIME: CHAOS (strength=70) | SUGGESTED ENGINE: Hibernate
2026-08-12 20:39:41,071 TIE_Production REGIME GATE: CHAOS — skip scan (unsafe market)
2026-08-12 20:39:52,050 TIE_Production --- Scanning XAUUSD ---
2026-08-12 20:39:53,762 TIE_Production MARKET REGIME: CHAOS (strength=70) | SUGGESTED ENGINE: Hibernate
2026-08-12 20:39:53,762 TIE_Production REGIME GATE: CHAOS — skip scan (unsafe market)
2026-08-12 20:40:04,616 TIE_Production --- Scanning XAUUSD ---
2026-08-12 20:40:05,850 TIE_Production MARKET REGIME: CHAOS (strength=62) | SUGGESTED ENGINE: Hibernate
2026-08-12 20:40:05,850 TIE_Production REGIME GATE: CHAOS — skip scan (unsafe market)
2026-08-12 20:40:16,765 TIE_Production --- Scanning XAUUSD ---
2026-08-12 20:40:17,984 TIE_Production MARKET REGIME: CHAOS (strength=62) | SUGGESTED ENGINE: Hibernate
2026-08-12 20:40:17,984 TIE_Production REGIME GATE: CHAOS — skip scan (unsafe market)
2026-08-12 20:40:28,845 TIE_Production --- Scanning XAUUSD ---
2026-08-12 20:40:29,813 TIE_Production MARKET REGIME: CHAOS (strength=62) | SUGGESTED ENGINE: Hibernate
2026-08-12 20:40:29,813 TIE_Production REGIME GATE: CHAOS — skip scan (unsafe market)
2026-08-12 20:40:40,928 TIE_Production --- Scanning XAUUSD ---
2026-08-12 20:40:41,830 TIE_Production MARKET REGIME: CHAOS (strength=62) | SUGGESTED ENGINE: Hibernate
2026-08-12 20:40:41,831 TIE_Production REGIME GATE: CHAOS — skip scan (unsafe market)
2026-08-12 20:40:52,588 TIE_Production --- Scanning XAUUSD ---
2026-08-12 20:40:54,710 TIE_Production MARKET REGIME: CHAOS (strength=63) | SUGGESTED ENGINE: Hibernate
2026-08-12 20:40:54,710 TIE_Production REGIME GATE: CHAOS — skip scan (unsafe market)
2026-08-12 20:41:05,642 TIE_Production --- Scanning XAUUSD ---
2026-08-12 20:41:06,851 TIE_Production MARKET REGIME: CHAOS (strength=63) | SUGGESTED ENGINE: Hibernate
2026-08-12 20:41:06,851 TIE_Production REGIME GATE: CHAOS — skip scan (unsafe market)
2026-08-12 20:41:17,976 TIE_Production --- Scanning XAUUSD ---
2026-08-12 20:41:19,456 TIE_Production MARKET REGIME: CHAOS (strength=63) | SUGGESTED ENGINE: Hibernate
2026-08-12 20:41:19,456 TIE_Production REGIME GATE: CHAOS — skip scan (unsafe market)
2026-08-12 20:41:30,321 TIE_Production --- Scanning XAUUSD ---
2026-08-12 20:41:31,345 TIE_Production MARKET REGIME: CHAOS (strength=63) | SUGGESTED ENGINE: Hibernate
2026-08-12 20:41:31,345 TIE_Production REGIME GATE: CHAOS — skip scan (unsafe market)
2026-08-12 20:41:42,277 TIE_Production --- Scanning XAUUSD ---
2026-08-12 20:41:43,257 TIE_Production MARKET REGIME: CHAOS (strength=63) | SUGGESTED ENGINE: Hibernate
2026-08-12 20:41:43,258 TIE_Production REGIME GATE: CHAOS — skip scan (unsafe market)
2026-08-12 20:41:54,132 TIE_Production --- Scanning XAUUSD ---
2026-08-12 20:41:55,802 TIE_Production MARKET REGIME: CHAOS (strength=63) | SUGGESTED ENGINE: Hibernate
2026-08-12 20:41:55,802 TIE_Production REGIME GATE: CHAOS — skip scan (unsafe market)
2026-08-12 20:42:06,646 TIE_Production --- Scanning XAUUSD ---
2026-08-12 20:42:08,084 TIE_Production MARKET REGIME: CHAOS (strength=63) | SUGGESTED ENGINE: Hibernate
2026-08-12 20:42:08,084 TIE_Production REGIME GATE: CHAOS — skip scan (unsafe market)
2026-08-12 20:42:18,841 TIE_Production --- Scanning XAUUSD ---
2026-08-12 20:42:20,120 TIE_Production MARKET REGIME: CHAOS (strength=63) | SUGGESTED ENGINE: Hibernate
2026-08-12 20:42:20,120 TIE_Production REGIME GATE: CHAOS — skip scan (unsafe market)
2026-08-12 20:42:30,999 TIE_Production --- Scanning XAUUSD ---
2026-08-12 20:42:32,087 TIE_Production MARKET REGIME: CHAOS (strength=63) | SUGGESTED ENGINE: Hibernate
2026-08-12 20:42:32,087 TIE_Production REGIME GATE: CHAOS — skip scan (unsafe market)
2026-08-12 20:42:43,093 TIE_Production --- Scanning XAUUSD ---
2026-08-12 20:42:44,080 TIE_Production MARKET REGIME: CHAOS (strength=63) | SUGGESTED ENGINE: Hibernate
2026-08-12 20:42:44,080 TIE_Production REGIME GATE: CHAOS — skip scan (unsafe market)
2026-08-12 20:42:54,980 TIE_Production --- Scanning XAUUSD ---
2026-08-12 20:42:56,863 TIE_Production MARKET REGIME: CHAOS (strength=63) | SUGGESTED ENGINE: Hibernate
2026-08-12 20:42:56,863 TIE_Production REGIME GATE: CHAOS — skip scan (unsafe market)
2026-08-12 20:43:07,782 TIE_Production --- Scanning XAUUSD ---
2026-08-12 20:43:08,963 TIE_Production MARKET REGIME: CHAOS (strength=63) | SUGGESTED ENGINE: Hibernate
2026-08-12 20:43:08,963 TIE_Production REGIME GATE: CHAOS — skip scan (unsafe market)
2026-08-12 20:43:19,847 TIE_Production --- Scanning XAUUSD ---
2026-08-12 20:43:20,919 TIE_Production MARKET REGIME: CHAOS (strength=63) | SUGGESTED ENGINE: Hibernate
2026-08-12 20:43:20,919 TIE_Production REGIME GATE: CHAOS — skip scan (unsafe market)
2026-08-12 20:43:31,735 TIE_Production --- Scanning XAUUSD ---
2026-08-12 20:43:32,734 TIE_Production MARKET REGIME: CHAOS (strength=64) | SUGGESTED ENGINE: Hibernate
2026-08-12 20:43:32,734 TIE_Production REGIME GATE: CHAOS — skip scan (unsafe market)
2026-08-12 20:43:43,709 TIE_Production --- Scanning XAUUSD ---
2026-08-12 20:43:44,749 TIE_Production MARKET REGIME: CHAOS (strength=64) | SUGGESTED ENGINE: Hibernate
2026-08-12 20:43:44,749 TIE_Production REGIME GATE: CHAOS — skip scan (unsafe market)
2026-08-12 20:43:55,673 TIE_Production --- Scanning XAUUSD ---
2026-08-12 20:43:57,685 TIE_Production MARKET REGIME: CHAOS (strength=64) | SUGGESTED ENGINE: Hibernate
2026-08-12 20:43:57,686 TIE_Production REGIME GATE: CHAOS — skip scan (unsafe market)
2026-08-12 20:44:08,530 TIE_Production --- Scanning XAUUSD ---
2026-08-12 20:44:09,767 TIE_Production MARKET REGIME: CHAOS (strength=64) | SUGGESTED ENGINE: Hibernate
2026-08-12 20:44:09,768 TIE_Production REGIME GATE: CHAOS — skip scan (unsafe market)
2026-08-12 20:44:20,685 TIE_Production --- Scanning XAUUSD ---
2026-08-12 20:44:21,935 TIE_Production MARKET REGIME: CHAOS (strength=64) | SUGGESTED ENGINE: Hibernate
2026-08-12 20:44:21,936 TIE_Production REGIME GATE: CHAOS — skip scan (unsafe market)
2026-08-12 20:44:32,829 TIE_Production --- Scanning XAUUSD ---
2026-08-12 20:44:33,806 TIE_Production MARKET REGIME: CHAOS (strength=64) | SUGGESTED ENGINE: Hibernate
2026-08-12 20:44:33,806 TIE_Production REGIME GATE: CHAOS — skip scan (unsafe market)
2026-08-12 20:44:44,761 TIE_Production --- Scanning XAUUSD ---
2026-08-12 20:44:45,646 TIE_Production MARKET REGIME: CHAOS (strength=64) | SUGGESTED ENGINE: Hibernate
2026-08-12 20:44:45,646 TIE_Production REGIME GATE: CHAOS — skip scan (unsafe market)
2026-08-12 20:44:56,422 TIE_Production --- Scanning XAUUSD ---
2026-08-12 20:44:58,228 TIE_Production MARKET REGIME: CHAOS (strength=64) | SUGGESTED ENGINE: Hibernate
2026-08-12 20:44:58,228 TIE_Production REGIME GATE: CHAOS — skip scan (unsafe market)
2026-08-12 20:45:09,102 TIE_Production --- Scanning XAUUSD ---
2026-08-12 20:45:10,514 TIE_Production MARKET REGIME: CHAOS (strength=62) | SUGGESTED ENGINE: Hibernate
2026-08-12 20:45:10,514 TIE_Production REGIME GATE: CHAOS — skip scan (unsafe market)
2026-08-12 20:45:21,497 TIE_Production --- Scanning XAUUSD ---
2026-08-12 20:45:22,703 TIE_Production MARKET REGIME: CHAOS (strength=62) | SUGGESTED ENGINE: Hibernate
2026-08-12 20:45:22,703 TIE_Production REGIME GATE: CHAOS — skip scan (unsafe market)
2026-08-12 20:45:33,557 TIE_Production --- Scanning XAUUSD ---
2026-08-12 20:45:34,490 TIE_Production MARKET REGIME: CHAOS (strength=62) | SUGGESTED ENGINE: Hibernate
2026-08-12 20:45:34,491 TIE_Production REGIME GATE: CHAOS — skip scan (unsafe market)
2026-08-12 20:45:45,502 TIE_Production --- Scanning XAUUSD ---
2026-08-12 20:45:46,557 TIE_Production MARKET REGIME: CHAOS (strength=62) | SUGGESTED ENGINE: Hibernate
2026-08-12 20:45:46,557 TIE_Production REGIME GATE: CHAOS — skip scan (unsafe market)
2026-08-12 20:45:57,560 TIE_Production --- Scanning XAUUSD ---
2026-08-12 20:45:59,202 TIE_Production MARKET REGIME: CHAOS (strength=62) | SUGGESTED ENGINE: Hibernate
2026-08-12 20:45:59,202 TIE_Production REGIME GATE: CHAOS — skip scan (unsafe market)
2026-08-12 20:46:09,990 TIE_Production --- Scanning XAUUSD ---
2026-08-12 20:46:11,044 TIE_Production MARKET REGIME: CHAOS (strength=62) | SUGGESTED ENGINE: Hibernate
2026-08-12 20:46:11,044 TIE_Production REGIME GATE: CHAOS — skip scan (unsafe market)
2026-08-12 20:46:21,854 TIE_Production --- Scanning XAUUSD ---
2026-08-12 20:46:22,993 TIE_Production MARKET REGIME: CHAOS (strength=62) | SUGGESTED ENGINE: Hibernate
2026-08-12 20:46:22,993 TIE_Production REGIME GATE: CHAOS — skip scan (unsafe market)
2026-08-12 20:46:33,894 TIE_Production --- Scanning XAUUSD ---
2026-08-12 20:46:34,793 TIE_Production MARKET REGIME: CHAOS (strength=62) | SUGGESTED ENGINE: Hibernate
2026-08-12 20:46:34,793 TIE_Production REGIME GATE: CHAOS — skip scan (unsafe market)
2026-08-12 20:46:46,260 TIE_Production --- Scanning XAUUSD ---
2026-08-12 20:46:47,321 TIE_Production MARKET REGIME: CHAOS (strength=62) | SUGGESTED ENGINE: Hibernate
2026-08-12 20:46:47,321 TIE_Production REGIME GATE: CHAOS — skip scan (unsafe market)
2026-08-12 20:46:58,251 TIE_Production --- Scanning XAUUSD ---
2026-08-12 20:46:59,855 TIE_Production MARKET REGIME: CHAOS (strength=63) | SUGGESTED ENGINE: Hibernate
2026-08-12 20:46:59,855 TIE_Production REGIME GATE: CHAOS — skip scan (unsafe market)
2026-08-12 20:47:10,723 TIE_Production --- Scanning XAUUSD ---
2026-08-12 20:47:12,075 TIE_Production MARKET REGIME: CHAOS (strength=63) | SUGGESTED ENGINE: Hibernate
2026-08-12 20:47:12,076 TIE_Production REGIME GATE: CHAOS — skip scan (unsafe market)
2026-08-12 20:47:22,948 TIE_Production --- Scanning XAUUSD ---
2026-08-12 20:47:24,140 TIE_Production MARKET REGIME: CHAOS (strength=63) | SUGGESTED ENGINE: Hibernate
2026-08-12 20:47:24,140 TIE_Production REGIME GATE: CHAOS — skip scan (unsafe market)
2026-08-12 20:47:34,925 TIE_Production --- Scanning XAUUSD ---
2026-08-12 20:47:35,898 TIE_Production MARKET REGIME: CHAOS (strength=63) | SUGGESTED ENGINE: Hibernate
2026-08-12 20:47:35,898 TIE_Production REGIME GATE: CHAOS — skip scan (unsafe market)
2026-08-12 20:47:46,908 TIE_Production --- Scanning XAUUSD ---
2026-08-12 20:47:47,917 TIE_Production MARKET REGIME: CHAOS (strength=63) | SUGGESTED ENGINE: Hibernate
2026-08-12 20:47:47,917 TIE_Production REGIME GATE: CHAOS — skip scan (unsafe market)
2026-08-12 20:47:58,770 TIE_Production --- Scanning XAUUSD ---
2026-08-12 20:48:00,558 TIE_Production MARKET REGIME: CHAOS (strength=63) | SUGGESTED ENGINE: Hibernate
2026-08-12 20:48:00,558 TIE_Production REGIME GATE: CHAOS — skip scan (unsafe market)
2026-08-12 20:48:11,396 TIE_Production --- Scanning XAUUSD ---
2026-08-12 20:48:12,535 TIE_Production MARKET REGIME: CHAOS (strength=63) | SUGGESTED ENGINE: Hibernate
2026-08-12 20:48:12,535 TIE_Production REGIME GATE: CHAOS — skip scan (unsafe market)
2026-08-12 20:48:23,355 TIE_Production --- Scanning XAUUSD ---
2026-08-12 20:48:24,473 TIE_Production MARKET REGIME: CHAOS (strength=63) | SUGGESTED ENGINE: Hibernate
2026-08-12 20:48:24,473 TIE_Production REGIME GATE: CHAOS — skip scan (unsafe market)
2026-08-12 20:48:35,274 TIE_Production --- Scanning XAUUSD ---
2026-08-12 20:48:36,458 TIE_Production MARKET REGIME: CHAOS (strength=63) | SUGGESTED ENGINE: Hibernate
2026-08-12 20:48:36,458 TIE_Production REGIME GATE: CHAOS — skip scan (unsafe market)
2026-08-12 20:48:47,622 TIE_Production --- Scanning XAUUSD ---
2026-08-12 20:48:48,549 TIE_Production MARKET REGIME: CHAOS (strength=63) | SUGGESTED ENGINE: Hibernate
2026-08-12 20:48:48,549 TIE_Production REGIME GATE: CHAOS — skip scan (unsafe market)
2026-08-12 20:48:59,469 TIE_Production --- Scanning XAUUSD ---
2026-08-12 20:49:01,222 TIE_Production MARKET REGIME: CHAOS (strength=63) | SUGGESTED ENGINE: Hibernate
2026-08-12 20:49:01,222 TIE_Production REGIME GATE: CHAOS — skip scan (unsafe market)
2026-08-12 20:49:12,180 TIE_Production --- Scanning XAUUSD ---
2026-08-12 20:49:13,454 TIE_Production MARKET REGIME: CHAOS (strength=63) | SUGGESTED ENGINE: Hibernate
2026-08-12 20:49:13,454 TIE_Production REGIME GATE: CHAOS — skip scan (unsafe market)
2026-08-12 20:49:24,211 TIE_Production --- Scanning XAUUSD ---
2026-08-12 20:49:25,440 TIE_Production MARKET REGIME: CHAOS (strength=63) | SUGGESTED ENGINE: Hibernate
2026-08-12 20:49:25,440 TIE_Production REGIME GATE: CHAOS — skip scan (unsafe market)
2026-08-12 20:49:36,279 TIE_Production --- Scanning XAUUSD ---
2026-08-12 20:49:37,370 TIE_Production MARKET REGIME: CHAOS (strength=63) | SUGGESTED ENGINE: Hibernate
2026-08-12 20:49:37,370 TIE_Production REGIME GATE: CHAOS — skip scan (unsafe market)
2026-08-12 20:49:48,678 TIE_Production --- Scanning XAUUSD ---
2026-08-12 20:49:49,582 TIE_Production MARKET REGIME: CHAOS (strength=63) | SUGGESTED ENGINE: Hibernate
2026-08-12 20:49:49,583 TIE_Production REGIME GATE: CHAOS — skip scan (unsafe market)
2026-08-12 20:50:00,449 TIE_Production --- Scanning XAUUSD ---
2026-08-12 20:50:02,250 TIE_Production MARKET REGIME: CHAOS (strength=61) | SUGGESTED ENGINE: Hibernate
2026-08-12 20:50:02,250 TIE_Production REGIME GATE: CHAOS — skip scan (unsafe market)
2026-08-12 20:50:13,145 TIE_Production --- Scanning XAUUSD ---
2026-08-12 20:50:14,308 TIE_Production MARKET REGIME: CHAOS (strength=61) | SUGGESTED ENGINE: Hibernate
2026-08-12 20:50:14,308 TIE_Production REGIME GATE: CHAOS — skip scan (unsafe market)
2026-08-12 20:50:25,112 TIE_Production --- Scanning XAUUSD ---
2026-08-12 20:50:26,324 TIE_Production MARKET REGIME: CHAOS (strength=62) | SUGGESTED ENGINE: Hibernate
2026-08-12 20:50:26,324 TIE_Production REGIME GATE: CHAOS — skip scan (unsafe market)
2026-08-12 20:50:37,301 TIE_Production --- Scanning XAUUSD ---
2026-08-12 20:50:38,258 TIE_Production MARKET REGIME: CHAOS (strength=62) | SUGGESTED ENGINE: Hibernate
2026-08-12 20:50:38,258 TIE_Production REGIME GATE: CHAOS — skip scan (unsafe market)
2026-08-12 20:50:49,385 TIE_Production --- Scanning XAUUSD ---
2026-08-12 20:50:50,258 TIE_Production MARKET REGIME: CHAOS (strength=62) | SUGGESTED ENGINE: Hibernate
2026-08-12 20:50:50,258 TIE_Production REGIME GATE: CHAOS — skip scan (unsafe market)
2026-08-12 20:51:01,082 TIE_Production --- Scanning XAUUSD ---
2026-08-12 20:51:02,898 TIE_Production MARKET REGIME: CHAOS (strength=62) | SUGGESTED ENGINE: Hibernate
2026-08-12 20:51:02,898 TIE_Production REGIME GATE: CHAOS — skip scan (unsafe market)
2026-08-12 20:51:13,960 TIE_Production --- Scanning XAUUSD ---
2026-08-12 20:51:15,059 TIE_Production MARKET REGIME: CHAOS (strength=62) | SUGGESTED ENGINE: Hibernate
2026-08-12 20:51:15,059 TIE_Production REGIME GATE: CHAOS — skip scan (unsafe market)
2026-08-12 20:51:25,971 TIE_Production --- Scanning XAUUSD ---
2026-08-12 20:51:27,157 TIE_Production MARKET REGIME: CHAOS (strength=62) | SUGGESTED ENGINE: Hibernate
2026-08-12 20:51:27,157 TIE_Production REGIME GATE: CHAOS — skip scan (unsafe market)
2026-08-12 20:51:37,923 TIE_Production --- Scanning XAUUSD ---
2026-08-12 20:51:38,945 TIE_Production MARKET REGIME: CHAOS (strength=62) | SUGGESTED ENGINE: Hibernate
2026-08-12 20:51:38,945 TIE_Production REGIME GATE: CHAOS — skip scan (unsafe market)
2026-08-12 20:51:49,963 TIE_Production --- Scanning XAUUSD ---
2026-08-12 20:51:50,881 TIE_Production MARKET REGIME: CHAOS (strength=62) | SUGGESTED ENGINE: Hibernate
2026-08-12 20:51:50,881 TIE_Production REGIME GATE: CHAOS — skip scan (unsafe market)
2026-08-12 20:52:01,637 TIE_Production --- Scanning XAUUSD ---
2026-08-12 20:52:03,441 TIE_Production MARKET REGIME: CHAOS (strength=62) | SUGGESTED ENGINE: Hibernate
2026-08-12 20:52:03,441 TIE_Production REGIME GATE: CHAOS — skip scan (unsafe market)
2026-08-12 20:52:14,389 TIE_Production --- Scanning XAUUSD ---
2026-08-12 20:52:15,907 TIE_Production MARKET REGIME: CHAOS (strength=62) | SUGGESTED ENGINE: Hibernate
2026-08-12 20:52:15,907 TIE_Production REGIME GATE: CHAOS — skip scan (unsafe market)
2026-08-12 20:52:26,902 TIE_Production --- Scanning XAUUSD ---
2026-08-12 20:52:28,172 TIE_Production MARKET REGIME: CHAOS (strength=62) | SUGGESTED ENGINE: Hibernate
2026-08-12 20:52:28,172 TIE_Production REGIME GATE: CHAOS — skip scan (unsafe market)
2026-08-12 20:52:38,971 TIE_Production --- Scanning XAUUSD ---
2026-08-12 20:52:39,956 TIE_Production MARKET REGIME: CHAOS (strength=62) | SUGGESTED ENGINE: Hibernate
2026-08-12 20:52:39,957 TIE_Production REGIME GATE: CHAOS — skip scan (unsafe market)
2026-08-12 20:52:51,041 TIE_Production --- Scanning XAUUSD ---
2026-08-12 20:52:51,908 TIE_Production MARKET REGIME: CHAOS (strength=62) | SUGGESTED ENGINE: Hibernate
2026-08-12 20:52:51,908 TIE_Production REGIME GATE: CHAOS — skip scan (unsafe market)
2026-08-12 20:53:02,723 TIE_Production --- Scanning XAUUSD ---
2026-08-12 20:53:04,487 TIE_Production MARKET REGIME: CHAOS (strength=62) | SUGGESTED ENGINE: Hibernate
2026-08-12 20:53:04,487 TIE_Production REGIME GATE: CHAOS — skip scan (unsafe market)
2026-08-12 20:53:15,207 httpx HTTP Request: GET https://nfs.faireconomy.media/ff_calendar_thisweek.json "HTTP/1.1 200 OK"
2026-08-12 20:53:15,283 TIE_Production --- Scanning XAUUSD ---
2026-08-12 20:53:16,404 TIE_Production MARKET REGIME: CHAOS (strength=62) | SUGGESTED ENGINE: Hibernate
2026-08-12 20:53:16,404 TIE_Production REGIME GATE: CHAOS — skip scan (unsafe market)
2026-08-12 20:53:27,979 TIE_Production --- Scanning XAUUSD ---
2026-08-12 20:53:29,148 TIE_Production MARKET REGIME: CHAOS (strength=62) | SUGGESTED ENGINE: Hibernate
2026-08-12 20:53:29,148 TIE_Production REGIME GATE: CHAOS — skip scan (unsafe market)
2026-08-12 20:53:40,017 TIE_Production --- Scanning XAUUSD ---
2026-08-12 20:53:40,951 TIE_Production MARKET REGIME: CHAOS (strength=62) | SUGGESTED ENGINE: Hibernate
2026-08-12 20:53:40,951 TIE_Production REGIME GATE: CHAOS — skip scan (unsafe market)
2026-08-12 20:53:51,968 TIE_Production --- Scanning XAUUSD ---
2026-08-12 20:53:52,843 TIE_Production MARKET REGIME: CHAOS (strength=62) | SUGGESTED ENGINE: Hibernate
2026-08-12 20:53:52,844 TIE_Production REGIME GATE: CHAOS — skip scan (unsafe market)
2026-08-12 20:54:03,649 TIE_Production --- Scanning XAUUSD ---
2026-08-12 20:54:05,521 TIE_Production MARKET REGIME: CHAOS (strength=62) | SUGGESTED ENGINE: Hibernate
2026-08-12 20:54:05,521 TIE_Production REGIME GATE: CHAOS — skip scan (unsafe market)
2026-08-12 20:54:16,333 TIE_Production --- Scanning XAUUSD ---
2026-08-12 20:54:17,446 TIE_Production MARKET REGIME: CHAOS (strength=62) | SUGGESTED ENGINE: Hibernate
2026-08-12 20:54:17,446 TIE_Production REGIME GATE: CHAOS — skip scan (unsafe market)
2026-08-12 20:54:28,322 TIE_Production --- Scanning XAUUSD ---
2026-08-12 20:54:29,720 TIE_Production MARKET REGIME: CHAOS (strength=62) | SUGGESTED ENGINE: Hibernate
2026-08-12 20:54:29,720 TIE_Production REGIME GATE: CHAOS — skip scan (unsafe market)
2026-08-12 20:54:41,082 TIE_Production --- Scanning XAUUSD ---
2026-08-12 20:54:42,161 TIE_Production MARKET REGIME: CHAOS (strength=62) | SUGGESTED ENGINE: Hibernate
2026-08-12 20:54:42,161 TIE_Production REGIME GATE: CHAOS — skip scan (unsafe market)
2026-08-12 20:54:53,389 TIE_Production --- Scanning XAUUSD ---
2026-08-12 20:54:54,371 TIE_Production MARKET REGIME: CHAOS (strength=62) | SUGGESTED ENGINE: Hibernate
2026-08-12 20:54:54,372 TIE_Production REGIME GATE: CHAOS — skip scan (unsafe market)
2026-08-12 20:55:05,185 TIE_Production --- Scanning XAUUSD ---
2026-08-12 20:55:06,882 TIE_Production MARKET REGIME: CHAOS (strength=61) | SUGGESTED ENGINE: Hibernate
2026-08-12 20:55:06,882 TIE_Production REGIME GATE: CHAOS — skip scan (unsafe market)
2026-08-12 20:55:17,688 TIE_Production --- Scanning XAUUSD ---
2026-08-12 20:55:18,932 TIE_Production MARKET REGIME: CHAOS (strength=61) | SUGGESTED ENGINE: Hibernate
2026-08-12 20:55:18,933 TIE_Production REGIME GATE: CHAOS — skip scan (unsafe market)
2026-08-12 20:55:29,848 TIE_Production --- Scanning XAUUSD ---
2026-08-12 20:55:31,199 TIE_Production MARKET REGIME: CHAOS (strength=61) | SUGGESTED ENGINE: Hibernate
2026-08-12 20:55:31,199 TIE_Production REGIME GATE: CHAOS — skip scan (unsafe market)
2026-08-12 20:55:42,206 TIE_Production --- Scanning XAUUSD ---
2026-08-12 20:55:43,384 TIE_Production MARKET REGIME: CHAOS (strength=61) | SUGGESTED ENGINE: Hibernate
2026-08-12 20:55:43,384 TIE_Production REGIME GATE: CHAOS — skip scan (unsafe market)
2026-08-12 20:55:54,873 TIE_Production --- Scanning XAUUSD ---
2026-08-12 20:55:55,964 TIE_Production MARKET REGIME: CHAOS (strength=61) | SUGGESTED ENGINE: Hibernate
2026-08-12 20:55:55,964 TIE_Production REGIME GATE: CHAOS — skip scan (unsafe market)
2026-08-12 20:56:06,880 TIE_Production --- Scanning XAUUSD ---
2026-08-12 20:56:08,547 TIE_Production MARKET REGIME: CHAOS (strength=61) | SUGGESTED ENGINE: Hibernate
2026-08-12 20:56:08,547 TIE_Production REGIME GATE: CHAOS — skip scan (unsafe market)
2026-08-12 20:56:19,325 TIE_Production --- Scanning XAUUSD ---
2026-08-12 20:56:20,590 TIE_Production MARKET REGIME: CHAOS (strength=61) | SUGGESTED ENGINE: Hibernate
2026-08-12 20:56:20,590 TIE_Production REGIME GATE: CHAOS — skip scan (unsafe market)
2026-08-12 20:56:31,401 TIE_Production --- Scanning XAUUSD ---
2026-08-12 20:56:32,492 TIE_Production MARKET REGIME: CHAOS (strength=61) | SUGGESTED ENGINE: Hibernate
2026-08-12 20:56:32,492 TIE_Production REGIME GATE: CHAOS — skip scan (unsafe market)
2026-08-12 20:56:43,584 TIE_Production --- Scanning XAUUSD ---
2026-08-12 20:56:44,461 TIE_Production MARKET REGIME: CHAOS (strength=61) | SUGGESTED ENGINE: Hibernate
2026-08-12 20:56:44,461 TIE_Production REGIME GATE: CHAOS — skip scan (unsafe market)
2026-08-12 20:56:58,291 TIE_Production --- Scanning XAUUSD ---
2026-08-12 20:56:59,158 TIE_Production MARKET REGIME: CHAOS (strength=61) | SUGGESTED ENGINE: Hibernate
2026-08-12 20:56:59,158 TIE_Production REGIME GATE: CHAOS — skip scan (unsafe market)
2026-08-12 20:57:09,891 TIE_Production --- Scanning XAUUSD ---
2026-08-12 20:57:11,176 TIE_Production MARKET REGIME: CHAOS (strength=61) | SUGGESTED ENGINE: Hibernate
2026-08-12 20:57:11,176 TIE_Production REGIME GATE: CHAOS — skip scan (unsafe market)
2026-08-12 20:57:21,986 TIE_Production --- Scanning XAUUSD ---
2026-08-12 20:57:23,021 TIE_Production MARKET REGIME: CHAOS (strength=61) | SUGGESTED ENGINE: Hibernate
2026-08-12 20:57:23,021 TIE_Production REGIME GATE: CHAOS — skip scan (unsafe market)
2026-08-12 20:57:33,842 TIE_Production --- Scanning XAUUSD ---
2026-08-12 20:57:34,871 TIE_Production MARKET REGIME: CHAOS (strength=61) | SUGGESTED ENGINE: Hibernate
2026-08-12 20:57:34,871 TIE_Production REGIME GATE: CHAOS — skip scan (unsafe market)
2026-08-12 20:57:45,718 TIE_Production --- Scanning XAUUSD ---
2026-08-12 20:57:46,656 TIE_Production MARKET REGIME: CHAOS (strength=61) | SUGGESTED ENGINE: Hibernate
2026-08-12 20:57:46,656 TIE_Production REGIME GATE: CHAOS — skip scan (unsafe market)
2026-08-12 20:57:57,474 TIE_Production --- Scanning XAUUSD ---
2026-08-12 20:57:58,293 TIE_Production MARKET REGIME: CHAOS (strength=61) | SUGGESTED ENGINE: Hibernate
2026-08-12 20:57:58,293 TIE_Production REGIME GATE: CHAOS — skip scan (unsafe market)
2026-08-12 20:58:09,447 TIE_Production --- Scanning XAUUSD ---
2026-08-12 20:58:10,699 TIE_Production MARKET REGIME: CHAOS (strength=61) | SUGGESTED ENGINE: Hibernate
2026-08-12 20:58:10,700 TIE_Production REGIME GATE: CHAOS — skip scan (unsafe market)
2026-08-12 20:58:21,428 TIE_Production --- Scanning XAUUSD ---
2026-08-12 20:58:22,322 TIE_Production MARKET REGIME: CHAOS (strength=61) | SUGGESTED ENGINE: Hibernate
2026-08-12 20:58:22,322 TIE_Production REGIME GATE: CHAOS — skip scan (unsafe market)
2026-08-12 20:58:33,149 TIE_Production --- Scanning XAUUSD ---
2026-08-12 20:58:34,040 TIE_Production MARKET REGIME: CHAOS (strength=61) | SUGGESTED ENGINE: Hibernate
2026-08-12 20:58:34,040 TIE_Production REGIME GATE: CHAOS — skip scan (unsafe market)
2026-08-12 20:58:44,786 TIE_Production --- Scanning XAUUSD ---
2026-08-12 20:58:45,667 TIE_Production MARKET REGIME: CHAOS (strength=61) | SUGGESTED ENGINE: Hibernate
2026-08-12 20:58:45,667 TIE_Production REGIME GATE: CHAOS — skip scan (unsafe market)
2026-08-12 20:58:56,442 TIE_Production --- Scanning XAUUSD ---
2026-08-12 20:58:57,662 TIE_Production MARKET REGIME: CHAOS (strength=61) | SUGGESTED ENGINE: Hibernate
2026-08-12 20:58:57,662 TIE_Production REGIME GATE: CHAOS — skip scan (unsafe market)
2026-08-12 20:59:08,542 TIE_Production --- Scanning XAUUSD ---
2026-08-12 20:59:09,434 TIE_Production MARKET REGIME: CHAOS (strength=61) | SUGGESTED ENGINE: Hibernate
2026-08-12 20:59:09,434 TIE_Production REGIME GATE: CHAOS — skip scan (unsafe market)
2026-08-12 20:59:20,277 TIE_Production --- Scanning XAUUSD ---
2026-08-12 20:59:21,282 TIE_Production MARKET REGIME: CHAOS (strength=61) | SUGGESTED ENGINE: Hibernate
2026-08-12 20:59:21,282 TIE_Production REGIME GATE: CHAOS — skip scan (unsafe market)
2026-08-12 20:59:32,036 TIE_Production --- Scanning XAUUSD ---
2026-08-12 20:59:32,866 TIE_Production MARKET REGIME: CHAOS (strength=61) | SUGGESTED ENGINE: Hibernate
2026-08-12 20:59:32,866 TIE_Production REGIME GATE: CHAOS — skip scan (unsafe market)
2026-08-12 20:59:43,576 TIE_Production --- Scanning XAUUSD ---
2026-08-12 20:59:44,620 TIE_Production MARKET REGIME: CHAOS (strength=61) | SUGGESTED ENGINE: Hibernate
2026-08-12 20:59:44,620 TIE_Production REGIME GATE: CHAOS — skip scan (unsafe market)
2026-08-12 20:59:55,443 TIE_Production --- Scanning XAUUSD ---
2026-08-12 20:59:56,377 TIE_Production MARKET REGIME: CHAOS (strength=61) | SUGGESTED ENGINE: Hibernate
2026-08-12 20:59:56,377 TIE_Production REGIME GATE: CHAOS — skip scan (unsafe market)
2026-08-12 21:00:07,419 TIE_Production --- Scanning XAUUSD ---
2026-08-12 21:00:08,317 TIE_Production MARKET REGIME: CHAOS (strength=60) | SUGGESTED ENGINE: Hibernate
2026-08-12 21:00:08,317 TIE_Production REGIME GATE: CHAOS — skip scan (unsafe market)
2026-08-12 21:00:19,197 TIE_Production --- Scanning XAUUSD ---
2026-08-12 21:00:20,221 TIE_Production MARKET REGIME: CHAOS (strength=61) | SUGGESTED ENGINE: Hibernate
2026-08-12 21:00:20,221 TIE_Production REGIME GATE: CHAOS — skip scan (unsafe market)
2026-08-12 21:00:31,087 TIE_Production --- Scanning XAUUSD ---
2026-08-12 21:00:31,985 TIE_Production MARKET REGIME: CHAOS (strength=61) | SUGGESTED ENGINE: Hibernate
2026-08-12 21:00:31,985 TIE_Production REGIME GATE: CHAOS — skip scan (unsafe market)
2026-08-12 21:00:42,782 TIE_Production --- Scanning XAUUSD ---
2026-08-12 21:00:43,701 TIE_Production MARKET REGIME: CHAOS (strength=61) | SUGGESTED ENGINE: Hibernate
2026-08-12 21:00:43,701 TIE_Production REGIME GATE: CHAOS — skip scan (unsafe market)
2026-08-12 21:00:54,517 TIE_Production --- Scanning XAUUSD ---
2026-08-12 21:00:55,577 TIE_Production MARKET REGIME: CHAOS (strength=61) | SUGGESTED ENGINE: Hibernate
2026-08-12 21:00:55,577 TIE_Production REGIME GATE: CHAOS — skip scan (unsafe market)
2026-08-12 21:01:06,592 TIE_Production --- Scanning XAUUSD ---
2026-08-12 21:01:07,604 TIE_Production MARKET REGIME: CHAOS (strength=61) | SUGGESTED ENGINE: Hibernate
2026-08-12 21:01:07,604 TIE_Production REGIME GATE: CHAOS — skip scan (unsafe market)
2026-08-12 21:01:18,474 TIE_Production --- Scanning XAUUSD ---
2026-08-12 21:01:19,462 TIE_Production MARKET REGIME: CHAOS (strength=61) | SUGGESTED ENGINE: Hibernate
2026-08-12 21:01:19,462 TIE_Production REGIME GATE: CHAOS — skip scan (unsafe market)
2026-08-12 21:01:30,326 TIE_Production --- Scanning XAUUSD ---
2026-08-12 21:01:31,332 TIE_Production MARKET REGIME: CHAOS (strength=61) | SUGGESTED ENGINE: Hibernate
2026-08-12 21:01:31,332 TIE_Production REGIME GATE: CHAOS — skip scan (unsafe market)
2026-08-12 21:01:42,181 TIE_Production --- Scanning XAUUSD ---
2026-08-12 21:01:43,190 TIE_Production MARKET REGIME: CHAOS (strength=61) | SUGGESTED ENGINE: Hibernate
2026-08-12 21:01:43,191 TIE_Production REGIME GATE: CHAOS — skip scan (unsafe market)
2026-08-12 21:01:54,309 TIE_Production --- Scanning XAUUSD ---
2026-08-12 21:01:55,556 TIE_Production MARKET REGIME: CHAOS (strength=61) | SUGGESTED ENGINE: Hibernate
2026-08-12 21:01:55,556 TIE_Production REGIME GATE: CHAOS — skip scan (unsafe market)
2026-08-12 21:02:06,384 TIE_Production --- Scanning XAUUSD ---
2026-08-12 21:02:07,229 TIE_Production MARKET REGIME: CHAOS (strength=61) | SUGGESTED ENGINE: Hibernate
2026-08-12 21:02:07,229 TIE_Production REGIME GATE: CHAOS — skip scan (unsafe market)
2026-08-12 21:02:18,185 TIE_Production --- Scanning XAUUSD ---
2026-08-12 21:02:19,236 TIE_Production MARKET REGIME: CHAOS (strength=61) | SUGGESTED ENGINE: Hibernate
2026-08-12 21:02:19,236 TIE_Production REGIME GATE: CHAOS — skip scan (unsafe market)
2026-08-12 21:02:30,048 TIE_Production --- Scanning XAUUSD ---
2026-08-12 21:02:30,995 TIE_Production MARKET REGIME: CHAOS (strength=61) | SUGGESTED ENGINE: Hibernate
2026-08-12 21:02:30,996 TIE_Production REGIME GATE: CHAOS — skip scan (unsafe market)
2026-08-12 21:02:41,754 TIE_Production --- Scanning XAUUSD ---
2026-08-12 21:02:42,712 TIE_Production MARKET REGIME: CHAOS (strength=61) | SUGGESTED ENGINE: Hibernate
2026-08-12 21:02:42,712 TIE_Production REGIME GATE: CHAOS — skip scan (unsafe market)
2026-08-12 21:02:53,513 TIE_Production --- Scanning XAUUSD ---
2026-08-12 21:02:54,612 TIE_Production MARKET REGIME: CHAOS (strength=61) | SUGGESTED ENGINE: Hibernate
2026-08-12 21:02:54,613 TIE_Production REGIME GATE: CHAOS — skip scan (unsafe market)
2026-08-12 21:03:05,437 TIE_Production --- Scanning XAUUSD ---
2026-08-12 21:03:06,325 TIE_Production MARKET REGIME: CHAOS (strength=61) | SUGGESTED ENGINE: Hibernate
2026-08-12 21:03:06,325 TIE_Production REGIME GATE: CHAOS — skip scan (unsafe market)
2026-08-12 21:03:17,115 TIE_Production --- Scanning XAUUSD ---
2026-08-12 21:03:18,048 TIE_Production MARKET REGIME: CHAOS (strength=61) | SUGGESTED ENGINE: Hibernate
2026-08-12 21:03:18,049 TIE_Production REGIME GATE: CHAOS — skip scan (unsafe market)
2026-08-12 21:03:29,211 TIE_Production --- Scanning XAUUSD ---
2026-08-12 21:03:30,336 TIE_Production MARKET REGIME: CHAOS (strength=61) | SUGGESTED ENGINE: Hibernate
2026-08-12 21:03:30,336 TIE_Production REGIME GATE: CHAOS — skip scan (unsafe market)
2026-08-12 21:03:41,279 TIE_Production --- Scanning XAUUSD ---
2026-08-12 21:03:42,366 TIE_Production MARKET REGIME: CHAOS (strength=61) | SUGGESTED ENGINE: Hibernate
2026-08-12 21:03:42,366 TIE_Production REGIME GATE: CHAOS — skip scan (unsafe market)
2026-08-12 21:03:53,289 TIE_Production --- Scanning XAUUSD ---
2026-08-12 21:03:54,202 TIE_Production MARKET REGIME: CHAOS (strength=61) | SUGGESTED ENGINE: Hibernate
2026-08-12 21:03:54,202 TIE_Production REGIME GATE: CHAOS — skip scan (unsafe market)
2026-08-12 21:04:05,300 TIE_Production --- Scanning XAUUSD ---
2026-08-12 21:04:06,230 TIE_Production MARKET REGIME: CHAOS (strength=61) | SUGGESTED ENGINE: Hibernate
2026-08-12 21:04:06,230 TIE_Production REGIME GATE: CHAOS — skip scan (unsafe market)
2026-08-12 21:04:17,187 TIE_Production --- Scanning XAUUSD ---
2026-08-12 21:04:18,501 TIE_Production MARKET REGIME: CHAOS (strength=61) | SUGGESTED ENGINE: Hibernate
2026-08-12 21:04:18,501 TIE_Production REGIME GATE: CHAOS — skip scan (unsafe market)
2026-08-12 21:04:29,311 TIE_Production --- Scanning XAUUSD ---
2026-08-12 21:04:30,551 TIE_Production MARKET REGIME: CHAOS (strength=61) | SUGGESTED ENGINE: Hibernate
2026-08-12 21:04:30,551 TIE_Production REGIME GATE: CHAOS — skip scan (unsafe market)
2026-08-12 21:04:41,421 TIE_Production --- Scanning XAUUSD ---
2026-08-12 21:04:42,261 TIE_Production MARKET REGIME: CHAOS (strength=61) | SUGGESTED ENGINE: Hibernate
2026-08-12 21:04:42,261 TIE_Production REGIME GATE: CHAOS — skip scan (unsafe market)
2026-08-12 21:04:53,380 TIE_Production --- Scanning XAUUSD ---
2026-08-12 21:04:54,639 TIE_Production MARKET REGIME: CHAOS (strength=61) | SUGGESTED ENGINE: Hibernate
2026-08-12 21:04:54,639 TIE_Production REGIME GATE: CHAOS — skip scan (unsafe market)
2026-08-12 21:05:05,431 TIE_Production --- Scanning XAUUSD ---
2026-08-12 21:05:06,848 regime_allocator Strategy status updated by Regime Allocator: {'aggressive_v1': True, 'semi_hft_c8_v4': True, 'bystra_v1': True}
2026-08-12 21:05:06,850 regime_allocator REGIME SWITCH: TRENDING -> TRENDING (engine=Aggressive, fast_path=True)
2026-08-12 21:05:06,850 TIE_Production MARKET REGIME: TRENDING (strength=90) | SUGGESTED ENGINE: Aggressive
2026-08-12 21:05:06,942 strategies.semi_hft.strategy [LIQ_VACUUM] GOOD clear_path_up dir=BUY
2026-08-12 21:05:07,077 strategies.semi_hft.strategy [ZSCORE] zscore_ok z=0.39
2026-08-12 21:05:07,089 StrategyManager Strategy semi_hft_c8_v4 returned WAIT: pullback:m5_weak_trend dir=BUY
2026-08-12 21:05:07,142 strategies.aggressive.strategy [LIQ_VACUUM] GOOD clear_path_up dir=BUY
2026-08-12 21:05:07,143 strategies.aggressive.strategy [ZSCORE] zscore_ok z=0.39
2026-08-12 21:05:07,143 StrategyManager Strategy aggressive_v1 returned WAIT: rme:score_low:53.9
2026-08-12 21:05:07,160 BystraStrategy Bystra best detector: SNRC3 conf=85% dir=BUY
2026-08-12 21:05:07,180 MultiStrategyRuntime Scan 285.8ms — strategies=3 signals=1 dir=buy source=bystra_v1
2026-08-12 21:05:07,256 GateObservatory [XAUUSD/TIE_V4] Gate Detector: PASS | setup=B_BUY lot=0.01
2026-08-12 21:05:07,259 core.strategy.exit_orchestrator [B_BUY] RR optimized: 0.96 -> 1.50 (Widened TP for Gate, dir=BUY, dir_sign=1)
2026-08-12 21:05:07,261 TIE_Production ExitOrchestrator adjusted SL/TP for B_BUY: new SL=4407.17 TP=4458.14 RR=1.50 (adj=True)
2026-08-12 21:05:07,261 TIE_Production Setup detected: B_BUY BUY conf=85%
2026-08-12 21:05:08,264 TIE_Production Momentum Gate: ❌ BLOCK BUY — momentum_weak body=1.16 < 3.49 (0.4x ATR)
2026-08-12 21:05:08,269 GateObservatory [XAUUSD/TIE_V4] Gate Momentum: FAIL | momentum_weak body=1.16 < 3.49 (0.4x ATR)
2026-08-12 21:05:19,206 TIE_Production --- Scanning XAUUSD ---
2026-08-12 21:05:20,462 TIE_Production MARKET REGIME: RANGING (strength=60) | SUGGESTED ENGINE: SemiHFT
2026-08-12 21:05:20,465 strategies.semi_hft.strategy [LIQ_VACUUM] GOOD clear_path_up dir=BUY
2026-08-12 21:05:20,465 strategies.semi_hft.strategy [ZSCORE] zscore_ok z=0.26
2026-08-12 21:05:20,465 StrategyManager Strategy semi_hft_c8_v4 returned WAIT: pullback:m15_flat_no_trend regime=TRENDING str=60
2026-08-12 21:05:20,466 strategies.aggressive.strategy [LIQ_VACUUM] GOOD clear_path_up dir=BUY
2026-08-12 21:05:20,467 strategies.aggressive.strategy [ZSCORE] zscore_ok z=0.26
2026-08-12 21:05:20,467 StrategyManager Strategy aggressive_v1 returned WAIT: rme:debate_block:penalty_92.2
2026-08-12 21:05:20,468 BystraStrategy Bystra best detector: SNRC3 conf=85% dir=BUY
2026-08-12 21:05:20,468 BystraStrategy Bystra pattern blacklist: SNRC3 @ zone 0 already fired, skip
2026-08-12 21:05:20,468 StrategyManager Strategy bystra_v1 returned WAIT: pattern_blacklist:SNRC3
2026-08-12 21:05:20,468 TIE_Production No setup for XAUUSD (WAIT)
2026-08-12 21:05:20,479 GateObservatory [XAUUSD/TIE_V4] Outcome: NO_TRADE | no_signal
2026-08-12 21:05:31,563 TIE_Production --- Scanning XAUUSD ---
2026-08-12 21:05:32,801 TIE_Production MARKET REGIME: TRENDING (strength=70) | SUGGESTED ENGINE: Aggressive
2026-08-12 21:05:32,802 strategies.semi_hft.strategy [LIQ_VACUUM] GOOD clear_path_up dir=BUY
2026-08-12 21:05:32,802 strategies.semi_hft.strategy [ZSCORE] zscore_ok z=0.33
2026-08-12 21:05:32,802 StrategyManager Strategy semi_hft_c8_v4 returned WAIT: pullback:m15_flat_no_trend regime=TRENDING str=69
2026-08-12 21:05:32,803 strategies.aggressive.strategy [LIQ_VACUUM] GOOD clear_path_up dir=BUY
2026-08-12 21:05:32,803 strategies.aggressive.strategy [ZSCORE] zscore_ok z=0.33
2026-08-12 21:05:32,803 StrategyManager Strategy aggressive_v1 returned WAIT: rme:score_low:45.1
2026-08-12 21:05:32,804 BystraStrategy Bystra best detector: SNRC3 conf=85% dir=BUY
2026-08-12 21:05:32,804 BystraStrategy Bystra pattern blacklist: SNRC3 @ zone 0 already fired, skip
2026-08-12 21:05:32,804 StrategyManager Strategy bystra_v1 returned WAIT: pattern_blacklist:SNRC3
2026-08-12 21:05:32,804 TIE_Production No setup for XAUUSD (WAIT)
2026-08-12 21:05:32,810 GateObservatory [XAUUSD/TIE_V4] Outcome: NO_TRADE | no_signal
2026-08-12 21:05:43,581 TIE_Production --- Scanning XAUUSD ---
2026-08-12 21:05:44,638 TIE_Production MARKET REGIME: TRENDING (strength=65) | SUGGESTED ENGINE: Aggressive
2026-08-12 21:05:44,640 strategies.semi_hft.strategy [LIQ_VACUUM] GOOD clear_path_up dir=BUY
2026-08-12 21:05:44,640 strategies.semi_hft.strategy [ZSCORE] zscore_ok z=0.32
2026-08-12 21:05:44,640 StrategyManager Strategy semi_hft_c8_v4 returned WAIT: pullback:m15_flat_no_trend regime=TRENDING str=65
2026-08-12 21:05:44,640 strategies.aggressive.strategy [LIQ_VACUUM] GOOD clear_path_up dir=BUY
2026-08-12 21:05:44,641 strategies.aggressive.strategy [ZSCORE] zscore_ok z=0.32
2026-08-12 21:05:44,641 StrategyManager Strategy aggressive_v1 returned WAIT: rme:score_low:43.3
2026-08-12 21:05:44,642 BystraStrategy Bystra best detector: SNRC3 conf=85% dir=BUY
2026-08-12 21:05:44,642 BystraStrategy Bystra pattern blacklist: SNRC3 @ zone 0 already fired, skip
2026-08-12 21:05:44,642 StrategyManager Strategy bystra_v1 returned WAIT: pattern_blacklist:SNRC3
2026-08-12 21:05:44,642 TIE_Production No setup for XAUUSD (WAIT)
2026-08-12 21:05:44,649 GateObservatory [XAUUSD/TIE_V4] Outcome: NO_TRADE | no_signal
2026-08-12 21:05:55,915 TIE_Production --- Scanning XAUUSD ---
2026-08-12 21:05:57,194 TIE_Production MARKET REGIME: TRENDING (strength=78) | SUGGESTED ENGINE: Aggressive
2026-08-12 21:05:57,195 strategies.semi_hft.strategy [LIQ_VACUUM] GOOD clear_path_up dir=BUY
2026-08-12 21:05:57,195 strategies.semi_hft.strategy [ZSCORE] zscore_ok z=0.46
2026-08-12 21:05:57,195 StrategyManager Strategy semi_hft_c8_v4 returned WAIT: pullback:m5_weak_trend dir=BUY
2026-08-12 21:05:57,196 strategies.aggressive.strategy [LIQ_VACUUM] GOOD clear_path_up dir=BUY
2026-08-12 21:05:57,196 strategies.aggressive.strategy [ZSCORE] zscore_ok z=0.46
2026-08-12 21:05:57,196 StrategyManager Strategy aggressive_v1 returned WAIT: rme:score_low:49.5
2026-08-12 21:05:57,197 BystraStrategy Bystra best detector: SNRC3 conf=85% dir=BUY
2026-08-12 21:05:57,197 BystraStrategy Bystra pattern blacklist: SNRC3 @ zone 0 already fired, skip
2026-08-12 21:05:57,197 StrategyManager Strategy bystra_v1 returned WAIT: pattern_blacklist:SNRC3
2026-08-12 21:05:57,198 TIE_Production No setup for XAUUSD (WAIT)
2026-08-12 21:05:57,205 GateObservatory [XAUUSD/TIE_V4] Outcome: NO_TRADE | no_signal
2026-08-12 21:06:08,018 TIE_Production --- Scanning XAUUSD ---
2026-08-12 21:06:09,286 TIE_Production MARKET REGIME: RANGING (strength=60) | SUGGESTED ENGINE: SemiHFT
2026-08-12 21:06:09,287 strategies.semi_hft.strategy [LIQ_VACUUM] GOOD clear_path_down dir=SELL
2026-08-12 21:06:09,288 strategies.semi_hft.strategy [ZSCORE] zscore_ok z=0.30
2026-08-12 21:06:09,288 StrategyManager Strategy semi_hft_c8_v4 returned WAIT: pullback:m15_flat_no_trend regime=TRENDING str=60
2026-08-12 21:06:09,288 strategies.aggressive.strategy [LIQ_VACUUM] GOOD clear_path_up dir=BUY
2026-08-12 21:06:09,288 strategies.aggressive.strategy [ZSCORE] zscore_ok z=0.30
2026-08-12 21:06:09,289 StrategyManager Strategy aggressive_v1 returned WAIT: rme:debate_block:penalty_63.5
2026-08-12 21:06:09,289 BystraStrategy Bystra best detector: SNRC3 conf=85% dir=BUY
2026-08-12 21:06:09,290 BystraStrategy Bystra pattern blacklist: SNRC3 @ zone 0 already fired, skip
2026-08-12 21:06:09,290 StrategyManager Strategy bystra_v1 returned WAIT: pattern_blacklist:SNRC3
2026-08-12 21:06:09,290 TIE_Production No setup for XAUUSD (WAIT)
2026-08-12 21:06:09,294 GateObservatory [XAUUSD/TIE_V4] Outcome: NO_TRADE | no_signal
2026-08-12 21:06:20,241 TIE_Production --- Scanning XAUUSD ---
2026-08-12 21:06:21,536 TIE_Production MARKET REGIME: TRENDING (strength=74) | SUGGESTED ENGINE: Aggressive
2026-08-12 21:06:21,537 strategies.semi_hft.strategy [LIQ_VACUUM] GOOD clear_path_up dir=BUY
2026-08-12 21:06:21,538 strategies.semi_hft.strategy [ZSCORE] zscore_ok z=0.44
2026-08-12 21:06:21,538 StrategyManager Strategy semi_hft_c8_v4 returned WAIT: pullback:m5_weak_trend dir=BUY
2026-08-12 21:06:21,538 strategies.aggressive.strategy [LIQ_VACUUM] GOOD clear_path_up dir=BUY
2026-08-12 21:06:21,539 strategies.aggressive.strategy [ZSCORE] zscore_ok z=0.44
2026-08-12 21:06:21,539 StrategyManager Strategy aggressive_v1 returned WAIT: rme:score_low:47.6
2026-08-12 21:06:21,540 BystraStrategy Bystra best detector: SNRC3 conf=85% dir=BUY
2026-08-12 21:06:21,540 BystraStrategy Bystra pattern blacklist: SNRC3 @ zone 0 already fired, skip
2026-08-12 21:06:21,540 StrategyManager Strategy bystra_v1 returned WAIT: pattern_blacklist:SNRC3
2026-08-12 21:06:21,540 TIE_Production No setup for XAUUSD (WAIT)
2026-08-12 21:06:21,545 GateObservatory [XAUUSD/TIE_V4] Outcome: NO_TRADE | no_signal
2026-08-12 21:06:31,249 MT5BrokerAdapter MT5BrokerAdapter initialized OK
2026-08-12 21:06:31,257 BystraStrategy BystraStrategy loaded 5 zone blacklist entries
2026-08-12 21:06:31,258 BystraStrategy BystraStrategy initialized — 10 detectors
2026-08-12 21:06:31,258 StrategyManager Registered strategy Bystra v1.0.0
2026-08-12 21:06:31,258 strategies.aggressive.strategy RiriMicroScalpEngine (RME) initialized — score-based pipeline
2026-08-12 21:06:31,258 StrategyManager Registered strategy Aggressive v0.1.0
2026-08-12 21:06:31,259 strategies.semi_hft.strategy SemiHFTStrategyV4 init — C8 Score Pipeline + Pullback Filter
2026-08-12 21:06:31,259 StrategyManager Registered strategy SemiHFT V4 v4.0
2026-08-12 21:06:31,262 TIE_Production TIE Production Multi-Symbol started: ['XAUUSD']. Risk Gate active. Observatory enabled. Governor enabled.
2026-08-12 21:06:31,372 TIE_Production --- Scanning XAUUSD ---
2026-08-12 21:06:32,292 regime_allocator Strategy status updated by Regime Allocator: {'aggressive_v1': True, 'semi_hft_c8_v4': True, 'bystra_v1': True}
2026-08-12 21:06:32,293 regime_allocator REGIME SWITCH: TRENDING -> TRENDING (engine=Aggressive, fast_path=True)
2026-08-12 21:06:32,293 TIE_Production MARKET REGIME: TRENDING (strength=72) | SUGGESTED ENGINE: Aggressive
2026-08-12 21:06:32,294 StrategyManager Strategy semi_hft_c8_v4 returned WAIT: no_setup:no_structural_setup
2026-08-12 21:06:32,295 StrategyManager Strategy aggressive_v1 returned WAIT: no_setup:no_structural_setup
2026-08-12 21:06:32,297 BystraStrategy Bystra best detector: SNRC3 conf=85% dir=BUY
2026-08-12 21:06:32,298 MultiStrategyRuntime Scan 3.9ms — strategies=3 signals=1 dir=buy source=bystra_v1
2026-08-12 21:06:32,311 GateObservatory [XAUUSD/TIE_V4] Gate Detector: PASS | setup=B_BUY lot=0.01
2026-08-12 21:06:32,312 core.strategy.exit_orchestrator [B_BUY] RR optimized: 0.96 -> 1.50 (Widened TP for Gate, dir=BUY, dir_sign=1)
2026-08-12 21:06:32,312 TIE_Production ExitOrchestrator adjusted SL/TP for B_BUY: new SL=4407.17 TP=4458.79 RR=1.50 (adj=True)
2026-08-12 21:06:32,312 TIE_Production Setup detected: B_BUY BUY conf=85%
2026-08-12 21:06:32,385 TIE_Production Momentum Gate: ❌ BLOCK BUY — momentum_weak body=1.16 < 3.53 (0.4x ATR)
2026-08-12 21:06:32,387 TIE_Production --- Scanning XAUUSD ---
2026-08-12 21:06:32,392 GateObservatory [XAUUSD/TIE_V4] Gate Momentum: FAIL | momentum_weak body=1.16 < 3.53 (0.4x ATR)
2026-08-12 21:06:36,028 TIE_Production MARKET REGIME: TRENDING (strength=72) | SUGGESTED ENGINE: Aggressive
2026-08-12 21:06:36,030 strategies.semi_hft.strategy [LIQ_VACUUM] GOOD clear_path_up dir=BUY
2026-08-12 21:06:36,031 strategies.semi_hft.strategy [ZSCORE] zscore_ok z=0.43
2026-08-12 21:06:36,031 StrategyManager Strategy semi_hft_c8_v4 returned WAIT: pullback:m5_weak_trend dir=BUY
2026-08-12 21:06:36,032 strategies.aggressive.strategy [LIQ_VACUUM] GOOD clear_path_up dir=BUY
2026-08-12 21:06:36,032 strategies.aggressive.strategy [ZSCORE] zscore_ok z=0.43
2026-08-12 21:06:36,032 StrategyManager Strategy aggressive_v1 returned WAIT: rme:score_low:46.6
2026-08-12 21:06:36,033 BystraStrategy Bystra best detector: SNRC3 conf=85% dir=BUY
2026-08-12 21:06:36,033 BystraStrategy Bystra pattern blacklist: SNRC3 @ zone 0 already fired, skip
2026-08-12 21:06:36,033 StrategyManager Strategy bystra_v1 returned WAIT: pattern_blacklist:SNRC3
2026-08-12 21:06:36,033 TIE_Production No setup for XAUUSD (WAIT)
2026-08-12 21:06:36,042 GateObservatory [XAUUSD/TIE_V4] Outcome: NO_TRADE | no_signal
2026-08-12 21:06:43,171 TIE_Production --- Scanning XAUUSD ---
2026-08-12 21:06:44,181 TIE_Production MARKET REGIME: TRENDING (strength=75) | SUGGESTED ENGINE: Aggressive
2026-08-12 21:06:44,182 StrategyManager Strategy semi_hft_c8_v4 returned WAIT: no_setup:no_structural_setup
2026-08-12 21:06:44,182 StrategyManager Strategy aggressive_v1 returned WAIT: no_setup:no_structural_setup
2026-08-12 21:06:44,184 BystraStrategy Bystra best detector: SNRC3 conf=85% dir=BUY
2026-08-12 21:06:44,184 BystraStrategy Bystra pattern blacklist: SNRC3 @ zone 0 already fired, skip
2026-08-12 21:06:44,184 StrategyManager Strategy bystra_v1 returned WAIT: pattern_blacklist:SNRC3
2026-08-12 21:06:44,184 TIE_Production No setup for XAUUSD (WAIT)
2026-08-12 21:06:44,192 GateObservatory [XAUUSD/TIE_V4] Outcome: NO_TRADE | no_signal
2026-08-12 21:06:46,869 TIE_Production --- Scanning XAUUSD ---
2026-08-12 21:06:48,032 TIE_Production MARKET REGIME: TRENDING (strength=93) | SUGGESTED ENGINE: Aggressive
2026-08-12 21:06:48,034 strategies.semi_hft.strategy [LIQ_VACUUM] GOOD clear_path_up dir=BUY
2026-08-12 21:06:48,034 strategies.semi_hft.strategy [ZSCORE] zscore_ok z=0.59
2026-08-12 21:06:48,034 StrategyManager Strategy semi_hft_c8_v4 returned WAIT: pullback:m5_weak_trend dir=BUY
2026-08-12 21:06:48,035 strategies.aggressive.strategy [LIQ_VACUUM] GOOD clear_path_up dir=BUY
2026-08-12 21:06:48,035 strategies.aggressive.strategy [ZSCORE] zscore_ok z=0.59
2026-08-12 21:06:48,035 StrategyManager Strategy aggressive_v1 returned WAIT: rme:score_low:56.7
2026-08-12 21:06:48,036 BystraStrategy Bystra best detector: SNRC3 conf=85% dir=BUY
2026-08-12 21:06:48,036 BystraStrategy Bystra pattern blacklist: SNRC3 @ zone 0 already fired, skip
2026-08-12 21:06:48,036 StrategyManager Strategy bystra_v1 returned WAIT: pattern_blacklist:SNRC3
2026-08-12 21:06:48,037 TIE_Production No setup for XAUUSD (WAIT)
2026-08-12 21:06:48,041 GateObservatory [XAUUSD/TIE_V4] Outcome: NO_TRADE | no_signal
2026-08-12 21:06:54,991 TIE_Production --- Scanning XAUUSD ---
2026-08-12 21:06:55,872 TIE_Production MARKET REGIME: TRENDING (strength=80) | SUGGESTED ENGINE: Aggressive
2026-08-12 21:06:55,873 StrategyManager Strategy semi_hft_c8_v4 returned WAIT: no_setup:no_structural_setup
2026-08-12 21:06:55,874 StrategyManager Strategy aggressive_v1 returned WAIT: no_setup:no_structural_setup
2026-08-12 21:06:55,875 BystraStrategy Bystra best detector: SNRC3 conf=85% dir=BUY
2026-08-12 21:06:55,876 BystraStrategy Bystra pattern blacklist: SNRC3 @ zone 0 already fired, skip
2026-08-12 21:06:55,876 StrategyManager Strategy bystra_v1 returned WAIT: pattern_blacklist:SNRC3
2026-08-12 21:06:55,876 TIE_Production No setup for XAUUSD (WAIT)
2026-08-12 21:06:55,880 GateObservatory [XAUUSD/TIE_V4] Outcome: NO_TRADE | no_signal
2026-08-12 21:06:58,838 TIE_Production --- Scanning XAUUSD ---
2026-08-12 21:06:59,842 TIE_Production MARKET REGIME: TRENDING (strength=85) | SUGGESTED ENGINE: Aggressive
2026-08-12 21:06:59,843 strategies.semi_hft.strategy [LIQ_VACUUM] GOOD clear_path_up dir=BUY
2026-08-12 21:06:59,844 strategies.semi_hft.strategy [ZSCORE] zscore_ok z=0.53
2026-08-12 21:06:59,844 StrategyManager Strategy semi_hft_c8_v4 returned WAIT: pullback:m5_weak_trend dir=BUY
2026-08-12 21:06:59,844 strategies.aggressive.strategy [LIQ_VACUUM] GOOD clear_path_up dir=BUY
2026-08-12 21:06:59,846 strategies.aggressive.strategy [ZSCORE] zscore_ok z=0.53
2026-08-12 21:06:59,846 StrategyManager Strategy aggressive_v1 returned WAIT: rme:score_low:52.6
2026-08-12 21:06:59,847 BystraStrategy Bystra best detector: SNRC3 conf=85% dir=BUY
2026-08-12 21:06:59,847 BystraStrategy Bystra pattern blacklist: SNRC3 @ zone 0 already fired, skip
2026-08-12 21:06:59,847 StrategyManager Strategy bystra_v1 returned WAIT: pattern_blacklist:SNRC3
2026-08-12 21:06:59,847 TIE_Production No setup for XAUUSD (WAIT)
2026-08-12 21:06:59,854 GateObservatory [XAUUSD/TIE_V4] Outcome: NO_TRADE | no_signal
2026-08-12 21:07:06,767 TIE_Production --- Scanning XAUUSD ---
2026-08-12 21:07:07,750 regime_allocator Strategy status updated by Regime Allocator: {'aggressive_v1': True, 'semi_hft_c8_v4': True, 'bystra_v1': True}
2026-08-12 21:07:07,750 regime_allocator REGIME SWITCH: CHAOS -> CHAOS (engine=Hibernate, fast_path=True)
2026-08-12 21:07:07,750 TIE_Production MARKET REGIME: CHAOS (strength=60) | SUGGESTED ENGINE: Hibernate
2026-08-12 21:07:07,750 TIE_Production REGIME GATE: CHAOS — skip scan (unsafe market)
2026-08-12 21:07:10,574 TIE_Production --- Scanning XAUUSD ---
2026-08-12 21:07:11,468 regime_allocator Strategy status updated by Regime Allocator: {'aggressive_v1': True, 'semi_hft_c8_v4': True, 'bystra_v1': True}
2026-08-12 21:07:11,468 regime_allocator REGIME SWITCH: CHAOS -> CHAOS (engine=Hibernate, fast_path=True)
2026-08-12 21:07:11,468 TIE_Production MARKET REGIME: CHAOS (strength=60) | SUGGESTED ENGINE: Hibernate
2026-08-12 21:07:11,468 TIE_Production REGIME GATE: CHAOS — skip scan (unsafe market)
2026-08-12 21:07:18,549 TIE_Production --- Scanning XAUUSD ---
2026-08-12 21:07:19,470 TIE_Production MARKET REGIME: CHAOS (strength=60) | SUGGESTED ENGINE: Hibernate
2026-08-12 21:07:19,470 TIE_Production REGIME GATE: CHAOS — skip scan (unsafe market)
2026-08-12 21:07:27,111 TIE_Production --- Scanning XAUUSD ---
2026-08-12 21:07:30,259 TIE_Production --- Scanning XAUUSD ---
2026-08-12 21:07:32,182 TIE_Production MARKET REGIME: CHAOS (strength=60) | SUGGESTED ENGINE: Hibernate
2026-08-12 21:07:32,182 TIE_Production REGIME GATE: CHAOS — skip scan (unsafe market)
2026-08-12 21:07:32,729 TIE_Production MARKET REGIME: CHAOS (strength=60) | SUGGESTED ENGINE: Hibernate
2026-08-12 21:07:32,730 TIE_Production REGIME GATE: CHAOS — skip scan (unsafe market)
2026-08-12 21:07:43,132 TIE_Production --- Scanning XAUUSD ---
2026-08-12 21:07:43,588 TIE_Production --- Scanning XAUUSD ---
2026-08-12 21:07:44,130 TIE_Production MARKET REGIME: CHAOS (strength=60) | SUGGESTED ENGINE: Hibernate
2026-08-12 21:07:44,130 TIE_Production REGIME GATE: CHAOS — skip scan (unsafe market)
2026-08-12 21:07:44,648 TIE_Production MARKET REGIME: CHAOS (strength=60) | SUGGESTED ENGINE: Hibernate
2026-08-12 21:07:44,648 TIE_Production REGIME GATE: CHAOS — skip scan (unsafe market)
2026-08-12 21:07:54,947 TIE_Production --- Scanning XAUUSD ---
2026-08-12 21:07:55,329 TIE_Production --- Scanning XAUUSD ---
2026-08-12 21:07:55,912 TIE_Production MARKET REGIME: CHAOS (strength=60) | SUGGESTED ENGINE: Hibernate
2026-08-12 21:07:55,912 TIE_Production REGIME GATE: CHAOS — skip scan (unsafe market)
2026-08-12 21:07:56,277 TIE_Production MARKET REGIME: CHAOS (strength=60) | SUGGESTED ENGINE: Hibernate
2026-08-12 21:07:56,277 TIE_Production REGIME GATE: CHAOS — skip scan (unsafe market)
2026-08-12 21:08:06,804 TIE_Production --- Scanning XAUUSD ---
2026-08-12 21:08:07,068 TIE_Production --- Scanning XAUUSD ---
2026-08-12 21:08:07,745 TIE_Production MARKET REGIME: CHAOS (strength=60) | SUGGESTED ENGINE: Hibernate
2026-08-12 21:08:07,745 TIE_Production REGIME GATE: CHAOS — skip scan (unsafe market)
2026-08-12 21:08:07,962 TIE_Production MARKET REGIME: CHAOS (strength=60) | SUGGESTED ENGINE: Hibernate
2026-08-12 21:08:07,962 TIE_Production REGIME GATE: CHAOS — skip scan (unsafe market)
2026-08-12 21:08:18,540 TIE_Production --- Scanning XAUUSD ---
2026-08-12 21:08:18,874 TIE_Production --- Scanning XAUUSD ---
2026-08-12 21:08:19,747 TIE_Production MARKET REGIME: CHAOS (strength=60) | SUGGESTED ENGINE: Hibernate
2026-08-12 21:08:19,748 TIE_Production REGIME GATE: CHAOS — skip scan (unsafe market)
2026-08-12 21:08:19,784 TIE_Production MARKET REGIME: CHAOS (strength=60) | SUGGESTED ENGINE: Hibernate
2026-08-12 21:08:19,784 TIE_Production REGIME GATE: CHAOS — skip scan (unsafe market)
2026-08-12 21:08:30,659 TIE_Production --- Scanning XAUUSD ---
2026-08-12 21:08:30,873 TIE_Production --- Scanning XAUUSD ---
2026-08-12 21:08:31,691 TIE_Production MARKET REGIME: CHAOS (strength=60) | SUGGESTED ENGINE: Hibernate
2026-08-12 21:08:31,691 TIE_Production REGIME GATE: CHAOS — skip scan (unsafe market)
2026-08-12 21:08:31,799 TIE_Production MARKET REGIME: CHAOS (strength=60) | SUGGESTED ENGINE: Hibernate
2026-08-12 21:08:31,800 TIE_Production REGIME GATE: CHAOS — skip scan (unsafe market)
2026-08-12 21:08:42,586 TIE_Production --- Scanning XAUUSD ---
2026-08-12 21:08:43,532 TIE_Production MARKET REGIME: CHAOS (strength=60) | SUGGESTED ENGINE: Hibernate
2026-08-12 21:08:43,532 TIE_Production REGIME GATE: CHAOS — skip scan (unsafe market)
2026-08-12 21:08:50,071 TIE_Production --- Scanning XAUUSD ---
2026-08-12 21:08:51,005 TIE_Production MARKET REGIME: CHAOS (strength=60) | SUGGESTED ENGINE: Hibernate
2026-08-12 21:08:51,006 TIE_Production REGIME GATE: CHAOS — skip scan (unsafe market)
2026-08-12 21:08:54,331 TIE_Production --- Scanning XAUUSD ---
2026-08-12 21:08:55,328 TIE_Production MARKET REGIME: CHAOS (strength=60) | SUGGESTED ENGINE: Hibernate
2026-08-12 21:08:55,328 TIE_Production REGIME GATE: CHAOS — skip scan (unsafe market)
2026-08-12 21:09:01,879 TIE_Production --- Scanning XAUUSD ---
2026-08-12 21:09:02,858 TIE_Production MARKET REGIME: CHAOS (strength=60) | SUGGESTED ENGINE: Hibernate
2026-08-12 21:09:02,858 TIE_Production REGIME GATE: CHAOS — skip scan (unsafe market)
2026-08-12 21:09:06,067 TIE_Production --- Scanning XAUUSD ---
2026-08-12 21:09:07,032 TIE_Production MARKET REGIME: CHAOS (strength=60) | SUGGESTED ENGINE: Hibernate
2026-08-12 21:09:07,032 TIE_Production REGIME GATE: CHAOS — skip scan (unsafe market)
2026-08-12 21:09:13,710 TIE_Production --- Scanning XAUUSD ---
2026-08-12 21:09:14,573 TIE_Production MARKET REGIME: CHAOS (strength=60) | SUGGESTED ENGINE: Hibernate
2026-08-12 21:09:14,573 TIE_Production REGIME GATE: CHAOS — skip scan (unsafe market)
2026-08-12 21:09:17,868 TIE_Production --- Scanning XAUUSD ---
2026-08-12 21:09:18,786 TIE_Production MARKET REGIME: CHAOS (strength=60) | SUGGESTED ENGINE: Hibernate
2026-08-12 21:09:18,786 TIE_Production REGIME GATE: CHAOS — skip scan (unsafe market)
2026-08-12 21:09:25,455 TIE_Production --- Scanning XAUUSD ---
2026-08-12 21:09:27,778 TIE_Production MARKET REGIME: CHAOS (strength=60) | SUGGESTED ENGINE: Hibernate
2026-08-12 21:09:27,779 TIE_Production REGIME GATE: CHAOS — skip scan (unsafe market)
2026-08-12 21:09:29,655 TIE_Production --- Scanning XAUUSD ---
2026-08-12 21:09:30,591 TIE_Production MARKET REGIME: CHAOS (strength=60) | SUGGESTED ENGINE: Hibernate
2026-08-12 21:09:30,591 TIE_Production REGIME GATE: CHAOS — skip scan (unsafe market)
2026-08-12 21:09:38,707 TIE_Production --- Scanning XAUUSD ---
2026-08-12 21:09:39,652 TIE_Production MARKET REGIME: CHAOS (strength=60) | SUGGESTED ENGINE: Hibernate
2026-08-12 21:09:39,652 TIE_Production REGIME GATE: CHAOS — skip scan (unsafe market)
2026-08-12 21:09:41,413 TIE_Production --- Scanning XAUUSD ---
2026-08-12 21:09:45,148 TIE_Production MARKET REGIME: CHAOS (strength=60) | SUGGESTED ENGINE: Hibernate
2026-08-12 21:09:45,148 TIE_Production REGIME GATE: CHAOS — skip scan (unsafe market)
2026-08-12 21:09:50,715 TIE_Production --- Scanning XAUUSD ---
2026-08-12 21:09:51,629 TIE_Production MARKET REGIME: CHAOS (strength=60) | SUGGESTED ENGINE: Hibernate
2026-08-12 21:09:51,629 TIE_Production REGIME GATE: CHAOS — skip scan (unsafe market)
2026-08-12 21:09:56,060 TIE_Production --- Scanning XAUUSD ---
2026-08-12 21:09:57,413 TIE_Production MARKET REGIME: CHAOS (strength=60) | SUGGESTED ENGINE: Hibernate
2026-08-12 21:09:57,414 TIE_Production REGIME GATE: CHAOS — skip scan (unsafe market)
2026-08-12 21:10:02,695 TIE_Production --- Scanning XAUUSD ---
2026-08-12 21:10:03,785 TIE_Production MARKET REGIME: RANGING (strength=60) | SUGGESTED ENGINE: SemiHFT
2026-08-12 21:10:03,788 strategies.semi_hft.strategy [LIQ_VACUUM] GOOD clear_path_up dir=BUY
2026-08-12 21:10:03,790 strategies.semi_hft.strategy [ZSCORE] zscore_ok z=0.69
2026-08-12 21:10:03,790 strategies.semi_hft.strategy [PULLBACK] trend_follow_UP_m5_gas_ok | M15=UP
2026-08-12 21:10:03,901 strategies.semi_hft.strategy [MACD] macd_up_buy_ok macd=3.42 sig=3.08
2026-08-12 21:10:03,902 StrategyManager Strategy semi_hft_c8_v4 returned WAIT: entry_low:53
2026-08-12 21:10:03,903 StrategyManager Strategy aggressive_v1 returned WAIT: tl_guard:NO_SELL_BREAK
2026-08-12 21:10:03,905 BystraStrategy Bystra best detector: SNRC3 conf=85% dir=BUY
2026-08-12 21:10:03,905 BystraStrategy Bystra pattern blacklist: SNRC3 @ zone 0 already fired, skip
2026-08-12 21:10:03,906 StrategyManager Strategy bystra_v1 returned WAIT: pattern_blacklist:SNRC3
2026-08-12 21:10:03,906 TIE_Production No setup for XAUUSD (WAIT)
2026-08-12 21:10:03,922 GateObservatory [XAUUSD/TIE_V4] Outcome: NO_TRADE | no_signal
2026-08-12 21:10:08,303 TIE_Production --- Scanning XAUUSD ---
2026-08-12 21:10:09,540 regime_allocator Strategy status updated by Regime Allocator: {'aggressive_v1': True, 'semi_hft_c8_v4': True, 'bystra_v1': True}
2026-08-12 21:10:09,540 regime_allocator REGIME SWITCH: TRENDING -> TRENDING (engine=Aggressive, fast_path=True)
2026-08-12 21:10:09,540 TIE_Production MARKET REGIME: TRENDING (strength=77) | SUGGESTED ENGINE: Aggressive
2026-08-12 21:10:09,545 StrategyManager Strategy semi_hft_c8_v4 returned WAIT: no_setup:no_structural_setup
2026-08-12 21:10:09,545 StrategyManager Strategy aggressive_v1 returned WAIT: no_setup:no_structural_setup
2026-08-12 21:10:09,547 BystraStrategy Bystra best detector: SNRC3 conf=85% dir=BUY
2026-08-12 21:10:09,547 BystraStrategy Bystra pattern blacklist: SNRC3 @ zone 0 already fired, skip
2026-08-12 21:10:09,547 StrategyManager Strategy bystra_v1 returned WAIT: pattern_blacklist:SNRC3
2026-08-12 21:10:09,549 TIE_Production No setup for XAUUSD (WAIT)
2026-08-12 21:10:09,560 GateObservatory [XAUUSD/TIE_V4] Outcome: NO_TRADE | no_signal
2026-08-12 21:10:14,837 TIE_Production --- Scanning XAUUSD ---
2026-08-12 21:10:15,964 regime_allocator Strategy status updated by Regime Allocator: {'aggressive_v1': True, 'semi_hft_c8_v4': True, 'bystra_v1': True}
2026-08-12 21:10:15,965 regime_allocator REGIME SWITCH: TRENDING -> TRENDING (engine=Aggressive, fast_path=True)
2026-08-12 21:10:15,965 TIE_Production MARKET REGIME: TRENDING (strength=76) | SUGGESTED ENGINE: Aggressive
2026-08-12 21:10:15,972 strategies.semi_hft.strategy [LIQ_VACUUM] GOOD clear_path_up dir=BUY
2026-08-12 21:10:15,974 strategies.semi_hft.strategy [ZSCORE] zscore_ok z=0.83
2026-08-12 21:10:15,974 strategies.semi_hft.strategy [PULLBACK] trend_follow_UP_m5_gas_ok | M15=UP
2026-08-12 21:10:15,974 strategies.semi_hft.strategy [MACD] macd_up_buy_ok macd=3.50 sig=3.15
2026-08-12 21:10:15,975 StrategyManager Strategy semi_hft_c8_v4 returned WAIT: m5_guard:BLOCK_RANGE
2026-08-12 21:10:15,976 strategies.aggressive.strategy [LIQ_VACUUM] GOOD clear_path_up dir=BUY
2026-08-12 21:10:15,976 strategies.aggressive.strategy [ZSCORE] zscore_ok z=0.83
2026-08-12 21:10:15,976 StrategyManager Strategy aggressive_v1 returned WAIT: rme:score_low:46.8
2026-08-12 21:10:15,979 BystraStrategy Bystra best detector: SNRC3 conf=85% dir=BUY
2026-08-12 21:10:15,980 BystraStrategy Bystra pattern blacklist: SNRC3 @ zone 0 already fired, skip
2026-08-12 21:10:15,980 StrategyManager Strategy bystra_v1 returned WAIT: pattern_blacklist:SNRC3
2026-08-12 21:10:15,980 TIE_Production No setup for XAUUSD (WAIT)
2026-08-12 21:10:15,986 GateObservatory [XAUUSD/TIE_V4] Outcome: NO_TRADE | no_signal
2026-08-12 21:10:20,471 TIE_Production --- Scanning XAUUSD ---
2026-08-12 21:10:21,346 TIE_Production MARKET REGIME: TRENDING (strength=66) | SUGGESTED ENGINE: Aggressive
2026-08-12 21:10:21,347 StrategyManager Strategy semi_hft_c8_v4 returned WAIT: no_setup:no_structural_setup
2026-08-12 21:10:21,348 StrategyManager Strategy aggressive_v1 returned WAIT: no_setup:no_structural_setup
2026-08-12 21:10:21,349 BystraStrategy Bystra best detector: SNRC3 conf=85% dir=BUY
2026-08-12 21:10:21,349 BystraStrategy Bystra pattern blacklist: SNRC3 @ zone 0 already fired, skip
2026-08-12 21:10:21,349 StrategyManager Strategy bystra_v1 returned WAIT: pattern_blacklist:SNRC3
2026-08-12 21:10:21,349 TIE_Production No setup for XAUUSD (WAIT)
2026-08-12 21:10:21,354 GateObservatory [XAUUSD/TIE_V4] Outcome: NO_TRADE | no_signal
2026-08-12 21:10:26,780 TIE_Production --- Scanning XAUUSD ---
2026-08-12 21:10:27,736 TIE_Production MARKET REGIME: RANGING (strength=60) | SUGGESTED ENGINE: SemiHFT
2026-08-12 21:10:27,737 strategies.semi_hft.strategy [LIQ_VACUUM] GOOD clear_path_up dir=BUY
2026-08-12 21:10:27,737 strategies.semi_hft.strategy [ZSCORE] zscore_ok z=0.73
2026-08-12 21:10:27,737 strategies.semi_hft.strategy [PULLBACK] trend_follow_UP_m5_gas_ok | M15=UP
2026-08-12 21:10:27,737 strategies.semi_hft.strategy [MACD] macd_up_buy_ok macd=3.45 sig=3.10
2026-08-12 21:10:27,737 StrategyManager Strategy semi_hft_c8_v4 returned WAIT: entry_low:54
2026-08-12 21:10:27,738 strategies.aggressive.strategy [LIQ_VACUUM] GOOD clear_path_up dir=BUY
2026-08-12 21:10:27,738 strategies.aggressive.strategy [ZSCORE] zscore_ok z=0.73
2026-08-12 21:10:27,738 StrategyManager Strategy aggressive_v1 returned WAIT: rme:debate_block:penalty_63.9
2026-08-12 21:10:27,739 BystraStrategy Bystra best detector: SNRC3 conf=85% dir=BUY
2026-08-12 21:10:27,739 BystraStrategy Bystra pattern blacklist: SNRC3 @ zone 0 already fired, skip
2026-08-12 21:10:27,739 StrategyManager Strategy bystra_v1 returned WAIT: pattern_blacklist:SNRC3
2026-08-12 21:10:27,739 TIE_Production No setup for XAUUSD (WAIT)
2026-08-12 21:10:27,745 GateObservatory [XAUUSD/TIE_V4] Outcome: NO_TRADE | no_signal
2026-08-12 21:10:32,237 TIE_Production --- Scanning XAUUSD ---
2026-08-12 21:10:33,395 TIE_Production MARKET REGIME: RANGING (strength=60) | SUGGESTED ENGINE: SemiHFT
2026-08-12 21:10:33,398 StrategyManager Strategy semi_hft_c8_v4 returned WAIT: no_setup:no_structural_setup
2026-08-12 21:10:33,399 StrategyManager Strategy aggressive_v1 returned WAIT: no_setup:no_structural_setup
2026-08-12 21:10:33,401 BystraStrategy Bystra best detector: SNRC3 conf=85% dir=BUY
2026-08-12 21:10:33,401 BystraStrategy Bystra pattern blacklist: SNRC3 @ zone 0 already fired, skip
2026-08-12 21:10:33,401 StrategyManager Strategy bystra_v1 returned WAIT: pattern_blacklist:SNRC3
2026-08-12 21:10:33,401 TIE_Production No setup for XAUUSD (WAIT)
2026-08-12 21:10:33,408 GateObservatory [XAUUSD/TIE_V4] Outcome: NO_TRADE | no_signal
2026-08-12 21:10:34,964 MT5BrokerAdapter MT5BrokerAdapter initialized OK
2026-08-12 21:10:34,972 BystraStrategy BystraStrategy loaded 5 zone blacklist entries
2026-08-12 21:10:34,972 BystraStrategy BystraStrategy initialized — 10 detectors
2026-08-12 21:10:34,972 StrategyManager Registered strategy Bystra v1.0.0
2026-08-12 21:10:34,972 strategies.aggressive.strategy RiriMicroScalpEngine (RME) initialized — score-based pipeline
2026-08-12 21:10:34,972 StrategyManager Registered strategy Aggressive v0.1.0
2026-08-12 21:10:34,973 strategies.semi_hft.strategy SemiHFTStrategyV4 init — C8 Score Pipeline + Pullback Filter
2026-08-12 21:10:34,973 StrategyManager Registered strategy SemiHFT V4 v4.0
2026-08-12 21:10:34,975 TIE_Production TIE Production Multi-Symbol started: ['XAUUSD']. Risk Gate active. Observatory enabled. Governor enabled.
2026-08-12 21:10:35,066 TIE_Production --- Scanning XAUUSD ---
2026-08-12 21:10:35,918 regime_allocator Strategy status updated by Regime Allocator: {'aggressive_v1': True, 'semi_hft_c8_v4': True, 'bystra_v1': True}
2026-08-12 21:10:35,919 regime_allocator REGIME SWITCH: RANGING -> RANGING (engine=SemiHFT, fast_path=False)
2026-08-12 21:10:35,919 TIE_Production MARKET REGIME: RANGING (strength=60) | SUGGESTED ENGINE: SemiHFT
2026-08-12 21:10:35,920 StrategyManager Strategy semi_hft_c8_v4 returned WAIT: no_setup:no_structural_setup
2026-08-12 21:10:35,920 StrategyManager Strategy aggressive_v1 returned WAIT: no_setup:no_structural_setup
2026-08-12 21:10:35,922 BystraStrategy Bystra best detector: SNRC3 conf=85% dir=BUY
2026-08-12 21:10:35,922 MultiStrategyRuntime Scan 2.5ms — strategies=3 signals=1 dir=buy source=bystra_v1
2026-08-12 21:10:35,931 GateObservatory [XAUUSD/TIE_V4] Gate Detector: PASS | setup=B_BUY lot=0.01
2026-08-12 21:10:35,931 core.strategy.exit_orchestrator [B_BUY] RR optimized: 0.77 -> 1.50 (Widened TP for Gate, dir=BUY, dir_sign=1)
2026-08-12 21:10:35,931 TIE_Production ExitOrchestrator adjusted SL/TP for B_BUY: new SL=4407.17 TP=4465.75 RR=1.50 (adj=True)
2026-08-12 21:10:35,931 TIE_Production Setup detected: B_BUY BUY conf=85%
2026-08-12 21:10:35,973 TIE_Production Risk Gate: ✅ PASS — XAUUSD
2026-08-12 21:10:35,977 GateObservatory [XAUUSD/TIE_V4] Gate RiskGate: PASS | all rules approve
2026-08-12 21:10:36,080 TIE_Production ✅ ORDER EXECUTED: XAUUSD BUY 0.01 lot | SL=4407.174 TP=4465.754 ticket=3627327051
2026-08-12 21:10:36,088 GateObservatory [XAUUSD/TIE_V4] Gate Execution: PASS | order placed ticket=3627327051
2026-08-12 21:10:38,508 TIE_Production --- Scanning XAUUSD ---
2026-08-12 21:10:39,511 TIE_Production MARKET REGIME: TRENDING (strength=68) | SUGGESTED ENGINE: Aggressive
2026-08-12 21:10:39,513 strategies.semi_hft.strategy [LIQ_VACUUM] GOOD clear_path_up dir=BUY
2026-08-12 21:10:39,513 strategies.semi_hft.strategy [ZSCORE] zscore_ok z=0.79
2026-08-12 21:10:39,513 strategies.semi_hft.strategy [PULLBACK] trend_follow_UP_m5_gas_ok | M15=UP
2026-08-12 21:10:39,513 strategies.semi_hft.strategy [MACD] macd_up_buy_ok macd=3.48 sig=3.13
2026-08-12 21:10:39,513 StrategyManager Strategy semi_hft_c8_v4 returned WAIT: m5_guard:BLOCK_RANGE
2026-08-12 21:10:39,514 strategies.aggressive.strategy [LIQ_VACUUM] GOOD clear_path_up dir=BUY
2026-08-12 21:10:39,514 strategies.aggressive.strategy [ZSCORE] zscore_ok z=0.79
2026-08-12 21:10:39,514 StrategyManager Strategy aggressive_v1 returned WAIT: rme:score_low:42.9
2026-08-12 21:10:39,515 BystraStrategy Bystra best detector: SNRC3 conf=85% dir=BUY
2026-08-12 21:10:39,515 BystraStrategy Bystra pattern blacklist: SNRC3 @ zone 0 already fired, skip
2026-08-12 21:10:39,515 StrategyManager Strategy bystra_v1 returned WAIT: pattern_blacklist:SNRC3
2026-08-12 21:10:39,515 TIE_Production No setup for XAUUSD (WAIT)
2026-08-12 21:10:39,520 GateObservatory [XAUUSD/TIE_V4] Outcome: NO_TRADE | no_signal
2026-08-12 21:10:46,889 TIE_Production --- Scanning XAUUSD ---
2026-08-12 21:10:47,962 TIE_Production MARKET REGIME: RANGING (strength=60) | SUGGESTED ENGINE: SemiHFT
2026-08-12 21:10:47,964 StrategyManager Strategy semi_hft_c8_v4 returned WAIT: no_setup:no_structural_setup
2026-08-12 21:10:47,964 StrategyManager Strategy aggressive_v1 returned WAIT: no_setup:no_structural_setup
2026-08-12 21:10:47,966 BystraStrategy Bystra best detector: SNRC3 conf=85% dir=BUY
2026-08-12 21:10:47,966 BystraStrategy Bystra pattern blacklist: SNRC3 @ zone 0 already fired, skip
2026-08-12 21:10:47,966 StrategyManager Strategy bystra_v1 returned WAIT: pattern_blacklist:SNRC3
2026-08-12 21:10:47,966 TIE_Production No setup for XAUUSD (WAIT)
2026-08-12 21:10:47,971 GateObservatory [XAUUSD/TIE_V4] Outcome: NO_TRADE | no_signal
2026-08-12 21:10:50,640 TIE_Production --- Scanning XAUUSD ---
2026-08-12 21:10:51,671 TIE_Production MARKET REGIME: TRENDING (strength=67) | SUGGESTED ENGINE: Aggressive
2026-08-12 21:10:51,672 strategies.semi_hft.strategy [LIQ_VACUUM] GOOD clear_path_up dir=BUY
2026-08-12 21:10:51,673 strategies.semi_hft.strategy [ZSCORE] zscore_ok z=0.79
2026-08-12 21:10:51,673 strategies.semi_hft.strategy [PULLBACK] trend_follow_UP_m5_gas_ok | M15=UP
2026-08-12 21:10:51,673 strategies.semi_hft.strategy [MACD] macd_up_buy_ok macd=3.48 sig=3.13
2026-08-12 21:10:51,673 StrategyManager Strategy semi_hft_c8_v4 returned WAIT: m5_guard:BLOCK_RANGE
2026-08-12 21:10:51,675 strategies.aggressive.strategy [LIQ_VACUUM] GOOD clear_path_up dir=BUY
2026-08-12 21:10:51,675 strategies.aggressive.strategy [ZSCORE] zscore_ok z=0.79
2026-08-12 21:10:51,675 StrategyManager Strategy aggressive_v1 returned WAIT: rme:score_low:42.8
2026-08-12 21:10:51,677 BystraStrategy Bystra best detector: SNRC3 conf=85% dir=BUY
2026-08-12 21:10:51,677 BystraStrategy Bystra pattern blacklist: SNRC3 @ zone 0 already fired, skip
2026-08-12 21:10:51,677 StrategyManager Strategy bystra_v1 returned WAIT: pattern_blacklist:SNRC3
2026-08-12 21:10:51,677 TIE_Production No setup for XAUUSD (WAIT)
2026-08-12 21:10:51,683 GateObservatory [XAUUSD/TIE_V4] Outcome: NO_TRADE | no_signal
2026-08-12 21:10:58,711 TIE_Production --- Scanning XAUUSD ---
2026-08-12 21:10:59,588 regime_allocator Strategy status updated by Regime Allocator: {'aggressive_v1': True, 'semi_hft_c8_v4': True, 'bystra_v1': True}
2026-08-12 21:10:59,588 regime_allocator REGIME SWITCH: TRENDING -> TRENDING (engine=Aggressive, fast_path=True)
2026-08-12 21:10:59,588 TIE_Production MARKET REGIME: TRENDING (strength=69) | SUGGESTED ENGINE: Aggressive
2026-08-12 21:10:59,589 StrategyManager Strategy semi_hft_c8_v4 returned WAIT: no_setup:no_structural_setup
2026-08-12 21:10:59,589 StrategyManager Strategy aggressive_v1 returned WAIT: no_setup:no_structural_setup
2026-08-12 21:10:59,591 BystraStrategy Bystra best detector: SNRC3 conf=85% dir=BUY
2026-08-12 21:10:59,591 BystraStrategy Bystra pattern blacklist: SNRC3 @ zone 0 already fired, skip
2026-08-12 21:10:59,591 StrategyManager Strategy bystra_v1 returned WAIT: pattern_blacklist:SNRC3
2026-08-12 21:10:59,591 TIE_Production No setup for XAUUSD (WAIT)
2026-08-12 21:10:59,596 GateObservatory [XAUUSD/TIE_V4] Outcome: NO_TRADE | no_signal
2026-08-12 21:11:02,517 TIE_Production --- Scanning XAUUSD ---
2026-08-12 21:11:03,580 TIE_Production MARKET REGIME: TRENDING (strength=80) | SUGGESTED ENGINE: Aggressive
2026-08-12 21:11:03,582 strategies.semi_hft.strategy [LIQ_VACUUM] GOOD clear_path_up dir=BUY
2026-08-12 21:11:03,582 strategies.semi_hft.strategy [ZSCORE] zscore_ok z=0.92
2026-08-12 21:11:03,582 strategies.semi_hft.strategy [PULLBACK] trend_follow_UP_m5_gas_ok | M15=UP
2026-08-12 21:11:03,582 strategies.semi_hft.strategy [MACD] macd_up_buy_ok macd=3.55 sig=3.20
2026-08-12 21:11:03,582 StrategyManager Strategy semi_hft_c8_v4 returned WAIT: m5_guard:BLOCK_RANGE
2026-08-12 21:11:03,583 strategies.aggressive.strategy [LIQ_VACUUM] GOOD clear_path_up dir=BUY
2026-08-12 21:11:03,583 strategies.aggressive.strategy [ZSCORE] zscore_ok z=0.92
2026-08-12 21:11:03,583 StrategyManager Strategy aggressive_v1 returned WAIT: rme:score_low:49.2
2026-08-12 21:11:03,584 BystraStrategy Bystra best detector: SNRC3 conf=85% dir=BUY
2026-08-12 21:11:03,584 BystraStrategy Bystra pattern blacklist: SNRC3 @ zone 0 already fired, skip
2026-08-12 21:11:03,584 StrategyManager Strategy bystra_v1 returned WAIT: pattern_blacklist:SNRC3
2026-08-12 21:11:03,584 TIE_Production No setup for XAUUSD (WAIT)
2026-08-12 21:11:03,590 GateObservatory [XAUUSD/TIE_V4] Outcome: NO_TRADE | no_signal
2026-08-12 21:11:10,427 TIE_Production --- Scanning XAUUSD ---
2026-08-12 21:11:11,570 TIE_Production MARKET REGIME: TRENDING (strength=85) | SUGGESTED ENGINE: Aggressive
2026-08-12 21:11:11,571 StrategyManager Strategy semi_hft_c8_v4 returned WAIT: no_setup:no_structural_setup
2026-08-12 21:11:11,572 StrategyManager Strategy aggressive_v1 returned WAIT: no_setup:no_structural_setup
2026-08-12 21:11:11,573 BystraStrategy Bystra best detector: SNRC3 conf=85% dir=BUY
2026-08-12 21:11:11,573 BystraStrategy Bystra pattern blacklist: SNRC3 @ zone 0 already fired, skip
2026-08-12 21:11:11,573 StrategyManager Strategy bystra_v1 returned WAIT: pattern_blacklist:SNRC3
2026-08-12 21:11:11,573 TIE_Production No setup for XAUUSD (WAIT)
2026-08-12 21:11:11,578 GateObservatory [XAUUSD/TIE_V4] Outcome: NO_TRADE | no_signal
2026-08-12 21:11:15,686 TIE_Production --- Scanning XAUUSD ---
2026-08-12 21:11:16,668 TIE_Production MARKET REGIME: TRENDING (strength=86) | SUGGESTED ENGINE: Aggressive
2026-08-12 21:11:16,671 strategies.semi_hft.strategy [LIQ_VACUUM] GOOD clear_path_up dir=BUY
2026-08-12 21:11:16,671 strategies.semi_hft.strategy [ZSCORE] zscore_ok z=1.07
2026-08-12 21:11:16,673 strategies.semi_hft.strategy [PULLBACK] trend_follow_UP_m5_gas_ok | M15=UP
2026-08-12 21:11:16,673 strategies.semi_hft.strategy [MACD] macd_up_buy_ok macd=3.64 sig=3.28
2026-08-12 21:11:16,673 StrategyManager Strategy semi_hft_c8_v4 returned WAIT: m5_guard:BLOCK_RANGE
2026-08-12 21:11:16,674 strategies.aggressive.strategy [LIQ_VACUUM] GOOD clear_path_up dir=BUY
2026-08-12 21:11:16,674 strategies.aggressive.strategy [ZSCORE] zscore_ok z=1.07
2026-08-12 21:11:16,674 StrategyManager Strategy aggressive_v1 returned WAIT: rme:score_low:52.2
2026-08-12 21:11:16,683 BystraStrategy Bystra best detector: SNRC3 conf=85% dir=BUY
2026-08-12 21:11:16,684 BystraStrategy Bystra pattern blacklist: SNRC3 @ zone 0 already fired, skip
2026-08-12 21:11:16,684 StrategyManager Strategy bystra_v1 returned WAIT: pattern_blacklist:SNRC3
2026-08-12 21:11:16,684 TIE_Production No setup for XAUUSD (WAIT)
2026-08-12 21:11:16,693 GateObservatory [XAUUSD/TIE_V4] Outcome: NO_TRADE | no_signal
2026-08-12 21:11:22,352 TIE_Production --- Scanning XAUUSD ---
2026-08-12 21:11:23,218 TIE_Production MARKET REGIME: TRENDING (strength=80) | SUGGESTED ENGINE: Aggressive
2026-08-12 21:11:23,220 StrategyManager Strategy semi_hft_c8_v4 returned WAIT: no_setup:no_structural_setup
2026-08-12 21:11:23,220 StrategyManager Strategy aggressive_v1 returned WAIT: no_setup:no_structural_setup
2026-08-12 21:11:23,221 BystraStrategy Bystra best detector: SNRC3 conf=85% dir=BUY
2026-08-12 21:11:23,221 BystraStrategy Bystra pattern blacklist: SNRC3 @ zone 0 already fired, skip
2026-08-12 21:11:23,221 StrategyManager Strategy bystra_v1 returned WAIT: pattern_blacklist:SNRC3
2026-08-12 21:11:23,221 TIE_Production No setup for XAUUSD (WAIT)
2026-08-12 21:11:23,226 GateObservatory [XAUUSD/TIE_V4] Outcome: NO_TRADE | no_signal
2026-08-12 21:11:27,566 TIE_Production --- Scanning XAUUSD ---
2026-08-12 21:11:28,601 TIE_Production MARKET REGIME: TRENDING (strength=93) | SUGGESTED ENGINE: Aggressive
2026-08-12 21:11:28,602 strategies.semi_hft.strategy [LIQ_VACUUM] GOOD clear_path_up dir=BUY
2026-08-12 21:11:28,602 strategies.semi_hft.strategy [ZSCORE] zscore_ok z=1.28
2026-08-12 21:11:28,603 strategies.semi_hft.strategy [PULLBACK] trend_follow_UP_m5_gas_ok | M15=UP
2026-08-12 21:11:28,603 strategies.semi_hft.strategy [MACD] macd_up_buy_ok macd=3.77 sig=3.39
2026-08-12 21:11:28,608 strategies.semi_hft.strategy C8V4 BUY entry=4434.427 sl=4422.098 tp=4452.921 lot=0.01 pattern=breakout score=78.8
2026-08-12 21:11:28,609 strategies.aggressive.strategy [LIQ_VACUUM] GOOD clear_path_up dir=BUY
2026-08-12 21:11:28,609 strategies.aggressive.strategy [ZSCORE] zscore_ok z=1.28
2026-08-12 21:11:28,609 StrategyManager Strategy aggressive_v1 returned WAIT: rme:score_low:55.8
2026-08-12 21:11:28,612 BystraStrategy Bystra best detector: SNRC3 conf=85% dir=BUY
2026-08-12 21:11:28,612 BystraStrategy Bystra pattern blacklist: SNRC3 @ zone 0 already fired, skip
2026-08-12 21:11:28,612 StrategyManager Strategy bystra_v1 returned WAIT: pattern_blacklist:SNRC3
2026-08-12 21:11:28,622 MultiStrategyRuntime Scan 19.5ms — strategies=3 signals=1 dir=buy source=semi_hft_c8_v4
2026-08-12 21:11:28,630 GateObservatory [XAUUSD/TIE_V4] Gate Detector: PASS | setup=S_BUY lot=0.01
2026-08-12 21:11:28,633 TIE_Production ExitOrchestrator adjusted SL/TP for S_BUY: new SL=4422.10 TP=4453.67 RR=1.56 (adj=False)
2026-08-12 21:11:28,634 TIE_Production Setup detected: S_BUY BUY conf=100%
2026-08-12 21:11:28,713 TIE_Production Momentum Gate: ❌ BLOCK BUY — momentum_weak body=3.28 < 3.29 (0.4x ATR)
2026-08-12 21:11:28,717 GateObservatory [XAUUSD/TIE_V4] Gate Momentum: FAIL | momentum_weak body=3.28 < 3.29 (0.4x ATR)
2026-08-12 21:11:34,069 TIE_Production --- Scanning XAUUSD ---
2026-08-12 21:11:34,996 TIE_Production MARKET REGIME: TRENDING (strength=84) | SUGGESTED ENGINE: Aggressive
2026-08-12 21:11:34,997 StrategyManager Strategy semi_hft_c8_v4 returned WAIT: no_setup:no_structural_setup
2026-08-12 21:11:34,998 StrategyManager Strategy aggressive_v1 returned WAIT: no_setup:no_structural_setup
2026-08-12 21:11:34,999 BystraStrategy Bystra best detector: SNRC3 conf=85% dir=BUY
2026-08-12 21:11:34,999 BystraStrategy Bystra pattern blacklist: SNRC3 @ zone 0 already fired, skip
2026-08-12 21:11:34,999 StrategyManager Strategy bystra_v1 returned WAIT: pattern_blacklist:SNRC3
2026-08-12 21:11:34,999 TIE_Production No setup for XAUUSD (WAIT)
2026-08-12 21:11:35,006 GateObservatory [XAUUSD/TIE_V4] Outcome: NO_TRADE | no_signal
2026-08-12 21:11:39,527 TIE_Production --- Scanning XAUUSD ---
2026-08-12 21:11:40,547 TIE_Production MARKET REGIME: TRENDING (strength=79) | SUGGESTED ENGINE: Aggressive
2026-08-12 21:11:40,549 strategies.semi_hft.strategy [LIQ_VACUUM] GOOD clear_path_up dir=BUY
2026-08-12 21:11:40,549 strategies.semi_hft.strategy [ZSCORE] zscore_ok z=1.12
2026-08-12 21:11:40,549 strategies.semi_hft.strategy [PULLBACK] trend_follow_UP_m5_gas_ok | M15=UP
2026-08-12 21:11:40,549 strategies.semi_hft.strategy [MACD] macd_up_buy_ok macd=3.67 sig=3.31
2026-08-12 21:11:40,549 StrategyManager Strategy semi_hft_c8_v4 returned WAIT: m5_guard:BLOCK_RANGE
2026-08-12 21:11:40,550 strategies.aggressive.strategy [LIQ_VACUUM] GOOD clear_path_up dir=BUY
2026-08-12 21:11:40,550 strategies.aggressive.strategy [ZSCORE] zscore_ok z=1.12
2026-08-12 21:11:40,551 StrategyManager Strategy aggressive_v1 returned WAIT: rme:score_low:48.5
2026-08-12 21:11:40,552 BystraStrategy Bystra best detector: SNRC3 conf=85% dir=BUY
2026-08-12 21:11:40,553 BystraStrategy Bystra pattern blacklist: SNRC3 @ zone 0 already fired, skip
2026-08-12 21:11:40,553 StrategyManager Strategy bystra_v1 returned WAIT: pattern_blacklist:SNRC3
2026-08-12 21:11:40,553 TIE_Production No setup for XAUUSD (WAIT)
2026-08-12 21:11:40,560 GateObservatory [XAUUSD/TIE_V4] Outcome: NO_TRADE | no_signal
2026-08-12 21:11:45,773 TIE_Production --- Scanning XAUUSD ---
2026-08-12 21:11:46,729 TIE_Production MARKET REGIME: TRENDING (strength=84) | SUGGESTED ENGINE: Aggressive
2026-08-12 21:11:46,731 StrategyManager Strategy semi_hft_c8_v4 returned WAIT: no_setup:no_structural_setup
2026-08-12 21:11:46,731 StrategyManager Strategy aggressive_v1 returned WAIT: no_setup:no_structural_setup
2026-08-12 21:11:46,733 BystraStrategy Bystra best detector: SNRC3 conf=85% dir=BUY
2026-08-12 21:11:46,733 BystraStrategy Bystra pattern blacklist: SNRC3 @ zone 0 already fired, skip
2026-08-12 21:11:46,733 StrategyManager Strategy bystra_v1 returned WAIT: pattern_blacklist:SNRC3
2026-08-12 21:11:46,733 TIE_Production No setup for XAUUSD (WAIT)
2026-08-12 21:11:46,742 GateObservatory [XAUUSD/TIE_V4] Outcome: NO_TRADE | no_signal
2026-08-12 21:11:51,395 TIE_Production --- Scanning XAUUSD ---
2026-08-12 21:11:52,314 TIE_Production MARKET REGIME: TRENDING (strength=89) | SUGGESTED ENGINE: Aggressive
2026-08-12 21:11:52,315 strategies.semi_hft.strategy [LIQ_VACUUM] GOOD clear_path_up dir=BUY
2026-08-12 21:11:52,315 strategies.semi_hft.strategy [ZSCORE] zscore_ok z=1.26
2026-08-12 21:11:52,316 strategies.semi_hft.strategy [PULLBACK] trend_follow_UP_m5_gas_ok | M15=UP
2026-08-12 21:11:52,316 strategies.semi_hft.strategy [MACD] macd_up_buy_ok macd=3.76 sig=3.38
2026-08-12 21:11:52,316 StrategyManager Strategy semi_hft_c8_v4 returned WAIT: m5_guard:BLOCK_RANGE
2026-08-12 21:11:52,316 strategies.aggressive.strategy [LIQ_VACUUM] GOOD clear_path_up dir=BUY
2026-08-12 21:11:52,317 strategies.aggressive.strategy [ZSCORE] zscore_ok z=1.26
2026-08-12 21:11:52,317 StrategyManager Strategy aggressive_v1 returned WAIT: rme:score_low:53.9
2026-08-12 21:11:52,318 BystraStrategy Bystra best detector: SNRC3 conf=85% dir=BUY
2026-08-12 21:11:52,318 BystraStrategy Bystra pattern blacklist: SNRC3 @ zone 0 already fired, skip
2026-08-12 21:11:52,318 StrategyManager Strategy bystra_v1 returned WAIT: pattern_blacklist:SNRC3
2026-08-12 21:11:52,318 TIE_Production No setup for XAUUSD (WAIT)
2026-08-12 21:11:52,323 GateObservatory [XAUUSD/TIE_V4] Outcome: NO_TRADE | no_signal
2026-08-12 21:11:57,721 TIE_Production --- Scanning XAUUSD ---
2026-08-12 21:11:58,728 TIE_Production MARKET REGIME: TRENDING (strength=89) | SUGGESTED ENGINE: Aggressive
2026-08-12 21:11:58,730 StrategyManager Strategy semi_hft_c8_v4 returned WAIT: no_setup:no_structural_setup
2026-08-12 21:11:58,730 StrategyManager Strategy aggressive_v1 returned WAIT: no_setup:no_structural_setup
2026-08-12 21:11:58,732 BystraStrategy Bystra best detector: SNRC3 conf=85% dir=BUY
2026-08-12 21:11:58,732 BystraStrategy Bystra pattern blacklist: SNRC3 @ zone 0 already fired, skip
2026-08-12 21:11:58,732 StrategyManager Strategy bystra_v1 returned WAIT: pattern_blacklist:SNRC3
2026-08-12 21:11:58,732 TIE_Production No setup for XAUUSD (WAIT)
2026-08-12 21:11:58,736 GateObservatory [XAUUSD/TIE_V4] Outcome: NO_TRADE | no_signal
2026-08-12 21:12:03,334 TIE_Production --- Scanning XAUUSD ---
2026-08-12 21:12:04,522 TIE_Production MARKET REGIME: TRENDING (strength=90) | SUGGESTED ENGINE: Aggressive
2026-08-12 21:12:04,523 strategies.semi_hft.strategy [LIQ_VACUUM] GOOD clear_path_up dir=BUY
2026-08-12 21:12:04,524 strategies.semi_hft.strategy [ZSCORE] zscore_ok z=1.30
2026-08-12 21:12:04,524 strategies.semi_hft.strategy [PULLBACK] trend_follow_UP_m5_gas_ok | M15=UP
2026-08-12 21:12:04,524 strategies.semi_hft.strategy [MACD] macd_up_buy_ok macd=3.78 sig=3.41
2026-08-12 21:12:04,524 StrategyManager Strategy semi_hft_c8_v4 returned WAIT: m5_guard:BLOCK_RANGE
2026-08-12 21:12:04,525 strategies.aggressive.strategy [LIQ_VACUUM] GOOD clear_path_up dir=BUY
2026-08-12 21:12:04,525 strategies.aggressive.strategy [ZSCORE] zscore_ok z=1.30
2026-08-12 21:12:04,525 StrategyManager Strategy aggressive_v1 returned WAIT: rme:score_low:54.3
2026-08-12 21:12:04,526 BystraStrategy Bystra best detector: SNRC3 conf=85% dir=BUY
2026-08-12 21:12:04,526 BystraStrategy Bystra pattern blacklist: SNRC3 @ zone 0 already fired, skip
2026-08-12 21:12:04,526 StrategyManager Strategy bystra_v1 returned WAIT: pattern_blacklist:SNRC3
2026-08-12 21:12:04,526 TIE_Production No setup for XAUUSD (WAIT)
2026-08-12 21:12:04,531 GateObservatory [XAUUSD/TIE_V4] Outcome: NO_TRADE | no_signal
2026-08-12 21:12:09,607 TIE_Production --- Scanning XAUUSD ---
2026-08-12 21:12:10,598 TIE_Production MARKET REGIME: TRENDING (strength=88) | SUGGESTED ENGINE: Aggressive
2026-08-12 21:12:10,599 StrategyManager Strategy semi_hft_c8_v4 returned WAIT: no_setup:no_structural_setup
2026-08-12 21:12:10,599 StrategyManager Strategy aggressive_v1 returned WAIT: no_setup:no_structural_setup
2026-08-12 21:12:10,601 BystraStrategy Bystra best detector: SNRC3 conf=85% dir=BUY
2026-08-12 21:12:10,601 BystraStrategy Bystra pattern blacklist: SNRC3 @ zone 0 already fired, skip
2026-08-12 21:12:10,601 StrategyManager Strategy bystra_v1 returned WAIT: pattern_blacklist:SNRC3
2026-08-12 21:12:10,601 TIE_Production No setup for XAUUSD (WAIT)
2026-08-12 21:12:10,606 GateObservatory [XAUUSD/TIE_V4] Outcome: NO_TRADE | no_signal
2026-08-12 21:12:15,384 TIE_Production --- Scanning XAUUSD ---
2026-08-12 21:12:16,309 TIE_Production MARKET REGIME: TRENDING (strength=85) | SUGGESTED ENGINE: Aggressive
2026-08-12 21:12:16,310 strategies.semi_hft.strategy [LIQ_VACUUM] GOOD clear_path_up dir=BUY
2026-08-12 21:12:16,310 strategies.semi_hft.strategy [ZSCORE] zscore_ok z=1.23
2026-08-12 21:12:16,310 strategies.semi_hft.strategy [PULLBACK] trend_follow_UP_m5_gas_ok | M15=UP
2026-08-12 21:12:16,310 strategies.semi_hft.strategy [MACD] macd_up_buy_ok macd=3.74 sig=3.37
2026-08-12 21:12:16,310 StrategyManager Strategy semi_hft_c8_v4 returned WAIT: m5_guard:BLOCK_RANGE
2026-08-12 21:12:16,311 strategies.aggressive.strategy [LIQ_VACUUM] GOOD clear_path_up dir=BUY
2026-08-12 21:12:16,311 strategies.aggressive.strategy [ZSCORE] zscore_ok z=1.23
2026-08-12 21:12:16,311 StrategyManager Strategy aggressive_v1 returned WAIT: rme:score_low:51.6
2026-08-12 21:12:16,312 BystraStrategy Bystra best detector: SNRC3 conf=85% dir=BUY
2026-08-12 21:12:16,312 BystraStrategy Bystra pattern blacklist: SNRC3 @ zone 0 already fired, skip
2026-08-12 21:12:16,312 StrategyManager Strategy bystra_v1 returned WAIT: pattern_blacklist:SNRC3
2026-08-12 21:12:16,313 TIE_Production No setup for XAUUSD (WAIT)
2026-08-12 21:12:16,316 GateObservatory [XAUUSD/TIE_V4] Outcome: NO_TRADE | no_signal
2026-08-12 21:12:21,516 TIE_Production --- Scanning XAUUSD ---
2026-08-12 21:12:22,455 TIE_Production MARKET REGIME: TRENDING (strength=82) | SUGGESTED ENGINE: Aggressive
2026-08-12 21:12:22,457 StrategyManager Strategy semi_hft_c8_v4 returned WAIT: no_setup:no_structural_setup
2026-08-12 21:12:22,457 StrategyManager Strategy aggressive_v1 returned WAIT: no_setup:no_structural_setup
2026-08-12 21:12:22,458 BystraStrategy Bystra best detector: SNRC3 conf=85% dir=BUY
2026-08-12 21:12:22,459 BystraStrategy Bystra pattern blacklist: SNRC3 @ zone 0 already fired, skip
2026-08-12 21:12:22,459 StrategyManager Strategy bystra_v1 returned WAIT: pattern_blacklist:SNRC3
2026-08-12 21:12:22,459 TIE_Production No setup for XAUUSD (WAIT)
2026-08-12 21:12:22,466 GateObservatory [XAUUSD/TIE_V4] Outcome: NO_TRADE | no_signal
2026-08-12 21:12:27,450 TIE_Production --- Scanning XAUUSD ---
2026-08-12 21:12:28,336 TIE_Production MARKET REGIME: TRENDING (strength=83) | SUGGESTED ENGINE: Aggressive
2026-08-12 21:12:28,338 strategies.semi_hft.strategy [LIQ_VACUUM] GOOD clear_path_up dir=BUY
2026-08-12 21:12:28,338 strategies.semi_hft.strategy [ZSCORE] zscore_ok z=1.20
2026-08-12 21:12:28,338 strategies.semi_hft.strategy [PULLBACK] trend_follow_UP_m5_gas_ok | M15=UP
2026-08-12 21:12:28,338 strategies.semi_hft.strategy [MACD] macd_up_buy_ok macd=3.72 sig=3.35
2026-08-12 21:12:28,338 StrategyManager Strategy semi_hft_c8_v4 returned WAIT: m5_guard:BLOCK_RANGE
2026-08-12 21:12:28,339 strategies.aggressive.strategy [LIQ_VACUUM] GOOD clear_path_up dir=BUY
2026-08-12 21:12:28,339 strategies.aggressive.strategy [ZSCORE] zscore_ok z=1.20
2026-08-12 21:12:28,339 StrategyManager Strategy aggressive_v1 returned WAIT: rme:score_low:50.5
2026-08-12 21:12:28,340 BystraStrategy Bystra best detector: SNRC3 conf=85% dir=BUY
2026-08-12 21:12:28,340 BystraStrategy Bystra pattern blacklist: SNRC3 @ zone 0 already fired, skip
2026-08-12 21:12:28,340 StrategyManager Strategy bystra_v1 returned WAIT: pattern_blacklist:SNRC3
2026-08-12 21:12:28,340 TIE_Production No setup for XAUUSD (WAIT)
2026-08-12 21:12:28,345 GateObservatory [XAUUSD/TIE_V4] Outcome: NO_TRADE | no_signal
2026-08-12 21:12:33,255 TIE_Production --- Scanning XAUUSD ---
2026-08-12 21:12:34,205 TIE_Production MARKET REGIME: TRENDING (strength=82) | SUGGESTED ENGINE: Aggressive
2026-08-12 21:12:34,206 StrategyManager Strategy semi_hft_c8_v4 returned WAIT: no_setup:no_structural_setup
2026-08-12 21:12:34,206 StrategyManager Strategy aggressive_v1 returned WAIT: no_setup:no_structural_setup
2026-08-12 21:12:34,208 BystraStrategy Bystra best detector: SNRC3 conf=85% dir=BUY
2026-08-12 21:12:34,208 BystraStrategy Bystra pattern blacklist: SNRC3 @ zone 0 already fired, skip
2026-08-12 21:12:34,208 StrategyManager Strategy bystra_v1 returned WAIT: pattern_blacklist:SNRC3
2026-08-12 21:12:34,208 TIE_Production No setup for XAUUSD (WAIT)
2026-08-12 21:12:34,214 GateObservatory [XAUUSD/TIE_V4] Outcome: NO_TRADE | no_signal
2026-08-12 21:12:39,420 TIE_Production --- Scanning XAUUSD ---
2026-08-12 21:12:40,340 TIE_Production MARKET REGIME: TRENDING (strength=84) | SUGGESTED ENGINE: Aggressive
2026-08-12 21:12:40,341 strategies.semi_hft.strategy [LIQ_VACUUM] GOOD clear_path_up dir=BUY
2026-08-12 21:12:40,341 strategies.semi_hft.strategy [ZSCORE] zscore_ok z=1.21
2026-08-12 21:12:40,341 strategies.semi_hft.strategy [PULLBACK] trend_follow_UP_m5_gas_ok | M15=UP
2026-08-12 21:12:40,341 strategies.semi_hft.strategy [MACD] macd_up_buy_ok macd=3.73 sig=3.35
2026-08-12 21:12:40,341 StrategyManager Strategy semi_hft_c8_v4 returned WAIT: m5_guard:BLOCK_RANGE
2026-08-12 21:12:40,342 strategies.aggressive.strategy [LIQ_VACUUM] GOOD clear_path_up dir=BUY
2026-08-12 21:12:40,342 strategies.aggressive.strategy [ZSCORE] zscore_ok z=1.21
2026-08-12 21:12:40,342 StrategyManager Strategy aggressive_v1 returned WAIT: rme:score_low:50.8
2026-08-12 21:12:40,344 BystraStrategy Bystra best detector: SNRC3 conf=85% dir=BUY
2026-08-12 21:12:40,344 BystraStrategy Bystra pattern blacklist: SNRC3 @ zone 0 already fired, skip
2026-08-12 21:12:40,344 StrategyManager Strategy bystra_v1 returned WAIT: pattern_blacklist:SNRC3
2026-08-12 21:12:40,344 TIE_Production No setup for XAUUSD (WAIT)
2026-08-12 21:12:40,348 GateObservatory [XAUUSD/TIE_V4] Outcome: NO_TRADE | no_signal
2026-08-12 21:12:45,090 httpx HTTP Request: GET https://nfs.faireconomy.media/ff_calendar_thisweek.json "HTTP/1.1 429 Too Many Requests"
2026-08-12 21:12:45,091 news_sentinel Rate limited. Using cached calendar from /tmp/ff_calendar_cache.json
2026-08-12 21:12:45,187 TIE_Production --- Scanning XAUUSD ---
2026-08-12 21:12:46,186 TIE_Production MARKET REGIME: TRENDING (strength=77) | SUGGESTED ENGINE: Aggressive
2026-08-12 21:12:46,187 StrategyManager Strategy semi_hft_c8_v4 returned WAIT: no_setup:no_structural_setup
2026-08-12 21:12:46,188 StrategyManager Strategy aggressive_v1 returned WAIT: no_setup:no_structural_setup
2026-08-12 21:12:46,189 BystraStrategy Bystra best detector: SNRC3 conf=85% dir=BUY
2026-08-12 21:12:46,189 BystraStrategy Bystra pattern blacklist: SNRC3 @ zone 0 already fired, skip
2026-08-12 21:12:46,189 StrategyManager Strategy bystra_v1 returned WAIT: pattern_blacklist:SNRC3
2026-08-12 21:12:46,190 TIE_Production No setup for XAUUSD (WAIT)
2026-08-12 21:12:46,194 GateObservatory [XAUUSD/TIE_V4] Outcome: NO_TRADE | no_signal
2026-08-12 21:12:50,232 MT5BrokerAdapter MT5BrokerAdapter initialized OK
2026-08-12 21:12:50,236 BystraStrategy BystraStrategy loaded 5 zone blacklist entries
2026-08-12 21:12:50,236 BystraStrategy BystraStrategy initialized — 10 detectors
2026-08-12 21:12:50,236 StrategyManager Registered strategy Bystra v1.0.0
2026-08-12 21:12:50,236 strategies.aggressive.strategy RiriMicroScalpEngine (RME) initialized — score-based pipeline
2026-08-12 21:12:50,236 StrategyManager Registered strategy Aggressive v0.1.0
2026-08-12 21:12:50,237 strategies.semi_hft.strategy SemiHFTStrategyV4 init — C8 Score Pipeline + Pullback Filter
2026-08-12 21:12:50,237 StrategyManager Registered strategy SemiHFT V4 v4.0
2026-08-12 21:12:50,240 TIE_Production TIE Production Multi-Symbol started: ['XAUUSD']. Risk Gate active. Observatory enabled. Governor enabled.
2026-08-12 21:12:50,357 TIE_Production --- Scanning XAUUSD ---
2026-08-12 21:12:51,239 regime_allocator Strategy status updated by Regime Allocator: {'aggressive_v1': True, 'semi_hft_c8_v4': True, 'bystra_v1': True}
2026-08-12 21:12:51,239 regime_allocator REGIME SWITCH: TRENDING -> TRENDING (engine=Aggressive, fast_path=True)
2026-08-12 21:12:51,239 TIE_Production MARKET REGIME: TRENDING (strength=91) | SUGGESTED ENGINE: Aggressive
2026-08-12 21:12:51,241 StrategyManager Strategy semi_hft_c8_v4 returned WAIT: no_setup:no_structural_setup
2026-08-12 21:12:51,241 StrategyManager Strategy aggressive_v1 returned WAIT: no_setup:no_structural_setup
2026-08-12 21:12:51,243 BystraStrategy Bystra best detector: SNRC3 conf=85% dir=BUY
2026-08-12 21:12:51,244 MultiStrategyRuntime Scan 3.9ms — strategies=3 signals=1 dir=buy source=bystra_v1
2026-08-12 21:12:51,251 GateObservatory [XAUUSD/TIE_V4] Gate Detector: PASS | setup=B_BUY lot=0.01
2026-08-12 21:12:51,251 core.strategy.exit_orchestrator [B_BUY] RR optimized: 0.67 -> 1.50 (Widened TP for Gate, dir=BUY, dir_sign=1)
2026-08-12 21:12:51,251 TIE_Production ExitOrchestrator adjusted SL/TP for B_BUY: new SL=4407.17 TP=4476.21 RR=1.50 (adj=True)
2026-08-12 21:12:51,251 TIE_Production Setup detected: B_BUY BUY conf=85%
2026-08-12 21:12:51,311 TIE_Production Momentum Gate: ❌ BLOCK BUY — momentum_weak body=3.28 < 3.31 (0.4x ATR)
2026-08-12 21:12:51,315 GateObservatory [XAUUSD/TIE_V4] Gate Momentum: FAIL | momentum_weak body=3.28 < 3.31 (0.4x ATR)
2026-08-12 21:12:51,830 TIE_Production --- Scanning XAUUSD ---
2026-08-12 21:12:52,843 TIE_Production MARKET REGIME: TRENDING (strength=91) | SUGGESTED ENGINE: Aggressive
2026-08-12 21:12:52,845 strategies.semi_hft.strategy [LIQ_VACUUM] GOOD clear_path_up dir=BUY
2026-08-12 21:12:52,846 strategies.semi_hft.strategy [ZSCORE] zscore_ok z=1.34
2026-08-12 21:12:52,846 strategies.semi_hft.strategy [PULLBACK] trend_follow_UP_m5_gas_ok | M15=UP
2026-08-12 21:12:52,846 strategies.semi_hft.strategy [MACD] macd_up_buy_ok macd=3.81 sig=3.43
2026-08-12 21:12:52,846 StrategyManager Strategy semi_hft_c8_v4 returned WAIT: m5_guard:BLOCK_RANGE
2026-08-12 21:12:52,847 strategies.aggressive.strategy [LIQ_VACUUM] GOOD clear_path_up dir=BUY
2026-08-12 21:12:52,847 strategies.aggressive.strategy [ZSCORE] zscore_ok z=1.34
2026-08-12 21:12:52,847 StrategyManager Strategy aggressive_v1 returned WAIT: rme:score_low:55.1
2026-08-12 21:12:52,848 BystraStrategy Bystra best detector: SNRC3 conf=85% dir=BUY
2026-08-12 21:12:52,848 BystraStrategy Bystra pattern blacklist: SNRC3 @ zone 0 already fired, skip
2026-08-12 21:12:52,848 StrategyManager Strategy bystra_v1 returned WAIT: pattern_blacklist:SNRC3
2026-08-12 21:12:52,849 TIE_Production No setup for XAUUSD (WAIT)
2026-08-12 21:12:52,855 GateObservatory [XAUUSD/TIE_V4] Outcome: NO_TRADE | no_signal
2026-08-12 21:13:02,090 TIE_Production --- Scanning XAUUSD ---
2026-08-12 21:13:03,081 TIE_Production MARKET REGIME: TRENDING (strength=90) | SUGGESTED ENGINE: Aggressive
2026-08-12 21:13:03,083 StrategyManager Strategy semi_hft_c8_v4 returned WAIT: no_setup:no_structural_setup
2026-08-12 21:13:03,083 StrategyManager Strategy aggressive_v1 returned WAIT: no_setup:no_structural_setup
2026-08-12 21:13:03,085 BystraStrategy Bystra best detector: SNRC3 conf=85% dir=BUY
2026-08-12 21:13:03,085 BystraStrategy Bystra pattern blacklist: SNRC3 @ zone 0 already fired, skip
2026-08-12 21:13:03,085 StrategyManager Strategy bystra_v1 returned WAIT: pattern_blacklist:SNRC3
2026-08-12 21:13:03,085 TIE_Production No setup for XAUUSD (WAIT)
2026-08-12 21:13:03,089 GateObservatory [XAUUSD/TIE_V4] Outcome: NO_TRADE | no_signal
2026-08-12 21:13:03,704 TIE_Production --- Scanning XAUUSD ---
2026-08-12 21:13:04,806 TIE_Production MARKET REGIME: TRENDING (strength=90) | SUGGESTED ENGINE: Aggressive
2026-08-12 21:13:04,808 strategies.semi_hft.strategy [LIQ_VACUUM] GOOD clear_path_up dir=BUY
2026-08-12 21:13:04,808 strategies.semi_hft.strategy [ZSCORE] zscore_ok z=1.32
2026-08-12 21:13:04,808 strategies.semi_hft.strategy [PULLBACK] trend_follow_UP_m5_gas_ok | M15=UP
2026-08-12 21:13:04,809 strategies.semi_hft.strategy [MACD] macd_up_buy_ok macd=3.79 sig=3.41
2026-08-12 21:13:04,809 StrategyManager Strategy semi_hft_c8_v4 returned WAIT: m5_guard:BLOCK_RANGE
2026-08-12 21:13:04,809 strategies.aggressive.strategy [LIQ_VACUUM] GOOD clear_path_up dir=BUY
2026-08-12 21:13:04,810 strategies.aggressive.strategy [ZSCORE] zscore_ok z=1.32
2026-08-12 21:13:04,810 StrategyManager Strategy aggressive_v1 returned WAIT: rme:score_low:54.2
2026-08-12 21:13:04,811 BystraStrategy Bystra best detector: SNRC3 conf=85% dir=BUY
2026-08-12 21:13:04,811 BystraStrategy Bystra pattern blacklist: SNRC3 @ zone 0 already fired, skip
2026-08-12 21:13:04,811 StrategyManager Strategy bystra_v1 returned WAIT: pattern_blacklist:SNRC3
2026-08-12 21:13:04,811 TIE_Production No setup for XAUUSD (WAIT)
2026-08-12 21:13:04,817 GateObservatory [XAUUSD/TIE_V4] Outcome: NO_TRADE | no_signal
2026-08-12 21:13:05,062 MT5BrokerAdapter MT5BrokerAdapter initialized OK
2026-08-12 21:13:05,069 BystraStrategy BystraStrategy loaded 5 zone blacklist entries
2026-08-12 21:13:05,069 BystraStrategy BystraStrategy initialized — 10 detectors
2026-08-12 21:13:05,069 StrategyManager Registered strategy Bystra v1.0.0
2026-08-12 21:13:05,070 strategies.aggressive.strategy RiriMicroScalpEngine (RME) initialized — score-based pipeline
2026-08-12 21:13:05,070 StrategyManager Registered strategy Aggressive v0.1.0
2026-08-12 21:13:05,071 strategies.semi_hft.strategy SemiHFTStrategyV4 init — C8 Score Pipeline + Pullback Filter
2026-08-12 21:13:05,071 StrategyManager Registered strategy SemiHFT V4 v4.0
2026-08-12 21:13:05,072 TIE_Production TIE Production Multi-Symbol started: ['XAUUSD']. Risk Gate active. Observatory enabled. Governor enabled.
2026-08-12 21:13:05,155 TIE_Production --- Scanning XAUUSD ---
2026-08-12 21:13:06,095 regime_allocator Strategy status updated by Regime Allocator: {'aggressive_v1': True, 'semi_hft_c8_v4': True, 'bystra_v1': True}
2026-08-12 21:13:06,095 regime_allocator REGIME SWITCH: TRENDING -> TRENDING (engine=Aggressive, fast_path=True)
2026-08-12 21:13:06,095 TIE_Production MARKET REGIME: TRENDING (strength=90) | SUGGESTED ENGINE: Aggressive
2026-08-12 21:13:06,097 StrategyManager Strategy semi_hft_c8_v4 returned WAIT: no_setup:no_structural_setup
2026-08-12 21:13:06,097 StrategyManager Strategy aggressive_v1 returned WAIT: no_setup:no_structural_setup
2026-08-12 21:13:06,098 BystraStrategy Bystra best detector: SNRC3 conf=85% dir=BUY
2026-08-12 21:13:06,099 MultiStrategyRuntime Scan 2.5ms — strategies=3 signals=1 dir=buy source=bystra_v1
2026-08-12 21:13:06,106 GateObservatory [XAUUSD/TIE_V4] Gate Detector: PASS | setup=B_BUY lot=0.01
2026-08-12 21:13:06,106 core.strategy.exit_orchestrator [B_BUY] RR optimized: 0.68 -> 1.50 (Widened TP for Gate, dir=BUY, dir_sign=1)
2026-08-12 21:13:06,106 TIE_Production ExitOrchestrator adjusted SL/TP for B_BUY: new SL=4407.17 TP=4475.66 RR=1.50 (adj=True)
2026-08-12 21:13:06,106 TIE_Production Setup detected: B_BUY BUY conf=85%
2026-08-12 21:13:06,152 TIE_Production Momentum Gate: ❌ BLOCK BUY — momentum_weak body=3.28 < 3.31 (0.4x ATR)
2026-08-12 21:13:06,156 GateObservatory [XAUUSD/TIE_V4] Gate Momentum: FAIL | momentum_weak body=3.28 < 3.31 (0.4x ATR)
2026-08-12 21:13:15,669 TIE_Production --- Scanning XAUUSD ---
2026-08-12 21:13:16,550 TIE_Production MARKET REGIME: TRENDING (strength=87) | SUGGESTED ENGINE: Aggressive
2026-08-12 21:13:16,552 strategies.semi_hft.strategy [LIQ_VACUUM] GOOD clear_path_up dir=BUY
2026-08-12 21:13:16,552 strategies.semi_hft.strategy [ZSCORE] zscore_ok z=1.27
2026-08-12 21:13:16,552 strategies.semi_hft.strategy [PULLBACK] trend_follow_UP_m5_gas_ok | M15=UP
2026-08-12 21:13:16,552 strategies.semi_hft.strategy [MACD] macd_up_buy_ok macd=3.76 sig=3.39
2026-08-12 21:13:16,552 StrategyManager Strategy semi_hft_c8_v4 returned WAIT: m5_guard:BLOCK_RANGE
2026-08-12 21:13:16,553 strategies.aggressive.strategy [LIQ_VACUUM] GOOD clear_path_up dir=BUY
2026-08-12 21:13:16,553 strategies.aggressive.strategy [ZSCORE] zscore_ok z=1.27
2026-08-12 21:13:16,553 StrategyManager Strategy aggressive_v1 returned WAIT: rme:score_low:52.5
2026-08-12 21:13:16,554 BystraStrategy Bystra best detector: SNRC3 conf=85% dir=BUY
2026-08-12 21:13:16,555 BystraStrategy Bystra pattern blacklist: SNRC3 @ zone 0 already fired, skip
2026-08-12 21:13:16,555 StrategyManager Strategy bystra_v1 returned WAIT: pattern_blacklist:SNRC3
2026-08-12 21:13:16,555 TIE_Production No setup for XAUUSD (WAIT)
2026-08-12 21:13:16,559 GateObservatory [XAUUSD/TIE_V4] Outcome: NO_TRADE | no_signal
2026-08-12 21:13:16,909 TIE_Production --- Scanning XAUUSD ---
2026-08-12 21:13:17,803 TIE_Production MARKET REGIME: TRENDING (strength=86) | SUGGESTED ENGINE: Aggressive
2026-08-12 21:13:17,804 StrategyManager Strategy semi_hft_c8_v4 returned WAIT: no_setup:no_structural_setup
2026-08-12 21:13:17,805 StrategyManager Strategy aggressive_v1 returned WAIT: no_setup:no_structural_setup
2026-08-12 21:13:17,806 BystraStrategy Bystra best detector: SNRC3 conf=85% dir=BUY
2026-08-12 21:13:17,806 BystraStrategy Bystra pattern blacklist: SNRC3 @ zone 0 already fired, skip
2026-08-12 21:13:17,806 StrategyManager Strategy bystra_v1 returned WAIT: pattern_blacklist:SNRC3
2026-08-12 21:13:17,806 TIE_Production No setup for XAUUSD (WAIT)
2026-08-12 21:13:17,814 GateObservatory [XAUUSD/TIE_V4] Outcome: NO_TRADE | no_signal
2026-08-12 21:13:27,432 TIE_Production --- Scanning XAUUSD ---
2026-08-12 21:13:28,370 TIE_Production MARKET REGIME: TRENDING (strength=88) | SUGGESTED ENGINE: Aggressive
2026-08-12 21:13:28,372 strategies.semi_hft.strategy [LIQ_VACUUM] GOOD clear_path_up dir=BUY
2026-08-12 21:13:28,372 strategies.semi_hft.strategy [ZSCORE] zscore_ok z=1.30
2026-08-12 21:13:28,372 strategies.semi_hft.strategy [PULLBACK] trend_follow_UP_m5_gas_ok | M15=UP
2026-08-12 21:13:28,372 strategies.semi_hft.strategy [MACD] macd_up_buy_ok macd=3.78 sig=3.40
2026-08-12 21:13:28,372 StrategyManager Strategy semi_hft_c8_v4 returned WAIT: m5_guard:BLOCK_RANGE
2026-08-12 21:13:28,373 strategies.aggressive.strategy [LIQ_VACUUM] GOOD clear_path_up dir=BUY
2026-08-12 21:13:28,373 strategies.aggressive.strategy [ZSCORE] zscore_ok z=1.30
2026-08-12 21:13:28,373 StrategyManager Strategy aggressive_v1 returned WAIT: rme:score_low:53.4
2026-08-12 21:13:28,374 BystraStrategy Bystra best detector: SNRC3 conf=85% dir=BUY
2026-08-12 21:13:28,374 BystraStrategy Bystra pattern blacklist: SNRC3 @ zone 0 already fired, skip
2026-08-12 21:13:28,374 StrategyManager Strategy bystra_v1 returned WAIT: pattern_blacklist:SNRC3
2026-08-12 21:13:28,374 TIE_Production No setup for XAUUSD (WAIT)
2026-08-12 21:13:28,379 GateObservatory [XAUUSD/TIE_V4] Outcome: NO_TRADE | no_signal
2026-08-12 21:13:28,613 TIE_Production --- Scanning XAUUSD ---
2026-08-12 21:13:29,576 TIE_Production MARKET REGIME: TRENDING (strength=90) | SUGGESTED ENGINE: Aggressive
2026-08-12 21:13:29,577 StrategyManager Strategy semi_hft_c8_v4 returned WAIT: no_setup:no_structural_setup
2026-08-12 21:13:29,578 StrategyManager Strategy aggressive_v1 returned WAIT: no_setup:no_structural_setup
2026-08-12 21:13:29,579 BystraStrategy Bystra best detector: SNRC3 conf=85% dir=BUY
2026-08-12 21:13:29,579 BystraStrategy Bystra pattern blacklist: SNRC3 @ zone 0 already fired, skip
2026-08-12 21:13:29,579 StrategyManager Strategy bystra_v1 returned WAIT: pattern_blacklist:SNRC3
2026-08-12 21:13:29,580 TIE_Production No setup for XAUUSD (WAIT)
2026-08-12 21:13:29,584 GateObservatory [XAUUSD/TIE_V4] Outcome: NO_TRADE | no_signal
2026-08-12 21:13:39,351 TIE_Production --- Scanning XAUUSD ---
2026-08-12 21:13:40,473 TIE_Production MARKET REGIME: TRENDING (strength=81) | SUGGESTED ENGINE: Aggressive
2026-08-12 21:13:40,474 strategies.semi_hft.strategy [LIQ_VACUUM] GOOD clear_path_up dir=BUY
2026-08-12 21:13:40,475 strategies.semi_hft.strategy [ZSCORE] zscore_ok z=1.18
2026-08-12 21:13:40,475 strategies.semi_hft.strategy [PULLBACK] trend_follow_UP_m5_gas_ok | M15=UP
2026-08-12 21:13:40,475 strategies.semi_hft.strategy [MACD] macd_up_buy_ok macd=3.71 sig=3.34
2026-08-12 21:13:40,475 StrategyManager Strategy semi_hft_c8_v4 returned WAIT: m5_guard:BLOCK_RANGE
2026-08-12 21:13:40,475 TIE_Production --- Scanning XAUUSD ---
2026-08-12 21:13:40,476 strategies.aggressive.strategy [LIQ_VACUUM] GOOD clear_path_up dir=BUY
2026-08-12 21:13:40,476 strategies.aggressive.strategy [ZSCORE] zscore_ok z=1.18
2026-08-12 21:13:40,476 StrategyManager Strategy aggressive_v1 returned WAIT: rme:score_low:49.3
2026-08-12 21:13:40,477 BystraStrategy Bystra best detector: SNRC3 conf=85% dir=BUY
2026-08-12 21:13:40,478 BystraStrategy Bystra pattern blacklist: SNRC3 @ zone 0 already fired, skip
2026-08-12 21:13:40,478 StrategyManager Strategy bystra_v1 returned WAIT: pattern_blacklist:SNRC3
2026-08-12 21:13:40,478 TIE_Production No setup for XAUUSD (WAIT)
2026-08-12 21:13:40,483 GateObservatory [XAUUSD/TIE_V4] Outcome: NO_TRADE | no_signal
2026-08-12 21:13:41,851 TIE_Production MARKET REGIME: TRENDING (strength=80) | SUGGESTED ENGINE: Aggressive
2026-08-12 21:13:41,853 StrategyManager Strategy semi_hft_c8_v4 returned WAIT: no_setup:no_structural_setup
2026-08-12 21:13:41,853 StrategyManager Strategy aggressive_v1 returned WAIT: no_setup:no_structural_setup
2026-08-12 21:13:41,854 BystraStrategy Bystra best detector: SNRC3 conf=85% dir=BUY
2026-08-12 21:13:41,855 BystraStrategy Bystra pattern blacklist: SNRC3 @ zone 0 already fired, skip
2026-08-12 21:13:41,855 StrategyManager Strategy bystra_v1 returned WAIT: pattern_blacklist:SNRC3
2026-08-12 21:13:41,855 TIE_Production No setup for XAUUSD (WAIT)
2026-08-12 21:13:41,860 GateObservatory [XAUUSD/TIE_V4] Outcome: NO_TRADE | no_signal
2026-08-12 21:13:51,441 TIE_Production --- Scanning XAUUSD ---
2026-08-12 21:13:52,775 TIE_Production --- Scanning XAUUSD ---
2026-08-12 21:13:53,054 TIE_Production MARKET REGIME: TRENDING (strength=79) | SUGGESTED ENGINE: Aggressive
2026-08-12 21:13:53,056 strategies.semi_hft.strategy [LIQ_VACUUM] GOOD clear_path_up dir=BUY
2026-08-12 21:13:53,056 strategies.semi_hft.strategy [ZSCORE] zscore_ok z=1.15
2026-08-12 21:13:53,056 strategies.semi_hft.strategy [PULLBACK] trend_follow_UP_m5_gas_ok | M15=UP
2026-08-12 21:13:53,056 strategies.semi_hft.strategy [MACD] macd_up_buy_ok macd=3.69 sig=3.32
2026-08-12 21:13:53,056 StrategyManager Strategy semi_hft_c8_v4 returned WAIT: m5_guard:BLOCK_RANGE
2026-08-12 21:13:53,057 strategies.aggressive.strategy [LIQ_VACUUM] GOOD clear_path_up dir=BUY
2026-08-12 21:13:53,057 strategies.aggressive.strategy [ZSCORE] zscore_ok z=1.15
2026-08-12 21:13:53,057 StrategyManager Strategy aggressive_v1 returned WAIT: rme:score_low:48.3
2026-08-12 21:13:53,058 BystraStrategy Bystra best detector: SNRC3 conf=85% dir=BUY
2026-08-12 21:13:53,058 BystraStrategy Bystra pattern blacklist: SNRC3 @ zone 0 already fired, skip
2026-08-12 21:13:53,058 StrategyManager Strategy bystra_v1 returned WAIT: pattern_blacklist:SNRC3
2026-08-12 21:13:53,058 TIE_Production No setup for XAUUSD (WAIT)
2026-08-12 21:13:53,063 GateObservatory [XAUUSD/TIE_V4] Outcome: NO_TRADE | no_signal
2026-08-12 21:13:55,418 TIE_Production MARKET REGIME: TRENDING (strength=79) | SUGGESTED ENGINE: Aggressive
2026-08-12 21:13:55,420 StrategyManager Strategy semi_hft_c8_v4 returned WAIT: no_setup:no_structural_setup
2026-08-12 21:13:55,420 StrategyManager Strategy aggressive_v1 returned WAIT: no_setup:no_structural_setup
2026-08-12 21:13:55,421 BystraStrategy Bystra best detector: SNRC3 conf=85% dir=BUY
2026-08-12 21:13:55,421 BystraStrategy Bystra pattern blacklist: SNRC3 @ zone 0 already fired, skip
2026-08-12 21:13:55,421 StrategyManager Strategy bystra_v1 returned WAIT: pattern_blacklist:SNRC3
2026-08-12 21:13:55,421 TIE_Production No setup for XAUUSD (WAIT)
2026-08-12 21:13:55,425 GateObservatory [XAUUSD/TIE_V4] Outcome: NO_TRADE | no_signal
2026-08-12 21:14:03,913 TIE_Production --- Scanning XAUUSD ---
2026-08-12 21:14:04,769 TIE_Production MARKET REGIME: TRENDING (strength=84) | SUGGESTED ENGINE: Aggressive
2026-08-12 21:14:04,771 strategies.semi_hft.strategy [LIQ_VACUUM] GOOD clear_path_up dir=BUY
2026-08-12 21:14:04,771 strategies.semi_hft.strategy [ZSCORE] zscore_ok z=1.22
2026-08-12 21:14:04,771 strategies.semi_hft.strategy [PULLBACK] trend_follow_UP_m5_gas_ok | M15=UP
2026-08-12 21:14:04,771 strategies.semi_hft.strategy [MACD] macd_up_buy_ok macd=3.74 sig=3.36
2026-08-12 21:14:04,772 StrategyManager Strategy semi_hft_c8_v4 returned WAIT: m5_guard:BLOCK_RANGE
2026-08-12 21:14:04,772 strategies.aggressive.strategy [LIQ_VACUUM] GOOD clear_path_up dir=BUY
2026-08-12 21:14:04,773 strategies.aggressive.strategy [ZSCORE] zscore_ok z=1.22
2026-08-12 21:14:04,773 StrategyManager Strategy aggressive_v1 returned WAIT: rme:score_low:50.8
2026-08-12 21:14:04,774 BystraStrategy Bystra best detector: SNRC3 conf=85% dir=BUY
2026-08-12 21:14:04,774 BystraStrategy Bystra pattern blacklist: SNRC3 @ zone 0 already fired, skip
2026-08-12 21:14:04,774 StrategyManager Strategy bystra_v1 returned WAIT: pattern_blacklist:SNRC3
2026-08-12 21:14:04,774 TIE_Production No setup for XAUUSD (WAIT)
2026-08-12 21:14:04,778 GateObservatory [XAUUSD/TIE_V4] Outcome: NO_TRADE | no_signal
2026-08-12 21:14:06,256 TIE_Production --- Scanning XAUUSD ---
2026-08-12 21:14:07,206 TIE_Production MARKET REGIME: TRENDING (strength=80) | SUGGESTED ENGINE: Aggressive
2026-08-12 21:14:07,208 StrategyManager Strategy semi_hft_c8_v4 returned WAIT: no_setup:no_structural_setup
2026-08-12 21:14:07,208 StrategyManager Strategy aggressive_v1 returned WAIT: no_setup:no_structural_setup
2026-08-12 21:14:07,209 BystraStrategy Bystra best detector: SNRC3 conf=85% dir=BUY
2026-08-12 21:14:07,209 BystraStrategy Bystra pattern blacklist: SNRC3 @ zone 0 already fired, skip
2026-08-12 21:14:07,209 StrategyManager Strategy bystra_v1 returned WAIT: pattern_blacklist:SNRC3
2026-08-12 21:14:07,209 TIE_Production No setup for XAUUSD (WAIT)
2026-08-12 21:14:07,213 GateObservatory [XAUUSD/TIE_V4] Outcome: NO_TRADE | no_signal
2026-08-12 21:14:15,657 TIE_Production --- Scanning XAUUSD ---
2026-08-12 21:14:16,521 TIE_Production MARKET REGIME: TRENDING (strength=72) | SUGGESTED ENGINE: Aggressive
2026-08-12 21:14:16,522 strategies.semi_hft.strategy [LIQ_VACUUM] GOOD clear_path_up dir=BUY
2026-08-12 21:14:16,523 strategies.semi_hft.strategy [ZSCORE] zscore_ok z=1.04
2026-08-12 21:14:16,523 strategies.semi_hft.strategy [PULLBACK] trend_follow_UP_m5_gas_ok | M15=UP
2026-08-12 21:14:16,523 strategies.semi_hft.strategy [MACD] macd_up_buy_ok macd=3.63 sig=3.26
2026-08-12 21:14:16,523 StrategyManager Strategy semi_hft_c8_v4 returned WAIT: m5_guard:BLOCK_RANGE
2026-08-12 21:14:16,524 strategies.aggressive.strategy [LIQ_VACUUM] GOOD clear_path_up dir=BUY
2026-08-12 21:14:16,524 strategies.aggressive.strategy [ZSCORE] zscore_ok z=1.04
2026-08-12 21:14:16,524 StrategyManager Strategy aggressive_v1 returned WAIT: rme:score_low:44.2
2026-08-12 21:14:16,525 BystraStrategy Bystra best detector: SNRC3 conf=85% dir=BUY
2026-08-12 21:14:16,525 BystraStrategy Bystra pattern blacklist: SNRC3 @ zone 0 already fired, skip
2026-08-12 21:14:16,525 StrategyManager Strategy bystra_v1 returned WAIT: pattern_blacklist:SNRC3
2026-08-12 21:14:16,525 TIE_Production No setup for XAUUSD (WAIT)
2026-08-12 21:14:16,530 GateObservatory [XAUUSD/TIE_V4] Outcome: NO_TRADE | no_signal
2026-08-12 21:14:17,947 TIE_Production --- Scanning XAUUSD ---
2026-08-12 21:14:19,094 TIE_Production MARKET REGIME: TRENDING (strength=71) | SUGGESTED ENGINE: Aggressive
2026-08-12 21:14:19,096 StrategyManager Strategy semi_hft_c8_v4 returned WAIT: no_setup:no_structural_setup
2026-08-12 21:14:19,096 StrategyManager Strategy aggressive_v1 returned WAIT: no_setup:no_structural_setup
2026-08-12 21:14:19,098 BystraStrategy Bystra best detector: SNRC3 conf=85% dir=BUY
2026-08-12 21:14:19,098 BystraStrategy Bystra pattern blacklist: SNRC3 @ zone 0 already fired, skip
2026-08-12 21:14:19,098 StrategyManager Strategy bystra_v1 returned WAIT: pattern_blacklist:SNRC3
2026-08-12 21:14:19,098 TIE_Production No setup for XAUUSD (WAIT)
2026-08-12 21:14:19,102 GateObservatory [XAUUSD/TIE_V4] Outcome: NO_TRADE | no_signal
2026-08-12 21:14:27,457 TIE_Production --- Scanning XAUUSD ---
2026-08-12 21:14:28,474 TIE_Production MARKET REGIME: TRENDING (strength=75) | SUGGESTED ENGINE: Aggressive
2026-08-12 21:14:28,479 strategies.semi_hft.strategy [LIQ_VACUUM] GOOD clear_path_up dir=BUY
2026-08-12 21:14:28,479 strategies.semi_hft.strategy [ZSCORE] zscore_ok z=1.10
2026-08-12 21:14:28,479 strategies.semi_hft.strategy [PULLBACK] trend_follow_UP_m5_gas_ok | M15=UP
2026-08-12 21:14:28,479 strategies.semi_hft.strategy [MACD] macd_up_buy_ok macd=3.66 sig=3.29
2026-08-12 21:14:28,479 StrategyManager Strategy semi_hft_c8_v4 returned WAIT: m5_guard:BLOCK_RANGE
2026-08-12 21:14:28,481 strategies.aggressive.strategy [LIQ_VACUUM] GOOD clear_path_up dir=BUY
2026-08-12 21:14:28,481 strategies.aggressive.strategy [ZSCORE] zscore_ok z=1.10
2026-08-12 21:14:28,481 StrategyManager Strategy aggressive_v1 returned WAIT: rme:score_low:46.3
2026-08-12 21:14:28,485 BystraStrategy Bystra best detector: SNRC3 conf=85% dir=BUY
2026-08-12 21:14:28,487 BystraStrategy Bystra pattern blacklist: SNRC3 @ zone 0 already fired, skip
2026-08-12 21:14:28,487 StrategyManager Strategy bystra_v1 returned WAIT: pattern_blacklist:SNRC3
2026-08-12 21:14:28,487 TIE_Production No setup for XAUUSD (WAIT)
2026-08-12 21:14:28,494 GateObservatory [XAUUSD/TIE_V4] Outcome: NO_TRADE | no_signal
2026-08-12 21:14:30,011 TIE_Production --- Scanning XAUUSD ---
2026-08-12 21:14:31,355 TIE_Production MARKET REGIME: TRENDING (strength=75) | SUGGESTED ENGINE: Aggressive
2026-08-12 21:14:31,359 StrategyManager Strategy semi_hft_c8_v4 returned WAIT: no_setup:no_structural_setup
2026-08-12 21:14:31,360 StrategyManager Strategy aggressive_v1 returned WAIT: no_setup:no_structural_setup
2026-08-12 21:14:31,363 BystraStrategy Bystra best detector: SNRC3 conf=85% dir=BUY
2026-08-12 21:14:31,363 BystraStrategy Bystra pattern blacklist: SNRC3 @ zone 0 already fired, skip
2026-08-12 21:14:31,363 StrategyManager Strategy bystra_v1 returned WAIT: pattern_blacklist:SNRC3
2026-08-12 21:14:31,363 TIE_Production No setup for XAUUSD (WAIT)
2026-08-12 21:14:31,370 GateObservatory [XAUUSD/TIE_V4] Outcome: NO_TRADE | no_signal
2026-08-12 21:14:39,340 TIE_Production --- Scanning XAUUSD ---
2026-08-12 21:14:40,332 TIE_Production MARKET REGIME: TRENDING (strength=71) | SUGGESTED ENGINE: Aggressive
2026-08-12 21:14:40,333 strategies.semi_hft.strategy [LIQ_VACUUM] GOOD clear_path_up dir=BUY
2026-08-12 21:14:40,334 strategies.semi_hft.strategy [ZSCORE] zscore_ok z=1.03
2026-08-12 21:14:40,334 strategies.semi_hft.strategy [PULLBACK] trend_follow_UP_m5_gas_ok | M15=UP
2026-08-12 21:14:40,334 strategies.semi_hft.strategy [MACD] macd_up_buy_ok macd=3.62 sig=3.26
2026-08-12 21:14:40,334 StrategyManager Strategy semi_hft_c8_v4 returned WAIT: m5_guard:BLOCK_RANGE
2026-08-12 21:14:40,335 strategies.aggressive.strategy [LIQ_VACUUM] GOOD clear_path_up dir=BUY
2026-08-12 21:14:40,335 strategies.aggressive.strategy [ZSCORE] zscore_ok z=1.03
2026-08-12 21:14:40,335 StrategyManager Strategy aggressive_v1 returned WAIT: rme:score_low:44.0
2026-08-12 21:14:40,336 BystraStrategy Bystra best detector: SNRC3 conf=85% dir=BUY
2026-08-12 21:14:40,336 BystraStrategy Bystra pattern blacklist: SNRC3 @ zone 0 already fired, skip
2026-08-12 21:14:40,336 StrategyManager Strategy bystra_v1 returned WAIT: pattern_blacklist:SNRC3
2026-08-12 21:14:40,336 TIE_Production No setup for XAUUSD (WAIT)
2026-08-12 21:14:40,342 GateObservatory [XAUUSD/TIE_V4] Outcome: NO_TRADE | no_signal
2026-08-12 21:14:42,113 TIE_Production --- Scanning XAUUSD ---
2026-08-12 21:14:43,051 TIE_Production MARKET REGIME: TRENDING (strength=72) | SUGGESTED ENGINE: Aggressive
2026-08-12 21:14:43,052 StrategyManager Strategy semi_hft_c8_v4 returned WAIT: no_setup:no_structural_setup
2026-08-12 21:14:43,052 StrategyManager Strategy aggressive_v1 returned WAIT: no_setup:no_structural_setup
2026-08-12 21:14:43,054 BystraStrategy Bystra best detector: SNRC3 conf=85% dir=BUY
2026-08-12 21:14:43,054 BystraStrategy Bystra pattern blacklist: SNRC3 @ zone 0 already fired, skip
2026-08-12 21:14:43,054 StrategyManager Strategy bystra_v1 returned WAIT: pattern_blacklist:SNRC3
2026-08-12 21:14:43,054 TIE_Production No setup for XAUUSD (WAIT)
2026-08-12 21:14:43,059 GateObservatory [XAUUSD/TIE_V4] Outcome: NO_TRADE | no_signal
2026-08-12 21:14:51,180 TIE_Production --- Scanning XAUUSD ---
2026-08-12 21:14:52,040 TIE_Production MARKET REGIME: TRENDING (strength=70) | SUGGESTED ENGINE: Aggressive
2026-08-12 21:14:52,041 strategies.semi_hft.strategy [LIQ_VACUUM] GOOD clear_path_up dir=BUY
2026-08-12 21:14:52,041 strategies.semi_hft.strategy [ZSCORE] zscore_ok z=1.02
2026-08-12 21:14:52,042 strategies.semi_hft.strategy [PULLBACK] trend_follow_UP_m5_gas_ok | M15=UP
2026-08-12 21:14:52,042 strategies.semi_hft.strategy [MACD] macd_up_buy_ok macd=3.61 sig=3.25
2026-08-12 21:14:52,042 StrategyManager Strategy semi_hft_c8_v4 returned WAIT: m5_guard:BLOCK_RANGE
2026-08-12 21:14:52,042 strategies.aggressive.strategy [LIQ_VACUUM] GOOD clear_path_up dir=BUY
2026-08-12 21:14:52,042 strategies.aggressive.strategy [ZSCORE] zscore_ok z=1.02
2026-08-12 21:14:52,043 StrategyManager Strategy aggressive_v1 returned WAIT: rme:score_low:43.5
2026-08-12 21:14:52,044 BystraStrategy Bystra best detector: SNRC3 conf=85% dir=BUY
2026-08-12 21:14:52,044 BystraStrategy Bystra pattern blacklist: SNRC3 @ zone 0 already fired, skip
2026-08-12 21:14:52,044 StrategyManager Strategy bystra_v1 returned WAIT: pattern_blacklist:SNRC3
2026-08-12 21:14:52,044 TIE_Production No setup for XAUUSD (WAIT)
2026-08-12 21:14:52,049 GateObservatory [XAUUSD/TIE_V4] Outcome: NO_TRADE | no_signal
2026-08-12 21:14:53,939 TIE_Production --- Scanning XAUUSD ---
2026-08-12 21:14:54,925 TIE_Production MARKET REGIME: TRENDING (strength=68) | SUGGESTED ENGINE: Aggressive
2026-08-12 21:14:54,926 StrategyManager Strategy semi_hft_c8_v4 returned WAIT: no_setup:no_structural_setup
2026-08-12 21:14:54,926 StrategyManager Strategy aggressive_v1 returned WAIT: no_setup:no_structural_setup
2026-08-12 21:14:54,928 BystraStrategy Bystra best detector: SNRC3 conf=85% dir=BUY
2026-08-12 21:14:54,928 BystraStrategy Bystra pattern blacklist: SNRC3 @ zone 0 already fired, skip
2026-08-12 21:14:54,928 StrategyManager Strategy bystra_v1 returned WAIT: pattern_blacklist:SNRC3
2026-08-12 21:14:54,928 TIE_Production No setup for XAUUSD (WAIT)
2026-08-12 21:14:54,932 GateObservatory [XAUUSD/TIE_V4] Outcome: NO_TRADE | no_signal
2026-08-12 21:15:03,316 TIE_Production --- Scanning XAUUSD ---
2026-08-12 21:15:04,440 TIE_Production MARKET REGIME: TRENDING (strength=78) | SUGGESTED ENGINE: Aggressive
2026-08-12 21:15:04,441 strategies.semi_hft.strategy [LIQ_VACUUM] GOOD clear_path_down dir=SELL
2026-08-12 21:15:04,441 strategies.semi_hft.strategy [ZSCORE] zscore_ok z=0.83
2026-08-12 21:15:04,441 StrategyManager Strategy semi_hft_c8_v4 returned WAIT: pullback:m5_weak_trend dir=SELL
2026-08-12 21:15:04,442 StrategyManager Strategy aggressive_v1 returned WAIT: tl_guard:NO_SELL_BREAK
2026-08-12 21:15:04,443 BystraStrategy Bystra best detector: THREE_CANDLE conf=82% dir=SELL
2026-08-12 21:15:04,444 MultiStrategyRuntime Scan 3.4ms — strategies=3 signals=1 dir=sell source=bystra_v1
2026-08-12 21:15:04,449 GateObservatory [XAUUSD/TIE_V4] Gate Detector: PASS | setup=B_SELL lot=0.01
2026-08-12 21:15:04,449 TIE_Production ExitOrchestrator adjusted SL/TP for B_SELL: new SL=4441.71 TP=4382.12 RR=4.75 (adj=False)
2026-08-12 21:15:04,449 TIE_Production Setup detected: B_SELL SELL conf=82%
2026-08-12 21:15:04,474 TIE_Production Momentum Gate: ❌ BLOCK SELL — momentum_weak body=2.15 < 3.14 (0.4x ATR)
2026-08-12 21:15:04,478 GateObservatory [XAUUSD/TIE_V4] Gate Momentum: FAIL | momentum_weak body=2.15 < 3.14 (0.4x ATR)
2026-08-12 21:15:05,689 TIE_Production --- Scanning XAUUSD ---
2026-08-12 21:15:06,638 TIE_Production MARKET REGIME: TRENDING (strength=65) | SUGGESTED ENGINE: Aggressive
2026-08-12 21:15:06,639 StrategyManager Strategy semi_hft_c8_v4 returned WAIT: no_setup:no_structural_setup
2026-08-12 21:15:06,640 StrategyManager Strategy aggressive_v1 returned WAIT: no_setup:no_structural_setup
2026-08-12 21:15:06,641 BystraStrategy Bystra best detector: THREE_CANDLE conf=82% dir=SELL
2026-08-12 21:15:06,642 MultiStrategyRuntime Scan 2.7ms — strategies=3 signals=1 dir=sell source=bystra_v1
2026-08-12 21:15:06,647 GateObservatory [XAUUSD/TIE_V4] Gate Detector: PASS | setup=B_SELL lot=0.01
2026-08-12 21:15:06,647 TIE_Production ExitOrchestrator adjusted SL/TP for B_SELL: new SL=4441.71 TP=4382.12 RR=4.73 (adj=False)
2026-08-12 21:15:06,648 TIE_Production Setup detected: B_SELL SELL conf=82%
2026-08-12 21:15:06,670 TIE_Production Momentum Gate: ❌ BLOCK SELL — momentum_weak body=2.15 < 3.14 (0.4x ATR)
2026-08-12 21:15:06,675 GateObservatory [XAUUSD/TIE_V4] Gate Momentum: FAIL | momentum_weak body=2.15 < 3.14 (0.4x ATR)
2026-08-12 21:15:15,442 TIE_Production --- Scanning XAUUSD ---
2026-08-12 21:15:16,737 TIE_Production MARKET REGIME: TRENDING (strength=70) | SUGGESTED ENGINE: Aggressive
2026-08-12 21:15:16,739 strategies.semi_hft.strategy [LIQ_VACUUM] GOOD clear_path_down dir=SELL
2026-08-12 21:15:16,739 strategies.semi_hft.strategy [ZSCORE] zscore_ok z=0.86
2026-08-12 21:15:16,739 StrategyManager Strategy semi_hft_c8_v4 returned WAIT: pullback:m15_flat_no_trend regime=TRENDING str=69
2026-08-12 21:15:16,740 StrategyManager Strategy aggressive_v1 returned WAIT: tl_guard:NO_SELL_BREAK
2026-08-12 21:15:16,743 BystraStrategy Bystra best detector: THREE_CANDLE conf=82% dir=SELL
2026-08-12 21:15:16,745 MultiStrategyRuntime Scan 6.5ms — strategies=3 signals=1 dir=sell source=bystra_v1
2026-08-12 21:15:16,753 GateObservatory [XAUUSD/TIE_V4] Gate Detector: PASS | setup=B_SELL lot=0.01
2026-08-12 21:15:16,753 TIE_Production ExitOrchestrator adjusted SL/TP for B_SELL: new SL=4441.71 TP=4382.12 RR=4.82 (adj=False)
2026-08-12 21:15:16,753 TIE_Production Setup detected: B_SELL SELL conf=82%
2026-08-12 21:15:16,776 TIE_Production Dedup Time: skip B_SELL SELL XAUUSD (cooldown 12.3s < 60s)
2026-08-12 21:15:16,782 GateObservatory [XAUUSD/TIE_V4] Gate Dedup: FAIL | cooldown_12s
2026-08-12 21:15:24,044 TIE_Production --- Scanning XAUUSD ---
2026-08-12 21:15:24,976 TIE_Production MARKET REGIME: TRENDING (strength=71) | SUGGESTED ENGINE: Aggressive
2026-08-12 21:15:24,977 StrategyManager Strategy semi_hft_c8_v4 returned WAIT: no_setup:no_structural_setup
2026-08-12 21:15:24,977 StrategyManager Strategy aggressive_v1 returned WAIT: no_setup:no_structural_setup
2026-08-12 21:15:24,979 BystraStrategy Bystra best detector: THREE_CANDLE conf=82% dir=SELL
2026-08-12 21:15:24,979 MultiStrategyRuntime Scan 2.9ms — strategies=3 signals=1 dir=sell source=bystra_v1
2026-08-12 21:15:24,984 GateObservatory [XAUUSD/TIE_V4] Gate Detector: PASS | setup=B_SELL lot=0.01
2026-08-12 21:15:24,984 TIE_Production ExitOrchestrator adjusted SL/TP for B_SELL: new SL=4441.71 TP=4382.12 RR=4.49 (adj=False)
2026-08-12 21:15:24,984 TIE_Production Setup detected: B_SELL SELL conf=82%
2026-08-12 21:15:25,000 TIE_Production Dedup Time: skip B_SELL SELL XAUUSD (cooldown 18.3s < 60s)
2026-08-12 21:15:25,006 GateObservatory [XAUUSD/TIE_V4] Gate Dedup: FAIL | cooldown_18s
2026-08-12 21:15:28,007 TIE_Production --- Scanning XAUUSD ---
2026-08-12 21:15:29,199 TIE_Production MARKET REGIME: TRENDING (strength=64) | SUGGESTED ENGINE: Aggressive
2026-08-12 21:15:29,200 strategies.semi_hft.strategy [LIQ_VACUUM] GOOD clear_path_down dir=SELL
2026-08-12 21:15:29,200 strategies.semi_hft.strategy [ZSCORE] zscore_ok z=0.84
2026-08-12 21:15:29,200 StrategyManager Strategy semi_hft_c8_v4 returned WAIT: pullback:m15_flat_no_trend regime=TRENDING str=63
2026-08-12 21:15:29,201 StrategyManager Strategy aggressive_v1 returned WAIT: tl_guard:NO_SELL_BREAK
2026-08-12 21:15:29,202 BystraStrategy Bystra best detector: THREE_CANDLE conf=82% dir=SELL
2026-08-12 21:15:29,203 MultiStrategyRuntime Scan 2.9ms — strategies=3 signals=1 dir=sell source=bystra_v1
2026-08-12 21:15:29,209 GateObservatory [XAUUSD/TIE_V4] Gate Detector: PASS | setup=B_SELL lot=0.01
2026-08-12 21:15:29,209 TIE_Production ExitOrchestrator adjusted SL/TP for B_SELL: new SL=4441.71 TP=4382.12 RR=4.52 (adj=False)
2026-08-12 21:15:29,209 TIE_Production Setup detected: B_SELL SELL conf=82%
2026-08-12 21:15:29,229 TIE_Production Dedup Time: skip B_SELL SELL XAUUSD (cooldown 24.8s < 60s)
2026-08-12 21:15:29,233 GateObservatory [XAUUSD/TIE_V4] Gate Dedup: FAIL | cooldown_24s
2026-08-12 21:15:36,051 TIE_Production --- Scanning XAUUSD ---
2026-08-12 21:15:37,011 TIE_Production MARKET REGIME: RANGING (strength=60) | SUGGESTED ENGINE: SemiHFT
2026-08-12 21:15:37,013 StrategyManager Strategy semi_hft_c8_v4 returned WAIT: no_setup:no_structural_setup
2026-08-12 21:15:37,013 StrategyManager Strategy aggressive_v1 returned WAIT: no_setup:no_structural_setup
2026-08-12 21:15:37,015 BystraStrategy Bystra best detector: THREE_CANDLE conf=82% dir=SELL
2026-08-12 21:15:37,015 MultiStrategyRuntime Scan 2.7ms — strategies=3 signals=1 dir=sell source=bystra_v1
2026-08-12 21:15:37,020 GateObservatory [XAUUSD/TIE_V4] Gate Detector: PASS | setup=B_SELL lot=0.01
2026-08-12 21:15:37,021 TIE_Production ExitOrchestrator adjusted SL/TP for B_SELL: new SL=4441.71 TP=4382.12 RR=5.23 (adj=False)
2026-08-12 21:15:37,021 TIE_Production Setup detected: B_SELL SELL conf=82%
2026-08-12 21:15:37,051 TIE_Production Dedup Time: skip B_SELL SELL XAUUSD (cooldown 30.4s < 60s)
2026-08-12 21:15:37,055 GateObservatory [XAUUSD/TIE_V4] Gate Dedup: FAIL | cooldown_30s
2026-08-12 21:15:39,962 TIE_Production --- Scanning XAUUSD ---
2026-08-12 21:15:40,814 TIE_Production MARKET REGIME: TRENDING (strength=64) | SUGGESTED ENGINE: Aggressive
2026-08-12 21:15:40,815 strategies.semi_hft.strategy [LIQ_VACUUM] GOOD clear_path_up dir=BUY
2026-08-12 21:15:40,816 strategies.semi_hft.strategy [ZSCORE] zscore_ok z=1.04
2026-08-12 21:15:40,816 StrategyManager Strategy semi_hft_c8_v4 returned WAIT: pullback:m5_weak_trend dir=BUY
2026-08-12 21:15:40,816 strategies.aggressive.strategy [LIQ_VACUUM] GOOD no_pool_data dir=BUY
2026-08-12 21:15:40,816 strategies.aggressive.strategy [ZSCORE] zscore_ok z=1.04
2026-08-12 21:15:40,817 StrategyManager Strategy aggressive_v1 returned WAIT: rme:debate_block:penalty_10.0
2026-08-12 21:15:40,818 BystraStrategy Bystra best detector: THREE_CANDLE conf=82% dir=SELL
2026-08-12 21:15:40,818 MultiStrategyRuntime Scan 3.0ms — strategies=3 signals=1 dir=sell source=bystra_v1
2026-08-12 21:15:40,822 GateObservatory [XAUUSD/TIE_V4] Gate Detector: PASS | setup=B_SELL lot=0.01
2026-08-12 21:15:40,822 TIE_Production ExitOrchestrator adjusted SL/TP for B_SELL: new SL=4441.71 TP=4382.12 RR=5.85 (adj=False)
2026-08-12 21:15:40,822 TIE_Production Setup detected: B_SELL SELL conf=82%
2026-08-12 21:15:41,487 TIE_Production Dedup Time: skip B_SELL SELL XAUUSD (cooldown 37.0s < 60s)
2026-08-12 21:15:41,491 GateObservatory [XAUUSD/TIE_V4] Gate Dedup: FAIL | cooldown_37s
2026-08-12 21:15:47,822 TIE_Production --- Scanning XAUUSD ---
2026-08-12 21:15:48,651 TIE_Production MARKET REGIME: TRENDING (strength=69) | SUGGESTED ENGINE: Aggressive
2026-08-12 21:15:48,652 StrategyManager Strategy semi_hft_c8_v4 returned WAIT: no_setup:no_structural_setup
2026-08-12 21:15:48,653 StrategyManager Strategy aggressive_v1 returned WAIT: no_setup:no_structural_setup
2026-08-12 21:15:48,654 BystraStrategy Bystra best detector: THREE_CANDLE conf=82% dir=SELL
2026-08-12 21:15:48,654 MultiStrategyRuntime Scan 2.6ms — strategies=3 signals=1 dir=sell source=bystra_v1
2026-08-12 21:15:48,658 GateObservatory [XAUUSD/TIE_V4] Gate Detector: PASS | setup=B_SELL lot=0.01
2026-08-12 21:15:48,658 TIE_Production ExitOrchestrator adjusted SL/TP for B_SELL: new SL=4441.71 TP=4382.12 RR=6.18 (adj=False)
2026-08-12 21:15:48,658 TIE_Production Setup detected: B_SELL SELL conf=82%
2026-08-12 21:15:48,689 TIE_Production Dedup Time: skip B_SELL SELL XAUUSD (cooldown 42.0s < 60s)
2026-08-12 21:15:48,695 GateObservatory [XAUUSD/TIE_V4] Gate Dedup: FAIL | cooldown_42s
2026-08-12 21:15:52,301 TIE_Production --- Scanning XAUUSD ---
2026-08-12 21:15:53,349 TIE_Production MARKET REGIME: TRENDING (strength=70) | SUGGESTED ENGINE: Aggressive
2026-08-12 21:15:53,351 strategies.semi_hft.strategy [LIQ_VACUUM] GOOD clear_path_up dir=BUY
2026-08-12 21:15:53,351 strategies.semi_hft.strategy [ZSCORE] zscore_ok z=1.14
2026-08-12 21:15:53,351 StrategyManager Strategy semi_hft_c8_v4 returned WAIT: pullback:m5_weak_trend dir=BUY
2026-08-12 21:15:53,351 strategies.aggressive.strategy [LIQ_VACUUM] GOOD no_pool_data dir=BUY
2026-08-12 21:15:53,352 strategies.aggressive.strategy [ZSCORE] zscore_ok z=1.14
2026-08-12 21:15:53,352 StrategyManager Strategy aggressive_v1 returned WAIT: rme:score_low:50.5
2026-08-12 21:15:53,353 BystraStrategy Bystra best detector: THREE_CANDLE conf=82% dir=SELL
2026-08-12 21:15:53,353 MultiStrategyRuntime Scan 3.0ms — strategies=3 signals=1 dir=sell source=bystra_v1
2026-08-12 21:15:53,357 GateObservatory [XAUUSD/TIE_V4] Gate Detector: PASS | setup=B_SELL lot=0.01
2026-08-12 21:15:53,358 TIE_Production ExitOrchestrator adjusted SL/TP for B_SELL: new SL=4441.71 TP=4382.12 RR=6.38 (adj=False)
2026-08-12 21:15:53,358 TIE_Production Setup detected: B_SELL SELL conf=82%
2026-08-12 21:15:53,828 TIE_Production Dedup Time: skip B_SELL SELL XAUUSD (cooldown 49.4s < 60s)
2026-08-12 21:15:53,833 GateObservatory [XAUUSD/TIE_V4] Gate Dedup: FAIL | cooldown_49s
2026-08-12 21:15:59,510 TIE_Production --- Scanning XAUUSD ---
2026-08-12 21:16:00,383 TIE_Production MARKET REGIME: TRENDING (strength=72) | SUGGESTED ENGINE: Aggressive
2026-08-12 21:16:00,384 StrategyManager Strategy semi_hft_c8_v4 returned WAIT: no_setup:no_structural_setup
2026-08-12 21:16:00,384 StrategyManager Strategy aggressive_v1 returned WAIT: no_setup:no_structural_setup
2026-08-12 21:16:00,386 BystraStrategy Bystra best detector: THREE_CANDLE conf=82% dir=SELL
2026-08-12 21:16:00,386 MultiStrategyRuntime Scan 2.4ms — strategies=3 signals=1 dir=sell source=bystra_v1
2026-08-12 21:16:00,390 GateObservatory [XAUUSD/TIE_V4] Gate Detector: PASS | setup=B_SELL lot=0.01
2026-08-12 21:16:00,390 TIE_Production ExitOrchestrator adjusted SL/TP for B_SELL: new SL=4441.71 TP=4382.12 RR=6.58 (adj=False)
2026-08-12 21:16:00,390 TIE_Production Setup detected: B_SELL SELL conf=82%
2026-08-12 21:16:00,410 TIE_Production Dedup Time: skip B_SELL SELL XAUUSD (cooldown 53.7s < 60s)
2026-08-12 21:16:00,415 GateObservatory [XAUUSD/TIE_V4] Gate Dedup: FAIL | cooldown_53s
2026-08-12 21:16:04,823 TIE_Production --- Scanning XAUUSD ---
2026-08-12 21:16:05,895 TIE_Production MARKET REGIME: TRENDING (strength=72) | SUGGESTED ENGINE: Aggressive
2026-08-12 21:16:05,896 strategies.semi_hft.strategy [LIQ_VACUUM] GOOD clear_path_down dir=SELL
2026-08-12 21:16:05,897 strategies.semi_hft.strategy [ZSCORE] zscore_ok z=1.19
2026-08-12 21:16:05,897 StrategyManager Strategy semi_hft_c8_v4 returned WAIT: pullback:counter_trend_not_in_fibo dir=SELL m15=UP price=4433.80 H=4441.46 L=4382.12
2026-08-12 21:16:05,897 strategies.aggressive.strategy [LIQ_VACUUM] GOOD no_pool_data dir=BUY
2026-08-12 21:16:05,898 strategies.aggressive.strategy [ZSCORE] zscore_ok z=1.19
2026-08-12 21:16:05,898 StrategyManager Strategy aggressive_v1 returned WAIT: rme:score_low:51.8
2026-08-12 21:16:05,899 BystraStrategy Bystra best detector: THREE_CANDLE conf=82% dir=SELL
2026-08-12 21:16:05,899 MultiStrategyRuntime Scan 3.2ms — strategies=3 signals=1 dir=sell source=bystra_v1
2026-08-12 21:16:05,904 GateObservatory [XAUUSD/TIE_V4] Gate Detector: PASS | setup=B_SELL lot=0.01
2026-08-12 21:16:05,904 TIE_Production ExitOrchestrator adjusted SL/TP for B_SELL: new SL=4441.71 TP=4382.12 RR=6.53 (adj=False)
2026-08-12 21:16:05,904 TIE_Production Setup detected: B_SELL SELL conf=82%
2026-08-12 21:16:05,922 TIE_Production Momentum Gate: ❌ BLOCK SELL — momentum_weak body=2.15 < 3.23 (0.4x ATR)
2026-08-12 21:16:05,926 GateObservatory [XAUUSD/TIE_V4] Gate Momentum: FAIL | momentum_weak body=2.15 < 3.23 (0.4x ATR)
2026-08-12 21:16:11,377 TIE_Production --- Scanning XAUUSD ---
2026-08-12 21:16:12,678 TIE_Production MARKET REGIME: TRENDING (strength=79) | SUGGESTED ENGINE: Aggressive
2026-08-12 21:16:12,679 StrategyManager Strategy semi_hft_c8_v4 returned WAIT: no_setup:no_structural_setup
2026-08-12 21:16:12,680 StrategyManager Strategy aggressive_v1 returned WAIT: no_setup:no_structural_setup
2026-08-12 21:16:12,681 BystraStrategy Bystra best detector: THREE_CANDLE conf=82% dir=SELL
2026-08-12 21:16:12,682 MultiStrategyRuntime Scan 2.9ms — strategies=3 signals=1 dir=sell source=bystra_v1
2026-08-12 21:16:12,689 GateObservatory [XAUUSD/TIE_V4] Gate Detector: PASS | setup=B_SELL lot=0.01
2026-08-12 21:16:12,689 TIE_Production ExitOrchestrator adjusted SL/TP for B_SELL: new SL=4441.71 TP=4382.12 RR=7.33 (adj=False)
2026-08-12 21:16:12,689 TIE_Production Setup detected: B_SELL SELL conf=82%
2026-08-12 21:16:12,708 TIE_Production Momentum Gate: ❌ BLOCK SELL — momentum_weak body=2.15 < 3.25 (0.4x ATR)
2026-08-12 21:16:12,712 GateObservatory [XAUUSD/TIE_V4] Gate Momentum: FAIL | momentum_weak body=2.15 < 3.25 (0.4x ATR)
2026-08-12 21:16:16,815 TIE_Production --- Scanning XAUUSD ---
2026-08-12 21:16:17,932 TIE_Production MARKET REGIME: TRENDING (strength=70) | SUGGESTED ENGINE: Aggressive
2026-08-12 21:16:17,934 strategies.semi_hft.strategy [LIQ_VACUUM] GOOD clear_path_up dir=BUY
2026-08-12 21:16:17,934 strategies.semi_hft.strategy [ZSCORE] zscore_ok z=1.19
2026-08-12 21:16:17,934 StrategyManager Strategy semi_hft_c8_v4 returned WAIT: pullback:m5_weak_trend dir=BUY
2026-08-12 21:16:17,934 strategies.aggressive.strategy [LIQ_VACUUM] GOOD no_pool_data dir=BUY
2026-08-12 21:16:17,935 strategies.aggressive.strategy [ZSCORE] zscore_ok z=1.19
2026-08-12 21:16:17,935 StrategyManager Strategy aggressive_v1 returned WAIT: rme:score_low:50.2
2026-08-12 21:16:17,936 BystraStrategy Bystra best detector: THREE_CANDLE conf=82% dir=SELL
2026-08-12 21:16:17,937 MultiStrategyRuntime Scan 4.0ms — strategies=3 signals=1 dir=sell source=bystra_v1
2026-08-12 21:16:17,942 GateObservatory [XAUUSD/TIE_V4] Gate Detector: PASS | setup=B_SELL lot=0.01
2026-08-12 21:16:17,942 TIE_Production ExitOrchestrator adjusted SL/TP for B_SELL: new SL=4441.71 TP=4382.12 RR=6.95 (adj=False)
2026-08-12 21:16:17,942 TIE_Production Setup detected: B_SELL SELL conf=82%
2026-08-12 21:16:17,963 TIE_Production Dedup Time: skip B_SELL SELL XAUUSD (cooldown 12.0s < 60s)
2026-08-12 21:16:17,967 GateObservatory [XAUUSD/TIE_V4] Gate Dedup: FAIL | cooldown_12s
2026-08-12 21:16:23,703 TIE_Production --- Scanning XAUUSD ---
2026-08-12 21:16:24,615 TIE_Production MARKET REGIME: TRENDING (strength=75) | SUGGESTED ENGINE: Aggressive
2026-08-12 21:16:24,616 StrategyManager Strategy semi_hft_c8_v4 returned WAIT: no_setup:no_structural_setup
2026-08-12 21:16:24,617 StrategyManager Strategy aggressive_v1 returned WAIT: no_setup:no_structural_setup
2026-08-12 21:16:24,618 BystraStrategy Bystra best detector: THREE_CANDLE conf=82% dir=SELL
2026-08-12 21:16:24,620 MultiStrategyRuntime Scan 3.9ms — strategies=3 signals=1 dir=sell source=bystra_v1
2026-08-12 21:16:24,626 GateObservatory [XAUUSD/TIE_V4] Gate Detector: PASS | setup=B_SELL lot=0.01
2026-08-12 21:16:24,626 TIE_Production ExitOrchestrator adjusted SL/TP for B_SELL: new SL=4441.71 TP=4382.12 RR=7.20 (adj=False)
2026-08-12 21:16:24,626 TIE_Production Setup detected: B_SELL SELL conf=82%
2026-08-12 21:16:24,644 TIE_Production Dedup Time: skip B_SELL SELL XAUUSD (cooldown 11.9s < 60s)
2026-08-12 21:16:24,650 GateObservatory [XAUUSD/TIE_V4] Gate Dedup: FAIL | cooldown_11s
2026-08-12 21:16:28,937 TIE_Production --- Scanning XAUUSD ---
2026-08-12 21:16:29,904 TIE_Production MARKET REGIME: TRENDING (strength=78) | SUGGESTED ENGINE: Aggressive
2026-08-12 21:16:29,905 strategies.semi_hft.strategy [LIQ_VACUUM] GOOD clear_path_up dir=BUY
2026-08-12 21:16:29,905 strategies.semi_hft.strategy [ZSCORE] zscore_ok z=1.31
2026-08-12 21:16:29,906 StrategyManager Strategy semi_hft_c8_v4 returned WAIT: pullback:m5_weak_trend dir=BUY
2026-08-12 21:16:29,906 strategies.aggressive.strategy [LIQ_VACUUM] GOOD no_pool_data dir=BUY
2026-08-12 21:16:29,906 strategies.aggressive.strategy [ZSCORE] zscore_ok z=1.31
2026-08-12 21:16:29,906 StrategyManager Strategy aggressive_v1 returned WAIT: rme:score_low:54.1
2026-08-12 21:16:29,908 BystraStrategy Bystra best detector: THREE_CANDLE conf=82% dir=SELL
2026-08-12 21:16:29,908 MultiStrategyRuntime Scan 3.3ms — strategies=3 signals=1 dir=sell source=bystra_v1
2026-08-12 21:16:29,909 TIE_Production 🚀 [SPIKE_CONFIRM] SELL confirmed by Wick Rejection!
2026-08-12 21:16:29,918 GateObservatory [XAUUSD/TIE_V4] Gate Detector: PASS | setup=B_SELL lot=0.01
2026-08-12 21:16:29,918 TIE_Production ExitOrchestrator adjusted SL/TP for B_SELL: new SL=4441.71 TP=4382.12 RR=8.04 (adj=False)
2026-08-12 21:16:29,919 TIE_Production Setup detected: B_SELL SELL conf=82%
2026-08-12 21:16:29,934 TIE_Production Dedup Time: skip B_SELL SELL XAUUSD (cooldown 24.0s < 60s)
2026-08-12 21:16:29,937 GateObservatory [XAUUSD/TIE_V4] Gate Dedup: FAIL | cooldown_24s
2026-08-12 21:16:35,386 TIE_Production --- Scanning XAUUSD ---
2026-08-12 21:16:36,378 TIE_Production MARKET REGIME: TRENDING (strength=77) | SUGGESTED ENGINE: Aggressive
2026-08-12 21:16:36,379 StrategyManager Strategy semi_hft_c8_v4 returned WAIT: no_setup:no_structural_setup
2026-08-12 21:16:36,380 StrategyManager Strategy aggressive_v1 returned WAIT: no_setup:no_structural_setup
2026-08-12 21:16:36,382 BystraStrategy Bystra best detector: THREE_CANDLE conf=82% dir=SELL
2026-08-12 21:16:36,382 MultiStrategyRuntime Scan 2.9ms — strategies=3 signals=1 dir=sell source=bystra_v1
2026-08-12 21:16:36,386 GateObservatory [XAUUSD/TIE_V4] Gate Detector: PASS | setup=B_SELL lot=0.01
2026-08-12 21:16:36,387 TIE_Production ExitOrchestrator adjusted SL/TP for B_SELL: new SL=4441.71 TP=4382.12 RR=9.32 (adj=False)
2026-08-12 21:16:36,387 TIE_Production Setup detected: B_SELL SELL conf=82%
2026-08-12 21:16:37,047 TIE_Production Dedup Time: skip B_SELL SELL XAUUSD (cooldown 24.3s < 60s)
2026-08-12 21:16:37,052 GateObservatory [XAUUSD/TIE_V4] Gate Dedup: FAIL | cooldown_24s
2026-08-12 21:16:40,706 TIE_Production --- Scanning XAUUSD ---
2026-08-12 21:16:41,654 TIE_Production MARKET REGIME: TRENDING (strength=86) | SUGGESTED ENGINE: Aggressive
2026-08-12 21:16:41,655 strategies.semi_hft.strategy [LIQ_VACUUM] GOOD clear_path_up dir=BUY
2026-08-12 21:16:41,655 strategies.semi_hft.strategy [ZSCORE] zscore_ok z=1.58
2026-08-12 21:16:41,656 StrategyManager Strategy semi_hft_c8_v4 returned WAIT: pullback:m5_weak_trend dir=BUY
2026-08-12 21:16:41,656 strategies.aggressive.strategy [LIQ_VACUUM] GOOD no_pool_data dir=BUY
2026-08-12 21:16:41,656 strategies.aggressive.strategy [ZSCORE] zscore_ok z=1.58
2026-08-12 21:16:41,656 StrategyManager Strategy aggressive_v1 returned WAIT: rme:score_low:58.6
2026-08-12 21:16:41,657 BystraStrategy Bystra best detector: THREE_CANDLE conf=82% dir=SELL
2026-08-12 21:16:41,658 MultiStrategyRuntime Scan 2.9ms — strategies=3 signals=1 dir=sell source=bystra_v1
2026-08-12 21:16:41,662 GateObservatory [XAUUSD/TIE_V4] Gate Detector: PASS | setup=B_SELL lot=0.01
2026-08-12 21:16:41,662 TIE_Production ExitOrchestrator adjusted SL/TP for B_SELL: new SL=4441.71 TP=4382.12 RR=11.24 (adj=False)
2026-08-12 21:16:41,662 TIE_Production Setup detected: B_SELL SELL conf=82%
2026-08-12 21:16:41,683 TIE_Production Dedup Time: skip B_SELL SELL XAUUSD (cooldown 35.8s < 60s)
2026-08-12 21:16:41,687 GateObservatory [XAUUSD/TIE_V4] Gate Dedup: FAIL | cooldown_35s
2026-08-12 21:16:47,864 TIE_Production --- Scanning XAUUSD ---
2026-08-12 21:16:48,813 TIE_Production MARKET REGIME: TRENDING (strength=80) | SUGGESTED ENGINE: Aggressive
2026-08-12 21:16:48,814 StrategyManager Strategy semi_hft_c8_v4 returned WAIT: no_setup:no_structural_setup
2026-08-12 21:16:48,814 StrategyManager Strategy aggressive_v1 returned WAIT: no_setup:no_structural_setup
2026-08-12 21:16:48,816 BystraStrategy Bystra best detector: THREE_CANDLE conf=82% dir=SELL
2026-08-12 21:16:48,816 MultiStrategyRuntime Scan 2.5ms — strategies=3 signals=1 dir=sell source=bystra_v1
2026-08-12 21:16:48,821 GateObservatory [XAUUSD/TIE_V4] Gate Detector: PASS | setup=B_SELL lot=0.01
2026-08-12 21:16:48,821 TIE_Production ExitOrchestrator adjusted SL/TP for B_SELL: new SL=4441.71 TP=4382.12 RR=10.40 (adj=False)
2026-08-12 21:16:48,821 TIE_Production Setup detected: B_SELL SELL conf=82%
2026-08-12 21:16:48,853 TIE_Production Dedup Time: skip B_SELL SELL XAUUSD (cooldown 36.1s < 60s)
2026-08-12 21:16:48,857 GateObservatory [XAUUSD/TIE_V4] Gate Dedup: FAIL | cooldown_36s
2026-08-12 21:16:52,514 TIE_Production --- Scanning XAUUSD ---
2026-08-12 21:16:53,510 TIE_Production MARKET REGIME: TRENDING (strength=78) | SUGGESTED ENGINE: Aggressive
2026-08-12 21:16:53,511 strategies.semi_hft.strategy [LIQ_VACUUM] GOOD clear_path_up dir=BUY
2026-08-12 21:16:53,511 strategies.semi_hft.strategy [ZSCORE] zscore_ok z=1.45
2026-08-12 21:16:53,511 StrategyManager Strategy semi_hft_c8_v4 returned WAIT: pullback:m5_weak_trend dir=BUY
2026-08-12 21:16:53,512 strategies.aggressive.strategy [LIQ_VACUUM] GOOD no_pool_data dir=BUY
2026-08-12 21:16:53,512 strategies.aggressive.strategy [ZSCORE] zscore_ok z=1.45
2026-08-12 21:16:53,512 StrategyManager Strategy aggressive_v1 returned WAIT: rme:score_low:54.1
2026-08-12 21:16:53,513 BystraStrategy Bystra best detector: THREE_CANDLE conf=82% dir=SELL
2026-08-12 21:16:53,514 MultiStrategyRuntime Scan 3.0ms — strategies=3 signals=1 dir=sell source=bystra_v1
2026-08-12 21:16:53,518 GateObservatory [XAUUSD/TIE_V4] Gate Detector: PASS | setup=B_SELL lot=0.01
2026-08-12 21:16:53,518 TIE_Production ExitOrchestrator adjusted SL/TP for B_SELL: new SL=4441.71 TP=4382.12 RR=9.76 (adj=False)
2026-08-12 21:16:53,518 TIE_Production Setup detected: B_SELL SELL conf=82%
2026-08-12 21:16:53,535 TIE_Production Dedup Time: skip B_SELL SELL XAUUSD (cooldown 47.6s < 60s)
2026-08-12 21:16:53,540 GateObservatory [XAUUSD/TIE_V4] Gate Dedup: FAIL | cooldown_47s
2026-08-12 21:16:59,678 TIE_Production --- Scanning XAUUSD ---
2026-08-12 21:17:00,673 TIE_Production MARKET REGIME: TRENDING (strength=79) | SUGGESTED ENGINE: Aggressive
2026-08-12 21:17:00,674 StrategyManager Strategy semi_hft_c8_v4 returned WAIT: no_setup:no_structural_setup
2026-08-12 21:17:00,674 StrategyManager Strategy aggressive_v1 returned WAIT: no_setup:no_structural_setup
2026-08-12 21:17:00,676 BystraStrategy Bystra best detector: THREE_CANDLE conf=82% dir=SELL
2026-08-12 21:17:00,677 MultiStrategyRuntime Scan 2.8ms — strategies=3 signals=1 dir=sell source=bystra_v1
2026-08-12 21:17:00,684 GateObservatory [XAUUSD/TIE_V4] Gate Detector: PASS | setup=B_SELL lot=0.01
2026-08-12 21:17:00,684 TIE_Production ExitOrchestrator adjusted SL/TP for B_SELL: new SL=4441.71 TP=4382.12 RR=9.68 (adj=False)
2026-08-12 21:17:00,684 TIE_Production Setup detected: B_SELL SELL conf=82%
2026-08-12 21:17:00,713 TIE_Production Dedup Time: skip B_SELL SELL XAUUSD (cooldown 48.0s < 60s)
2026-08-12 21:17:00,717 GateObservatory [XAUUSD/TIE_V4] Gate Dedup: FAIL | cooldown_48s
2026-08-12 21:17:04,603 TIE_Production --- Scanning XAUUSD ---
2026-08-12 21:17:05,508 TIE_Production MARKET REGIME: TRENDING (strength=80) | SUGGESTED ENGINE: Aggressive
2026-08-12 21:17:05,509 strategies.semi_hft.strategy [LIQ_VACUUM] GOOD clear_path_up dir=BUY
2026-08-12 21:17:05,509 strategies.semi_hft.strategy [ZSCORE] zscore_ok z=1.48
2026-08-12 21:17:05,509 StrategyManager Strategy semi_hft_c8_v4 returned WAIT: pullback:m5_weak_trend dir=BUY
2026-08-12 21:17:05,510 strategies.aggressive.strategy [LIQ_VACUUM] GOOD no_pool_data dir=BUY
2026-08-12 21:17:05,510 strategies.aggressive.strategy [ZSCORE] zscore_ok z=1.48
2026-08-12 21:17:05,510 StrategyManager Strategy aggressive_v1 returned WAIT: rme:score_low:55.3
2026-08-12 21:17:05,511 BystraStrategy Bystra best detector: THREE_CANDLE conf=82% dir=SELL
2026-08-12 21:17:05,512 MultiStrategyRuntime Scan 3.1ms — strategies=3 signals=1 dir=sell source=bystra_v1
2026-08-12 21:17:05,516 GateObservatory [XAUUSD/TIE_V4] Gate Detector: PASS | setup=B_SELL lot=0.01
2026-08-12 21:17:05,516 TIE_Production ExitOrchestrator adjusted SL/TP for B_SELL: new SL=4441.71 TP=4382.12 RR=10.25 (adj=False)
2026-08-12 21:17:05,517 TIE_Production Setup detected: B_SELL SELL conf=82%
2026-08-12 21:17:05,534 TIE_Production Dedup Time: skip B_SELL SELL XAUUSD (cooldown 59.6s < 60s)
2026-08-12 21:17:05,538 GateObservatory [XAUUSD/TIE_V4] Gate Dedup: FAIL | cooldown_59s
2026-08-12 21:17:11,512 TIE_Production --- Scanning XAUUSD ---
2026-08-12 21:17:12,576 TIE_Production MARKET REGIME: TRENDING (strength=73) | SUGGESTED ENGINE: Aggressive
2026-08-12 21:17:12,579 StrategyManager Strategy semi_hft_c8_v4 returned WAIT: no_setup:no_structural_setup
2026-08-12 21:17:12,580 StrategyManager Strategy aggressive_v1 returned WAIT: no_setup:no_structural_setup
2026-08-12 21:17:12,584 BystraStrategy Bystra best detector: THREE_CANDLE conf=82% dir=SELL
2026-08-12 21:17:12,586 MultiStrategyRuntime Scan 8.6ms — strategies=3 signals=1 dir=sell source=bystra_v1
2026-08-12 21:17:12,593 GateObservatory [XAUUSD/TIE_V4] Gate Detector: PASS | setup=B_SELL lot=0.01
2026-08-12 21:17:12,593 TIE_Production ExitOrchestrator adjusted SL/TP for B_SELL: new SL=4441.71 TP=4382.12 RR=8.04 (adj=False)
2026-08-12 21:17:12,593 TIE_Production Setup detected: B_SELL SELL conf=82%
2026-08-12 21:17:12,619 TIE_Production Dedup Time: skip B_SELL SELL XAUUSD (cooldown 59.9s < 60s)
2026-08-12 21:17:12,629 GateObservatory [XAUUSD/TIE_V4] Gate Dedup: FAIL | cooldown_59s
2026-08-12 21:17:16,325 TIE_Production --- Scanning XAUUSD ---
2026-08-12 21:17:17,146 TIE_Production MARKET REGIME: TRENDING (strength=65) | SUGGESTED ENGINE: Aggressive
2026-08-12 21:17:17,147 strategies.semi_hft.strategy [LIQ_VACUUM] GOOD clear_path_down dir=SELL
2026-08-12 21:17:17,147 strategies.semi_hft.strategy [ZSCORE] zscore_ok z=1.21
2026-08-12 21:17:17,148 StrategyManager Strategy semi_hft_c8_v4 returned WAIT: pullback:counter_trend_not_in_fibo dir=SELL m15=UP price=4434.11 H=4441.46 L=4382.12
2026-08-12 21:17:17,148 strategies.aggressive.strategy [LIQ_VACUUM] GOOD no_pool_data dir=BUY
2026-08-12 21:17:17,148 strategies.aggressive.strategy [ZSCORE] zscore_ok z=1.21
2026-08-12 21:17:17,148 StrategyManager Strategy aggressive_v1 returned WAIT: rme:score_low:46.5
2026-08-12 21:17:17,150 BystraStrategy Bystra best detector: THREE_CANDLE conf=82% dir=SELL
2026-08-12 21:17:17,150 MultiStrategyRuntime Scan 3.2ms — strategies=3 signals=1 dir=sell source=bystra_v1
2026-08-12 21:17:17,150 TIE_Production 🚀 [SPIKE_CONFIRM] SELL confirmed by Wick Rejection!
2026-08-12 21:17:17,155 GateObservatory [XAUUSD/TIE_V4] Gate Detector: PASS | setup=B_SELL lot=0.01
2026-08-12 21:17:17,155 TIE_Production ExitOrchestrator adjusted SL/TP for B_SELL: new SL=4441.71 TP=4382.12 RR=6.84 (adj=False)
2026-08-12 21:17:17,155 TIE_Production Setup detected: B_SELL SELL conf=82%
2026-08-12 21:17:17,172 TIE_Production Momentum Gate: ❌ BLOCK SELL — momentum_weak body=2.15 < 3.31 (0.4x ATR)
2026-08-12 21:17:17,178 GateObservatory [XAUUSD/TIE_V4] Gate Momentum: FAIL | momentum_weak body=2.15 < 3.31 (0.4x ATR)
2026-08-12 21:17:23,463 TIE_Production --- Scanning XAUUSD ---
2026-08-12 21:17:24,311 TIE_Production MARKET REGIME: RANGING (strength=60) | SUGGESTED ENGINE: SemiHFT
2026-08-12 21:17:24,313 StrategyManager Strategy semi_hft_c8_v4 returned WAIT: no_setup:no_structural_setup
2026-08-12 21:17:24,313 StrategyManager Strategy aggressive_v1 returned WAIT: no_setup:no_structural_setup
2026-08-12 21:17:24,315 BystraStrategy Bystra best detector: THREE_CANDLE conf=82% dir=SELL
2026-08-12 21:17:24,315 MultiStrategyRuntime Scan 2.7ms — strategies=3 signals=1 dir=sell source=bystra_v1
2026-08-12 21:17:24,315 TIE_Production 🚀 [SPIKE_CONFIRM] SELL confirmed by Wick Rejection!
2026-08-12 21:17:24,319 GateObservatory [XAUUSD/TIE_V4] Gate Detector: PASS | setup=B_SELL lot=0.01
2026-08-12 21:17:24,319 TIE_Production ExitOrchestrator adjusted SL/TP for B_SELL: new SL=4441.71 TP=4382.12 RR=6.32 (adj=False)
2026-08-12 21:17:24,320 TIE_Production Setup detected: B_SELL SELL conf=82%
2026-08-12 21:17:24,347 TIE_Production Momentum Gate: ❌ BLOCK SELL — momentum_weak body=2.15 < 3.31 (0.4x ATR)
2026-08-12 21:17:24,351 GateObservatory [XAUUSD/TIE_V4] Gate Momentum: FAIL | momentum_weak body=2.15 < 3.31 (0.4x ATR)
2026-08-12 21:17:28,311 TIE_Production --- Scanning XAUUSD ---
2026-08-12 21:17:29,371 TIE_Production MARKET REGIME: RANGING (strength=60) | SUGGESTED ENGINE: SemiHFT
2026-08-12 21:17:29,373 strategies.semi_hft.strategy [LIQ_VACUUM] GOOD clear_path_down dir=SELL
2026-08-12 21:17:29,374 strategies.semi_hft.strategy [ZSCORE] zscore_ok z=1.15
2026-08-12 21:17:29,374 StrategyManager Strategy semi_hft_c8_v4 returned WAIT: pullback:counter_trend_not_in_fibo dir=SELL m15=UP price=4433.61 H=4441.46 L=4382.12
2026-08-12 21:17:29,374 strategies.aggressive.strategy [LIQ_VACUUM] GOOD no_pool_data dir=BUY
2026-08-12 21:17:29,375 strategies.aggressive.strategy [ZSCORE] zscore_ok z=1.15
2026-08-12 21:17:29,375 StrategyManager Strategy aggressive_v1 returned WAIT: rme:debate_block:penalty_24.3
2026-08-12 21:17:29,377 BystraStrategy Bystra best detector: THREE_CANDLE conf=82% dir=SELL
2026-08-12 21:17:29,377 MultiStrategyRuntime Scan 4.4ms — strategies=3 signals=1 dir=sell source=bystra_v1
2026-08-12 21:17:29,378 TIE_Production 🚀 [SPIKE_CONFIRM] SELL confirmed by Wick Rejection!
2026-08-12 21:17:29,383 GateObservatory [XAUUSD/TIE_V4] Gate Detector: PASS | setup=B_SELL lot=0.01
2026-08-12 21:17:29,383 TIE_Production ExitOrchestrator adjusted SL/TP for B_SELL: new SL=4441.71 TP=4382.12 RR=6.35 (adj=False)
2026-08-12 21:17:29,383 TIE_Production Setup detected: B_SELL SELL conf=82%
2026-08-12 21:17:29,409 TIE_Production Dedup Time: skip B_SELL SELL XAUUSD (cooldown 12.2s < 60s)
2026-08-12 21:17:29,413 GateObservatory [XAUUSD/TIE_V4] Gate Dedup: FAIL | cooldown_12s
2026-08-12 21:17:35,160 TIE_Production --- Scanning XAUUSD ---
2026-08-12 21:17:36,321 TIE_Production MARKET REGIME: TRENDING (strength=65) | SUGGESTED ENGINE: Aggressive
2026-08-12 21:17:36,322 StrategyManager Strategy semi_hft_c8_v4 returned WAIT: no_setup:no_structural_setup
2026-08-12 21:17:36,323 StrategyManager Strategy aggressive_v1 returned WAIT: no_setup:no_structural_setup
2026-08-12 21:17:36,324 BystraStrategy Bystra best detector: THREE_CANDLE conf=82% dir=SELL
2026-08-12 21:17:36,325 MultiStrategyRuntime Scan 3.0ms — strategies=3 signals=1 dir=sell source=bystra_v1
2026-08-12 21:17:36,325 TIE_Production 🚀 [SPIKE_CONFIRM] SELL confirmed by Wick Rejection!
2026-08-12 21:17:36,330 GateObservatory [XAUUSD/TIE_V4] Gate Detector: PASS | setup=B_SELL lot=0.01
2026-08-12 21:17:36,330 TIE_Production ExitOrchestrator adjusted SL/TP for B_SELL: new SL=4441.71 TP=4382.12 RR=6.90 (adj=False)
2026-08-12 21:17:36,330 TIE_Production Setup detected: B_SELL SELL conf=82%
2026-08-12 21:17:36,359 TIE_Production Dedup Time: skip B_SELL SELL XAUUSD (cooldown 12.0s < 60s)
2026-08-12 21:17:36,364 GateObservatory [XAUUSD/TIE_V4] Gate Dedup: FAIL | cooldown_12s
2026-08-12 21:17:40,206 TIE_Production --- Scanning XAUUSD ---
2026-08-12 21:17:41,332 TIE_Production MARKET REGIME: RANGING (strength=60) | SUGGESTED ENGINE: SemiHFT
2026-08-12 21:17:41,334 strategies.semi_hft.strategy [LIQ_VACUUM] GOOD clear_path_down dir=SELL
2026-08-12 21:17:41,334 strategies.semi_hft.strategy [ZSCORE] zscore_ok z=1.14
2026-08-12 21:17:41,334 StrategyManager Strategy semi_hft_c8_v4 returned WAIT: pullback:counter_trend_not_in_fibo dir=SELL m15=UP price=4433.54 H=4441.46 L=4382.12
2026-08-12 21:17:41,335 strategies.aggressive.strategy [LIQ_VACUUM] GOOD no_pool_data dir=BUY
2026-08-12 21:17:41,335 strategies.aggressive.strategy [ZSCORE] zscore_ok z=1.14
2026-08-12 21:17:41,335 StrategyManager Strategy aggressive_v1 returned WAIT: rme:debate_block:penalty_27.5
2026-08-12 21:17:41,336 BystraStrategy Bystra best detector: THREE_CANDLE conf=82% dir=SELL
2026-08-12 21:17:41,336 MultiStrategyRuntime Scan 2.9ms — strategies=3 signals=1 dir=sell source=bystra_v1
2026-08-12 21:17:41,337 TIE_Production 🚀 [SPIKE_CONFIRM] SELL confirmed by Wick Rejection!
2026-08-12 21:17:41,344 GateObservatory [XAUUSD/TIE_V4] Gate Detector: PASS | setup=B_SELL lot=0.01
2026-08-12 21:17:41,344 TIE_Production ExitOrchestrator adjusted SL/TP for B_SELL: new SL=4441.71 TP=4382.12 RR=6.30 (adj=False)
2026-08-12 21:17:41,344 TIE_Production Setup detected: B_SELL SELL conf=82%
2026-08-12 21:17:41,361 TIE_Production Dedup Time: skip B_SELL SELL XAUUSD (cooldown 24.2s < 60s)
2026-08-12 21:17:41,366 GateObservatory [XAUUSD/TIE_V4] Gate Dedup: FAIL | cooldown_24s
2026-08-12 21:17:47,183 TIE_Production --- Scanning XAUUSD ---
2026-08-12 21:17:48,181 TIE_Production MARKET REGIME: TRENDING (strength=64) | SUGGESTED ENGINE: Aggressive
2026-08-12 21:17:48,182 StrategyManager Strategy semi_hft_c8_v4 returned WAIT: no_setup:no_structural_setup
2026-08-12 21:17:48,182 StrategyManager Strategy aggressive_v1 returned WAIT: no_setup:no_structural_setup
2026-08-12 21:17:48,184 BystraStrategy Bystra best detector: THREE_CANDLE conf=82% dir=SELL
2026-08-12 21:17:48,185 MultiStrategyRuntime Scan 3.5ms — strategies=3 signals=1 dir=sell source=bystra_v1
2026-08-12 21:17:48,185 TIE_Production 🚀 [SPIKE_CONFIRM] SELL confirmed by Wick Rejection!
2026-08-12 21:17:48,190 GateObservatory [XAUUSD/TIE_V4] Gate Detector: PASS | setup=B_SELL lot=0.01
2026-08-12 21:17:48,190 TIE_Production ExitOrchestrator adjusted SL/TP for B_SELL: new SL=4441.71 TP=4382.12 RR=6.74 (adj=False)
2026-08-12 21:17:48,190 TIE_Production Setup detected: B_SELL SELL conf=82%
2026-08-12 21:17:48,852 TIE_Production Dedup Time: skip B_SELL SELL XAUUSD (cooldown 24.5s < 60s)
2026-08-12 21:17:48,858 GateObservatory [XAUUSD/TIE_V4] Gate Dedup: FAIL | cooldown_24s
2026-08-12 21:17:52,231 TIE_Production --- Scanning XAUUSD ---
2026-08-12 21:17:53,178 TIE_Production MARKET REGIME: TRENDING (strength=70) | SUGGESTED ENGINE: Aggressive
2026-08-12 21:17:53,180 strategies.semi_hft.strategy [LIQ_VACUUM] GOOD clear_path_down dir=SELL
2026-08-12 21:17:53,180 strategies.semi_hft.strategy [ZSCORE] zscore_ok z=1.31
2026-08-12 21:17:53,180 StrategyManager Strategy semi_hft_c8_v4 returned WAIT: pullback:counter_trend_not_in_fibo dir=SELL m15=UP price=4434.94 H=4441.46 L=4382.12
2026-08-12 21:17:53,181 strategies.aggressive.strategy [LIQ_VACUUM] GOOD no_pool_data dir=BUY
2026-08-12 21:17:53,181 strategies.aggressive.strategy [ZSCORE] zscore_ok z=1.31
2026-08-12 21:17:53,181 StrategyManager Strategy aggressive_v1 returned WAIT: rme:score_low:49.6
2026-08-12 21:17:53,184 BystraStrategy Bystra best detector: THREE_CANDLE conf=82% dir=SELL
2026-08-12 21:17:53,184 MultiStrategyRuntime Scan 4.9ms — strategies=3 signals=1 dir=sell source=bystra_v1
2026-08-12 21:17:53,185 TIE_Production 🚀 [SPIKE_CONFIRM] SELL confirmed by Wick Rejection!
2026-08-12 21:17:53,189 GateObservatory [XAUUSD/TIE_V4] Gate Detector: PASS | setup=B_SELL lot=0.01
2026-08-12 21:17:53,189 TIE_Production ExitOrchestrator adjusted SL/TP for B_SELL: new SL=4441.71 TP=4382.12 RR=7.81 (adj=False)
2026-08-12 21:17:53,189 TIE_Production Setup detected: B_SELL SELL conf=82%
2026-08-12 21:17:53,210 TIE_Production Dedup Time: skip B_SELL SELL XAUUSD (cooldown 36.0s < 60s)
2026-08-12 21:17:53,215 GateObservatory [XAUUSD/TIE_V4] Gate Dedup: FAIL | cooldown_36s
2026-08-12 21:17:59,722 TIE_Production --- Scanning XAUUSD ---
2026-08-12 21:18:02,483 TIE_Production MARKET REGIME: TRENDING (strength=71) | SUGGESTED ENGINE: Aggressive
2026-08-12 21:18:02,485 StrategyManager Strategy semi_hft_c8_v4 returned WAIT: no_setup:no_structural_setup
2026-08-12 21:18:02,485 StrategyManager Strategy aggressive_v1 returned WAIT: no_setup:no_structural_setup
2026-08-12 21:18:02,487 BystraStrategy Bystra best detector: THREE_CANDLE conf=82% dir=SELL
2026-08-12 21:18:02,487 MultiStrategyRuntime Scan 3.2ms — strategies=3 signals=1 dir=sell source=bystra_v1
2026-08-12 21:18:02,487 TIE_Production 🚀 [SPIKE_CONFIRM] SELL confirmed by Wick Rejection!
2026-08-12 21:18:02,492 GateObservatory [XAUUSD/TIE_V4] Gate Detector: PASS | setup=B_SELL lot=0.01
2026-08-12 21:18:02,492 TIE_Production ExitOrchestrator adjusted SL/TP for B_SELL: new SL=4441.71 TP=4382.12 RR=8.67 (adj=False)
2026-08-12 21:18:02,492 TIE_Production Setup detected: B_SELL SELL conf=82%
2026-08-12 21:18:02,578 TIE_Production Dedup Time: skip B_SELL SELL XAUUSD (cooldown 38.2s < 60s)
2026-08-12 21:18:02,582 GateObservatory [XAUUSD/TIE_V4] Gate Dedup: FAIL | cooldown_38s
2026-08-12 21:18:04,023 TIE_Production --- Scanning XAUUSD ---
2026-08-12 21:18:05,002 TIE_Production MARKET REGIME: TRENDING (strength=77) | SUGGESTED ENGINE: Aggressive
2026-08-12 21:18:05,003 strategies.semi_hft.strategy [LIQ_VACUUM] GOOD clear_path_up dir=BUY
2026-08-12 21:18:05,003 strategies.semi_hft.strategy [ZSCORE] zscore_ok z=1.44
2026-08-12 21:18:05,003 StrategyManager Strategy semi_hft_c8_v4 returned WAIT: pullback:m5_weak_trend dir=BUY
2026-08-12 21:18:05,004 strategies.aggressive.strategy [LIQ_VACUUM] GOOD no_pool_data dir=BUY
2026-08-12 21:18:05,004 strategies.aggressive.strategy [ZSCORE] zscore_ok z=1.44
2026-08-12 21:18:05,004 StrategyManager Strategy aggressive_v1 returned WAIT: rme:score_low:53.6
2026-08-12 21:18:05,005 BystraStrategy Bystra best detector: THREE_CANDLE conf=82% dir=SELL
2026-08-12 21:18:05,006 MultiStrategyRuntime Scan 3.1ms — strategies=3 signals=1 dir=sell source=bystra_v1
2026-08-12 21:18:05,012 GateObservatory [XAUUSD/TIE_V4] Gate Detector: PASS | setup=B_SELL lot=0.01
2026-08-12 21:18:05,012 TIE_Production ExitOrchestrator adjusted SL/TP for B_SELL: new SL=4441.71 TP=4382.12 RR=9.06 (adj=False)
2026-08-12 21:18:05,012 TIE_Production Setup detected: B_SELL SELL conf=82%
2026-08-12 21:18:05,038 TIE_Production Dedup Time: skip B_SELL SELL XAUUSD (cooldown 47.9s < 60s)
2026-08-12 21:18:05,043 GateObservatory [XAUUSD/TIE_V4] Gate Dedup: FAIL | cooldown_47s
2026-08-12 21:18:13,402 TIE_Production --- Scanning XAUUSD ---
2026-08-12 21:18:14,524 TIE_Production MARKET REGIME: TRENDING (strength=73) | SUGGESTED ENGINE: Aggressive
2026-08-12 21:18:14,526 StrategyManager Strategy semi_hft_c8_v4 returned WAIT: no_setup:no_structural_setup
2026-08-12 21:18:14,526 StrategyManager Strategy aggressive_v1 returned WAIT: no_setup:no_structural_setup
2026-08-12 21:18:14,528 BystraStrategy Bystra best detector: THREE_CANDLE conf=82% dir=SELL
2026-08-12 21:18:14,529 MultiStrategyRuntime Scan 3.5ms — strategies=3 signals=1 dir=sell source=bystra_v1
2026-08-12 21:18:14,535 GateObservatory [XAUUSD/TIE_V4] Gate Detector: PASS | setup=B_SELL lot=0.01
2026-08-12 21:18:14,535 TIE_Production ExitOrchestrator adjusted SL/TP for B_SELL: new SL=4441.71 TP=4382.12 RR=8.22 (adj=False)
2026-08-12 21:18:14,535 TIE_Production Setup detected: B_SELL SELL conf=82%
2026-08-12 21:18:14,561 TIE_Production Dedup Time: skip B_SELL SELL XAUUSD (cooldown 50.2s < 60s)
2026-08-12 21:18:14,566 GateObservatory [XAUUSD/TIE_V4] Gate Dedup: FAIL | cooldown_50s
2026-08-12 21:18:16,024 TIE_Production --- Scanning XAUUSD ---
2026-08-12 21:18:16,921 TIE_Production MARKET REGIME: TRENDING (strength=71) | SUGGESTED ENGINE: Aggressive
2026-08-12 21:18:16,922 strategies.semi_hft.strategy [LIQ_VACUUM] GOOD clear_path_up dir=BUY
2026-08-12 21:18:16,922 strategies.semi_hft.strategy [ZSCORE] zscore_ok z=1.32
2026-08-12 21:18:16,923 StrategyManager Strategy semi_hft_c8_v4 returned WAIT: pullback:m5_weak_trend dir=BUY
2026-08-12 21:18:16,923 strategies.aggressive.strategy [LIQ_VACUUM] GOOD no_pool_data dir=BUY
2026-08-12 21:18:16,923 strategies.aggressive.strategy [ZSCORE] zscore_ok z=1.32
2026-08-12 21:18:16,923 StrategyManager Strategy aggressive_v1 returned WAIT: rme:score_low:49.8
2026-08-12 21:18:16,925 BystraStrategy Bystra best detector: THREE_CANDLE conf=82% dir=SELL
2026-08-12 21:18:16,925 MultiStrategyRuntime Scan 3.0ms — strategies=3 signals=1 dir=sell source=bystra_v1
2026-08-12 21:18:16,925 TIE_Production 🚀 [SPIKE_CONFIRM] SELL confirmed by Wick Rejection!
2026-08-12 21:18:16,931 GateObservatory [XAUUSD/TIE_V4] Gate Detector: PASS | setup=B_SELL lot=0.01
2026-08-12 21:18:16,931 TIE_Production ExitOrchestrator adjusted SL/TP for B_SELL: new SL=4441.71 TP=4382.12 RR=7.77 (adj=False)
2026-08-12 21:18:16,931 TIE_Production Setup detected: B_SELL SELL conf=82%
2026-08-12 21:18:17,600 TIE_Production Momentum Gate: ❌ BLOCK SELL — momentum_weak body=2.15 < 3.31 (0.4x ATR)
2026-08-12 21:18:17,606 GateObservatory [XAUUSD/TIE_V4] Gate Momentum: FAIL | momentum_weak body=2.15 < 3.31 (0.4x ATR)
2026-08-12 21:18:25,441 TIE_Production --- Scanning XAUUSD ---
2026-08-12 21:18:26,395 TIE_Production MARKET REGIME: TRENDING (strength=72) | SUGGESTED ENGINE: Aggressive
2026-08-12 21:18:26,396 StrategyManager Strategy semi_hft_c8_v4 returned WAIT: no_setup:no_structural_setup
2026-08-12 21:18:26,396 StrategyManager Strategy aggressive_v1 returned WAIT: no_setup:no_structural_setup
2026-08-12 21:18:26,398 BystraStrategy Bystra best detector: THREE_CANDLE conf=82% dir=SELL
2026-08-12 21:18:26,398 MultiStrategyRuntime Scan 2.5ms — strategies=3 signals=1 dir=sell source=bystra_v1
2026-08-12 21:18:26,399 TIE_Production 🚀 [SPIKE_CONFIRM] SELL confirmed by Wick Rejection!
2026-08-12 21:18:26,403 GateObservatory [XAUUSD/TIE_V4] Gate Detector: PASS | setup=B_SELL lot=0.01
2026-08-12 21:18:26,403 TIE_Production ExitOrchestrator adjusted SL/TP for B_SELL: new SL=4441.71 TP=4382.12 RR=7.93 (adj=False)
2026-08-12 21:18:26,403 TIE_Production Setup detected: B_SELL SELL conf=82%
2026-08-12 21:18:26,429 TIE_Production Momentum Gate: ❌ BLOCK SELL — momentum_weak body=2.15 < 3.31 (0.4x ATR)
2026-08-12 21:18:26,434 GateObservatory [XAUUSD/TIE_V4] Gate Momentum: FAIL | momentum_weak body=2.15 < 3.31 (0.4x ATR)
2026-08-12 21:18:28,424 TIE_Production --- Scanning XAUUSD ---
2026-08-12 21:18:29,511 TIE_Production MARKET REGIME: TRENDING (strength=71) | SUGGESTED ENGINE: Aggressive
2026-08-12 21:18:29,514 strategies.semi_hft.strategy [LIQ_VACUUM] GOOD clear_path_up dir=BUY
2026-08-12 21:18:29,514 strategies.semi_hft.strategy [ZSCORE] zscore_ok z=1.33
2026-08-12 21:18:29,514 StrategyManager Strategy semi_hft_c8_v4 returned WAIT: pullback:m5_weak_trend dir=BUY
2026-08-12 21:18:29,515 strategies.aggressive.strategy [LIQ_VACUUM] GOOD no_pool_data dir=BUY
2026-08-12 21:18:29,515 strategies.aggressive.strategy [ZSCORE] zscore_ok z=1.33
2026-08-12 21:18:29,516 StrategyManager Strategy aggressive_v1 returned WAIT: rme:score_low:50.2
2026-08-12 21:18:29,517 BystraStrategy Bystra best detector: THREE_CANDLE conf=82% dir=SELL
2026-08-12 21:18:29,518 MultiStrategyRuntime Scan 5.7ms — strategies=3 signals=1 dir=sell source=bystra_v1
2026-08-12 21:18:29,519 TIE_Production 🚀 [SPIKE_CONFIRM] SELL confirmed by Wick Rejection!
2026-08-12 21:18:29,524 GateObservatory [XAUUSD/TIE_V4] Gate Detector: PASS | setup=B_SELL lot=0.01
2026-08-12 21:18:29,524 TIE_Production ExitOrchestrator adjusted SL/TP for B_SELL: new SL=4441.71 TP=4382.12 RR=7.92 (adj=False)
2026-08-12 21:18:29,524 TIE_Production Setup detected: B_SELL SELL conf=82%
2026-08-12 21:18:29,554 TIE_Production Dedup Time: skip B_SELL SELL XAUUSD (cooldown 12.0s < 60s)
2026-08-12 21:18:29,557 GateObservatory [XAUUSD/TIE_V4] Gate Dedup: FAIL | cooldown_11s
2026-08-12 21:18:37,665 TIE_Production --- Scanning XAUUSD ---
2026-08-12 21:18:38,555 TIE_Production MARKET REGIME: TRENDING (strength=73) | SUGGESTED ENGINE: Aggressive
2026-08-12 21:18:38,556 StrategyManager Strategy semi_hft_c8_v4 returned WAIT: no_setup:no_structural_setup
2026-08-12 21:18:38,557 StrategyManager Strategy aggressive_v1 returned WAIT: no_setup:no_structural_setup
2026-08-12 21:18:38,558 BystraStrategy Bystra best detector: THREE_CANDLE conf=82% dir=SELL
2026-08-12 21:18:38,558 MultiStrategyRuntime Scan 2.5ms — strategies=3 signals=1 dir=sell source=bystra_v1
2026-08-12 21:18:38,563 GateObservatory [XAUUSD/TIE_V4] Gate Detector: PASS | setup=B_SELL lot=0.01
2026-08-12 21:18:38,563 TIE_Production ExitOrchestrator adjusted SL/TP for B_SELL: new SL=4441.71 TP=4382.12 RR=8.68 (adj=False)
2026-08-12 21:18:38,563 TIE_Production Setup detected: B_SELL SELL conf=82%
2026-08-12 21:18:38,591 TIE_Production Dedup Time: skip B_SELL SELL XAUUSD (cooldown 12.2s < 60s)
2026-08-12 21:18:38,598 GateObservatory [XAUUSD/TIE_V4] Gate Dedup: FAIL | cooldown_12s
2026-08-12 21:18:40,397 TIE_Production --- Scanning XAUUSD ---
2026-08-12 21:18:41,296 TIE_Production MARKET REGIME: TRENDING (strength=74) | SUGGESTED ENGINE: Aggressive
2026-08-12 21:18:41,298 strategies.semi_hft.strategy [LIQ_VACUUM] GOOD clear_path_up dir=BUY
2026-08-12 21:18:41,298 strategies.semi_hft.strategy [ZSCORE] zscore_ok z=1.37
2026-08-12 21:18:41,298 StrategyManager Strategy semi_hft_c8_v4 returned WAIT: pullback:m5_weak_trend dir=BUY
2026-08-12 21:18:41,299 strategies.aggressive.strategy [LIQ_VACUUM] GOOD no_pool_data dir=BUY
2026-08-12 21:18:41,299 strategies.aggressive.strategy [ZSCORE] zscore_ok z=1.37
2026-08-12 21:18:41,299 StrategyManager Strategy aggressive_v1 returned WAIT: rme:score_low:51.6
2026-08-12 21:18:41,301 BystraStrategy Bystra best detector: THREE_CANDLE conf=82% dir=SELL
2026-08-12 21:18:41,301 MultiStrategyRuntime Scan 3.8ms — strategies=3 signals=1 dir=sell source=bystra_v1
2026-08-12 21:18:41,306 GateObservatory [XAUUSD/TIE_V4] Gate Detector: PASS | setup=B_SELL lot=0.01
2026-08-12 21:18:41,306 TIE_Production ExitOrchestrator adjusted SL/TP for B_SELL: new SL=4441.71 TP=4382.12 RR=8.10 (adj=False)
2026-08-12 21:18:41,306 TIE_Production Setup detected: B_SELL SELL conf=82%
2026-08-12 21:18:41,322 TIE_Production Dedup Time: skip B_SELL SELL XAUUSD (cooldown 23.7s < 60s)
2026-08-12 21:18:41,327 GateObservatory [XAUUSD/TIE_V4] Gate Dedup: FAIL | cooldown_23s
2026-08-12 21:18:49,478 TIE_Production --- Scanning XAUUSD ---
2026-08-12 21:18:50,526 TIE_Production MARKET REGIME: TRENDING (strength=83) | SUGGESTED ENGINE: Aggressive
2026-08-12 21:18:50,527 StrategyManager Strategy semi_hft_c8_v4 returned WAIT: no_setup:no_structural_setup
2026-08-12 21:18:50,528 StrategyManager Strategy aggressive_v1 returned WAIT: no_setup:no_structural_setup
2026-08-12 21:18:50,530 BystraStrategy Bystra best detector: THREE_CANDLE conf=82% dir=SELL
2026-08-12 21:18:50,530 MultiStrategyRuntime Scan 3.3ms — strategies=3 signals=1 dir=sell source=bystra_v1
2026-08-12 21:18:50,535 GateObservatory [XAUUSD/TIE_V4] Gate Detector: PASS | setup=B_SELL lot=0.01
2026-08-12 21:18:50,536 TIE_Production ExitOrchestrator adjusted SL/TP for B_SELL: new SL=4441.71 TP=4382.12 RR=10.76 (adj=False)
2026-08-12 21:18:50,536 TIE_Production Setup detected: B_SELL SELL conf=82%
2026-08-12 21:18:51,204 TIE_Production Dedup Time: skip B_SELL SELL XAUUSD (cooldown 24.8s < 60s)
2026-08-12 21:18:51,209 GateObservatory [XAUUSD/TIE_V4] Gate Dedup: FAIL | cooldown_24s
2026-08-12 21:18:52,102 TIE_Production --- Scanning XAUUSD ---
2026-08-12 21:18:53,230 TIE_Production MARKET REGIME: TRENDING (strength=84) | SUGGESTED ENGINE: Aggressive
2026-08-12 21:18:53,232 strategies.semi_hft.strategy [LIQ_VACUUM] GOOD clear_path_up dir=BUY
2026-08-12 21:18:53,232 strategies.semi_hft.strategy [ZSCORE] zscore_ok z=1.61
2026-08-12 21:18:53,232 StrategyManager Strategy semi_hft_c8_v4 returned WAIT: pullback:m5_weak_trend dir=BUY
2026-08-12 21:18:53,233 strategies.aggressive.strategy [LIQ_VACUUM] GOOD no_pool_data dir=BUY
2026-08-12 21:18:53,233 strategies.aggressive.strategy [ZSCORE] zscore_ok z=1.61
2026-08-12 21:18:53,233 StrategyManager Strategy aggressive_v1 returned WAIT: rme:score_low:57.3
2026-08-12 21:18:53,234 BystraStrategy Bystra best detector: THREE_CANDLE conf=82% dir=SELL
2026-08-12 21:18:53,235 MultiStrategyRuntime Scan 3.2ms — strategies=3 signals=1 dir=sell source=bystra_v1
2026-08-12 21:18:53,239 GateObservatory [XAUUSD/TIE_V4] Gate Detector: PASS | setup=B_SELL lot=0.01
2026-08-12 21:18:53,239 TIE_Production ExitOrchestrator adjusted SL/TP for B_SELL: new SL=4441.71 TP=4382.12 RR=14.06 (adj=False)
2026-08-12 21:18:53,239 TIE_Production Setup detected: B_SELL SELL conf=82%
2026-08-12 21:18:53,257 TIE_Production Dedup Time: skip B_SELL SELL XAUUSD (cooldown 35.7s < 60s)
2026-08-12 21:18:53,261 GateObservatory [XAUUSD/TIE_V4] Gate Dedup: FAIL | cooldown_35s
2026-08-12 21:19:02,011 TIE_Production --- Scanning XAUUSD ---
2026-08-12 21:19:03,051 TIE_Production MARKET REGIME: TRENDING (strength=84) | SUGGESTED ENGINE: Aggressive
2026-08-12 21:19:03,053 StrategyManager Strategy semi_hft_c8_v4 returned WAIT: no_setup:no_structural_setup
2026-08-12 21:19:03,053 StrategyManager Strategy aggressive_v1 returned WAIT: no_setup:no_structural_setup
2026-08-12 21:19:03,055 BystraStrategy Bystra best detector: THREE_CANDLE conf=82% dir=SELL
2026-08-12 21:19:03,055 MultiStrategyRuntime Scan 3.0ms — strategies=3 signals=1 dir=sell source=bystra_v1
2026-08-12 21:19:03,060 GateObservatory [XAUUSD/TIE_V4] Gate Detector: PASS | setup=B_SELL lot=0.01
2026-08-12 21:19:03,060 TIE_Production ExitOrchestrator adjusted SL/TP for B_SELL: new SL=4441.71 TP=4382.12 RR=12.61 (adj=False)
2026-08-12 21:19:03,060 TIE_Production Setup detected: B_SELL SELL conf=82%
2026-08-12 21:19:03,083 TIE_Production Dedup Time: skip B_SELL SELL XAUUSD (cooldown 36.7s < 60s)
2026-08-12 21:19:03,087 GateObservatory [XAUUSD/TIE_V4] Gate Dedup: FAIL | cooldown_36s
2026-08-12 21:19:04,336 TIE_Production --- Scanning XAUUSD ---
2026-08-12 21:19:05,267 TIE_Production MARKET REGIME: TRENDING (strength=80) | SUGGESTED ENGINE: Aggressive
2026-08-12 21:19:05,269 strategies.semi_hft.strategy [LIQ_VACUUM] GOOD clear_path_down dir=SELL
2026-08-12 21:19:05,269 strategies.semi_hft.strategy [ZSCORE] zscore_ok z=1.54
2026-08-12 21:19:05,269 StrategyManager Strategy semi_hft_c8_v4 returned WAIT: pullback:counter_trend_not_in_fibo dir=SELL m15=UP price=4436.60 H=4441.46 L=4382.12
2026-08-12 21:19:05,270 strategies.aggressive.strategy [LIQ_VACUUM] GOOD no_pool_data dir=BUY
2026-08-12 21:19:05,270 strategies.aggressive.strategy [ZSCORE] zscore_ok z=1.54
2026-08-12 21:19:05,270 StrategyManager Strategy aggressive_v1 returned WAIT: rme:score_low:55.1
2026-08-12 21:19:05,271 BystraStrategy Bystra best detector: THREE_CANDLE conf=82% dir=SELL
2026-08-12 21:19:05,271 MultiStrategyRuntime Scan 3.1ms — strategies=3 signals=1 dir=sell source=bystra_v1
2026-08-12 21:19:05,276 GateObservatory [XAUUSD/TIE_V4] Gate Detector: PASS | setup=B_SELL lot=0.01
2026-08-12 21:19:05,276 TIE_Production ExitOrchestrator adjusted SL/TP for B_SELL: new SL=4441.71 TP=4382.12 RR=10.66 (adj=False)
2026-08-12 21:19:05,276 TIE_Production Setup detected: B_SELL SELL conf=82%
2026-08-12 21:19:05,292 TIE_Production Dedup Time: skip B_SELL SELL XAUUSD (cooldown 47.7s < 60s)
2026-08-12 21:19:05,298 GateObservatory [XAUUSD/TIE_V4] Gate Dedup: FAIL | cooldown_47s
2026-08-12 21:19:13,925 TIE_Production --- Scanning XAUUSD ---
2026-08-12 21:19:14,812 TIE_Production MARKET REGIME: TRENDING (strength=80) | SUGGESTED ENGINE: Aggressive
2026-08-12 21:19:14,813 StrategyManager Strategy semi_hft_c8_v4 returned WAIT: no_setup:no_structural_setup
2026-08-12 21:19:14,814 StrategyManager Strategy aggressive_v1 returned WAIT: no_setup:no_structural_setup
2026-08-12 21:19:14,815 BystraStrategy Bystra best detector: THREE_CANDLE conf=82% dir=SELL
2026-08-12 21:19:14,816 MultiStrategyRuntime Scan 3.5ms — strategies=3 signals=1 dir=sell source=bystra_v1
2026-08-12 21:19:14,821 GateObservatory [XAUUSD/TIE_V4] Gate Detector: PASS | setup=B_SELL lot=0.01
2026-08-12 21:19:14,821 TIE_Production ExitOrchestrator adjusted SL/TP for B_SELL: new SL=4441.71 TP=4382.12 RR=11.22 (adj=False)
2026-08-12 21:19:14,821 TIE_Production Setup detected: B_SELL SELL conf=82%
2026-08-12 21:19:14,835 TIE_Production Dedup Time: skip B_SELL SELL XAUUSD (cooldown 48.4s < 60s)
2026-08-12 21:19:14,839 GateObservatory [XAUUSD/TIE_V4] Gate Dedup: FAIL | cooldown_48s
2026-08-12 21:19:16,151 TIE_Production --- Scanning XAUUSD ---
2026-08-12 21:19:17,217 TIE_Production MARKET REGIME: TRENDING (strength=79) | SUGGESTED ENGINE: Aggressive
2026-08-12 21:19:17,220 strategies.semi_hft.strategy [LIQ_VACUUM] GOOD clear_path_down dir=SELL
2026-08-12 21:19:17,220 strategies.semi_hft.strategy [ZSCORE] zscore_ok z=1.52
2026-08-12 21:19:17,220 StrategyManager Strategy semi_hft_c8_v4 returned WAIT: pullback:counter_trend_not_in_fibo dir=SELL m15=UP price=4436.52 H=4441.46 L=4382.12
2026-08-12 21:19:17,221 strategies.aggressive.strategy [LIQ_VACUUM] GOOD no_pool_data dir=BUY
2026-08-12 21:19:17,222 strategies.aggressive.strategy [ZSCORE] zscore_ok z=1.52
2026-08-12 21:19:17,222 StrategyManager Strategy aggressive_v1 returned WAIT: rme:score_low:54.5
2026-08-12 21:19:17,224 BystraStrategy Bystra best detector: THREE_CANDLE conf=82% dir=SELL
2026-08-12 21:19:17,224 MultiStrategyRuntime Scan 5.4ms — strategies=3 signals=1 dir=sell source=bystra_v1
2026-08-12 21:19:17,232 GateObservatory [XAUUSD/TIE_V4] Gate Detector: PASS | setup=B_SELL lot=0.01
2026-08-12 21:19:17,232 TIE_Production ExitOrchestrator adjusted SL/TP for B_SELL: new SL=4441.71 TP=4382.12 RR=10.49 (adj=False)
2026-08-12 21:19:17,233 TIE_Production Setup detected: B_SELL SELL conf=82%
2026-08-12 21:19:17,265 TIE_Production Dedup Time: skip B_SELL SELL XAUUSD (cooldown 59.7s < 60s)
2026-08-12 21:19:17,270 GateObservatory [XAUUSD/TIE_V4] Gate Dedup: FAIL | cooldown_59s
2026-08-12 21:19:25,715 TIE_Production --- Scanning XAUUSD ---
2026-08-12 21:19:26,613 TIE_Production MARKET REGIME: TRENDING (strength=77) | SUGGESTED ENGINE: Aggressive
2026-08-12 21:19:26,614 StrategyManager Strategy semi_hft_c8_v4 returned WAIT: no_setup:no_structural_setup
2026-08-12 21:19:26,614 StrategyManager Strategy aggressive_v1 returned WAIT: no_setup:no_structural_setup
2026-08-12 21:19:26,616 BystraStrategy Bystra best detector: THREE_CANDLE conf=82% dir=SELL
2026-08-12 21:19:26,617 MultiStrategyRuntime Scan 2.8ms — strategies=3 signals=1 dir=sell source=bystra_v1
2026-08-12 21:19:26,622 GateObservatory [XAUUSD/TIE_V4] Gate Detector: PASS | setup=B_SELL lot=0.01
2026-08-12 21:19:26,622 TIE_Production ExitOrchestrator adjusted SL/TP for B_SELL: new SL=4441.71 TP=4382.12 RR=9.98 (adj=False)
2026-08-12 21:19:26,622 TIE_Production Setup detected: B_SELL SELL conf=82%
2026-08-12 21:19:26,642 TIE_Production Momentum Gate: ❌ BLOCK SELL — momentum_weak body=2.15 < 3.33 (0.4x ATR)
2026-08-12 21:19:26,646 GateObservatory [XAUUSD/TIE_V4] Gate Momentum: FAIL | momentum_weak body=2.15 < 3.33 (0.4x ATR)
2026-08-12 21:19:28,148 TIE_Production --- Scanning XAUUSD ---
2026-08-12 21:19:29,061 TIE_Production MARKET REGIME: TRENDING (strength=75) | SUGGESTED ENGINE: Aggressive
2026-08-12 21:19:29,062 strategies.semi_hft.strategy [LIQ_VACUUM] GOOD clear_path_up dir=BUY
2026-08-12 21:19:29,062 strategies.semi_hft.strategy [ZSCORE] zscore_ok z=1.43
2026-08-12 21:19:29,063 StrategyManager Strategy semi_hft_c8_v4 returned WAIT: pullback:m5_weak_trend dir=BUY
2026-08-12 21:19:29,063 strategies.aggressive.strategy [LIQ_VACUUM] GOOD no_pool_data dir=BUY
2026-08-12 21:19:29,063 strategies.aggressive.strategy [ZSCORE] zscore_ok z=1.43
2026-08-12 21:19:29,063 StrategyManager Strategy aggressive_v1 returned WAIT: rme:score_low:51.8
2026-08-12 21:19:29,065 BystraStrategy Bystra best detector: THREE_CANDLE conf=82% dir=SELL
2026-08-12 21:19:29,065 MultiStrategyRuntime Scan 3.5ms — strategies=3 signals=1 dir=sell source=bystra_v1
2026-08-12 21:19:29,070 GateObservatory [XAUUSD/TIE_V4] Gate Detector: PASS | setup=B_SELL lot=0.01
2026-08-12 21:19:29,070 TIE_Production ExitOrchestrator adjusted SL/TP for B_SELL: new SL=4441.71 TP=4382.12 RR=10.06 (adj=False)
2026-08-12 21:19:29,070 TIE_Production Setup detected: B_SELL SELL conf=82%
2026-08-12 21:19:30,027 TIE_Production Momentum Gate: ❌ BLOCK SELL — momentum_weak body=2.15 < 3.33 (0.4x ATR)
2026-08-12 21:19:30,035 GateObservatory [XAUUSD/TIE_V4] Gate Momentum: FAIL | momentum_weak body=2.15 < 3.33 (0.4x ATR)
2026-08-12 21:19:37,429 TIE_Production --- Scanning XAUUSD ---
2026-08-12 21:19:38,314 TIE_Production MARKET REGIME: TRENDING (strength=75) | SUGGESTED ENGINE: Aggressive
2026-08-12 21:19:38,315 StrategyManager Strategy semi_hft_c8_v4 returned WAIT: no_setup:no_structural_setup
2026-08-12 21:19:38,315 StrategyManager Strategy aggressive_v1 returned WAIT: no_setup:no_structural_setup
2026-08-12 21:19:38,317 BystraStrategy Bystra best detector: THREE_CANDLE conf=82% dir=SELL
2026-08-12 21:19:38,317 MultiStrategyRuntime Scan 2.8ms — strategies=3 signals=1 dir=sell source=bystra_v1
2026-08-12 21:19:38,323 GateObservatory [XAUUSD/TIE_V4] Gate Detector: PASS | setup=B_SELL lot=0.01
2026-08-12 21:19:38,323 TIE_Production ExitOrchestrator adjusted SL/TP for B_SELL: new SL=4441.71 TP=4382.12 RR=9.62 (adj=False)
2026-08-12 21:19:38,323 TIE_Production Setup detected: B_SELL SELL conf=82%
2026-08-12 21:19:38,807 TIE_Production Dedup Time: skip B_SELL SELL XAUUSD (cooldown 12.2s < 60s)
2026-08-12 21:19:38,811 GateObservatory [XAUUSD/TIE_V4] Gate Dedup: FAIL | cooldown_12s
2026-08-12 21:19:40,763 TIE_Production --- Scanning XAUUSD ---
2026-08-12 21:19:41,752 TIE_Production MARKET REGIME: TRENDING (strength=74) | SUGGESTED ENGINE: Aggressive
2026-08-12 21:19:41,753 strategies.semi_hft.strategy [LIQ_VACUUM] GOOD clear_path_up dir=BUY
2026-08-12 21:19:41,753 strategies.semi_hft.strategy [ZSCORE] zscore_ok z=1.42
2026-08-12 21:19:41,753 StrategyManager Strategy semi_hft_c8_v4 returned WAIT: pullback:m5_weak_trend dir=BUY
2026-08-12 21:19:41,754 strategies.aggressive.strategy [LIQ_VACUUM] GOOD no_pool_data dir=BUY
2026-08-12 21:19:41,754 strategies.aggressive.strategy [ZSCORE] zscore_ok z=1.42
2026-08-12 21:19:41,754 StrategyManager Strategy aggressive_v1 returned WAIT: rme:score_low:51.4
2026-08-12 21:19:41,756 BystraStrategy Bystra best detector: THREE_CANDLE conf=82% dir=SELL
2026-08-12 21:19:41,756 MultiStrategyRuntime Scan 3.5ms — strategies=3 signals=1 dir=sell source=bystra_v1
2026-08-12 21:19:41,760 GateObservatory [XAUUSD/TIE_V4] Gate Detector: PASS | setup=B_SELL lot=0.01
2026-08-12 21:19:41,761 TIE_Production ExitOrchestrator adjusted SL/TP for B_SELL: new SL=4441.71 TP=4382.12 RR=8.91 (adj=False)
2026-08-12 21:19:41,761 TIE_Production Setup detected: B_SELL SELL conf=82%
2026-08-12 21:19:41,777 TIE_Production Dedup Time: skip B_SELL SELL XAUUSD (cooldown 11.7s < 60s)
2026-08-12 21:19:41,781 GateObservatory [XAUUSD/TIE_V4] Gate Dedup: FAIL | cooldown_11s
2026-08-12 21:19:49,707 TIE_Production --- Scanning XAUUSD ---
2026-08-12 21:19:50,679 TIE_Production MARKET REGIME: TRENDING (strength=78) | SUGGESTED ENGINE: Aggressive
2026-08-12 21:19:50,681 StrategyManager Strategy semi_hft_c8_v4 returned WAIT: no_setup:no_structural_setup
2026-08-12 21:19:50,681 StrategyManager Strategy aggressive_v1 returned WAIT: no_setup:no_structural_setup
2026-08-12 21:19:50,683 BystraStrategy Bystra best detector: THREE_CANDLE conf=82% dir=SELL
2026-08-12 21:19:50,684 MultiStrategyRuntime Scan 3.9ms — strategies=3 signals=1 dir=sell source=bystra_v1
2026-08-12 21:19:50,690 GateObservatory [XAUUSD/TIE_V4] Gate Detector: PASS | setup=B_SELL lot=0.01
2026-08-12 21:19:50,690 TIE_Production ExitOrchestrator adjusted SL/TP for B_SELL: new SL=4441.71 TP=4382.12 RR=10.03 (adj=False)
2026-08-12 21:19:50,690 TIE_Production Setup detected: B_SELL SELL conf=82%
2026-08-12 21:19:50,714 TIE_Production Dedup Time: skip B_SELL SELL XAUUSD (cooldown 24.1s < 60s)
2026-08-12 21:19:50,718 GateObservatory [XAUUSD/TIE_V4] Gate Dedup: FAIL | cooldown_24s
2026-08-12 21:19:52,597 TIE_Production --- Scanning XAUUSD ---
2026-08-12 21:19:53,475 TIE_Production MARKET REGIME: TRENDING (strength=78) | SUGGESTED ENGINE: Aggressive
2026-08-12 21:19:53,477 strategies.semi_hft.strategy [LIQ_VACUUM] GOOD clear_path_down dir=SELL
2026-08-12 21:19:53,477 strategies.semi_hft.strategy [ZSCORE] zscore_ok z=1.50
2026-08-12 21:19:53,477 StrategyManager Strategy semi_hft_c8_v4 returned WAIT: pullback:counter_trend_not_in_fibo dir=SELL m15=UP price=4436.40 H=4441.46 L=4382.12
2026-08-12 21:19:53,478 strategies.aggressive.strategy [LIQ_VACUUM] GOOD no_pool_data dir=BUY
2026-08-12 21:19:53,479 strategies.aggressive.strategy [ZSCORE] zscore_ok z=1.50
2026-08-12 21:19:53,479 StrategyManager Strategy aggressive_v1 returned WAIT: rme:score_low:54.0
2026-08-12 21:19:53,480 BystraStrategy Bystra best detector: THREE_CANDLE conf=82% dir=SELL
2026-08-12 21:19:53,480 MultiStrategyRuntime Scan 3.5ms — strategies=3 signals=1 dir=sell source=bystra_v1
2026-08-12 21:19:53,485 GateObservatory [XAUUSD/TIE_V4] Gate Detector: PASS | setup=B_SELL lot=0.01
2026-08-12 21:19:53,485 TIE_Production ExitOrchestrator adjusted SL/TP for B_SELL: new SL=4441.71 TP=4382.12 RR=10.21 (adj=False)
2026-08-12 21:19:53,485 TIE_Production Setup detected: B_SELL SELL conf=82%
2026-08-12 21:19:54,282 TIE_Production Dedup Time: skip B_SELL SELL XAUUSD (cooldown 24.3s < 60s)
2026-08-12 21:19:54,288 GateObservatory [XAUUSD/TIE_V4] Gate Dedup: FAIL | cooldown_24s
2026-08-12 21:20:01,490 TIE_Production --- Scanning XAUUSD ---
2026-08-12 21:20:02,529 TIE_Production MARKET REGIME: TRENDING (strength=74) | SUGGESTED ENGINE: Aggressive
2026-08-12 21:20:02,531 StrategyManager Strategy semi_hft_c8_v4 returned WAIT: no_setup:no_structural_setup
2026-08-12 21:20:02,531 StrategyManager Strategy aggressive_v1 returned WAIT: no_setup:no_structural_setup
2026-08-12 21:20:02,533 BystraStrategy Bystra best detector: SNRC1 conf=90% dir=BUY
2026-08-12 21:20:02,534 MultiStrategyRuntime Scan 3.7ms — strategies=3 signals=1 dir=buy source=bystra_v1
2026-08-12 21:20:02,539 GateObservatory [XAUUSD/TIE_V4] Gate Detector: PASS | setup=B_BUY lot=0.01
2026-08-12 21:20:02,540 core.strategy.exit_orchestrator [B_BUY] RR optimized: 0.87 -> 1.50 (Widened TP for Gate, dir=BUY, dir_sign=1)
2026-08-12 21:20:02,540 TIE_Production ExitOrchestrator adjusted SL/TP for B_BUY: new SL=4381.87 TP=4518.48 RR=1.50 (adj=True)
2026-08-12 21:20:02,540 TIE_Production Setup detected: B_BUY BUY conf=90%
2026-08-12 21:20:02,599 TIE_Production Risk Gate: ✅ PASS — XAUUSD
2026-08-12 21:20:02,605 GateObservatory [XAUUSD/TIE_V4] Gate RiskGate: PASS | all rules approve
2026-08-12 21:20:02,749 TIE_Production ✅ ORDER EXECUTED: XAUUSD BUY 0.01 lot | SL=4381.867 TP=4518.477 ticket=3627418161
2026-08-12 21:20:02,753 GateObservatory [XAUUSD/TIE_V4] Gate Execution: PASS | order placed ticket=3627418161
2026-08-12 21:20:05,163 TIE_Production --- Scanning XAUUSD ---
2026-08-12 21:20:06,152 TIE_Production MARKET REGIME: RANGING (strength=60) | SUGGESTED ENGINE: SemiHFT
2026-08-12 21:20:06,154 strategies.semi_hft.strategy [LIQ_VACUUM] GOOD clear_path_down dir=SELL
2026-08-12 21:20:06,154 strategies.semi_hft.strategy [ZSCORE] zscore_ok z=1.35
2026-08-12 21:20:06,154 StrategyManager Strategy semi_hft_c8_v4 returned WAIT: pullback:counter_trend_not_in_fibo dir=SELL m15=UP price=4436.24 H=4441.46 L=4382.12
2026-08-12 21:20:06,155 StrategyManager Strategy aggressive_v1 returned WAIT: tl_guard:NO_SELL_BREAK
2026-08-12 21:20:06,158 BystraStrategy Bystra best detector: SNRC1 conf=90% dir=BUY
2026-08-12 21:20:06,158 MultiStrategyRuntime Scan 4.9ms — strategies=3 signals=1 dir=buy source=bystra_v1
2026-08-12 21:20:06,164 GateObservatory [XAUUSD/TIE_V4] Gate Detector: PASS | setup=B_BUY lot=0.01
2026-08-12 21:20:06,164 core.strategy.exit_orchestrator [B_BUY] RR optimized: 0.88 -> 1.50 (Widened TP for Gate, dir=BUY, dir_sign=1)
2026-08-12 21:20:06,165 TIE_Production ExitOrchestrator adjusted SL/TP for B_BUY: new SL=4381.87 TP=4517.79 RR=1.50 (adj=True)
2026-08-12 21:20:06,165 TIE_Production Setup detected: B_BUY BUY conf=90%
2026-08-12 21:20:07,098 TIE_Production Risk Gate: ✅ PASS — XAUUSD
2026-08-12 21:20:07,103 GateObservatory [XAUUSD/TIE_V4] Gate RiskGate: PASS | all rules approve
2026-08-12 21:20:07,244 TIE_Production ✅ ORDER EXECUTED: XAUUSD BUY 0.01 lot | SL=4381.867 TP=4517.792 ticket=3627418538
2026-08-12 21:20:07,249 GateObservatory [XAUUSD/TIE_V4] Gate Execution: PASS | order placed ticket=3627418538
2026-08-12 21:20:13,748 TIE_Production --- Scanning XAUUSD ---
2026-08-12 21:20:14,619 TIE_Production MARKET REGIME: RANGING (strength=60) | SUGGESTED ENGINE: SemiHFT
2026-08-12 21:20:14,621 StrategyManager Strategy semi_hft_c8_v4 returned WAIT: no_setup:no_structural_setup
2026-08-12 21:20:14,621 StrategyManager Strategy aggressive_v1 returned WAIT: no_setup:no_structural_setup
2026-08-12 21:20:14,623 BystraStrategy Bystra best detector: SNRC1 conf=90% dir=BUY
2026-08-12 21:20:14,623 BystraStrategy Bystra pattern blacklist: SNRC1 @ zone 0 already fired, skip
2026-08-12 21:20:14,623 StrategyManager Strategy bystra_v1 returned WAIT: pattern_blacklist:SNRC1
2026-08-12 21:20:14,623 TIE_Production No setup for XAUUSD (WAIT)
2026-08-12 21:20:14,629 GateObservatory [XAUUSD/TIE_V4] Outcome: NO_TRADE | no_signal
2026-08-12 21:20:18,086 TIE_Production --- Scanning XAUUSD ---
2026-08-12 21:20:19,045 TIE_Production MARKET REGIME: TRENDING (strength=67) | SUGGESTED ENGINE: Aggressive
2026-08-12 21:20:19,046 strategies.semi_hft.strategy [LIQ_VACUUM] GOOD clear_path_down dir=SELL
2026-08-12 21:20:19,046 strategies.semi_hft.strategy [ZSCORE] zscore_ok z=1.33
2026-08-12 21:20:19,047 StrategyManager Strategy semi_hft_c8_v4 returned WAIT: pullback:counter_trend_not_in_fibo dir=SELL m15=UP price=4436.02 H=4441.46 L=4382.12
2026-08-12 21:20:19,047 StrategyManager Strategy aggressive_v1 returned WAIT: tl_guard:NO_SELL_BREAK
2026-08-12 21:20:19,048 BystraStrategy Bystra best detector: SNRC1 conf=90% dir=BUY
2026-08-12 21:20:19,049 BystraStrategy Bystra pattern blacklist: SNRC1 @ zone 0 already fired, skip
2026-08-12 21:20:19,049 StrategyManager Strategy bystra_v1 returned WAIT: pattern_blacklist:SNRC1
2026-08-12 21:20:19,049 TIE_Production No setup for XAUUSD (WAIT)
2026-08-12 21:20:19,054 GateObservatory [XAUUSD/TIE_V4] Outcome: NO_TRADE | no_signal
2026-08-12 21:20:25,469 TIE_Production --- Scanning XAUUSD ---
2026-08-12 21:20:26,384 TIE_Production MARKET REGIME: TRENDING (strength=81) | SUGGESTED ENGINE: Aggressive
2026-08-12 21:20:26,386 StrategyManager Strategy semi_hft_c8_v4 returned WAIT: no_setup:no_structural_setup
2026-08-12 21:20:26,387 StrategyManager Strategy aggressive_v1 returned WAIT: no_setup:no_structural_setup
2026-08-12 21:20:26,389 BystraStrategy Bystra best detector: SNRC1 conf=90% dir=BUY
2026-08-12 21:20:26,389 BystraStrategy Bystra pattern blacklist: SNRC1 @ zone 0 already fired, skip
2026-08-12 21:20:26,389 StrategyManager Strategy bystra_v1 returned WAIT: pattern_blacklist:SNRC1
2026-08-12 21:20:26,389 TIE_Production No setup for XAUUSD (WAIT)
2026-08-12 21:20:26,395 GateObservatory [XAUUSD/TIE_V4] Outcome: NO_TRADE | no_signal
2026-08-12 21:20:29,833 TIE_Production --- Scanning XAUUSD ---
2026-08-12 21:20:30,826 TIE_Production MARKET REGIME: TRENDING (strength=86) | SUGGESTED ENGINE: Aggressive
2026-08-12 21:20:30,828 strategies.semi_hft.strategy [LIQ_VACUUM] GOOD clear_path_down dir=SELL
2026-08-12 21:20:30,828 strategies.semi_hft.strategy [ZSCORE] zscore_ok z=1.20
2026-08-12 21:20:30,829 StrategyManager Strategy semi_hft_c8_v4 returned WAIT: pullback:regime_conflict TRENDING=86 blocks SELL
2026-08-12 21:20:30,829 StrategyManager Strategy aggressive_v1 returned WAIT: tl_guard:NO_SELL_BREAK
2026-08-12 21:20:30,832 BystraStrategy Bystra best detector: SNRC1 conf=90% dir=BUY
2026-08-12 21:20:30,832 BystraStrategy Bystra pattern blacklist: SNRC1 @ zone 0 already fired, skip
2026-08-12 21:20:30,832 StrategyManager Strategy bystra_v1 returned WAIT: pattern_blacklist:SNRC1
2026-08-12 21:20:30,832 TIE_Production No setup for XAUUSD (WAIT)
2026-08-12 21:20:30,837 GateObservatory [XAUUSD/TIE_V4] Outcome: NO_TRADE | no_signal
2026-08-12 21:20:37,181 TIE_Production --- Scanning XAUUSD ---
2026-08-12 21:20:38,236 TIE_Production MARKET REGIME: TRENDING (strength=82) | SUGGESTED ENGINE: Aggressive
2026-08-12 21:20:38,237 StrategyManager Strategy semi_hft_c8_v4 returned WAIT: no_setup:no_structural_setup
2026-08-12 21:20:38,238 StrategyManager Strategy aggressive_v1 returned WAIT: no_setup:no_structural_setup
2026-08-12 21:20:38,240 BystraStrategy Bystra best detector: SNRC1 conf=90% dir=BUY
2026-08-12 21:20:38,240 BystraStrategy Bystra pattern blacklist: SNRC1 @ zone 0 already fired, skip
2026-08-12 21:20:38,240 StrategyManager Strategy bystra_v1 returned WAIT: pattern_blacklist:SNRC1
2026-08-12 21:20:38,240 TIE_Production No setup for XAUUSD (WAIT)
2026-08-12 21:20:38,248 GateObservatory [XAUUSD/TIE_V4] Outcome: NO_TRADE | no_signal
2026-08-12 21:20:41,628 TIE_Production --- Scanning XAUUSD ---
2026-08-12 21:20:42,515 TIE_Production MARKET REGIME: TRENDING (strength=80) | SUGGESTED ENGINE: Aggressive
2026-08-12 21:20:42,516 strategies.semi_hft.strategy [LIQ_VACUUM] GOOD clear_path_down dir=SELL
2026-08-12 21:20:42,516 strategies.semi_hft.strategy [ZSCORE] zscore_ok z=1.20
2026-08-12 21:20:42,517 StrategyManager Strategy semi_hft_c8_v4 returned WAIT: pullback:counter_trend_not_in_fibo dir=SELL m15=UP price=4434.92 H=4441.46 L=4382.12
2026-08-12 21:20:42,517 StrategyManager Strategy aggressive_v1 returned WAIT: tl_guard:NO_SELL_BREAK
2026-08-12 21:20:42,518 BystraStrategy Bystra best detector: SNRC1 conf=90% dir=BUY
2026-08-12 21:20:42,519 BystraStrategy Bystra pattern blacklist: SNRC1 @ zone 0 already fired, skip
2026-08-12 21:20:42,519 StrategyManager Strategy bystra_v1 returned WAIT: pattern_blacklist:SNRC1
2026-08-12 21:20:42,519 TIE_Production No setup for XAUUSD (WAIT)
2026-08-12 21:20:42,523 GateObservatory [XAUUSD/TIE_V4] Outcome: NO_TRADE | no_signal
2026-08-12 21:20:49,109 TIE_Production --- Scanning XAUUSD ---
2026-08-12 21:20:50,048 TIE_Production MARKET REGIME: TRENDING (strength=82) | SUGGESTED ENGINE: Aggressive
2026-08-12 21:20:50,050 StrategyManager Strategy semi_hft_c8_v4 returned WAIT: no_setup:no_structural_setup
2026-08-12 21:20:50,050 StrategyManager Strategy aggressive_v1 returned WAIT: no_setup:no_structural_setup
2026-08-12 21:20:50,052 BystraStrategy Bystra best detector: SNRC1 conf=90% dir=BUY
2026-08-12 21:20:50,052 BystraStrategy Bystra pattern blacklist: SNRC1 @ zone 0 already fired, skip
2026-08-12 21:20:50,052 StrategyManager Strategy bystra_v1 returned WAIT: pattern_blacklist:SNRC1
2026-08-12 21:20:50,052 TIE_Production No setup for XAUUSD (WAIT)
2026-08-12 21:20:50,055 GateObservatory [XAUUSD/TIE_V4] Outcome: NO_TRADE | no_signal
2026-08-12 21:20:53,352 TIE_Production --- Scanning XAUUSD ---
2026-08-12 21:20:54,359 TIE_Production MARKET REGIME: TRENDING (strength=80) | SUGGESTED ENGINE: Aggressive
2026-08-12 21:20:54,360 strategies.semi_hft.strategy [LIQ_VACUUM] GOOD clear_path_up dir=BUY
2026-08-12 21:20:54,360 strategies.semi_hft.strategy [ZSCORE] zscore_ok z=1.16
2026-08-12 21:20:54,360 strategies.semi_hft.strategy [PULLBACK] trend_follow_UP_m5_gas_ok | M15=UP
2026-08-12 21:20:54,361 strategies.semi_hft.strategy [MACD] macd_up_buy_ok macd=3.67 sig=3.30
2026-08-12 21:20:54,361 StrategyManager Strategy semi_hft_c8_v4 returned WAIT: m5_guard:BLOCK_RANGE
2026-08-12 21:20:54,361 StrategyManager Strategy aggressive_v1 returned WAIT: tl_guard:NO_SELL_BREAK
2026-08-12 21:20:54,363 BystraStrategy Bystra best detector: SNRC1 conf=90% dir=BUY
2026-08-12 21:20:54,363 BystraStrategy Bystra pattern blacklist: SNRC1 @ zone 0 already fired, skip
2026-08-12 21:20:54,363 StrategyManager Strategy bystra_v1 returned WAIT: pattern_blacklist:SNRC1
2026-08-12 21:20:54,363 TIE_Production No setup for XAUUSD (WAIT)
2026-08-12 21:20:54,369 GateObservatory [XAUUSD/TIE_V4] Outcome: NO_TRADE | no_signal
2026-08-12 21:21:00,908 TIE_Production --- Scanning XAUUSD ---
2026-08-12 21:21:01,836 TIE_Production MARKET REGIME: RANGING (strength=60) | SUGGESTED ENGINE: SemiHFT
2026-08-12 21:21:01,837 StrategyManager Strategy semi_hft_c8_v4 returned WAIT: no_setup:no_structural_setup
2026-08-12 21:21:01,837 StrategyManager Strategy aggressive_v1 returned WAIT: no_setup:no_structural_setup
2026-08-12 21:21:01,839 BystraStrategy Bystra best detector: SNRC1 conf=90% dir=BUY
2026-08-12 21:21:01,839 BystraStrategy Bystra pattern blacklist: SNRC1 @ zone 0 already fired, skip
2026-08-12 21:21:01,839 StrategyManager Strategy bystra_v1 returned WAIT: pattern_blacklist:SNRC1
2026-08-12 21:21:01,839 TIE_Production No setup for XAUUSD (WAIT)
2026-08-12 21:21:01,843 GateObservatory [XAUUSD/TIE_V4] Outcome: NO_TRADE | no_signal
2026-08-12 21:21:05,227 TIE_Production --- Scanning XAUUSD ---
2026-08-12 21:21:06,244 TIE_Production MARKET REGIME: TRENDING (strength=73) | SUGGESTED ENGINE: Aggressive
2026-08-12 21:21:06,245 strategies.semi_hft.strategy [LIQ_VACUUM] GOOD clear_path_up dir=BUY
2026-08-12 21:21:06,246 strategies.semi_hft.strategy [ZSCORE] zscore_ok z=1.60
2026-08-12 21:21:06,246 strategies.semi_hft.strategy [PULLBACK] trend_follow_UP_m5_gas_ok | M15=UP
2026-08-12 21:21:06,246 strategies.semi_hft.strategy [MACD] macd_up_buy_ok macd=3.97 sig=3.57
2026-08-12 21:21:06,247 strategies.semi_hft.strategy C8V4 BUY entry=4438.966 sl=4427.059 tp=4456.827 lot=0.01 pattern=swing_break score=75.9
2026-08-12 21:21:06,247 strategies.aggressive.strategy [LIQ_VACUUM] GOOD no_pool_data dir=BUY
2026-08-12 21:21:06,247 strategies.aggressive.strategy [ZSCORE] zscore_ok z=1.60
2026-08-12 21:21:06,247 StrategyManager Strategy aggressive_v1 returned WAIT: rme:score_low:52.5
2026-08-12 21:21:06,249 BystraStrategy Bystra best detector: SNRC1 conf=90% dir=BUY
2026-08-12 21:21:06,249 BystraStrategy Bystra pattern blacklist: SNRC1 @ zone 0 already fired, skip
2026-08-12 21:21:06,249 StrategyManager Strategy bystra_v1 returned WAIT: pattern_blacklist:SNRC1
2026-08-12 21:21:06,249 MultiStrategyRuntime Scan 4.4ms — strategies=3 signals=1 dir=buy source=semi_hft_c8_v4
2026-08-12 21:21:06,255 GateObservatory [XAUUSD/TIE_V4] Gate Detector: PASS | setup=S_BUY lot=0.01
2026-08-12 21:21:06,255 TIE_Production ExitOrchestrator adjusted SL/TP for S_BUY: new SL=4427.06 TP=4457.58 RR=1.56 (adj=False)
2026-08-12 21:21:06,255 TIE_Production Setup detected: S_BUY BUY conf=100%
2026-08-12 21:21:06,270 TIE_Production Risk Gate: ✅ PASS — XAUUSD
2026-08-12 21:21:06,276 GateObservatory [XAUUSD/TIE_V4] Gate RiskGate: PASS | all rules approve
2026-08-12 21:21:06,414 TIE_Production ✅ ORDER EXECUTED: XAUUSD BUY 0.01 lot | SL=4427.059 TP=4457.5765 ticket=3627429422
2026-08-12 21:21:06,418 GateObservatory [XAUUSD/TIE_V4] Gate Execution: PASS | order placed ticket=3627429422
2026-08-12 21:21:12,732 TIE_Production --- Scanning XAUUSD ---
2026-08-12 21:21:13,609 TIE_Production MARKET REGIME: TRENDING (strength=71) | SUGGESTED ENGINE: Aggressive
2026-08-12 21:21:13,611 StrategyManager Strategy semi_hft_c8_v4 returned WAIT: no_setup:no_structural_setup
2026-08-12 21:21:13,611 StrategyManager Strategy aggressive_v1 returned WAIT: no_setup:no_structural_setup
2026-08-12 21:21:13,613 BystraStrategy Bystra best detector: SNRC1 conf=90% dir=BUY
2026-08-12 21:21:13,613 BystraStrategy Bystra pattern blacklist: SNRC1 @ zone 0 already fired, skip
2026-08-12 21:21:13,613 StrategyManager Strategy bystra_v1 returned WAIT: pattern_blacklist:SNRC1
2026-08-12 21:21:13,613 TIE_Production No setup for XAUUSD (WAIT)
2026-08-12 21:21:13,617 GateObservatory [XAUUSD/TIE_V4] Outcome: NO_TRADE | no_signal
2026-08-12 21:21:17,336 TIE_Production --- Scanning XAUUSD ---
2026-08-12 21:21:18,367 TIE_Production MARKET REGIME: TRENDING (strength=69) | SUGGESTED ENGINE: Aggressive
2026-08-12 21:21:18,368 strategies.semi_hft.strategy [LIQ_VACUUM] GOOD clear_path_up dir=BUY
2026-08-12 21:21:18,368 strategies.semi_hft.strategy [ZSCORE] zscore_ok z=1.62
2026-08-12 21:21:18,368 strategies.semi_hft.strategy [PULLBACK] trend_follow_UP_m5_gas_ok | M15=UP
2026-08-12 21:21:18,369 strategies.semi_hft.strategy [MACD] macd_up_buy_ok macd=3.99 sig=3.59
2026-08-12 21:21:18,369 StrategyManager Strategy semi_hft_c8_v4 returned WAIT: m5_guard:BLOCK_RANGE
2026-08-12 21:21:18,369 strategies.aggressive.strategy [LIQ_VACUUM] GOOD no_pool_data dir=BUY
2026-08-12 21:21:18,369 strategies.aggressive.strategy [ZSCORE] zscore_ok z=1.62
2026-08-12 21:21:18,370 StrategyManager Strategy aggressive_v1 returned WAIT: rme:score_low:49.6
2026-08-12 21:21:18,371 BystraStrategy Bystra best detector: SNRC1 conf=90% dir=BUY
2026-08-12 21:21:18,371 BystraStrategy Bystra pattern blacklist: SNRC1 @ zone 0 already fired, skip
2026-08-12 21:21:18,371 StrategyManager Strategy bystra_v1 returned WAIT: pattern_blacklist:SNRC1
2026-08-12 21:21:18,371 TIE_Production No setup for XAUUSD (WAIT)
2026-08-12 21:21:18,375 GateObservatory [XAUUSD/TIE_V4] Outcome: NO_TRADE | no_signal
2026-08-12 21:21:24,387 TIE_Production --- Scanning XAUUSD ---
2026-08-12 21:21:28,689 TIE_Production MARKET REGIME: TRENDING (strength=67) | SUGGESTED ENGINE: Aggressive
2026-08-12 21:21:28,691 StrategyManager Strategy semi_hft_c8_v4 returned WAIT: no_setup:no_structural_setup
2026-08-12 21:21:28,691 StrategyManager Strategy aggressive_v1 returned WAIT: no_setup:no_structural_setup
2026-08-12 21:21:28,692 BystraStrategy Bystra best detector: SNRC1 conf=90% dir=BUY
2026-08-12 21:21:28,692 BystraStrategy Bystra pattern blacklist: SNRC1 @ zone 0 already fired, skip
2026-08-12 21:21:28,693 StrategyManager Strategy bystra_v1 returned WAIT: pattern_blacklist:SNRC1
2026-08-12 21:21:28,693 TIE_Production No setup for XAUUSD (WAIT)
2026-08-12 21:21:28,698 GateObservatory [XAUUSD/TIE_V4] Outcome: NO_TRADE | no_signal
2026-08-12 21:21:29,389 TIE_Production --- Scanning XAUUSD ---
2026-08-12 21:21:30,315 TIE_Production MARKET REGIME: TRENDING (strength=67) | SUGGESTED ENGINE: Aggressive
2026-08-12 21:21:30,317 strategies.semi_hft.strategy [LIQ_VACUUM] GOOD clear_path_up dir=BUY
2026-08-12 21:21:30,317 strategies.semi_hft.strategy [ZSCORE] zscore_ok z=1.60
2026-08-12 21:21:30,317 strategies.semi_hft.strategy [PULLBACK] trend_follow_UP_m5_gas_ok | M15=UP
2026-08-12 21:21:30,318 strategies.semi_hft.strategy [MACD] macd_up_buy_ok macd=3.97 sig=3.57
2026-08-12 21:21:30,318 StrategyManager Strategy semi_hft_c8_v4 returned WAIT: m5_guard:BLOCK_RANGE
2026-08-12 21:21:30,319 strategies.aggressive.strategy [LIQ_VACUUM] GOOD no_pool_data dir=BUY
2026-08-12 21:21:30,320 strategies.aggressive.strategy [ZSCORE] zscore_ok z=1.60
2026-08-12 21:21:30,320 StrategyManager Strategy aggressive_v1 returned WAIT: rme:score_low:48.4
2026-08-12 21:21:30,321 BystraStrategy Bystra best detector: SNRC1 conf=90% dir=BUY
2026-08-12 21:21:30,322 BystraStrategy Bystra pattern blacklist: SNRC1 @ zone 0 already fired, skip
2026-08-12 21:21:30,322 StrategyManager Strategy bystra_v1 returned WAIT: pattern_blacklist:SNRC1
2026-08-12 21:21:30,322 TIE_Production No setup for XAUUSD (WAIT)
2026-08-12 21:21:30,329 GateObservatory [XAUUSD/TIE_V4] Outcome: NO_TRADE | no_signal
2026-08-12 21:21:39,480 TIE_Production --- Scanning XAUUSD ---
2026-08-12 21:21:40,439 TIE_Production MARKET REGIME: RANGING (strength=60) | SUGGESTED ENGINE: SemiHFT
2026-08-12 21:21:40,440 StrategyManager Strategy semi_hft_c8_v4 returned WAIT: no_setup:no_structural_setup
2026-08-12 21:21:40,441 StrategyManager Strategy aggressive_v1 returned WAIT: no_setup:no_structural_setup
2026-08-12 21:21:40,442 BystraStrategy Bystra best detector: SNRC1 conf=90% dir=BUY
2026-08-12 21:21:40,442 BystraStrategy Bystra pattern blacklist: SNRC1 @ zone 0 already fired, skip
2026-08-12 21:21:40,442 StrategyManager Strategy bystra_v1 returned WAIT: pattern_blacklist:SNRC1
2026-08-12 21:21:40,442 TIE_Production No setup for XAUUSD (WAIT)
2026-08-12 21:21:40,448 GateObservatory [XAUUSD/TIE_V4] Outcome: NO_TRADE | no_signal
2026-08-12 21:21:41,199 TIE_Production --- Scanning XAUUSD ---
2026-08-12 21:21:42,044 regime_allocator Strategy status updated by Regime Allocator: {'aggressive_v1': True, 'semi_hft_c8_v4': True, 'bystra_v1': True}
2026-08-12 21:21:42,044 regime_allocator REGIME SWITCH: RANGING -> RANGING (engine=SemiHFT, fast_path=False)
2026-08-12 21:21:42,044 TIE_Production MARKET REGIME: RANGING (strength=60) | SUGGESTED ENGINE: SemiHFT
2026-08-12 21:21:42,046 strategies.semi_hft.strategy [LIQ_VACUUM] GOOD clear_path_up dir=BUY
2026-08-12 21:21:42,046 strategies.semi_hft.strategy [ZSCORE] zscore_ok z=1.42
2026-08-12 21:21:42,046 strategies.semi_hft.strategy [PULLBACK] trend_follow_UP_m5_gas_ok | M15=UP
2026-08-12 21:21:42,046 strategies.semi_hft.strategy [MACD] macd_up_buy_ok macd=3.84 sig=3.46
2026-08-12 21:21:42,046 StrategyManager Strategy semi_hft_c8_v4 returned WAIT: entry_low:57
2026-08-12 21:21:42,047 strategies.aggressive.strategy [LIQ_VACUUM] GOOD no_pool_data dir=BUY
2026-08-12 21:21:42,047 strategies.aggressive.strategy [ZSCORE] zscore_ok z=1.42
2026-08-12 21:21:42,047 StrategyManager Strategy aggressive_v1 returned WAIT: rme:debate_block:penalty_80.1
2026-08-12 21:21:42,048 BystraStrategy Bystra best detector: SNRC1 conf=90% dir=BUY
2026-08-12 21:21:42,048 BystraStrategy Bystra pattern blacklist: SNRC1 @ zone 0 already fired, skip
2026-08-12 21:21:42,048 StrategyManager Strategy bystra_v1 returned WAIT: pattern_blacklist:SNRC1
2026-08-12 21:21:42,049 TIE_Production No setup for XAUUSD (WAIT)
2026-08-12 21:21:42,054 GateObservatory [XAUUSD/TIE_V4] Outcome: NO_TRADE | no_signal
2026-08-12 21:21:51,227 TIE_Production --- Scanning XAUUSD ---
2026-08-12 21:21:52,151 TIE_Production MARKET REGIME: RANGING (strength=60) | SUGGESTED ENGINE: SemiHFT
2026-08-12 21:21:52,152 StrategyManager Strategy semi_hft_c8_v4 returned WAIT: no_setup:no_structural_setup
2026-08-12 21:21:52,152 StrategyManager Strategy aggressive_v1 returned WAIT: no_setup:no_structural_setup
2026-08-12 21:21:52,154 BystraStrategy Bystra best detector: SNRC1 conf=90% dir=BUY
2026-08-12 21:21:52,154 BystraStrategy Bystra pattern blacklist: SNRC1 @ zone 0 already fired, skip
2026-08-12 21:21:52,154 StrategyManager Strategy bystra_v1 returned WAIT: pattern_blacklist:SNRC1
2026-08-12 21:21:52,154 TIE_Production No setup for XAUUSD (WAIT)
2026-08-12 21:21:52,159 GateObservatory [XAUUSD/TIE_V4] Outcome: NO_TRADE | no_signal
2026-08-12 21:21:52,869 TIE_Production --- Scanning XAUUSD ---
2026-08-12 21:21:53,868 TIE_Production MARKET REGIME: RANGING (strength=60) | SUGGESTED ENGINE: SemiHFT
2026-08-12 21:21:53,869 strategies.semi_hft.strategy [LIQ_VACUUM] GOOD clear_path_up dir=BUY
2026-08-12 21:21:53,869 strategies.semi_hft.strategy [ZSCORE] zscore_ok z=1.44
2026-08-12 21:21:53,869 strategies.semi_hft.strategy [PULLBACK] trend_follow_UP_m5_gas_ok | M15=UP
2026-08-12 21:21:53,869 strategies.semi_hft.strategy [MACD] macd_up_buy_ok macd=3.86 sig=3.47
2026-08-12 21:21:53,869 StrategyManager Strategy semi_hft_c8_v4 returned WAIT: entry_low:57
2026-08-12 21:21:53,870 strategies.aggressive.strategy [LIQ_VACUUM] GOOD no_pool_data dir=BUY
2026-08-12 21:21:53,870 strategies.aggressive.strategy [ZSCORE] zscore_ok z=1.44
2026-08-12 21:21:53,870 StrategyManager Strategy aggressive_v1 returned WAIT: rme:debate_block:penalty_67.3
2026-08-12 21:21:53,871 BystraStrategy Bystra best detector: SNRC1 conf=90% dir=BUY
2026-08-12 21:21:53,871 BystraStrategy Bystra pattern blacklist: SNRC1 @ zone 0 already fired, skip
2026-08-12 21:21:53,872 StrategyManager Strategy bystra_v1 returned WAIT: pattern_blacklist:SNRC1
2026-08-12 21:21:53,872 TIE_Production No setup for XAUUSD (WAIT)
2026-08-12 21:21:53,876 GateObservatory [XAUUSD/TIE_V4] Outcome: NO_TRADE | no_signal
2026-08-12 21:22:02,919 TIE_Production --- Scanning XAUUSD ---
2026-08-12 21:22:03,946 TIE_Production MARKET REGIME: RANGING (strength=60) | SUGGESTED ENGINE: SemiHFT
2026-08-12 21:22:03,948 StrategyManager Strategy semi_hft_c8_v4 returned WAIT: no_setup:no_structural_setup
2026-08-12 21:22:03,949 StrategyManager Strategy aggressive_v1 returned WAIT: no_setup:no_structural_setup
2026-08-12 21:22:03,950 BystraStrategy Bystra best detector: SNRC1 conf=90% dir=BUY
2026-08-12 21:22:03,951 BystraStrategy Bystra pattern blacklist: SNRC1 @ zone 0 already fired, skip
2026-08-12 21:22:03,951 StrategyManager Strategy bystra_v1 returned WAIT: pattern_blacklist:SNRC1
2026-08-12 21:22:03,951 TIE_Production No setup for XAUUSD (WAIT)
2026-08-12 21:22:03,956 GateObservatory [XAUUSD/TIE_V4] Outcome: NO_TRADE | no_signal
2026-08-12 21:22:04,701 TIE_Production --- Scanning XAUUSD ---
2026-08-12 21:22:05,578 TIE_Production MARKET REGIME: RANGING (strength=60) | SUGGESTED ENGINE: SemiHFT
2026-08-12 21:22:05,579 strategies.semi_hft.strategy [LIQ_VACUUM] GOOD clear_path_up dir=BUY
2026-08-12 21:22:05,579 strategies.semi_hft.strategy [ZSCORE] zscore_ok z=1.49
2026-08-12 21:22:05,579 strategies.semi_hft.strategy [PULLBACK] trend_follow_UP_m5_gas_ok | M15=UP
2026-08-12 21:22:05,579 strategies.semi_hft.strategy [MACD] macd_up_buy_ok macd=3.89 sig=3.50
2026-08-12 21:22:05,579 StrategyManager Strategy semi_hft_c8_v4 returned WAIT: entry_low:59
2026-08-12 21:22:05,580 strategies.aggressive.strategy [LIQ_VACUUM] GOOD no_pool_data dir=BUY
2026-08-12 21:22:05,580 strategies.aggressive.strategy [ZSCORE] zscore_ok z=1.49
2026-08-12 21:22:05,580 StrategyManager Strategy aggressive_v1 returned WAIT: rme:debate_block:penalty_44.1
2026-08-12 21:22:05,582 BystraStrategy Bystra best detector: SNRC1 conf=90% dir=BUY
2026-08-12 21:22:05,582 BystraStrategy Bystra pattern blacklist: SNRC1 @ zone 0 already fired, skip
2026-08-12 21:22:05,582 StrategyManager Strategy bystra_v1 returned WAIT: pattern_blacklist:SNRC1
2026-08-12 21:22:05,582 TIE_Production No setup for XAUUSD (WAIT)
2026-08-12 21:22:05,587 GateObservatory [XAUUSD/TIE_V4] Outcome: NO_TRADE | no_signal
2026-08-12 21:22:14,791 TIE_Production --- Scanning XAUUSD ---
2026-08-12 21:22:15,712 TIE_Production MARKET REGIME: RANGING (strength=60) | SUGGESTED ENGINE: SemiHFT
2026-08-12 21:22:15,713 StrategyManager Strategy semi_hft_c8_v4 returned WAIT: no_setup:no_structural_setup
2026-08-12 21:22:15,714 StrategyManager Strategy aggressive_v1 returned WAIT: no_setup:no_structural_setup
2026-08-12 21:22:15,715 BystraStrategy Bystra best detector: SNRC1 conf=90% dir=BUY
2026-08-12 21:22:15,715 BystraStrategy Bystra pattern blacklist: SNRC1 @ zone 0 already fired, skip
2026-08-12 21:22:15,715 StrategyManager Strategy bystra_v1 returned WAIT: pattern_blacklist:SNRC1
2026-08-12 21:22:15,716 TIE_Production No setup for XAUUSD (WAIT)
2026-08-12 21:22:15,720 GateObservatory [XAUUSD/TIE_V4] Outcome: NO_TRADE | no_signal
2026-08-12 21:22:16,374 TIE_Production --- Scanning XAUUSD ---
2026-08-12 21:22:17,469 TIE_Production MARKET REGIME: RANGING (strength=60) | SUGGESTED ENGINE: SemiHFT
2026-08-12 21:22:17,471 strategies.semi_hft.strategy [LIQ_VACUUM] GOOD clear_path_up dir=BUY
2026-08-12 21:22:17,471 strategies.semi_hft.strategy [ZSCORE] zscore_ok z=1.49
2026-08-12 21:22:17,471 strategies.semi_hft.strategy [PULLBACK] trend_follow_UP_m5_gas_ok | M15=UP
2026-08-12 21:22:17,471 strategies.semi_hft.strategy [MACD] macd_up_buy_ok macd=3.89 sig=3.50
2026-08-12 21:22:17,471 StrategyManager Strategy semi_hft_c8_v4 returned WAIT: entry_low:57
2026-08-12 21:22:17,472 strategies.aggressive.strategy [LIQ_VACUUM] GOOD no_pool_data dir=BUY
2026-08-12 21:22:17,472 strategies.aggressive.strategy [ZSCORE] zscore_ok z=1.49
2026-08-12 21:22:17,472 StrategyManager Strategy aggressive_v1 returned WAIT: rme:debate_block:penalty_43.3
2026-08-12 21:22:17,473 BystraStrategy Bystra best detector: SNRC1 conf=90% dir=BUY
2026-08-12 21:22:17,473 BystraStrategy Bystra pattern blacklist: SNRC1 @ zone 0 already fired, skip
2026-08-12 21:22:17,473 StrategyManager Strategy bystra_v1 returned WAIT: pattern_blacklist:SNRC1
2026-08-12 21:22:17,473 TIE_Production No setup for XAUUSD (WAIT)
2026-08-12 21:22:17,479 GateObservatory [XAUUSD/TIE_V4] Outcome: NO_TRADE | no_signal
2026-08-12 21:22:26,477 TIE_Production --- Scanning XAUUSD ---
2026-08-12 21:22:27,495 TIE_Production MARKET REGIME: TRENDING (strength=65) | SUGGESTED ENGINE: Aggressive
2026-08-12 21:22:27,496 StrategyManager Strategy semi_hft_c8_v4 returned WAIT: no_setup:no_structural_setup
2026-08-12 21:22:27,496 StrategyManager Strategy aggressive_v1 returned WAIT: no_setup:no_structural_setup
2026-08-12 21:22:27,498 BystraStrategy Bystra best detector: SNRC1 conf=90% dir=BUY
2026-08-12 21:22:27,498 BystraStrategy Bystra pattern blacklist: SNRC1 @ zone 0 already fired, skip
2026-08-12 21:22:27,498 StrategyManager Strategy bystra_v1 returned WAIT: pattern_blacklist:SNRC1
2026-08-12 21:22:27,498 TIE_Production No setup for XAUUSD (WAIT)
2026-08-12 21:22:27,504 GateObservatory [XAUUSD/TIE_V4] Outcome: NO_TRADE | no_signal
2026-08-12 21:22:28,292 TIE_Production --- Scanning XAUUSD ---
2026-08-12 21:22:29,245 TIE_Production MARKET REGIME: RANGING (strength=60) | SUGGESTED ENGINE: SemiHFT
2026-08-12 21:22:29,247 strategies.semi_hft.strategy [LIQ_VACUUM] GOOD clear_path_up dir=BUY
2026-08-12 21:22:29,247 strategies.semi_hft.strategy [ZSCORE] zscore_ok z=1.48
2026-08-12 21:22:29,247 strategies.semi_hft.strategy [PULLBACK] trend_follow_UP_m5_gas_ok | M15=UP
2026-08-12 21:22:29,248 strategies.semi_hft.strategy [MACD] macd_up_buy_ok macd=3.88 sig=3.50
2026-08-12 21:22:29,248 StrategyManager Strategy semi_hft_c8_v4 returned WAIT: entry_low:53
2026-08-12 21:22:29,249 strategies.aggressive.strategy [LIQ_VACUUM] GOOD no_pool_data dir=BUY
2026-08-12 21:22:29,249 strategies.aggressive.strategy [ZSCORE] zscore_ok z=1.48
2026-08-12 21:22:29,249 StrategyManager Strategy aggressive_v1 returned WAIT: rme:debate_block:penalty_50.4
2026-08-12 21:22:29,251 BystraStrategy Bystra best detector: SNRC1 conf=90% dir=BUY
2026-08-12 21:22:29,251 BystraStrategy Bystra pattern blacklist: SNRC1 @ zone 0 already fired, skip
2026-08-12 21:22:29,252 StrategyManager Strategy bystra_v1 returned WAIT: pattern_blacklist:SNRC1
2026-08-12 21:22:29,252 TIE_Production No setup for XAUUSD (WAIT)
2026-08-12 21:22:29,262 GateObservatory [XAUUSD/TIE_V4] Outcome: NO_TRADE | no_signal
2026-08-12 21:22:38,398 TIE_Production --- Scanning XAUUSD ---
2026-08-12 21:22:39,260 TIE_Production MARKET REGIME: RANGING (strength=60) | SUGGESTED ENGINE: SemiHFT
2026-08-12 21:22:39,261 StrategyManager Strategy semi_hft_c8_v4 returned WAIT: no_setup:no_structural_setup
2026-08-12 21:22:39,262 StrategyManager Strategy aggressive_v1 returned WAIT: no_setup:no_structural_setup
2026-08-12 21:22:39,263 BystraStrategy Bystra best detector: SNRC1 conf=90% dir=BUY
2026-08-12 21:22:39,263 BystraStrategy Bystra pattern blacklist: SNRC1 @ zone 0 already fired, skip
2026-08-12 21:22:39,263 StrategyManager Strategy bystra_v1 returned WAIT: pattern_blacklist:SNRC1
2026-08-12 21:22:39,263 TIE_Production No setup for XAUUSD (WAIT)
2026-08-12 21:22:39,268 GateObservatory [XAUUSD/TIE_V4] Outcome: NO_TRADE | no_signal
2026-08-12 21:22:45,082 TIE_Production --- Scanning XAUUSD ---
2026-08-12 21:22:46,065 TIE_Production MARKET REGIME: RANGING (strength=60) | SUGGESTED ENGINE: SemiHFT
2026-08-12 21:22:46,066 strategies.semi_hft.strategy [LIQ_VACUUM] GOOD clear_path_down dir=SELL
2026-08-12 21:22:46,066 strategies.semi_hft.strategy [ZSCORE] zscore_ok z=1.34
2026-08-12 21:22:46,067 StrategyManager Strategy semi_hft_c8_v4 returned WAIT: pullback:counter_trend_not_in_fibo dir=SELL m15=UP price=4436.15 H=4441.46 L=4382.12
2026-08-12 21:22:46,067 StrategyManager Strategy aggressive_v1 returned WAIT: tl_guard:NO_SELL_BREAK
2026-08-12 21:22:46,069 BystraStrategy Bystra best detector: SNRC1 conf=90% dir=BUY
2026-08-12 21:22:46,069 BystraStrategy Bystra pattern blacklist: SNRC1 @ zone 0 already fired, skip
2026-08-12 21:22:46,069 StrategyManager Strategy bystra_v1 returned WAIT: pattern_blacklist:SNRC1
2026-08-12 21:22:46,069 TIE_Production No setup for XAUUSD (WAIT)
2026-08-12 21:22:46,074 GateObservatory [XAUUSD/TIE_V4] Outcome: NO_TRADE | no_signal
2026-08-12 21:22:50,043 TIE_Production --- Scanning XAUUSD ---
2026-08-12 21:22:51,009 TIE_Production MARKET REGIME: RANGING (strength=60) | SUGGESTED ENGINE: SemiHFT
2026-08-12 21:22:51,011 StrategyManager Strategy semi_hft_c8_v4 returned WAIT: no_setup:no_structural_setup
2026-08-12 21:22:51,011 StrategyManager Strategy aggressive_v1 returned WAIT: no_setup:no_structural_setup
2026-08-12 21:22:51,013 BystraStrategy Bystra best detector: SNRC1 conf=90% dir=BUY
2026-08-12 21:22:51,013 BystraStrategy Bystra pattern blacklist: SNRC1 @ zone 0 already fired, skip
2026-08-12 21:22:51,013 StrategyManager Strategy bystra_v1 returned WAIT: pattern_blacklist:SNRC1
2026-08-12 21:22:51,013 TIE_Production No setup for XAUUSD (WAIT)
2026-08-12 21:22:51,019 GateObservatory [XAUUSD/TIE_V4] Outcome: NO_TRADE | no_signal
2026-08-12 21:22:56,852 TIE_Production --- Scanning XAUUSD ---
2026-08-12 21:22:57,761 TIE_Production MARKET REGIME: RANGING (strength=60) | SUGGESTED ENGINE: SemiHFT
2026-08-12 21:22:57,762 strategies.semi_hft.strategy [LIQ_VACUUM] GOOD clear_path_down dir=SELL
2026-08-12 21:22:57,762 strategies.semi_hft.strategy [ZSCORE] zscore_ok z=1.37
2026-08-12 21:22:57,762 StrategyManager Strategy semi_hft_c8_v4 returned WAIT: pullback:counter_trend_not_in_fibo dir=SELL m15=UP price=4436.40 H=4441.46 L=4382.12
2026-08-12 21:22:57,763 strategies.aggressive.strategy [LIQ_VACUUM] GOOD no_pool_data dir=BUY
2026-08-12 21:22:57,763 strategies.aggressive.strategy [ZSCORE] zscore_ok z=1.37
2026-08-12 21:22:57,763 StrategyManager Strategy aggressive_v1 returned WAIT: rme:debate_block:penalty_104.1
2026-08-12 21:22:57,764 BystraStrategy Bystra best detector: SNRC1 conf=90% dir=BUY
2026-08-12 21:22:57,764 BystraStrategy Bystra pattern blacklist: SNRC1 @ zone 0 already fired, skip
2026-08-12 21:22:57,764 StrategyManager Strategy bystra_v1 returned WAIT: pattern_blacklist:SNRC1
2026-08-12 21:22:57,765 TIE_Production No setup for XAUUSD (WAIT)
2026-08-12 21:22:57,769 GateObservatory [XAUUSD/TIE_V4] Outcome: NO_TRADE | no_signal
2026-08-12 21:23:01,852 TIE_Production --- Scanning XAUUSD ---
2026-08-12 21:23:02,826 TIE_Production MARKET REGIME: RANGING (strength=60) | SUGGESTED ENGINE: SemiHFT
2026-08-12 21:23:02,828 StrategyManager Strategy semi_hft_c8_v4 returned WAIT: no_setup:no_structural_setup
2026-08-12 21:23:02,828 StrategyManager Strategy aggressive_v1 returned WAIT: no_setup:no_structural_setup
2026-08-12 21:23:02,830 BystraStrategy Bystra best detector: SNRC1 conf=90% dir=BUY
2026-08-12 21:23:02,830 BystraStrategy Bystra pattern blacklist: SNRC1 @ zone 0 already fired, skip
2026-08-12 21:23:02,830 StrategyManager Strategy bystra_v1 returned WAIT: pattern_blacklist:SNRC1
2026-08-12 21:23:02,830 TIE_Production No setup for XAUUSD (WAIT)
2026-08-12 21:23:02,835 GateObservatory [XAUUSD/TIE_V4] Outcome: NO_TRADE | no_signal
2026-08-12 21:23:08,616 TIE_Production --- Scanning XAUUSD ---
2026-08-12 21:23:09,712 TIE_Production MARKET REGIME: RANGING (strength=60) | SUGGESTED ENGINE: SemiHFT
2026-08-12 21:23:09,713 strategies.semi_hft.strategy [LIQ_VACUUM] GOOD clear_path_down dir=SELL
2026-08-12 21:23:09,713 strategies.semi_hft.strategy [ZSCORE] zscore_ok z=1.33
2026-08-12 21:23:09,713 StrategyManager Strategy semi_hft_c8_v4 returned WAIT: pullback:counter_trend_not_in_fibo dir=SELL m15=UP price=4435.60 H=4441.46 L=4382.12
2026-08-12 21:23:09,714 StrategyManager Strategy aggressive_v1 returned WAIT: tl_guard:NO_SELL_BREAK
2026-08-12 21:23:09,715 BystraStrategy Bystra best detector: SNRC1 conf=90% dir=BUY
2026-08-12 21:23:09,715 BystraStrategy Bystra pattern blacklist: SNRC1 @ zone 0 already fired, skip
2026-08-12 21:23:09,715 StrategyManager Strategy bystra_v1 returned WAIT: pattern_blacklist:SNRC1
2026-08-12 21:23:09,715 TIE_Production No setup for XAUUSD (WAIT)
2026-08-12 21:23:09,720 GateObservatory [XAUUSD/TIE_V4] Outcome: NO_TRADE | no_signal
2026-08-12 21:23:13,660 TIE_Production --- Scanning XAUUSD ---
2026-08-12 21:23:14,957 regime_allocator Strategy status updated by Regime Allocator: {'aggressive_v1': True, 'semi_hft_c8_v4': True, 'bystra_v1': True}
2026-08-12 21:23:14,958 regime_allocator REGIME SWITCH: RANGING -> RANGING (engine=SemiHFT, fast_path=False)
2026-08-12 21:23:14,958 TIE_Production MARKET REGIME: RANGING (strength=60) | SUGGESTED ENGINE: SemiHFT
2026-08-12 21:23:14,959 StrategyManager Strategy semi_hft_c8_v4 returned WAIT: no_setup:no_structural_setup
2026-08-12 21:23:14,960 StrategyManager Strategy aggressive_v1 returned WAIT: no_setup:no_structural_setup
2026-08-12 21:23:14,961 BystraStrategy Bystra best detector: SNRC1 conf=90% dir=BUY
2026-08-12 21:23:14,961 BystraStrategy Bystra pattern blacklist: SNRC1 @ zone 0 already fired, skip
2026-08-12 21:23:14,962 StrategyManager Strategy bystra_v1 returned WAIT: pattern_blacklist:SNRC1
2026-08-12 21:23:14,962 TIE_Production No setup for XAUUSD (WAIT)
2026-08-12 21:23:14,967 GateObservatory [XAUUSD/TIE_V4] Outcome: NO_TRADE | no_signal
2026-08-12 21:23:20,554 TIE_Production --- Scanning XAUUSD ---
2026-08-12 21:23:21,609 TIE_Production MARKET REGIME: RANGING (strength=60) | SUGGESTED ENGINE: SemiHFT
2026-08-12 21:23:21,611 strategies.semi_hft.strategy [LIQ_VACUUM] GOOD clear_path_down dir=SELL
2026-08-12 21:23:21,611 strategies.semi_hft.strategy [ZSCORE] zscore_ok z=1.28
2026-08-12 21:23:21,611 StrategyManager Strategy semi_hft_c8_v4 returned WAIT: pullback:counter_trend_not_in_fibo dir=SELL m15=UP price=4435.66 H=4441.46 L=4382.12
2026-08-12 21:23:21,612 StrategyManager Strategy aggressive_v1 returned WAIT: tl_guard:NO_SELL_BREAK
2026-08-12 21:23:21,613 BystraStrategy Bystra best detector: SNRC1 conf=90% dir=BUY
2026-08-12 21:23:21,613 BystraStrategy Bystra pattern blacklist: SNRC1 @ zone 0 already fired, skip
2026-08-12 21:23:21,613 StrategyManager Strategy bystra_v1 returned WAIT: pattern_blacklist:SNRC1
2026-08-12 21:23:21,613 TIE_Production No setup for XAUUSD (WAIT)
2026-08-12 21:23:21,618 GateObservatory [XAUUSD/TIE_V4] Outcome: NO_TRADE | no_signal
2026-08-12 21:23:25,698 TIE_Production --- Scanning XAUUSD ---
2026-08-12 21:23:26,574 TIE_Production MARKET REGIME: RANGING (strength=60) | SUGGESTED ENGINE: SemiHFT
2026-08-12 21:23:26,575 StrategyManager Strategy semi_hft_c8_v4 returned WAIT: no_setup:no_structural_setup
2026-08-12 21:23:26,576 StrategyManager Strategy aggressive_v1 returned WAIT: no_setup:no_structural_setup
2026-08-12 21:23:26,578 BystraStrategy Bystra best detector: SNRC1 conf=90% dir=BUY
2026-08-12 21:23:26,578 BystraStrategy Bystra pattern blacklist: SNRC1 @ zone 0 already fired, skip
2026-08-12 21:23:26,578 StrategyManager Strategy bystra_v1 returned WAIT: pattern_blacklist:SNRC1
2026-08-12 21:23:26,578 TIE_Production No setup for XAUUSD (WAIT)
2026-08-12 21:23:26,582 GateObservatory [XAUUSD/TIE_V4] Outcome: NO_TRADE | no_signal
2026-08-12 21:23:32,546 TIE_Production --- Scanning XAUUSD ---
2026-08-12 21:23:33,419 TIE_Production MARKET REGIME: RANGING (strength=60) | SUGGESTED ENGINE: SemiHFT
2026-08-12 21:23:33,420 strategies.semi_hft.strategy [LIQ_VACUUM] GOOD clear_path_down dir=SELL
2026-08-12 21:23:33,420 strategies.semi_hft.strategy [ZSCORE] zscore_ok z=1.31
2026-08-12 21:23:33,420 StrategyManager Strategy semi_hft_c8_v4 returned WAIT: pullback:counter_trend_not_in_fibo dir=SELL m15=UP price=4435.95 H=4441.46 L=4382.12
2026-08-12 21:23:33,421 StrategyManager Strategy aggressive_v1 returned WAIT: tl_guard:NO_SELL_BREAK
2026-08-12 21:23:33,422 BystraStrategy Bystra best detector: SNRC1 conf=90% dir=BUY
2026-08-12 21:23:33,422 BystraStrategy Bystra pattern blacklist: SNRC1 @ zone 0 already fired, skip
2026-08-12 21:23:33,422 StrategyManager Strategy bystra_v1 returned WAIT: pattern_blacklist:SNRC1
2026-08-12 21:23:33,422 TIE_Production No setup for XAUUSD (WAIT)
2026-08-12 21:23:33,427 GateObservatory [XAUUSD/TIE_V4] Outcome: NO_TRADE | no_signal
2026-08-12 21:23:37,443 TIE_Production --- Scanning XAUUSD ---
2026-08-12 21:23:44,217 TIE_Production --- Scanning XAUUSD ---
2026-08-12 21:23:45,175 TIE_Production MARKET REGIME: RANGING (strength=60) | SUGGESTED ENGINE: SemiHFT
2026-08-12 21:23:45,176 strategies.semi_hft.strategy [LIQ_VACUUM] GOOD clear_path_down dir=SELL
2026-08-12 21:23:45,177 strategies.semi_hft.strategy [ZSCORE] zscore_ok z=1.26
2026-08-12 21:23:45,177 StrategyManager Strategy semi_hft_c8_v4 returned WAIT: pullback:counter_trend_not_in_fibo dir=SELL m15=UP price=4435.68 H=4441.46 L=4382.12
2026-08-12 21:23:45,177 StrategyManager Strategy aggressive_v1 returned WAIT: tl_guard:NO_SELL_BREAK
2026-08-12 21:23:45,179 BystraStrategy Bystra best detector: SNRC1 conf=90% dir=BUY
2026-08-12 21:23:45,179 BystraStrategy Bystra pattern blacklist: SNRC1 @ zone 0 already fired, skip
2026-08-12 21:23:45,179 StrategyManager Strategy bystra_v1 returned WAIT: pattern_blacklist:SNRC1
2026-08-12 21:23:45,179 TIE_Production No setup for XAUUSD (WAIT)
2026-08-12 21:23:45,183 GateObservatory [XAUUSD/TIE_V4] Outcome: NO_TRADE | no_signal
2026-08-12 21:23:46,869 TIE_Production MARKET REGIME: RANGING (strength=60) | SUGGESTED ENGINE: SemiHFT
2026-08-12 21:23:46,870 StrategyManager Strategy semi_hft_c8_v4 returned WAIT: no_setup:no_structural_setup
2026-08-12 21:23:46,871 StrategyManager Strategy aggressive_v1 returned WAIT: no_setup:no_structural_setup
2026-08-12 21:23:46,872 BystraStrategy Bystra best detector: SNRC1 conf=90% dir=BUY
2026-08-12 21:23:46,873 BystraStrategy Bystra pattern blacklist: SNRC1 @ zone 0 already fired, skip
2026-08-12 21:23:46,873 StrategyManager Strategy bystra_v1 returned WAIT: pattern_blacklist:SNRC1
2026-08-12 21:23:46,873 TIE_Production No setup for XAUUSD (WAIT)
2026-08-12 21:23:46,879 GateObservatory [XAUUSD/TIE_V4] Outcome: NO_TRADE | no_signal
2026-08-12 21:23:56,056 TIE_Production --- Scanning XAUUSD ---
2026-08-12 21:23:57,007 TIE_Production MARKET REGIME: RANGING (strength=60) | SUGGESTED ENGINE: SemiHFT
2026-08-12 21:23:57,008 strategies.semi_hft.strategy [LIQ_VACUUM] GOOD clear_path_down dir=SELL
2026-08-12 21:23:57,009 strategies.semi_hft.strategy [ZSCORE] zscore_ok z=1.25
2026-08-12 21:23:57,009 StrategyManager Strategy semi_hft_c8_v4 returned WAIT: pullback:counter_trend_not_in_fibo dir=SELL m15=UP price=4435.16 H=4441.46 L=4382.12
2026-08-12 21:23:57,009 StrategyManager Strategy aggressive_v1 returned WAIT: tl_guard:NO_SELL_BREAK
2026-08-12 21:23:57,011 BystraStrategy Bystra best detector: SNRC1 conf=90% dir=BUY
2026-08-12 21:23:57,011 BystraStrategy Bystra pattern blacklist: SNRC1 @ zone 0 already fired, skip
2026-08-12 21:23:57,011 StrategyManager Strategy bystra_v1 returned WAIT: pattern_blacklist:SNRC1
2026-08-12 21:23:57,011 TIE_Production No setup for XAUUSD (WAIT)
2026-08-12 21:23:57,016 GateObservatory [XAUUSD/TIE_V4] Outcome: NO_TRADE | no_signal
2026-08-12 21:23:57,566 TIE_Production --- Scanning XAUUSD ---
2026-08-12 21:23:58,473 TIE_Production MARKET REGIME: RANGING (strength=60) | SUGGESTED ENGINE: SemiHFT
2026-08-12 21:23:58,474 StrategyManager Strategy semi_hft_c8_v4 returned WAIT: no_setup:no_structural_setup
2026-08-12 21:23:58,474 StrategyManager Strategy aggressive_v1 returned WAIT: no_setup:no_structural_setup
2026-08-12 21:23:58,476 BystraStrategy Bystra best detector: SNRC1 conf=90% dir=BUY
2026-08-12 21:23:58,476 BystraStrategy Bystra pattern blacklist: SNRC1 @ zone 0 already fired, skip
2026-08-12 21:23:58,476 StrategyManager Strategy bystra_v1 returned WAIT: pattern_blacklist:SNRC1
2026-08-12 21:23:58,476 TIE_Production No setup for XAUUSD (WAIT)
2026-08-12 21:23:58,481 GateObservatory [XAUUSD/TIE_V4] Outcome: NO_TRADE | no_signal
2026-08-12 21:24:07,787 TIE_Production --- Scanning XAUUSD ---
2026-08-12 21:24:08,593 TIE_Production MARKET REGIME: RANGING (strength=60) | SUGGESTED ENGINE: SemiHFT
2026-08-12 21:24:08,594 strategies.semi_hft.strategy [LIQ_VACUUM] GOOD clear_path_up dir=BUY
2026-08-12 21:24:08,594 strategies.semi_hft.strategy [ZSCORE] zscore_ok z=1.35
2026-08-12 21:24:08,594 strategies.semi_hft.strategy [PULLBACK] trend_follow_UP_m5_gas_ok | M15=UP
2026-08-12 21:24:08,594 strategies.semi_hft.strategy [MACD] macd_up_buy_ok macd=3.79 sig=3.42
2026-08-12 21:24:08,594 StrategyManager Strategy semi_hft_c8_v4 returned WAIT: m5_guard:BLOCK_RANGE
2026-08-12 21:24:08,595 StrategyManager Strategy aggressive_v1 returned WAIT: tl_guard:NO_SELL_BREAK
2026-08-12 21:24:08,596 BystraStrategy Bystra best detector: SNRC1 conf=90% dir=BUY
2026-08-12 21:24:08,596 BystraStrategy Bystra pattern blacklist: SNRC1 @ zone 0 already fired, skip
2026-08-12 21:24:08,596 StrategyManager Strategy bystra_v1 returned WAIT: pattern_blacklist:SNRC1
2026-08-12 21:24:08,597 TIE_Production No setup for XAUUSD (WAIT)
2026-08-12 21:24:08,601 GateObservatory [XAUUSD/TIE_V4] Outcome: NO_TRADE | no_signal
2026-08-12 21:24:09,338 TIE_Production --- Scanning XAUUSD ---
2026-08-12 21:24:10,174 TIE_Production MARKET REGIME: RANGING (strength=60) | SUGGESTED ENGINE: SemiHFT
2026-08-12 21:24:10,175 StrategyManager Strategy semi_hft_c8_v4 returned WAIT: no_setup:no_structural_setup
2026-08-12 21:24:10,176 StrategyManager Strategy aggressive_v1 returned WAIT: no_setup:no_structural_setup
2026-08-12 21:24:10,177 BystraStrategy Bystra best detector: SNRC1 conf=90% dir=BUY
2026-08-12 21:24:10,177 BystraStrategy Bystra pattern blacklist: SNRC1 @ zone 0 already fired, skip
2026-08-12 21:24:10,177 StrategyManager Strategy bystra_v1 returned WAIT: pattern_blacklist:SNRC1
2026-08-12 21:24:10,177 TIE_Production No setup for XAUUSD (WAIT)
2026-08-12 21:24:10,183 GateObservatory [XAUUSD/TIE_V4] Outcome: NO_TRADE | no_signal
2026-08-12 21:24:19,485 TIE_Production --- Scanning XAUUSD ---
2026-08-12 21:24:20,407 TIE_Production MARKET REGIME: RANGING (strength=60) | SUGGESTED ENGINE: SemiHFT
2026-08-12 21:24:20,408 strategies.semi_hft.strategy [LIQ_VACUUM] GOOD clear_path_up dir=BUY
2026-08-12 21:24:20,409 strategies.semi_hft.strategy [ZSCORE] zscore_ok z=1.41
2026-08-12 21:24:20,409 strategies.semi_hft.strategy [PULLBACK] trend_follow_UP_m5_gas_ok | M15=UP
2026-08-12 21:24:20,409 strategies.semi_hft.strategy [MACD] macd_up_buy_ok macd=3.83 sig=3.45
2026-08-12 21:24:20,409 StrategyManager Strategy semi_hft_c8_v4 returned WAIT: m5_guard:BLOCK_RANGE
2026-08-12 21:24:20,410 strategies.aggressive.strategy [LIQ_VACUUM] GOOD no_pool_data dir=BUY
2026-08-12 21:24:20,410 strategies.aggressive.strategy [ZSCORE] zscore_ok z=1.41
2026-08-12 21:24:20,410 StrategyManager Strategy aggressive_v1 returned WAIT: rme:debate_block:penalty_87.1
2026-08-12 21:24:20,412 BystraStrategy Bystra best detector: SNRC1 conf=90% dir=BUY
2026-08-12 21:24:20,412 BystraStrategy Bystra pattern blacklist: SNRC1 @ zone 0 already fired, skip
2026-08-12 21:24:20,412 StrategyManager Strategy bystra_v1 returned WAIT: pattern_blacklist:SNRC1
2026-08-12 21:24:20,412 TIE_Production No setup for XAUUSD (WAIT)
2026-08-12 21:24:20,418 GateObservatory [XAUUSD/TIE_V4] Outcome: NO_TRADE | no_signal
2026-08-12 21:24:20,985 TIE_Production --- Scanning XAUUSD ---
2026-08-12 21:24:22,032 TIE_Production MARKET REGIME: RANGING (strength=60) | SUGGESTED ENGINE: SemiHFT
2026-08-12 21:24:22,034 StrategyManager Strategy semi_hft_c8_v4 returned WAIT: no_setup:no_structural_setup
2026-08-12 21:24:22,034 StrategyManager Strategy aggressive_v1 returned WAIT: no_setup:no_structural_setup
2026-08-12 21:24:22,036 BystraStrategy Bystra best detector: SNRC1 conf=90% dir=BUY
2026-08-12 21:24:22,036 BystraStrategy Bystra pattern blacklist: SNRC1 @ zone 0 already fired, skip
2026-08-12 21:24:22,037 StrategyManager Strategy bystra_v1 returned WAIT: pattern_blacklist:SNRC1
2026-08-12 21:24:22,037 TIE_Production No setup for XAUUSD (WAIT)
2026-08-12 21:24:22,042 GateObservatory [XAUUSD/TIE_V4] Outcome: NO_TRADE | no_signal
2026-08-12 21:24:31,329 TIE_Production --- Scanning XAUUSD ---
2026-08-12 21:24:32,226 TIE_Production MARKET REGIME: RANGING (strength=60) | SUGGESTED ENGINE: SemiHFT
2026-08-12 21:24:32,227 strategies.semi_hft.strategy [LIQ_VACUUM] GOOD clear_path_up dir=BUY
2026-08-12 21:24:32,228 strategies.semi_hft.strategy [ZSCORE] zscore_ok z=1.47
2026-08-12 21:24:32,228 strategies.semi_hft.strategy [PULLBACK] trend_follow_UP_m5_gas_ok | M15=UP
2026-08-12 21:24:32,228 strategies.semi_hft.strategy [MACD] macd_up_buy_ok macd=3.88 sig=3.49
2026-08-12 21:24:32,228 StrategyManager Strategy semi_hft_c8_v4 returned WAIT: m5_guard:BLOCK_RANGE
2026-08-12 21:24:32,228 strategies.aggressive.strategy [LIQ_VACUUM] GOOD no_pool_data dir=BUY
2026-08-12 21:24:32,229 strategies.aggressive.strategy [ZSCORE] zscore_ok z=1.47
2026-08-12 21:24:32,229 StrategyManager Strategy aggressive_v1 returned WAIT: rme:debate_block:penalty_54.4
2026-08-12 21:24:32,230 BystraStrategy Bystra best detector: SNRC1 conf=90% dir=BUY
2026-08-12 21:24:32,230 BystraStrategy Bystra pattern blacklist: SNRC1 @ zone 0 already fired, skip
2026-08-12 21:24:32,230 StrategyManager Strategy bystra_v1 returned WAIT: pattern_blacklist:SNRC1
2026-08-12 21:24:32,230 TIE_Production No setup for XAUUSD (WAIT)
2026-08-12 21:24:32,235 GateObservatory [XAUUSD/TIE_V4] Outcome: NO_TRADE | no_signal
2026-08-12 21:24:32,919 TIE_Production --- Scanning XAUUSD ---
2026-08-12 21:24:33,920 TIE_Production MARKET REGIME: RANGING (strength=60) | SUGGESTED ENGINE: SemiHFT
2026-08-12 21:24:33,921 StrategyManager Strategy semi_hft_c8_v4 returned WAIT: no_setup:no_structural_setup
2026-08-12 21:24:33,921 StrategyManager Strategy aggressive_v1 returned WAIT: no_setup:no_structural_setup
2026-08-12 21:24:33,923 BystraStrategy Bystra best detector: SNRC1 conf=90% dir=BUY
2026-08-12 21:24:33,923 BystraStrategy Bystra pattern blacklist: SNRC1 @ zone 0 already fired, skip
2026-08-12 21:24:33,923 StrategyManager Strategy bystra_v1 returned WAIT: pattern_blacklist:SNRC1
2026-08-12 21:24:33,923 TIE_Production No setup for XAUUSD (WAIT)
2026-08-12 21:24:33,928 GateObservatory [XAUUSD/TIE_V4] Outcome: NO_TRADE | no_signal
2026-08-12 21:24:43,151 TIE_Production --- Scanning XAUUSD ---
2026-08-12 21:24:44,088 TIE_Production MARKET REGIME: RANGING (strength=60) | SUGGESTED ENGINE: SemiHFT
2026-08-12 21:24:44,091 strategies.semi_hft.strategy [LIQ_VACUUM] GOOD clear_path_up dir=BUY
2026-08-12 21:24:44,091 strategies.semi_hft.strategy [ZSCORE] zscore_ok z=1.46
2026-08-12 21:24:44,091 strategies.semi_hft.strategy [PULLBACK] trend_follow_UP_m5_gas_ok | M15=UP
2026-08-12 21:24:44,092 strategies.semi_hft.strategy [MACD] macd_up_buy_ok macd=3.87 sig=3.48
2026-08-12 21:24:44,092 StrategyManager Strategy semi_hft_c8_v4 returned WAIT: m5_guard:BLOCK_RANGE
2026-08-12 21:24:44,092 strategies.aggressive.strategy [LIQ_VACUUM] GOOD no_pool_data dir=BUY
2026-08-12 21:24:44,092 strategies.aggressive.strategy [ZSCORE] zscore_ok z=1.46
2026-08-12 21:24:44,093 StrategyManager Strategy aggressive_v1 returned WAIT: rme:debate_block:penalty_59.1
2026-08-12 21:24:44,094 BystraStrategy Bystra best detector: SNRC1 conf=90% dir=BUY
2026-08-12 21:24:44,094 BystraStrategy Bystra pattern blacklist: SNRC1 @ zone 0 already fired, skip
2026-08-12 21:24:44,094 StrategyManager Strategy bystra_v1 returned WAIT: pattern_blacklist:SNRC1
2026-08-12 21:24:44,094 TIE_Production No setup for XAUUSD (WAIT)
2026-08-12 21:24:44,099 GateObservatory [XAUUSD/TIE_V4] Outcome: NO_TRADE | no_signal
2026-08-12 21:24:44,828 TIE_Production --- Scanning XAUUSD ---
2026-08-12 21:24:45,820 TIE_Production MARKET REGIME: RANGING (strength=60) | SUGGESTED ENGINE: SemiHFT
2026-08-12 21:24:45,822 StrategyManager Strategy semi_hft_c8_v4 returned WAIT: no_setup:no_structural_setup
2026-08-12 21:24:45,822 StrategyManager Strategy aggressive_v1 returned WAIT: no_setup:no_structural_setup
2026-08-12 21:24:45,824 BystraStrategy Bystra best detector: SNRC1 conf=90% dir=BUY
2026-08-12 21:24:45,824 BystraStrategy Bystra pattern blacklist: SNRC1 @ zone 0 already fired, skip
2026-08-12 21:24:45,824 StrategyManager Strategy bystra_v1 returned WAIT: pattern_blacklist:SNRC1
2026-08-12 21:24:45,824 TIE_Production No setup for XAUUSD (WAIT)
2026-08-12 21:24:45,831 GateObservatory [XAUUSD/TIE_V4] Outcome: NO_TRADE | no_signal
2026-08-12 21:24:54,954 TIE_Production --- Scanning XAUUSD ---
2026-08-12 21:24:55,901 TIE_Production MARKET REGIME: RANGING (strength=60) | SUGGESTED ENGINE: SemiHFT
2026-08-12 21:24:55,903 strategies.semi_hft.strategy [LIQ_VACUUM] GOOD clear_path_up dir=BUY
2026-08-12 21:24:55,903 strategies.semi_hft.strategy [ZSCORE] zscore_ok z=1.36
2026-08-12 21:24:55,903 strategies.semi_hft.strategy [PULLBACK] trend_follow_UP_m5_gas_ok | M15=UP
2026-08-12 21:24:55,903 strategies.semi_hft.strategy [MACD] macd_up_buy_ok macd=3.80 sig=3.42
2026-08-12 21:24:55,903 StrategyManager Strategy semi_hft_c8_v4 returned WAIT: entry_low:56
2026-08-12 21:24:55,904 StrategyManager Strategy aggressive_v1 returned WAIT: tl_guard:NO_SELL_BREAK
2026-08-12 21:24:55,906 BystraStrategy Bystra best detector: SNRC1 conf=90% dir=BUY
2026-08-12 21:24:55,906 BystraStrategy Bystra pattern blacklist: SNRC1 @ zone 0 already fired, skip
2026-08-12 21:24:55,906 StrategyManager Strategy bystra_v1 returned WAIT: pattern_blacklist:SNRC1
2026-08-12 21:24:55,906 TIE_Production No setup for XAUUSD (WAIT)
2026-08-12 21:24:55,911 GateObservatory [XAUUSD/TIE_V4] Outcome: NO_TRADE | no_signal
2026-08-12 21:24:56,690 TIE_Production --- Scanning XAUUSD ---
2026-08-12 21:24:57,580 TIE_Production MARKET REGIME: RANGING (strength=60) | SUGGESTED ENGINE: SemiHFT
2026-08-12 21:24:57,581 StrategyManager Strategy semi_hft_c8_v4 returned WAIT: no_setup:no_structural_setup
2026-08-12 21:24:57,582 StrategyManager Strategy aggressive_v1 returned WAIT: no_setup:no_structural_setup
2026-08-12 21:24:57,583 BystraStrategy Bystra best detector: SNRC1 conf=90% dir=BUY
2026-08-12 21:24:57,583 BystraStrategy Bystra pattern blacklist: SNRC1 @ zone 0 already fired, skip
2026-08-12 21:24:57,583 StrategyManager Strategy bystra_v1 returned WAIT: pattern_blacklist:SNRC1
2026-08-12 21:24:57,584 TIE_Production No setup for XAUUSD (WAIT)
2026-08-12 21:24:57,589 GateObservatory [XAUUSD/TIE_V4] Outcome: NO_TRADE | no_signal
2026-08-12 21:25:06,809 TIE_Production --- Scanning XAUUSD ---
2026-08-12 21:25:07,780 regime_allocator Strategy status updated by Regime Allocator: {'aggressive_v1': True, 'semi_hft_c8_v4': True, 'bystra_v1': True}
2026-08-12 21:25:07,780 regime_allocator REGIME SWITCH: TRENDING -> TRENDING (engine=Aggressive, fast_path=True)
2026-08-12 21:25:07,780 TIE_Production MARKET REGIME: TRENDING (strength=63) | SUGGESTED ENGINE: Aggressive
2026-08-12 21:25:07,782 strategies.semi_hft.strategy [LIQ_VACUUM] GOOD clear_path_down dir=SELL
2026-08-12 21:25:07,782 strategies.semi_hft.strategy [ZSCORE] zscore_ok z=1.22
2026-08-12 21:25:07,782 StrategyManager Strategy semi_hft_c8_v4 returned WAIT: pullback:counter_trend_not_in_fibo dir=SELL m15=UP price=4436.22 H=4441.46 L=4382.12
2026-08-12 21:25:07,782 StrategyManager Strategy aggressive_v1 returned WAIT: tl_guard:NO_SELL_BREAK
2026-08-12 21:25:07,784 BystraStrategy Bystra best detector: SNRC1 conf=90% dir=BUY
2026-08-12 21:25:07,784 BystraStrategy Bystra pattern blacklist: SNRC1 @ zone 0 already fired, skip
2026-08-12 21:25:07,784 StrategyManager Strategy bystra_v1 returned WAIT: pattern_blacklist:SNRC1
2026-08-12 21:25:07,784 TIE_Production No setup for XAUUSD (WAIT)
2026-08-12 21:25:07,792 GateObservatory [XAUUSD/TIE_V4] Outcome: NO_TRADE | no_signal
2026-08-12 21:25:08,409 TIE_Production --- Scanning XAUUSD ---
2026-08-12 21:25:09,442 TIE_Production MARKET REGIME: RANGING (strength=60) | SUGGESTED ENGINE: SemiHFT
2026-08-12 21:25:09,444 StrategyManager Strategy semi_hft_c8_v4 returned WAIT: no_setup:no_structural_setup
2026-08-12 21:25:09,444 StrategyManager Strategy aggressive_v1 returned WAIT: no_setup:no_structural_setup
2026-08-12 21:25:09,447 BystraStrategy Bystra best detector: SNRC1 conf=90% dir=BUY
2026-08-12 21:25:09,447 BystraStrategy Bystra pattern blacklist: SNRC1 @ zone 0 already fired, skip
2026-08-12 21:25:09,447 StrategyManager Strategy bystra_v1 returned WAIT: pattern_blacklist:SNRC1
2026-08-12 21:25:09,447 TIE_Production No setup for XAUUSD (WAIT)
2026-08-12 21:25:09,453 GateObservatory [XAUUSD/TIE_V4] Outcome: NO_TRADE | no_signal
2026-08-12 21:25:18,564 TIE_Production --- Scanning XAUUSD ---
2026-08-12 21:25:19,427 TIE_Production MARKET REGIME: RANGING (strength=60) | SUGGESTED ENGINE: SemiHFT
2026-08-12 21:25:19,429 strategies.semi_hft.strategy [LIQ_VACUUM] GOOD clear_path_up dir=BUY
2026-08-12 21:25:19,429 strategies.semi_hft.strategy [ZSCORE] zscore_ok z=1.26
2026-08-12 21:25:19,429 StrategyManager Strategy semi_hft_c8_v4 returned WAIT: pullback:m5_weak_trend dir=BUY
2026-08-12 21:25:19,429 strategies.aggressive.strategy [LIQ_VACUUM] GOOD no_pool_data dir=BUY
2026-08-12 21:25:19,430 strategies.aggressive.strategy [ZSCORE] zscore_ok z=1.26
2026-08-12 21:25:19,430 StrategyManager Strategy aggressive_v1 returned WAIT: rme:debate_block:penalty_67.8
2026-08-12 21:25:19,431 BystraStrategy Bystra best detector: SNRC1 conf=90% dir=BUY
2026-08-12 21:25:19,431 BystraStrategy Bystra pattern blacklist: SNRC1 @ zone 0 already fired, skip
2026-08-12 21:25:19,431 StrategyManager Strategy bystra_v1 returned WAIT: pattern_blacklist:SNRC1
2026-08-12 21:25:19,431 TIE_Production No setup for XAUUSD (WAIT)
2026-08-12 21:25:19,435 GateObservatory [XAUUSD/TIE_V4] Outcome: NO_TRADE | no_signal
2026-08-12 21:25:20,347 TIE_Production --- Scanning XAUUSD ---
2026-08-12 21:25:21,269 TIE_Production MARKET REGIME: RANGING (strength=60) | SUGGESTED ENGINE: SemiHFT
2026-08-12 21:25:21,271 StrategyManager Strategy semi_hft_c8_v4 returned WAIT: no_setup:no_structural_setup
2026-08-12 21:25:21,271 StrategyManager Strategy aggressive_v1 returned WAIT: no_setup:no_structural_setup
2026-08-12 21:25:21,272 BystraStrategy Bystra best detector: SNRC1 conf=90% dir=BUY
2026-08-12 21:25:21,273 BystraStrategy Bystra pattern blacklist: SNRC1 @ zone 0 already fired, skip
2026-08-12 21:25:21,273 StrategyManager Strategy bystra_v1 returned WAIT: pattern_blacklist:SNRC1
2026-08-12 21:25:21,273 TIE_Production No setup for XAUUSD (WAIT)
2026-08-12 21:25:21,280 GateObservatory [XAUUSD/TIE_V4] Outcome: NO_TRADE | no_signal
2026-08-12 21:25:30,187 TIE_Production --- Scanning XAUUSD ---
2026-08-12 21:25:31,117 TIE_Production MARKET REGIME: RANGING (strength=60) | SUGGESTED ENGINE: SemiHFT
2026-08-12 21:25:31,118 strategies.semi_hft.strategy [LIQ_VACUUM] GOOD clear_path_down dir=SELL
2026-08-12 21:25:31,118 strategies.semi_hft.strategy [ZSCORE] zscore_ok z=1.24
2026-08-12 21:25:31,118 StrategyManager Strategy semi_hft_c8_v4 returned WAIT: pullback:counter_trend_not_in_fibo dir=SELL m15=UP price=4436.23 H=4441.46 L=4382.12
2026-08-12 21:25:31,119 StrategyManager Strategy aggressive_v1 returned WAIT: tl_guard:NO_SELL_BREAK
2026-08-12 21:25:31,120 BystraStrategy Bystra best detector: SNRC1 conf=90% dir=BUY
2026-08-12 21:25:31,120 BystraStrategy Bystra pattern blacklist: SNRC1 @ zone 0 already fired, skip
2026-08-12 21:25:31,121 StrategyManager Strategy bystra_v1 returned WAIT: pattern_blacklist:SNRC1
2026-08-12 21:25:31,121 TIE_Production No setup for XAUUSD (WAIT)
2026-08-12 21:25:31,126 GateObservatory [XAUUSD/TIE_V4] Outcome: NO_TRADE | no_signal
2026-08-12 21:25:32,076 TIE_Production --- Scanning XAUUSD ---
2026-08-12 21:25:33,156 regime_allocator Strategy status updated by Regime Allocator: {'aggressive_v1': True, 'semi_hft_c8_v4': True, 'bystra_v1': True}
2026-08-12 21:25:33,156 regime_allocator REGIME SWITCH: TRENDING -> TRENDING (engine=Aggressive, fast_path=True)
2026-08-12 21:25:33,156 TIE_Production MARKET REGIME: TRENDING (strength=68) | SUGGESTED ENGINE: Aggressive
2026-08-12 21:25:33,158 StrategyManager Strategy semi_hft_c8_v4 returned WAIT: no_setup:no_structural_setup
2026-08-12 21:25:33,158 StrategyManager Strategy aggressive_v1 returned WAIT: no_setup:no_structural_setup
2026-08-12 21:25:33,160 BystraStrategy Bystra best detector: SNRC1 conf=90% dir=BUY
2026-08-12 21:25:33,160 BystraStrategy Bystra pattern blacklist: SNRC1 @ zone 0 already fired, skip
2026-08-12 21:25:33,160 StrategyManager Strategy bystra_v1 returned WAIT: pattern_blacklist:SNRC1
2026-08-12 21:25:33,160 TIE_Production No setup for XAUUSD (WAIT)
2026-08-12 21:25:33,167 GateObservatory [XAUUSD/TIE_V4] Outcome: NO_TRADE | no_signal
2026-08-12 21:25:41,991 TIE_Production --- Scanning XAUUSD ---
2026-08-12 21:25:42,973 TIE_Production MARKET REGIME: TRENDING (strength=76) | SUGGESTED ENGINE: Aggressive
2026-08-12 21:25:42,974 strategies.semi_hft.strategy [LIQ_VACUUM] GOOD clear_path_down dir=SELL
2026-08-12 21:25:42,974 strategies.semi_hft.strategy [ZSCORE] zscore_ok z=1.18
2026-08-12 21:25:42,974 StrategyManager Strategy semi_hft_c8_v4 returned WAIT: pullback:counter_trend_not_in_fibo dir=SELL m15=UP price=4435.74 H=4441.46 L=4382.12
2026-08-12 21:25:42,975 StrategyManager Strategy aggressive_v1 returned WAIT: tl_guard:NO_SELL_BREAK
2026-08-12 21:25:42,976 BystraStrategy Bystra best detector: SNRC1 conf=90% dir=BUY
2026-08-12 21:25:42,977 BystraStrategy Bystra pattern blacklist: SNRC1 @ zone 0 already fired, skip
2026-08-12 21:25:42,977 StrategyManager Strategy bystra_v1 returned WAIT: pattern_blacklist:SNRC1
2026-08-12 21:25:42,977 TIE_Production No setup for XAUUSD (WAIT)
2026-08-12 21:25:42,981 GateObservatory [XAUUSD/TIE_V4] Outcome: NO_TRADE | no_signal
2026-08-12 21:25:43,927 TIE_Production --- Scanning XAUUSD ---
2026-08-12 21:25:44,775 TIE_Production MARKET REGIME: TRENDING (strength=84) | SUGGESTED ENGINE: Aggressive
2026-08-12 21:25:44,776 StrategyManager Strategy semi_hft_c8_v4 returned WAIT: no_setup:no_structural_setup
2026-08-12 21:25:44,776 StrategyManager Strategy aggressive_v1 returned WAIT: no_setup:no_structural_setup
2026-08-12 21:25:44,778 BystraStrategy Bystra best detector: SNRC1 conf=90% dir=BUY
2026-08-12 21:25:44,778 BystraStrategy Bystra pattern blacklist: SNRC1 @ zone 0 already fired, skip
2026-08-12 21:25:44,778 StrategyManager Strategy bystra_v1 returned WAIT: pattern_blacklist:SNRC1
2026-08-12 21:25:44,778 TIE_Production No setup for XAUUSD (WAIT)
2026-08-12 21:25:44,783 GateObservatory [XAUUSD/TIE_V4] Outcome: NO_TRADE | no_signal
2026-08-12 21:25:53,811 TIE_Production --- Scanning XAUUSD ---
2026-08-12 21:25:54,746 TIE_Production MARKET REGIME: TRENDING (strength=92) | SUGGESTED ENGINE: Aggressive
2026-08-12 21:25:54,748 strategies.semi_hft.strategy [LIQ_VACUUM] GOOD clear_path_down dir=SELL
2026-08-12 21:25:54,748 strategies.semi_hft.strategy [ZSCORE] zscore_ok z=0.99
2026-08-12 21:25:54,748 StrategyManager Strategy semi_hft_c8_v4 returned WAIT: pullback:regime_conflict TRENDING=91 blocks SELL
2026-08-12 21:25:54,749 StrategyManager Strategy aggressive_v1 returned WAIT: tl_guard:NO_SELL_BREAK
2026-08-12 21:25:54,750 BystraStrategy Bystra best detector: SNRC1 conf=90% dir=BUY
2026-08-12 21:25:54,750 BystraStrategy Bystra pattern blacklist: SNRC1 @ zone 0 already fired, skip
2026-08-12 21:25:54,750 StrategyManager Strategy bystra_v1 returned WAIT: pattern_blacklist:SNRC1
2026-08-12 21:25:54,750 TIE_Production No setup for XAUUSD (WAIT)
2026-08-12 21:25:54,755 GateObservatory [XAUUSD/TIE_V4] Outcome: NO_TRADE | no_signal
2026-08-12 21:25:55,574 TIE_Production --- Scanning XAUUSD ---
2026-08-12 21:25:56,484 TIE_Production MARKET REGIME: TRENDING (strength=92) | SUGGESTED ENGINE: Aggressive
2026-08-12 21:25:56,486 StrategyManager Strategy semi_hft_c8_v4 returned WAIT: no_setup:no_structural_setup
2026-08-12 21:25:56,486 StrategyManager Strategy aggressive_v1 returned WAIT: no_setup:no_structural_setup
2026-08-12 21:25:56,487 BystraStrategy Bystra best detector: SNRC1 conf=90% dir=BUY
2026-08-12 21:25:56,487 BystraStrategy Bystra pattern blacklist: SNRC1 @ zone 0 already fired, skip
2026-08-12 21:25:56,488 StrategyManager Strategy bystra_v1 returned WAIT: pattern_blacklist:SNRC1
2026-08-12 21:25:56,488 TIE_Production No setup for XAUUSD (WAIT)
2026-08-12 21:25:56,495 GateObservatory [XAUUSD/TIE_V4] Outcome: NO_TRADE | no_signal
2026-08-12 21:26:05,540 TIE_Production --- Scanning XAUUSD ---
2026-08-12 21:26:06,506 TIE_Production MARKET REGIME: TRENDING (strength=86) | SUGGESTED ENGINE: Aggressive
2026-08-12 21:26:06,507 strategies.semi_hft.strategy [LIQ_VACUUM] GOOD clear_path_down dir=SELL
2026-08-12 21:26:06,508 strategies.semi_hft.strategy [ZSCORE] zscore_ok z=0.96
2026-08-12 21:26:06,508 StrategyManager Strategy semi_hft_c8_v4 returned WAIT: pullback:regime_conflict TRENDING=85 blocks SELL
2026-08-12 21:26:06,508 StrategyManager Strategy aggressive_v1 returned WAIT: tl_guard:NO_SELL_BREAK
2026-08-12 21:26:06,510 BystraStrategy Bystra best detector: SNRC1 conf=90% dir=BUY
2026-08-12 21:26:06,510 BystraStrategy Bystra pattern blacklist: SNRC1 @ zone 0 already fired, skip
2026-08-12 21:26:06,510 StrategyManager Strategy bystra_v1 returned WAIT: pattern_blacklist:SNRC1
2026-08-12 21:26:06,510 TIE_Production No setup for XAUUSD (WAIT)
2026-08-12 21:26:06,515 GateObservatory [XAUUSD/TIE_V4] Outcome: NO_TRADE | no_signal
2026-08-12 21:26:07,273 TIE_Production --- Scanning XAUUSD ---
2026-08-12 21:26:08,197 TIE_Production MARKET REGIME: TRENDING (strength=90) | SUGGESTED ENGINE: Aggressive
2026-08-12 21:26:08,198 StrategyManager Strategy semi_hft_c8_v4 returned WAIT: no_setup:no_structural_setup
2026-08-12 21:26:08,199 StrategyManager Strategy aggressive_v1 returned WAIT: no_setup:no_structural_setup
2026-08-12 21:26:08,200 BystraStrategy Bystra best detector: SNRC1 conf=90% dir=BUY
2026-08-12 21:26:08,200 BystraStrategy Bystra pattern blacklist: SNRC1 @ zone 0 already fired, skip
2026-08-12 21:26:08,200 StrategyManager Strategy bystra_v1 returned WAIT: pattern_blacklist:SNRC1
2026-08-12 21:26:08,201 TIE_Production No setup for XAUUSD (WAIT)
2026-08-12 21:26:08,206 GateObservatory [XAUUSD/TIE_V4] Outcome: NO_TRADE | no_signal
2026-08-12 21:26:17,275 TIE_Production --- Scanning XAUUSD ---
2026-08-12 21:26:18,069 TIE_Production MARKET REGIME: TRENDING (strength=94) | SUGGESTED ENGINE: Aggressive
2026-08-12 21:26:18,071 strategies.semi_hft.strategy [LIQ_VACUUM] GOOD clear_path_down dir=SELL
2026-08-12 21:26:18,071 strategies.semi_hft.strategy [ZSCORE] zscore_ok z=0.62
2026-08-12 21:26:18,071 StrategyManager Strategy semi_hft_c8_v4 returned WAIT: pullback:regime_conflict TRENDING=93 blocks SELL
2026-08-12 21:26:18,072 StrategyManager Strategy aggressive_v1 returned WAIT: tl_guard:NO_SELL_BREAK
2026-08-12 21:26:18,074 BystraStrategy Bystra best detector: SNRC1 conf=90% dir=BUY
2026-08-12 21:26:18,074 BystraStrategy Bystra pattern blacklist: SNRC1 @ zone 0 already fired, skip
2026-08-12 21:26:18,074 StrategyManager Strategy bystra_v1 returned WAIT: pattern_blacklist:SNRC1
2026-08-12 21:26:18,074 TIE_Production No setup for XAUUSD (WAIT)
2026-08-12 21:26:18,079 GateObservatory [XAUUSD/TIE_V4] Outcome: NO_TRADE | no_signal
2026-08-12 21:26:19,022 TIE_Production --- Scanning XAUUSD ---
2026-08-12 21:26:19,973 TIE_Production MARKET REGIME: TRENDING (strength=91) | SUGGESTED ENGINE: Aggressive
2026-08-12 21:26:19,975 StrategyManager Strategy semi_hft_c8_v4 returned WAIT: no_setup:no_structural_setup
2026-08-12 21:26:19,975 StrategyManager Strategy aggressive_v1 returned WAIT: no_setup:no_structural_setup
2026-08-12 21:26:19,980 BystraStrategy Bystra best detector: SNRC1 conf=90% dir=BUY
2026-08-12 21:26:19,980 BystraStrategy Bystra pattern blacklist: SNRC1 @ zone 0 already fired, skip
2026-08-12 21:26:19,980 StrategyManager Strategy bystra_v1 returned WAIT: pattern_blacklist:SNRC1
2026-08-12 21:26:19,980 TIE_Production No setup for XAUUSD (WAIT)
2026-08-12 21:26:19,986 GateObservatory [XAUUSD/TIE_V4] Outcome: NO_TRADE | no_signal
2026-08-12 21:26:28,916 TIE_Production --- Scanning XAUUSD ---
2026-08-12 21:26:29,829 TIE_Production MARKET REGIME: TRENDING (strength=82) | SUGGESTED ENGINE: Aggressive
2026-08-12 21:26:29,831 strategies.semi_hft.strategy [LIQ_VACUUM] GOOD clear_path_down dir=SELL
2026-08-12 21:26:29,831 strategies.semi_hft.strategy [ZSCORE] zscore_ok z=0.80
2026-08-12 21:26:29,831 StrategyManager Strategy semi_hft_c8_v4 returned WAIT: pullback:regime_conflict TRENDING=81 blocks SELL
2026-08-12 21:26:29,831 StrategyManager Strategy aggressive_v1 returned WAIT: tl_guard:NO_SELL_BREAK
2026-08-12 21:26:29,833 BystraStrategy Bystra best detector: SNRC1 conf=90% dir=BUY
2026-08-12 21:26:29,833 BystraStrategy Bystra pattern blacklist: SNRC1 @ zone 0 already fired, skip
2026-08-12 21:26:29,833 StrategyManager Strategy bystra_v1 returned WAIT: pattern_blacklist:SNRC1
2026-08-12 21:26:29,833 TIE_Production No setup for XAUUSD (WAIT)
2026-08-12 21:26:29,839 GateObservatory [XAUUSD/TIE_V4] Outcome: NO_TRADE | no_signal
2026-08-12 21:26:30,777 TIE_Production --- Scanning XAUUSD ---
2026-08-12 21:26:31,600 TIE_Production MARKET REGIME: TRENDING (strength=82) | SUGGESTED ENGINE: Aggressive
2026-08-12 21:26:31,601 StrategyManager Strategy semi_hft_c8_v4 returned WAIT: no_setup:no_structural_setup
2026-08-12 21:26:31,602 StrategyManager Strategy aggressive_v1 returned WAIT: no_setup:no_structural_setup
2026-08-12 21:26:31,603 BystraStrategy Bystra best detector: SNRC1 conf=90% dir=BUY
2026-08-12 21:26:31,604 BystraStrategy Bystra pattern blacklist: SNRC1 @ zone 0 already fired, skip
2026-08-12 21:26:31,604 StrategyManager Strategy bystra_v1 returned WAIT: pattern_blacklist:SNRC1
2026-08-12 21:26:31,604 TIE_Production No setup for XAUUSD (WAIT)
2026-08-12 21:26:31,610 GateObservatory [XAUUSD/TIE_V4] Outcome: NO_TRADE | no_signal
2026-08-12 21:26:40,645 TIE_Production --- Scanning XAUUSD ---
2026-08-12 21:26:41,535 TIE_Production MARKET REGIME: TRENDING (strength=79) | SUGGESTED ENGINE: Aggressive
2026-08-12 21:26:41,536 strategies.semi_hft.strategy [LIQ_VACUUM] GOOD clear_path_down dir=SELL
2026-08-12 21:26:41,536 strategies.semi_hft.strategy [ZSCORE] zscore_ok z=0.83
2026-08-12 21:26:41,537 StrategyManager Strategy semi_hft_c8_v4 returned WAIT: pullback:counter_trend_not_in_fibo dir=SELL m15=UP price=4433.05 H=4441.46 L=4382.12
2026-08-12 21:26:41,537 StrategyManager Strategy aggressive_v1 returned WAIT: tl_guard:NO_SELL_BREAK
2026-08-12 21:26:41,539 BystraStrategy Bystra best detector: SNRC1 conf=90% dir=BUY
2026-08-12 21:26:41,539 BystraStrategy Bystra pattern blacklist: SNRC1 @ zone 0 already fired, skip
2026-08-12 21:26:41,539 StrategyManager Strategy bystra_v1 returned WAIT: pattern_blacklist:SNRC1
2026-08-12 21:26:41,539 TIE_Production No setup for XAUUSD (WAIT)
2026-08-12 21:26:41,543 GateObservatory [XAUUSD/TIE_V4] Outcome: NO_TRADE | no_signal
2026-08-12 21:26:42,466 TIE_Production --- Scanning XAUUSD ---
2026-08-12 21:26:43,448 TIE_Production MARKET REGIME: TRENDING (strength=76) | SUGGESTED ENGINE: Aggressive
2026-08-12 21:26:43,450 StrategyManager Strategy semi_hft_c8_v4 returned WAIT: no_setup:no_structural_setup
2026-08-12 21:26:43,450 StrategyManager Strategy aggressive_v1 returned WAIT: no_setup:no_structural_setup
2026-08-12 21:26:43,452 BystraStrategy Bystra best detector: SNRC1 conf=90% dir=BUY
2026-08-12 21:26:43,452 BystraStrategy Bystra pattern blacklist: SNRC1 @ zone 0 already fired, skip
2026-08-12 21:26:43,452 StrategyManager Strategy bystra_v1 returned WAIT: pattern_blacklist:SNRC1
2026-08-12 21:26:43,452 TIE_Production No setup for XAUUSD (WAIT)
2026-08-12 21:26:43,457 GateObservatory [XAUUSD/TIE_V4] Outcome: NO_TRADE | no_signal
2026-08-12 21:26:52,323 TIE_Production --- Scanning XAUUSD ---
2026-08-12 21:26:53,268 TIE_Production MARKET REGIME: TRENDING (strength=74) | SUGGESTED ENGINE: Aggressive
2026-08-12 21:26:53,269 strategies.semi_hft.strategy [LIQ_VACUUM] GOOD clear_path_down dir=SELL
2026-08-12 21:26:53,269 strategies.semi_hft.strategy [ZSCORE] zscore_ok z=0.91
2026-08-12 21:26:53,269 StrategyManager Strategy semi_hft_c8_v4 returned WAIT: pullback:counter_trend_not_in_fibo dir=SELL m15=UP price=4433.66 H=4441.46 L=4382.12
2026-08-12 21:26:53,270 StrategyManager Strategy aggressive_v1 returned WAIT: tl_guard:NO_SELL_BREAK
2026-08-12 21:26:53,271 BystraStrategy Bystra best detector: SNRC1 conf=90% dir=BUY
2026-08-12 21:26:53,271 BystraStrategy Bystra pattern blacklist: SNRC1 @ zone 0 already fired, skip
2026-08-12 21:26:53,271 StrategyManager Strategy bystra_v1 returned WAIT: pattern_blacklist:SNRC1
2026-08-12 21:26:53,271 TIE_Production No setup for XAUUSD (WAIT)
2026-08-12 21:26:53,276 GateObservatory [XAUUSD/TIE_V4] Outcome: NO_TRADE | no_signal
2026-08-12 21:26:54,219 TIE_Production --- Scanning XAUUSD ---
2026-08-12 21:26:55,217 TIE_Production MARKET REGIME: TRENDING (strength=72) | SUGGESTED ENGINE: Aggressive
2026-08-12 21:26:55,219 StrategyManager Strategy semi_hft_c8_v4 returned WAIT: no_setup:no_structural_setup
2026-08-12 21:26:55,219 StrategyManager Strategy aggressive_v1 returned WAIT: no_setup:no_structural_setup
2026-08-12 21:26:55,220 BystraStrategy Bystra best detector: SNRC1 conf=90% dir=BUY
2026-08-12 21:26:55,221 BystraStrategy Bystra pattern blacklist: SNRC1 @ zone 0 already fired, skip
2026-08-12 21:26:55,221 StrategyManager Strategy bystra_v1 returned WAIT: pattern_blacklist:SNRC1
2026-08-12 21:26:55,221 TIE_Production No setup for XAUUSD (WAIT)
2026-08-12 21:26:55,225 GateObservatory [XAUUSD/TIE_V4] Outcome: NO_TRADE | no_signal
2026-08-12 21:27:04,114 TIE_Production --- Scanning XAUUSD ---
2026-08-12 21:27:05,073 TIE_Production MARKET REGIME: TRENDING (strength=69) | SUGGESTED ENGINE: Aggressive
2026-08-12 21:27:05,075 strategies.semi_hft.strategy [LIQ_VACUUM] GOOD clear_path_down dir=SELL
2026-08-12 21:27:05,075 strategies.semi_hft.strategy [ZSCORE] zscore_ok z=0.98
2026-08-12 21:27:05,075 StrategyManager Strategy semi_hft_c8_v4 returned WAIT: pullback:counter_trend_not_in_fibo dir=SELL m15=UP price=4434.20 H=4441.46 L=4382.12
2026-08-12 21:27:05,076 StrategyManager Strategy aggressive_v1 returned WAIT: tl_guard:NO_SELL_BREAK
2026-08-12 21:27:05,077 BystraStrategy Bystra best detector: SNRC1 conf=90% dir=BUY
2026-08-12 21:27:05,077 BystraStrategy Bystra pattern blacklist: SNRC1 @ zone 0 already fired, skip
2026-08-12 21:27:05,077 StrategyManager Strategy bystra_v1 returned WAIT: pattern_blacklist:SNRC1
2026-08-12 21:27:05,078 TIE_Production No setup for XAUUSD (WAIT)
2026-08-12 21:27:05,084 GateObservatory [XAUUSD/TIE_V4] Outcome: NO_TRADE | no_signal
2026-08-12 21:27:06,110 TIE_Production --- Scanning XAUUSD ---
2026-08-12 21:27:06,967 TIE_Production MARKET REGIME: TRENDING (strength=68) | SUGGESTED ENGINE: Aggressive
2026-08-12 21:27:06,968 StrategyManager Strategy semi_hft_c8_v4 returned WAIT: no_setup:no_structural_setup
2026-08-12 21:27:06,968 StrategyManager Strategy aggressive_v1 returned WAIT: no_setup:no_structural_setup
2026-08-12 21:27:06,970 BystraStrategy Bystra best detector: SNRC1 conf=90% dir=BUY
2026-08-12 21:27:06,970 BystraStrategy Bystra pattern blacklist: SNRC1 @ zone 0 already fired, skip
2026-08-12 21:27:06,970 StrategyManager Strategy bystra_v1 returned WAIT: pattern_blacklist:SNRC1
2026-08-12 21:27:06,970 TIE_Production No setup for XAUUSD (WAIT)
2026-08-12 21:27:06,975 GateObservatory [XAUUSD/TIE_V4] Outcome: NO_TRADE | no_signal
2026-08-12 21:27:15,833 TIE_Production --- Scanning XAUUSD ---
2026-08-12 21:27:16,791 TIE_Production MARKET REGIME: TRENDING (strength=65) | SUGGESTED ENGINE: Aggressive
2026-08-12 21:27:16,793 strategies.semi_hft.strategy [LIQ_VACUUM] GOOD clear_path_down dir=SELL
2026-08-12 21:27:16,793 strategies.semi_hft.strategy [ZSCORE] zscore_ok z=1.03
2026-08-12 21:27:16,793 StrategyManager Strategy semi_hft_c8_v4 returned WAIT: pullback:counter_trend_not_in_fibo dir=SELL m15=UP price=4434.60 H=4441.46 L=4382.12
2026-08-12 21:27:16,794 StrategyManager Strategy aggressive_v1 returned WAIT: tl_guard:NO_SELL_BREAK
2026-08-12 21:27:16,795 BystraStrategy Bystra best detector: SNRC1 conf=90% dir=BUY
2026-08-12 21:27:16,795 BystraStrategy Bystra pattern blacklist: SNRC1 @ zone 0 already fired, skip
2026-08-12 21:27:16,795 StrategyManager Strategy bystra_v1 returned WAIT: pattern_blacklist:SNRC1
2026-08-12 21:27:16,795 TIE_Production No setup for XAUUSD (WAIT)
2026-08-12 21:27:16,800 GateObservatory [XAUUSD/TIE_V4] Outcome: NO_TRADE | no_signal
2026-08-12 21:27:17,844 TIE_Production --- Scanning XAUUSD ---
2026-08-12 21:27:18,841 TIE_Production MARKET REGIME: TRENDING (strength=64) | SUGGESTED ENGINE: Aggressive
2026-08-12 21:27:18,842 StrategyManager Strategy semi_hft_c8_v4 returned WAIT: no_setup:no_structural_setup
2026-08-12 21:27:18,843 StrategyManager Strategy aggressive_v1 returned WAIT: no_setup:no_structural_setup
2026-08-12 21:27:18,844 BystraStrategy Bystra best detector: SNRC1 conf=90% dir=BUY
2026-08-12 21:27:18,844 BystraStrategy Bystra pattern blacklist: SNRC1 @ zone 0 already fired, skip
2026-08-12 21:27:18,844 StrategyManager Strategy bystra_v1 returned WAIT: pattern_blacklist:SNRC1
2026-08-12 21:27:18,845 TIE_Production No setup for XAUUSD (WAIT)
2026-08-12 21:27:18,849 GateObservatory [XAUUSD/TIE_V4] Outcome: NO_TRADE | no_signal
2026-08-12 21:27:27,672 TIE_Production --- Scanning XAUUSD ---
2026-08-12 21:27:28,678 TIE_Production MARKET REGIME: TRENDING (strength=65) | SUGGESTED ENGINE: Aggressive
2026-08-12 21:27:28,680 strategies.semi_hft.strategy [LIQ_VACUUM] GOOD clear_path_down dir=SELL
2026-08-12 21:27:28,680 strategies.semi_hft.strategy [ZSCORE] zscore_ok z=1.04
2026-08-12 21:27:28,680 StrategyManager Strategy semi_hft_c8_v4 returned WAIT: pullback:counter_trend_not_in_fibo dir=SELL m15=UP price=4434.30 H=4441.46 L=4382.12
2026-08-12 21:27:28,681 StrategyManager Strategy aggressive_v1 returned WAIT: tl_guard:NO_SELL_BREAK
2026-08-12 21:27:28,683 BystraStrategy Bystra best detector: SNRC1 conf=90% dir=BUY
2026-08-12 21:27:28,683 BystraStrategy Bystra pattern blacklist: SNRC1 @ zone 0 already fired, skip
2026-08-12 21:27:28,683 StrategyManager Strategy bystra_v1 returned WAIT: pattern_blacklist:SNRC1
2026-08-12 21:27:28,683 TIE_Production No setup for XAUUSD (WAIT)
2026-08-12 21:27:28,690 GateObservatory [XAUUSD/TIE_V4] Outcome: NO_TRADE | no_signal
2026-08-12 21:27:29,750 TIE_Production --- Scanning XAUUSD ---
2026-08-12 21:27:30,723 TIE_Production MARKET REGIME: TRENDING (strength=70) | SUGGESTED ENGINE: Aggressive
2026-08-12 21:27:30,724 StrategyManager Strategy semi_hft_c8_v4 returned WAIT: no_setup:no_structural_setup
2026-08-12 21:27:30,724 StrategyManager Strategy aggressive_v1 returned WAIT: no_setup:no_structural_setup
2026-08-12 21:27:30,726 BystraStrategy Bystra best detector: SNRC1 conf=90% dir=BUY
2026-08-12 21:27:30,726 BystraStrategy Bystra pattern blacklist: SNRC1 @ zone 0 already fired, skip
2026-08-12 21:27:30,726 StrategyManager Strategy bystra_v1 returned WAIT: pattern_blacklist:SNRC1
2026-08-12 21:27:30,726 TIE_Production No setup for XAUUSD (WAIT)
2026-08-12 21:27:30,730 GateObservatory [XAUUSD/TIE_V4] Outcome: NO_TRADE | no_signal
2026-08-12 21:27:39,477 TIE_Production --- Scanning XAUUSD ---
2026-08-12 21:27:40,434 TIE_Production MARKET REGIME: TRENDING (strength=63) | SUGGESTED ENGINE: Aggressive
2026-08-12 21:27:40,435 strategies.semi_hft.strategy [LIQ_VACUUM] GOOD clear_path_down dir=SELL
2026-08-12 21:27:40,435 strategies.semi_hft.strategy [ZSCORE] zscore_ok z=1.06
2026-08-12 21:27:40,436 StrategyManager Strategy semi_hft_c8_v4 returned WAIT: pullback:counter_trend_not_in_fibo dir=SELL m15=UP price=4434.94 H=4441.46 L=4382.12
2026-08-12 21:27:40,436 StrategyManager Strategy aggressive_v1 returned WAIT: tl_guard:NO_SELL_BREAK
2026-08-12 21:27:40,438 BystraStrategy Bystra best detector: SNRC1 conf=90% dir=BUY
2026-08-12 21:27:40,438 BystraStrategy Bystra pattern blacklist: SNRC1 @ zone 0 already fired, skip
2026-08-12 21:27:40,438 StrategyManager Strategy bystra_v1 returned WAIT: pattern_blacklist:SNRC1
2026-08-12 21:27:40,438 TIE_Production No setup for XAUUSD (WAIT)
2026-08-12 21:27:40,443 GateObservatory [XAUUSD/TIE_V4] Outcome: NO_TRADE | no_signal
2026-08-12 21:27:41,760 TIE_Production --- Scanning XAUUSD ---
2026-08-12 21:27:42,593 TIE_Production MARKET REGIME: TRENDING (strength=66) | SUGGESTED ENGINE: Aggressive
2026-08-12 21:27:42,594 StrategyManager Strategy semi_hft_c8_v4 returned WAIT: no_setup:no_structural_setup
2026-08-12 21:27:42,594 StrategyManager Strategy aggressive_v1 returned WAIT: no_setup:no_structural_setup
2026-08-12 21:27:42,596 BystraStrategy Bystra best detector: SNRC1 conf=90% dir=BUY
2026-08-12 21:27:42,596 BystraStrategy Bystra pattern blacklist: SNRC1 @ zone 0 already fired, skip
2026-08-12 21:27:42,596 StrategyManager Strategy bystra_v1 returned WAIT: pattern_blacklist:SNRC1
2026-08-12 21:27:42,596 TIE_Production No setup for XAUUSD (WAIT)
2026-08-12 21:27:42,602 GateObservatory [XAUUSD/TIE_V4] Outcome: NO_TRADE | no_signal
2026-08-12 21:27:51,276 TIE_Production --- Scanning XAUUSD ---
2026-08-12 21:27:52,163 TIE_Production MARKET REGIME: RANGING (strength=60) | SUGGESTED ENGINE: SemiHFT
2026-08-12 21:27:52,164 strategies.semi_hft.strategy [LIQ_VACUUM] GOOD clear_path_up dir=BUY
2026-08-12 21:27:52,164 strategies.semi_hft.strategy [ZSCORE] zscore_ok z=1.08
2026-08-12 21:27:52,165 StrategyManager Strategy semi_hft_c8_v4 returned WAIT: pullback:m5_weak_trend dir=BUY
2026-08-12 21:27:52,166 StrategyManager Strategy aggressive_v1 returned WAIT: tl_guard:NO_SELL_BREAK
2026-08-12 21:27:52,167 BystraStrategy Bystra best detector: SNRC1 conf=90% dir=BUY
2026-08-12 21:27:52,167 BystraStrategy Bystra pattern blacklist: SNRC1 @ zone 0 already fired, skip
2026-08-12 21:27:52,167 StrategyManager Strategy bystra_v1 returned WAIT: pattern_blacklist:SNRC1
2026-08-12 21:27:52,167 TIE_Production No setup for XAUUSD (WAIT)
2026-08-12 21:27:52,173 GateObservatory [XAUUSD/TIE_V4] Outcome: NO_TRADE | no_signal
2026-08-12 21:27:53,541 TIE_Production --- Scanning XAUUSD ---
2026-08-12 21:27:54,483 TIE_Production MARKET REGIME: TRENDING (strength=68) | SUGGESTED ENGINE: Aggressive
2026-08-12 21:27:54,485 StrategyManager Strategy semi_hft_c8_v4 returned WAIT: no_setup:no_structural_setup
2026-08-12 21:27:54,486 StrategyManager Strategy aggressive_v1 returned WAIT: no_setup:no_structural_setup
2026-08-12 21:27:54,487 BystraStrategy Bystra best detector: SNRC1 conf=90% dir=BUY
2026-08-12 21:27:54,487 BystraStrategy Bystra pattern blacklist: SNRC1 @ zone 0 already fired, skip
2026-08-12 21:27:54,487 StrategyManager Strategy bystra_v1 returned WAIT: pattern_blacklist:SNRC1
2026-08-12 21:27:54,488 TIE_Production No setup for XAUUSD (WAIT)
2026-08-12 21:27:54,492 GateObservatory [XAUUSD/TIE_V4] Outcome: NO_TRADE | no_signal
2026-08-12 21:28:02,985 TIE_Production --- Scanning XAUUSD ---
2026-08-12 21:28:03,803 TIE_Production MARKET REGIME: RANGING (strength=60) | SUGGESTED ENGINE: SemiHFT
2026-08-12 21:28:03,805 strategies.semi_hft.strategy [LIQ_VACUUM] GOOD clear_path_up dir=BUY
2026-08-12 21:28:03,805 strategies.semi_hft.strategy [ZSCORE] zscore_ok z=1.08
2026-08-12 21:28:03,805 StrategyManager Strategy semi_hft_c8_v4 returned WAIT: pullback:m5_weak_trend dir=BUY
2026-08-12 21:28:03,806 StrategyManager Strategy aggressive_v1 returned WAIT: tl_guard:NO_SELL_BREAK
2026-08-12 21:28:03,807 BystraStrategy Bystra best detector: SNRC1 conf=90% dir=BUY
2026-08-12 21:28:03,807 BystraStrategy Bystra pattern blacklist: SNRC1 @ zone 0 already fired, skip
2026-08-12 21:28:03,807 StrategyManager Strategy bystra_v1 returned WAIT: pattern_blacklist:SNRC1
2026-08-12 21:28:03,808 TIE_Production No setup for XAUUSD (WAIT)
2026-08-12 21:28:03,811 GateObservatory [XAUUSD/TIE_V4] Outcome: NO_TRADE | no_signal
2026-08-12 21:28:05,237 TIE_Production --- Scanning XAUUSD ---
2026-08-12 21:28:06,162 TIE_Production MARKET REGIME: TRENDING (strength=67) | SUGGESTED ENGINE: Aggressive
2026-08-12 21:28:06,163 StrategyManager Strategy semi_hft_c8_v4 returned WAIT: no_setup:no_structural_setup
2026-08-12 21:28:06,164 StrategyManager Strategy aggressive_v1 returned WAIT: no_setup:no_structural_setup
2026-08-12 21:28:06,165 BystraStrategy Bystra best detector: SNRC1 conf=90% dir=BUY
2026-08-12 21:28:06,166 BystraStrategy Bystra pattern blacklist: SNRC1 @ zone 0 already fired, skip
2026-08-12 21:28:06,166 StrategyManager Strategy bystra_v1 returned WAIT: pattern_blacklist:SNRC1
2026-08-12 21:28:06,166 TIE_Production No setup for XAUUSD (WAIT)
2026-08-12 21:28:06,172 GateObservatory [XAUUSD/TIE_V4] Outcome: NO_TRADE | no_signal
2026-08-12 21:28:14,596 TIE_Production --- Scanning XAUUSD ---
2026-08-12 21:28:15,593 TIE_Production MARKET REGIME: RANGING (strength=60) | SUGGESTED ENGINE: SemiHFT
2026-08-12 21:28:15,594 strategies.semi_hft.strategy [LIQ_VACUUM] GOOD clear_path_up dir=BUY
2026-08-12 21:28:15,594 strategies.semi_hft.strategy [ZSCORE] zscore_ok z=1.23
2026-08-12 21:28:15,595 StrategyManager Strategy semi_hft_c8_v4 returned WAIT: pullback:m5_weak_trend dir=BUY
2026-08-12 21:28:15,595 StrategyManager Strategy aggressive_v1 returned WAIT: tl_guard:NO_SELL_BREAK
2026-08-12 21:28:15,597 BystraStrategy Bystra best detector: SNRC1 conf=90% dir=BUY
2026-08-12 21:28:15,597 BystraStrategy Bystra pattern blacklist: SNRC1 @ zone 0 already fired, skip
2026-08-12 21:28:15,597 StrategyManager Strategy bystra_v1 returned WAIT: pattern_blacklist:SNRC1
2026-08-12 21:28:15,597 TIE_Production No setup for XAUUSD (WAIT)
2026-08-12 21:28:15,602 GateObservatory [XAUUSD/TIE_V4] Outcome: NO_TRADE | no_signal
2026-08-12 21:28:16,965 TIE_Production --- Scanning XAUUSD ---
2026-08-12 21:28:17,936 TIE_Production MARKET REGIME: RANGING (strength=60) | SUGGESTED ENGINE: SemiHFT
2026-08-12 21:28:17,937 StrategyManager Strategy semi_hft_c8_v4 returned WAIT: no_setup:no_structural_setup
2026-08-12 21:28:17,938 StrategyManager Strategy aggressive_v1 returned WAIT: no_setup:no_structural_setup
2026-08-12 21:28:17,940 BystraStrategy Bystra best detector: SNRC1 conf=90% dir=BUY
2026-08-12 21:28:17,940 BystraStrategy Bystra pattern blacklist: SNRC1 @ zone 0 already fired, skip
2026-08-12 21:28:17,940 StrategyManager Strategy bystra_v1 returned WAIT: pattern_blacklist:SNRC1
2026-08-12 21:28:17,940 TIE_Production No setup for XAUUSD (WAIT)
2026-08-12 21:28:17,945 GateObservatory [XAUUSD/TIE_V4] Outcome: NO_TRADE | no_signal
2026-08-12 21:28:26,359 TIE_Production --- Scanning XAUUSD ---
2026-08-12 21:28:27,434 TIE_Production MARKET REGIME: RANGING (strength=60) | SUGGESTED ENGINE: SemiHFT
2026-08-12 21:28:27,435 strategies.semi_hft.strategy [LIQ_VACUUM] GOOD clear_path_up dir=BUY
2026-08-12 21:28:27,435 strategies.semi_hft.strategy [ZSCORE] zscore_ok z=1.33
2026-08-12 21:28:27,436 StrategyManager Strategy semi_hft_c8_v4 returned WAIT: pullback:m5_weak_trend dir=BUY
2026-08-12 21:28:27,436 strategies.aggressive.strategy [LIQ_VACUUM] GOOD no_pool_data dir=BUY
2026-08-12 21:28:27,436 strategies.aggressive.strategy [ZSCORE] zscore_ok z=1.33
2026-08-12 21:28:27,436 StrategyManager Strategy aggressive_v1 returned WAIT: rme:debate_block:penalty_65.5
2026-08-12 21:28:27,438 BystraStrategy Bystra best detector: SNRC1 conf=90% dir=BUY
2026-08-12 21:28:27,438 BystraStrategy Bystra pattern blacklist: SNRC1 @ zone 0 already fired, skip
2026-08-12 21:28:27,438 StrategyManager Strategy bystra_v1 returned WAIT: pattern_blacklist:SNRC1
2026-08-12 21:28:27,438 TIE_Production No setup for XAUUSD (WAIT)
2026-08-12 21:28:27,443 GateObservatory [XAUUSD/TIE_V4] Outcome: NO_TRADE | no_signal
2026-08-12 21:28:28,702 TIE_Production --- Scanning XAUUSD ---
2026-08-12 21:28:29,518 TIE_Production MARKET REGIME: RANGING (strength=60) | SUGGESTED ENGINE: SemiHFT
2026-08-12 21:28:29,519 StrategyManager Strategy semi_hft_c8_v4 returned WAIT: no_setup:no_structural_setup
2026-08-12 21:28:29,520 StrategyManager Strategy aggressive_v1 returned WAIT: no_setup:no_structural_setup
2026-08-12 21:28:29,521 BystraStrategy Bystra best detector: SNRC1 conf=90% dir=BUY
2026-08-12 21:28:29,521 BystraStrategy Bystra pattern blacklist: SNRC1 @ zone 0 already fired, skip
2026-08-12 21:28:29,522 StrategyManager Strategy bystra_v1 returned WAIT: pattern_blacklist:SNRC1
2026-08-12 21:28:29,522 TIE_Production No setup for XAUUSD (WAIT)
2026-08-12 21:28:29,526 GateObservatory [XAUUSD/TIE_V4] Outcome: NO_TRADE | no_signal
2026-08-12 21:28:38,277 TIE_Production --- Scanning XAUUSD ---
2026-08-12 21:28:39,051 TIE_Production MARKET REGIME: RANGING (strength=60) | SUGGESTED ENGINE: SemiHFT
2026-08-12 21:28:39,053 strategies.semi_hft.strategy [LIQ_VACUUM] GOOD clear_path_up dir=BUY
2026-08-12 21:28:39,053 strategies.semi_hft.strategy [ZSCORE] zscore_ok z=1.21
2026-08-12 21:28:39,053 StrategyManager Strategy semi_hft_c8_v4 returned WAIT: pullback:m5_weak_trend dir=BUY
2026-08-12 21:28:39,053 StrategyManager Strategy aggressive_v1 returned WAIT: tl_guard:NO_SELL_BREAK
2026-08-12 21:28:39,055 BystraStrategy Bystra best detector: SNRC1 conf=90% dir=BUY
2026-08-12 21:28:39,055 BystraStrategy Bystra pattern blacklist: SNRC1 @ zone 0 already fired, skip
2026-08-12 21:28:39,055 StrategyManager Strategy bystra_v1 returned WAIT: pattern_blacklist:SNRC1
2026-08-12 21:28:39,055 TIE_Production No setup for XAUUSD (WAIT)
2026-08-12 21:28:39,060 GateObservatory [XAUUSD/TIE_V4] Outcome: NO_TRADE | no_signal
2026-08-12 21:28:40,266 TIE_Production --- Scanning XAUUSD ---
2026-08-12 21:28:41,169 TIE_Production MARKET REGIME: RANGING (strength=60) | SUGGESTED ENGINE: SemiHFT
2026-08-12 21:28:41,170 StrategyManager Strategy semi_hft_c8_v4 returned WAIT: no_setup:no_structural_setup
2026-08-12 21:28:41,170 StrategyManager Strategy aggressive_v1 returned WAIT: no_setup:no_structural_setup
2026-08-12 21:28:41,172 BystraStrategy Bystra best detector: SNRC1 conf=90% dir=BUY
2026-08-12 21:28:41,172 BystraStrategy Bystra pattern blacklist: SNRC1 @ zone 0 already fired, skip
2026-08-12 21:28:41,172 StrategyManager Strategy bystra_v1 returned WAIT: pattern_blacklist:SNRC1
2026-08-12 21:28:41,172 TIE_Production No setup for XAUUSD (WAIT)
2026-08-12 21:28:41,178 GateObservatory [XAUUSD/TIE_V4] Outcome: NO_TRADE | no_signal
2026-08-12 21:28:49,779 TIE_Production --- Scanning XAUUSD ---
2026-08-12 21:28:50,844 TIE_Production MARKET REGIME: RANGING (strength=60) | SUGGESTED ENGINE: SemiHFT
2026-08-12 21:28:50,845 strategies.semi_hft.strategy [LIQ_VACUUM] GOOD clear_path_up dir=BUY
2026-08-12 21:28:50,846 strategies.semi_hft.strategy [ZSCORE] zscore_ok z=1.12
2026-08-12 21:28:50,846 StrategyManager Strategy semi_hft_c8_v4 returned WAIT: pullback:m5_weak_trend dir=BUY
2026-08-12 21:28:50,846 StrategyManager Strategy aggressive_v1 returned WAIT: tl_guard:NO_SELL_BREAK
2026-08-12 21:28:50,848 BystraStrategy Bystra best detector: SNRC1 conf=90% dir=BUY
2026-08-12 21:28:50,848 BystraStrategy Bystra pattern blacklist: SNRC1 @ zone 0 already fired, skip
2026-08-12 21:28:50,848 StrategyManager Strategy bystra_v1 returned WAIT: pattern_blacklist:SNRC1
2026-08-12 21:28:50,848 TIE_Production No setup for XAUUSD (WAIT)
2026-08-12 21:28:50,853 GateObservatory [XAUUSD/TIE_V4] Outcome: NO_TRADE | no_signal
2026-08-12 21:28:51,880 TIE_Production --- Scanning XAUUSD ---
2026-08-12 21:28:52,883 TIE_Production MARKET REGIME: RANGING (strength=60) | SUGGESTED ENGINE: SemiHFT
2026-08-12 21:28:52,884 StrategyManager Strategy semi_hft_c8_v4 returned WAIT: no_setup:no_structural_setup
2026-08-12 21:28:52,885 StrategyManager Strategy aggressive_v1 returned WAIT: no_setup:no_structural_setup
2026-08-12 21:28:52,887 BystraStrategy Bystra best detector: SNRC1 conf=90% dir=BUY
2026-08-12 21:28:52,887 BystraStrategy Bystra pattern blacklist: SNRC1 @ zone 0 already fired, skip
2026-08-12 21:28:52,887 StrategyManager Strategy bystra_v1 returned WAIT: pattern_blacklist:SNRC1
2026-08-12 21:28:52,887 TIE_Production No setup for XAUUSD (WAIT)
2026-08-12 21:28:52,892 GateObservatory [XAUUSD/TIE_V4] Outcome: NO_TRADE | no_signal
2026-08-12 21:29:01,686 TIE_Production --- Scanning XAUUSD ---
2026-08-12 21:29:02,594 TIE_Production MARKET REGIME: TRENDING (strength=67) | SUGGESTED ENGINE: Aggressive
2026-08-12 21:29:02,595 StrategyManager Strategy semi_hft_c8_v4 returned WAIT: no_micro
2026-08-12 21:29:02,596 StrategyManager Strategy aggressive_v1 returned WAIT: tl_guard:NO_SELL_BREAK
2026-08-12 21:29:02,597 BystraStrategy Bystra best detector: SNRC1 conf=90% dir=BUY
2026-08-12 21:29:02,598 BystraStrategy Bystra pattern blacklist: SNRC1 @ zone 0 already fired, skip
2026-08-12 21:29:02,598 StrategyManager Strategy bystra_v1 returned WAIT: pattern_blacklist:SNRC1
2026-08-12 21:29:02,598 TIE_Production No setup for XAUUSD (WAIT)
2026-08-12 21:29:02,603 GateObservatory [XAUUSD/TIE_V4] Outcome: NO_TRADE | no_signal
2026-08-12 21:29:03,726 TIE_Production --- Scanning XAUUSD ---
2026-08-12 21:29:04,716 TIE_Production MARKET REGIME: TRENDING (strength=68) | SUGGESTED ENGINE: Aggressive
2026-08-12 21:29:04,717 StrategyManager Strategy semi_hft_c8_v4 returned WAIT: no_setup:no_structural_setup
2026-08-12 21:29:04,717 StrategyManager Strategy aggressive_v1 returned WAIT: no_setup:no_structural_setup
2026-08-12 21:29:04,719 BystraStrategy Bystra best detector: SNRC1 conf=90% dir=BUY
2026-08-12 21:29:04,719 BystraStrategy Bystra pattern blacklist: SNRC1 @ zone 0 already fired, skip
2026-08-12 21:29:04,719 StrategyManager Strategy bystra_v1 returned WAIT: pattern_blacklist:SNRC1
2026-08-12 21:29:04,719 TIE_Production No setup for XAUUSD (WAIT)
2026-08-12 21:29:04,724 GateObservatory [XAUUSD/TIE_V4] Outcome: NO_TRADE | no_signal
2026-08-12 21:29:13,473 TIE_Production --- Scanning XAUUSD ---
2026-08-12 21:29:14,591 TIE_Production MARKET REGIME: TRENDING (strength=66) | SUGGESTED ENGINE: Aggressive
2026-08-12 21:29:14,593 strategies.semi_hft.strategy [LIQ_VACUUM] GOOD clear_path_up dir=BUY
2026-08-12 21:29:14,593 strategies.semi_hft.strategy [ZSCORE] zscore_ok z=1.00
2026-08-12 21:29:14,593 StrategyManager Strategy semi_hft_c8_v4 returned WAIT: pullback:m5_weak_trend dir=BUY
2026-08-12 21:29:14,594 StrategyManager Strategy aggressive_v1 returned WAIT: tl_guard:NO_SELL_BREAK
2026-08-12 21:29:14,595 BystraStrategy Bystra best detector: SNRC1 conf=90% dir=BUY
2026-08-12 21:29:14,595 BystraStrategy Bystra pattern blacklist: SNRC1 @ zone 0 already fired, skip
2026-08-12 21:29:14,595 StrategyManager Strategy bystra_v1 returned WAIT: pattern_blacklist:SNRC1
2026-08-12 21:29:14,595 TIE_Production No setup for XAUUSD (WAIT)
2026-08-12 21:29:14,599 GateObservatory [XAUUSD/TIE_V4] Outcome: NO_TRADE | no_signal
2026-08-12 21:29:15,484 TIE_Production --- Scanning XAUUSD ---
2026-08-12 21:29:16,279 TIE_Production MARKET REGIME: TRENDING (strength=67) | SUGGESTED ENGINE: Aggressive
2026-08-12 21:29:16,280 StrategyManager Strategy semi_hft_c8_v4 returned WAIT: no_setup:no_structural_setup
2026-08-12 21:29:16,280 StrategyManager Strategy aggressive_v1 returned WAIT: no_setup:no_structural_setup
2026-08-12 21:29:16,282 BystraStrategy Bystra best detector: SNRC1 conf=90% dir=BUY
2026-08-12 21:29:16,282 BystraStrategy Bystra pattern blacklist: SNRC1 @ zone 0 already fired, skip
2026-08-12 21:29:16,282 StrategyManager Strategy bystra_v1 returned WAIT: pattern_blacklist:SNRC1
2026-08-12 21:29:16,282 TIE_Production No setup for XAUUSD (WAIT)
2026-08-12 21:29:16,288 GateObservatory [XAUUSD/TIE_V4] Outcome: NO_TRADE | no_signal
2026-08-12 21:29:25,338 TIE_Production --- Scanning XAUUSD ---
2026-08-12 21:29:26,198 TIE_Production MARKET REGIME: TRENDING (strength=78) | SUGGESTED ENGINE: Aggressive
2026-08-12 21:29:26,199 strategies.semi_hft.strategy [LIQ_VACUUM] GOOD clear_path_down dir=SELL
2026-08-12 21:29:26,200 strategies.semi_hft.strategy [ZSCORE] zscore_ok z=0.81
2026-08-12 21:29:26,200 StrategyManager Strategy semi_hft_c8_v4 returned WAIT: pullback:counter_trend_not_in_fibo dir=SELL m15=UP price=4432.75 H=4441.46 L=4382.12
2026-08-12 21:29:26,200 StrategyManager Strategy aggressive_v1 returned WAIT: tl_guard:NO_SELL_BREAK
2026-08-12 21:29:26,202 BystraStrategy Bystra best detector: SNRC1 conf=90% dir=BUY
2026-08-12 21:29:26,202 BystraStrategy Bystra pattern blacklist: SNRC1 @ zone 0 already fired, skip
2026-08-12 21:29:26,203 StrategyManager Strategy bystra_v1 returned WAIT: pattern_blacklist:SNRC1
2026-08-12 21:29:26,203 TIE_Production No setup for XAUUSD (WAIT)
2026-08-12 21:29:26,211 GateObservatory [XAUUSD/TIE_V4] Outcome: NO_TRADE | no_signal
2026-08-12 21:29:27,162 TIE_Production --- Scanning XAUUSD ---
2026-08-12 21:29:28,062 TIE_Production MARKET REGIME: TRENDING (strength=80) | SUGGESTED ENGINE: Aggressive
2026-08-12 21:29:28,063 StrategyManager Strategy semi_hft_c8_v4 returned WAIT: no_setup:no_structural_setup
2026-08-12 21:29:28,063 StrategyManager Strategy aggressive_v1 returned WAIT: no_setup:no_structural_setup
2026-08-12 21:29:28,065 BystraStrategy Bystra best detector: SNRC1 conf=90% dir=BUY
2026-08-12 21:29:28,065 BystraStrategy Bystra pattern blacklist: SNRC1 @ zone 0 already fired, skip
2026-08-12 21:29:28,065 StrategyManager Strategy bystra_v1 returned WAIT: pattern_blacklist:SNRC1
2026-08-12 21:29:28,065 TIE_Production No setup for XAUUSD (WAIT)
2026-08-12 21:29:28,071 GateObservatory [XAUUSD/TIE_V4] Outcome: NO_TRADE | no_signal
2026-08-12 21:29:37,063 TIE_Production --- Scanning XAUUSD ---
2026-08-12 21:29:37,900 TIE_Production MARKET REGIME: TRENDING (strength=86) | SUGGESTED ENGINE: Aggressive
2026-08-12 21:29:37,901 strategies.semi_hft.strategy [LIQ_VACUUM] GOOD clear_path_down dir=SELL
2026-08-12 21:29:37,901 strategies.semi_hft.strategy [ZSCORE] zscore_ok z=0.68
2026-08-12 21:29:37,901 StrategyManager Strategy semi_hft_c8_v4 returned WAIT: pullback:regime_conflict TRENDING=85 blocks SELL
2026-08-12 21:29:37,902 StrategyManager Strategy aggressive_v1 returned WAIT: tl_guard:NO_SELL_BREAK
2026-08-12 21:29:37,903 BystraStrategy Bystra best detector: SNRC1 conf=90% dir=BUY
2026-08-12 21:29:37,904 BystraStrategy Bystra pattern blacklist: SNRC1 @ zone 0 already fired, skip
2026-08-12 21:29:37,904 StrategyManager Strategy bystra_v1 returned WAIT: pattern_blacklist:SNRC1
2026-08-12 21:29:37,904 TIE_Production No setup for XAUUSD (WAIT)
2026-08-12 21:29:37,908 GateObservatory [XAUUSD/TIE_V4] Outcome: NO_TRADE | no_signal
2026-08-12 21:29:38,884 TIE_Production --- Scanning XAUUSD ---
2026-08-12 21:29:39,749 TIE_Production MARKET REGIME: TRENDING (strength=85) | SUGGESTED ENGINE: Aggressive
2026-08-12 21:29:39,750 StrategyManager Strategy semi_hft_c8_v4 returned WAIT: no_setup:no_structural_setup
2026-08-12 21:29:39,751 StrategyManager Strategy aggressive_v1 returned WAIT: no_setup:no_structural_setup
2026-08-12 21:29:39,752 BystraStrategy Bystra best detector: SNRC1 conf=90% dir=BUY
2026-08-12 21:29:39,752 BystraStrategy Bystra pattern blacklist: SNRC1 @ zone 0 already fired, skip
2026-08-12 21:29:39,752 StrategyManager Strategy bystra_v1 returned WAIT: pattern_blacklist:SNRC1
2026-08-12 21:29:39,752 TIE_Production No setup for XAUUSD (WAIT)
2026-08-12 21:29:39,757 GateObservatory [XAUUSD/TIE_V4] Outcome: NO_TRADE | no_signal
2026-08-12 21:29:48,648 TIE_Production --- Scanning XAUUSD ---
2026-08-12 21:29:49,465 TIE_Production MARKET REGIME: TRENDING (strength=92) | SUGGESTED ENGINE: Aggressive
2026-08-12 21:29:49,466 strategies.semi_hft.strategy [LIQ_VACUUM] GOOD clear_path_down dir=SELL
2026-08-12 21:29:49,467 strategies.semi_hft.strategy [ZSCORE] zscore_ok z=0.54
2026-08-12 21:29:49,467 StrategyManager Strategy semi_hft_c8_v4 returned WAIT: pullback:regime_conflict TRENDING=92 blocks SELL
2026-08-12 21:29:49,467 StrategyManager Strategy aggressive_v1 returned WAIT: tl_guard:NO_SELL_BREAK
2026-08-12 21:29:49,469 BystraStrategy Bystra best detector: SNRC1 conf=90% dir=BUY
2026-08-12 21:29:49,469 BystraStrategy Bystra pattern blacklist: SNRC1 @ zone 0 already fired, skip
2026-08-12 21:29:49,469 StrategyManager Strategy bystra_v1 returned WAIT: pattern_blacklist:SNRC1
2026-08-12 21:29:49,469 TIE_Production No setup for XAUUSD (WAIT)
2026-08-12 21:29:49,474 GateObservatory [XAUUSD/TIE_V4] Outcome: NO_TRADE | no_signal
2026-08-12 21:29:50,530 TIE_Production --- Scanning XAUUSD ---
2026-08-12 21:29:51,369 TIE_Production MARKET REGIME: TRENDING (strength=89) | SUGGESTED ENGINE: Aggressive
2026-08-12 21:29:51,370 StrategyManager Strategy semi_hft_c8_v4 returned WAIT: no_setup:no_structural_setup
2026-08-12 21:29:51,370 StrategyManager Strategy aggressive_v1 returned WAIT: no_setup:no_structural_setup
2026-08-12 21:29:51,372 BystraStrategy Bystra best detector: SNRC1 conf=90% dir=BUY
2026-08-12 21:29:51,372 BystraStrategy Bystra pattern blacklist: SNRC1 @ zone 0 already fired, skip
2026-08-12 21:29:51,372 StrategyManager Strategy bystra_v1 returned WAIT: pattern_blacklist:SNRC1
2026-08-12 21:29:51,372 TIE_Production No setup for XAUUSD (WAIT)
2026-08-12 21:29:51,377 GateObservatory [XAUUSD/TIE_V4] Outcome: NO_TRADE | no_signal
2026-08-12 21:30:00,215 TIE_Production --- Scanning XAUUSD ---
2026-08-12 21:30:01,209 TIE_Production MARKET REGIME: TRENDING (strength=80) | SUGGESTED ENGINE: Aggressive
2026-08-12 21:30:01,210 strategies.semi_hft.strategy [LIQ_VACUUM] GOOD clear_path_down dir=SELL
2026-08-12 21:30:01,210 strategies.semi_hft.strategy [ZSCORE] zscore_ok z=0.62
2026-08-12 21:30:01,211 StrategyManager Strategy semi_hft_c8_v4 returned WAIT: pullback:regime_conflict TRENDING=80 blocks SELL
2026-08-12 21:30:01,211 StrategyManager Strategy aggressive_v1 returned WAIT: tl_guard:NO_SELL_BREAK
2026-08-12 21:30:01,213 BystraStrategy Bystra best detector: THREE_CANDLE conf=82% dir=SELL
2026-08-12 21:30:01,213 MultiStrategyRuntime Scan 3.7ms — strategies=3 signals=1 dir=sell source=bystra_v1
2026-08-12 21:30:01,218 GateObservatory [XAUUSD/TIE_V4] Gate Detector: PASS | setup=B_SELL lot=0.01
2026-08-12 21:30:01,218 TIE_Production ExitOrchestrator adjusted SL/TP for B_SELL: new SL=4441.71 TP=4382.12 RR=4.93 (adj=False)
2026-08-12 21:30:01,218 TIE_Production Setup detected: B_SELL SELL conf=82%
2026-08-12 21:30:02,155 TIE_Production ⚔️ CROSS-DEBATE BLOCK: B_SELL SELL rejected! 1 opposing positions open.
2026-08-12 21:30:02,161 GateObservatory [XAUUSD/TIE_V4] Gate Debate: FAIL | hedge_conflict
2026-08-12 21:30:02,213 TIE_Production --- Scanning XAUUSD ---
2026-08-12 21:30:03,493 TIE_Production MARKET REGIME: TRENDING (strength=81) | SUGGESTED ENGINE: Aggressive
2026-08-12 21:30:03,495 StrategyManager Strategy semi_hft_c8_v4 returned WAIT: no_setup:no_structural_setup
2026-08-12 21:30:03,496 StrategyManager Strategy aggressive_v1 returned WAIT: no_setup:no_structural_setup
2026-08-12 21:30:03,498 BystraStrategy Bystra best detector: THREE_CANDLE conf=82% dir=SELL
2026-08-12 21:30:03,498 MultiStrategyRuntime Scan 3.8ms — strategies=3 signals=1 dir=sell source=bystra_v1
2026-08-12 21:30:03,507 GateObservatory [XAUUSD/TIE_V4] Gate Detector: PASS | setup=B_SELL lot=0.01
2026-08-12 21:30:03,507 TIE_Production ExitOrchestrator adjusted SL/TP for B_SELL: new SL=4441.71 TP=4382.12 RR=5.59 (adj=False)
2026-08-12 21:30:03,507 TIE_Production Setup detected: B_SELL SELL conf=82%
2026-08-12 21:30:03,533 TIE_Production ⚔️ CROSS-DEBATE BLOCK: B_SELL SELL rejected! 1 opposing positions open.
2026-08-12 21:30:03,538 GateObservatory [XAUUSD/TIE_V4] Gate Debate: FAIL | hedge_conflict
2026-08-12 21:30:12,937 TIE_Production --- Scanning XAUUSD ---
2026-08-12 21:30:13,907 TIE_Production MARKET REGIME: TRENDING (strength=91) | SUGGESTED ENGINE: Aggressive
2026-08-12 21:30:13,908 strategies.semi_hft.strategy [LIQ_VACUUM] GOOD clear_path_up dir=BUY
2026-08-12 21:30:13,908 strategies.semi_hft.strategy [ZSCORE] zscore_ok z=1.13
2026-08-12 21:30:13,908 StrategyManager Strategy semi_hft_c8_v4 returned WAIT: pullback:m5_weak_trend dir=BUY
2026-08-12 21:30:13,909 strategies.aggressive.strategy [LIQ_VACUUM] GOOD no_pool_data dir=BUY
2026-08-12 21:30:13,909 strategies.aggressive.strategy [ZSCORE] zscore_ok z=1.13
2026-08-12 21:30:13,909 StrategyManager Strategy aggressive_v1 returned WAIT: rme:score_low:52.6
2026-08-12 21:30:13,910 BystraStrategy Bystra best detector: THREE_CANDLE conf=82% dir=SELL
2026-08-12 21:30:13,911 MultiStrategyRuntime Scan 3.0ms — strategies=3 signals=1 dir=sell source=bystra_v1
2026-08-12 21:30:13,915 GateObservatory [XAUUSD/TIE_V4] Gate Detector: PASS | setup=B_SELL lot=0.01
2026-08-12 21:30:13,915 TIE_Production ExitOrchestrator adjusted SL/TP for B_SELL: new SL=4441.71 TP=4382.12 RR=8.78 (adj=False)
2026-08-12 21:30:13,915 TIE_Production Setup detected: B_SELL SELL conf=82%
2026-08-12 21:30:13,932 TIE_Production ⚔️ CROSS-DEBATE BLOCK: B_SELL SELL rejected! 1 opposing positions open.
2026-08-12 21:30:13,936 GateObservatory [XAUUSD/TIE_V4] Gate Debate: FAIL | hedge_conflict
2026-08-12 21:30:14,392 TIE_Production --- Scanning XAUUSD ---
2026-08-12 21:30:15,470 TIE_Production MARKET REGIME: TRENDING (strength=91) | SUGGESTED ENGINE: Aggressive
2026-08-12 21:30:15,471 StrategyManager Strategy semi_hft_c8_v4 returned WAIT: no_setup:no_structural_setup
2026-08-12 21:30:15,472 StrategyManager Strategy aggressive_v1 returned WAIT: no_setup:no_structural_setup
2026-08-12 21:30:15,473 BystraStrategy Bystra best detector: THREE_CANDLE conf=82% dir=SELL
2026-08-12 21:30:15,474 MultiStrategyRuntime Scan 2.5ms — strategies=3 signals=1 dir=sell source=bystra_v1
2026-08-12 21:30:15,480 GateObservatory [XAUUSD/TIE_V4] Gate Detector: PASS | setup=B_SELL lot=0.01
2026-08-12 21:30:15,480 TIE_Production ExitOrchestrator adjusted SL/TP for B_SELL: new SL=4441.71 TP=4382.12 RR=8.50 (adj=False)
2026-08-12 21:30:15,480 TIE_Production Setup detected: B_SELL SELL conf=82%
2026-08-12 21:30:15,503 TIE_Production ⚔️ CROSS-DEBATE BLOCK: B_SELL SELL rejected! 1 opposing positions open.
2026-08-12 21:30:15,507 GateObservatory [XAUUSD/TIE_V4] Gate Debate: FAIL | hedge_conflict
2026-08-12 21:30:24,765 TIE_Production --- Scanning XAUUSD ---
2026-08-12 21:30:25,634 TIE_Production MARKET REGIME: TRENDING (strength=81) | SUGGESTED ENGINE: Aggressive
2026-08-12 21:30:25,635 strategies.semi_hft.strategy [LIQ_VACUUM] GOOD clear_path_up dir=BUY
2026-08-12 21:30:25,635 strategies.semi_hft.strategy [ZSCORE] zscore_ok z=1.02
2026-08-12 21:30:25,635 StrategyManager Strategy semi_hft_c8_v4 returned WAIT: pullback:m5_weak_trend dir=BUY
2026-08-12 21:30:25,636 strategies.aggressive.strategy [LIQ_VACUUM] GOOD no_pool_data dir=BUY
2026-08-12 21:30:25,636 strategies.aggressive.strategy [ZSCORE] zscore_ok z=1.02
2026-08-12 21:30:25,636 StrategyManager Strategy aggressive_v1 returned WAIT: rme:score_low:47.4
2026-08-12 21:30:25,638 BystraStrategy Bystra best detector: THREE_CANDLE conf=82% dir=SELL
2026-08-12 21:30:25,638 MultiStrategyRuntime Scan 3.6ms — strategies=3 signals=1 dir=sell source=bystra_v1
2026-08-12 21:30:25,644 GateObservatory [XAUUSD/TIE_V4] Gate Detector: PASS | setup=B_SELL lot=0.01
2026-08-12 21:30:25,644 TIE_Production ExitOrchestrator adjusted SL/TP for B_SELL: new SL=4441.71 TP=4382.12 RR=7.58 (adj=False)
2026-08-12 21:30:25,644 TIE_Production Setup detected: B_SELL SELL conf=82%
2026-08-12 21:30:25,668 TIE_Production ⚔️ CROSS-DEBATE BLOCK: B_SELL SELL rejected! 1 opposing positions open.
2026-08-12 21:30:25,672 GateObservatory [XAUUSD/TIE_V4] Gate Debate: FAIL | hedge_conflict
2026-08-12 21:30:26,343 TIE_Production --- Scanning XAUUSD ---
2026-08-12 21:30:27,483 TIE_Production MARKET REGIME: TRENDING (strength=76) | SUGGESTED ENGINE: Aggressive
2026-08-12 21:30:27,484 StrategyManager Strategy semi_hft_c8_v4 returned WAIT: no_setup:no_structural_setup
2026-08-12 21:30:27,485 StrategyManager Strategy aggressive_v1 returned WAIT: no_setup:no_structural_setup
2026-08-12 21:30:27,486 BystraStrategy Bystra best detector: THREE_CANDLE conf=82% dir=SELL
2026-08-12 21:30:27,486 MultiStrategyRuntime Scan 2.5ms — strategies=3 signals=1 dir=sell source=bystra_v1
2026-08-12 21:30:27,490 GateObservatory [XAUUSD/TIE_V4] Gate Detector: PASS | setup=B_SELL lot=0.01
2026-08-12 21:30:27,490 TIE_Production ExitOrchestrator adjusted SL/TP for B_SELL: new SL=4441.71 TP=4382.12 RR=7.75 (adj=False)
2026-08-12 21:30:27,491 TIE_Production Setup detected: B_SELL SELL conf=82%
2026-08-12 21:30:27,512 TIE_Production ⚔️ CROSS-DEBATE BLOCK: B_SELL SELL rejected! 1 opposing positions open.
2026-08-12 21:30:27,518 GateObservatory [XAUUSD/TIE_V4] Gate Debate: FAIL | hedge_conflict
2026-08-12 21:30:36,441 TIE_Production --- Scanning XAUUSD ---
2026-08-12 21:30:37,458 TIE_Production MARKET REGIME: TRENDING (strength=68) | SUGGESTED ENGINE: Aggressive
2026-08-12 21:30:37,459 strategies.semi_hft.strategy [LIQ_VACUUM] GOOD clear_path_up dir=BUY
2026-08-12 21:30:37,459 strategies.semi_hft.strategy [ZSCORE] zscore_ok z=0.86
2026-08-12 21:30:37,459 StrategyManager Strategy semi_hft_c8_v4 returned WAIT: pullback:m15_flat_no_trend regime=TRENDING str=68
2026-08-12 21:30:37,460 strategies.aggressive.strategy [LIQ_VACUUM] GOOD no_pool_data dir=BUY
2026-08-12 21:30:37,460 strategies.aggressive.strategy [ZSCORE] zscore_ok z=0.86
2026-08-12 21:30:37,460 StrategyManager Strategy aggressive_v1 returned WAIT: rme:score_low:40.2
2026-08-12 21:30:37,462 BystraStrategy Bystra best detector: THREE_CANDLE conf=82% dir=SELL
2026-08-12 21:30:37,462 MultiStrategyRuntime Scan 3.1ms — strategies=3 signals=1 dir=sell source=bystra_v1
2026-08-12 21:30:37,468 GateObservatory [XAUUSD/TIE_V4] Gate Detector: PASS | setup=B_SELL lot=0.01
2026-08-12 21:30:37,468 TIE_Production ExitOrchestrator adjusted SL/TP for B_SELL: new SL=4441.71 TP=4382.12 RR=6.29 (adj=False)
2026-08-12 21:30:37,469 TIE_Production Setup detected: B_SELL SELL conf=82%
2026-08-12 21:30:37,502 TIE_Production ⚔️ CROSS-DEBATE BLOCK: B_SELL SELL rejected! 1 opposing positions open.
2026-08-12 21:30:37,508 GateObservatory [XAUUSD/TIE_V4] Gate Debate: FAIL | hedge_conflict
2026-08-12 21:30:38,346 TIE_Production --- Scanning XAUUSD ---
2026-08-12 21:30:39,224 TIE_Production MARKET REGIME: RANGING (strength=60) | SUGGESTED ENGINE: SemiHFT
2026-08-12 21:30:39,225 StrategyManager Strategy semi_hft_c8_v4 returned WAIT: no_setup:no_structural_setup
2026-08-12 21:30:39,226 StrategyManager Strategy aggressive_v1 returned WAIT: no_setup:no_structural_setup
2026-08-12 21:30:39,227 BystraStrategy Bystra best detector: THREE_CANDLE conf=82% dir=SELL
2026-08-12 21:30:39,228 MultiStrategyRuntime Scan 2.5ms — strategies=3 signals=1 dir=sell source=bystra_v1
2026-08-12 21:30:39,233 GateObservatory [XAUUSD/TIE_V4] Gate Detector: PASS | setup=B_SELL lot=0.01
2026-08-12 21:30:39,233 TIE_Production ExitOrchestrator adjusted SL/TP for B_SELL: new SL=4441.71 TP=4382.12 RR=5.53 (adj=False)
2026-08-12 21:30:39,233 TIE_Production Setup detected: B_SELL SELL conf=82%
2026-08-12 21:30:39,256 TIE_Production ⚔️ CROSS-DEBATE BLOCK: B_SELL SELL rejected! 1 opposing positions open.
2026-08-12 21:30:39,260 GateObservatory [XAUUSD/TIE_V4] Gate Debate: FAIL | hedge_conflict
2026-08-12 21:30:48,710 TIE_Production --- Scanning XAUUSD ---
2026-08-12 21:30:49,757 TIE_Production MARKET REGIME: RANGING (strength=60) | SUGGESTED ENGINE: SemiHFT
2026-08-12 21:30:49,759 strategies.semi_hft.strategy [LIQ_VACUUM] GOOD clear_path_up dir=BUY
2026-08-12 21:30:49,759 strategies.semi_hft.strategy [ZSCORE] zscore_ok z=0.75
2026-08-12 21:30:49,759 StrategyManager Strategy semi_hft_c8_v4 returned WAIT: pullback:m15_flat_no_trend regime=TRENDING str=60
2026-08-12 21:30:49,760 strategies.aggressive.strategy [LIQ_VACUUM] GOOD no_pool_data dir=BUY
2026-08-12 21:30:49,760 strategies.aggressive.strategy [ZSCORE] zscore_ok z=0.75
2026-08-12 21:30:49,760 StrategyManager Strategy aggressive_v1 returned WAIT: rme:debate_block:penalty_45.7
2026-08-12 21:30:49,761 BystraStrategy Bystra best detector: THREE_CANDLE conf=82% dir=SELL
2026-08-12 21:30:49,762 MultiStrategyRuntime Scan 3.4ms — strategies=3 signals=1 dir=sell source=bystra_v1
2026-08-12 21:30:49,767 GateObservatory [XAUUSD/TIE_V4] Gate Detector: PASS | setup=B_SELL lot=0.01
2026-08-12 21:30:49,767 TIE_Production ExitOrchestrator adjusted SL/TP for B_SELL: new SL=4441.71 TP=4382.12 RR=5.55 (adj=False)
2026-08-12 21:30:49,767 TIE_Production Setup detected: B_SELL SELL conf=82%
2026-08-12 21:30:50,022 TIE_Production --- Scanning XAUUSD ---
2026-08-12 21:30:50,313 TIE_Production ⚔️ CROSS-DEBATE BLOCK: B_SELL SELL rejected! 1 opposing positions open.
2026-08-12 21:30:50,319 GateObservatory [XAUUSD/TIE_V4] Gate Debate: FAIL | hedge_conflict
2026-08-12 21:30:50,904 TIE_Production MARKET REGIME: RANGING (strength=60) | SUGGESTED ENGINE: SemiHFT
2026-08-12 21:30:50,906 StrategyManager Strategy semi_hft_c8_v4 returned WAIT: no_setup:no_structural_setup
2026-08-12 21:30:50,906 StrategyManager Strategy aggressive_v1 returned WAIT: no_setup:no_structural_setup
2026-08-12 21:30:50,908 BystraStrategy Bystra best detector: THREE_CANDLE conf=82% dir=SELL
2026-08-12 21:30:50,908 MultiStrategyRuntime Scan 2.9ms — strategies=3 signals=1 dir=sell source=bystra_v1
2026-08-12 21:30:50,913 GateObservatory [XAUUSD/TIE_V4] Gate Detector: PASS | setup=B_SELL lot=0.01
2026-08-12 21:30:50,913 TIE_Production ExitOrchestrator adjusted SL/TP for B_SELL: new SL=4441.71 TP=4382.12 RR=5.71 (adj=False)
2026-08-12 21:30:50,913 TIE_Production Setup detected: B_SELL SELL conf=82%
2026-08-12 21:30:50,930 TIE_Production ⚔️ CROSS-DEBATE BLOCK: B_SELL SELL rejected! 1 opposing positions open.
2026-08-12 21:30:50,934 GateObservatory [XAUUSD/TIE_V4] Gate Debate: FAIL | hedge_conflict
2026-08-12 21:31:01,331 TIE_Production --- Scanning XAUUSD ---
2026-08-12 21:31:01,827 TIE_Production --- Scanning XAUUSD ---
2026-08-12 21:31:02,352 TIE_Production MARKET REGIME: RANGING (strength=60) | SUGGESTED ENGINE: SemiHFT
2026-08-12 21:31:02,354 strategies.semi_hft.strategy [LIQ_VACUUM] GOOD clear_path_down dir=SELL
2026-08-12 21:31:02,354 strategies.semi_hft.strategy [ZSCORE] zscore_ok z=0.54
2026-08-12 21:31:02,354 strategies.semi_hft.strategy [PULLBACK] trend_follow_DOWN_m5_gas_ok | M15=DOWN
2026-08-12 21:31:02,354 StrategyManager Strategy semi_hft_c8_v4 returned WAIT: macd:macd_up_sell_blocked macd=0.38 sig=0.34
2026-08-12 21:31:02,355 StrategyManager Strategy aggressive_v1 returned WAIT: tl_guard:NO_SELL_BREAK
2026-08-12 21:31:02,356 BystraStrategy Bystra best detector: THREE_CANDLE conf=82% dir=SELL
2026-08-12 21:31:02,356 MultiStrategyRuntime Scan 3.1ms — strategies=3 signals=1 dir=sell source=bystra_v1
2026-08-12 21:31:02,361 GateObservatory [XAUUSD/TIE_V4] Gate Detector: PASS | setup=B_SELL lot=0.01
2026-08-12 21:31:02,361 TIE_Production ExitOrchestrator adjusted SL/TP for B_SELL: new SL=4441.71 TP=4382.12 RR=4.50 (adj=False)
2026-08-12 21:31:02,361 TIE_Production Setup detected: B_SELL SELL conf=82%
2026-08-12 21:31:02,382 TIE_Production ⚔️ CROSS-DEBATE BLOCK: B_SELL SELL rejected! 1 opposing positions open.
2026-08-12 21:31:02,386 GateObservatory [XAUUSD/TIE_V4] Gate Debate: FAIL | hedge_conflict
2026-08-12 21:31:02,977 TIE_Production MARKET REGIME: RANGING (strength=60) | SUGGESTED ENGINE: SemiHFT
2026-08-12 21:31:02,978 StrategyManager Strategy semi_hft_c8_v4 returned WAIT: no_setup:no_structural_setup
2026-08-12 21:31:02,979 StrategyManager Strategy aggressive_v1 returned WAIT: no_setup:no_structural_setup
2026-08-12 21:31:02,980 BystraStrategy Bystra best detector: THREE_CANDLE conf=82% dir=SELL
2026-08-12 21:31:02,982 MultiStrategyRuntime Scan 3.8ms — strategies=3 signals=1 dir=sell source=bystra_v1
2026-08-12 21:31:02,988 GateObservatory [XAUUSD/TIE_V4] Gate Detector: PASS | setup=B_SELL lot=0.01
2026-08-12 21:31:02,988 TIE_Production ExitOrchestrator adjusted SL/TP for B_SELL: new SL=4441.71 TP=4382.12 RR=4.50 (adj=False)
2026-08-12 21:31:02,988 TIE_Production Setup detected: B_SELL SELL conf=82%
2026-08-12 21:31:03,007 TIE_Production ⚔️ CROSS-DEBATE BLOCK: B_SELL SELL rejected! 1 opposing positions open.
2026-08-12 21:31:03,012 GateObservatory [XAUUSD/TIE_V4] Gate Debate: FAIL | hedge_conflict
2026-08-12 21:31:13,245 TIE_Production --- Scanning XAUUSD ---
2026-08-12 21:31:13,903 TIE_Production --- Scanning XAUUSD ---
2026-08-12 21:31:14,398 TIE_Production MARKET REGIME: TRENDING (strength=78) | SUGGESTED ENGINE: Aggressive
2026-08-12 21:31:14,400 strategies.semi_hft.strategy [LIQ_VACUUM] GOOD clear_path_down dir=SELL
2026-08-12 21:31:14,400 strategies.semi_hft.strategy [ZSCORE] zscore_ok z=-0.54
2026-08-12 21:31:14,401 strategies.semi_hft.strategy [PULLBACK] trend_follow_DOWN_m5_gas_ok | M15=DOWN
2026-08-12 21:31:14,401 strategies.semi_hft.strategy [MACD] macd_down_sell_ok macd=-0.30 sig=-0.27
2026-08-12 21:31:14,401 StrategyManager Strategy semi_hft_c8_v4 returned WAIT: m5_guard:BLOCK_RANGE
2026-08-12 21:31:14,402 StrategyManager Strategy aggressive_v1 returned WAIT: tl_guard:NO_SELL_BREAK
2026-08-12 21:31:14,404 BystraStrategy Bystra best detector: THREE_CANDLE conf=82% dir=SELL
2026-08-12 21:31:14,404 MultiStrategyRuntime Scan 4.7ms — strategies=3 signals=1 dir=sell source=bystra_v1
2026-08-12 21:31:14,410 GateObservatory [XAUUSD/TIE_V4] Gate Detector: PASS | setup=B_SELL lot=0.01
2026-08-12 21:31:14,411 TIE_Production ExitOrchestrator adjusted SL/TP for B_SELL: new SL=4441.71 TP=4382.12 RR=1.98 (adj=False)
2026-08-12 21:31:14,411 TIE_Production Setup detected: B_SELL SELL conf=82%
2026-08-12 21:31:14,428 TIE_Production Risk Gate: ✅ PASS — XAUUSD
2026-08-12 21:31:14,432 GateObservatory [XAUUSD/TIE_V4] Gate RiskGate: PASS | all rules approve
2026-08-12 21:31:14,621 hermes.trading.gateway_client Order rejected: Order rejected or execution failed | detail: 
2026-08-12 21:31:14,622 TIE_Production ❌ ORDER FAILED: Order not accepted
2026-08-12 21:31:14,625 GateObservatory [XAUUSD/TIE_V4] Gate Execution: FAIL | Order not accepted
2026-08-12 21:31:14,951 TIE_Production MARKET REGIME: TRENDING (strength=77) | SUGGESTED ENGINE: Aggressive
2026-08-12 21:31:14,953 StrategyManager Strategy semi_hft_c8_v4 returned WAIT: no_setup:no_structural_setup
2026-08-12 21:31:14,953 StrategyManager Strategy aggressive_v1 returned WAIT: no_setup:no_structural_setup
2026-08-12 21:31:14,954 BystraStrategy Bystra best detector: THREE_CANDLE conf=82% dir=SELL
2026-08-12 21:31:14,955 MultiStrategyRuntime Scan 2.5ms — strategies=3 signals=1 dir=sell source=bystra_v1
2026-08-12 21:31:14,959 GateObservatory [XAUUSD/TIE_V4] Gate Detector: PASS | setup=B_SELL lot=0.01
2026-08-12 21:31:14,959 TIE_Production ExitOrchestrator adjusted SL/TP for B_SELL: new SL=4441.71 TP=4382.12 RR=2.12 (adj=False)
2026-08-12 21:31:14,959 TIE_Production Setup detected: B_SELL SELL conf=82%
2026-08-12 21:31:16,277 TIE_Production Risk Gate: ✅ PASS — XAUUSD
2026-08-12 21:31:16,282 GateObservatory [XAUUSD/TIE_V4] Gate RiskGate: PASS | all rules approve
2026-08-12 21:31:16,460 TIE_Production ✅ ORDER EXECUTED: XAUUSD SELL 0.01 lot | SL=4441.712 TP=4382.117 ticket=3627521048
2026-08-12 21:31:16,469 GateObservatory [XAUUSD/TIE_V4] Gate Execution: PASS | order placed ticket=3627521048
2026-08-12 21:31:25,604 TIE_Production --- Scanning XAUUSD ---
2026-08-12 21:31:27,337 TIE_Production --- Scanning XAUUSD ---
2026-08-12 21:31:27,414 TIE_Production MARKET REGIME: TRENDING (strength=70) | SUGGESTED ENGINE: Aggressive
2026-08-12 21:31:27,415 strategies.semi_hft.strategy [LIQ_VACUUM] GOOD clear_path_down dir=SELL
2026-08-12 21:31:27,415 strategies.semi_hft.strategy [ZSCORE] zscore_ok z=-0.24
2026-08-12 21:31:27,416 strategies.semi_hft.strategy [PULLBACK] trend_follow_DOWN_m5_gas_ok | M15=DOWN
2026-08-12 21:31:27,416 strategies.semi_hft.strategy [MACD] macd_down_sell_ok macd=-0.11 sig=-0.10
2026-08-12 21:31:27,416 StrategyManager Strategy semi_hft_c8_v4 returned WAIT: m5_guard:BLOCK_RANGE
2026-08-12 21:31:27,416 StrategyManager Strategy aggressive_v1 returned WAIT: tl_guard:NO_SELL_BREAK
2026-08-12 21:31:27,417 BystraStrategy Bystra best detector: THREE_CANDLE conf=82% dir=SELL
2026-08-12 21:31:27,418 MultiStrategyRuntime Scan 3.0ms — strategies=3 signals=1 dir=sell source=bystra_v1
2026-08-12 21:31:27,422 GateObservatory [XAUUSD/TIE_V4] Gate Detector: PASS | setup=B_SELL lot=0.01
2026-08-12 21:31:27,422 TIE_Production ExitOrchestrator adjusted SL/TP for B_SELL: new SL=4441.71 TP=4382.12 RR=2.60 (adj=False)
2026-08-12 21:31:27,422 TIE_Production Setup detected: B_SELL SELL conf=82%
2026-08-12 21:31:27,670 TIE_Production Dedup Time: skip B_SELL SELL XAUUSD (cooldown 13.2s < 60s)
2026-08-12 21:31:27,674 GateObservatory [XAUUSD/TIE_V4] Gate Dedup: FAIL | cooldown_13s
2026-08-12 21:31:28,378 TIE_Production MARKET REGIME: TRENDING (strength=68) | SUGGESTED ENGINE: Aggressive
2026-08-12 21:31:28,380 StrategyManager Strategy semi_hft_c8_v4 returned WAIT: no_setup:no_structural_setup
2026-08-12 21:31:28,380 StrategyManager Strategy aggressive_v1 returned WAIT: no_setup:no_structural_setup
2026-08-12 21:31:28,382 BystraStrategy Bystra best detector: THREE_CANDLE conf=82% dir=SELL
2026-08-12 21:31:28,382 MultiStrategyRuntime Scan 2.6ms — strategies=3 signals=1 dir=sell source=bystra_v1
2026-08-12 21:31:28,386 GateObservatory [XAUUSD/TIE_V4] Gate Detector: PASS | setup=B_SELL lot=0.01
2026-08-12 21:31:28,387 TIE_Production ExitOrchestrator adjusted SL/TP for B_SELL: new SL=4441.71 TP=4382.12 RR=2.60 (adj=False)
2026-08-12 21:31:28,387 TIE_Production Setup detected: B_SELL SELL conf=82%
2026-08-12 21:31:28,412 TIE_Production Dedup Time: skip B_SELL SELL XAUUSD (cooldown 12.1s < 60s)
2026-08-12 21:31:28,419 GateObservatory [XAUUSD/TIE_V4] Gate Dedup: FAIL | cooldown_12s
2026-08-12 21:31:38,449 TIE_Production --- Scanning XAUUSD ---
2026-08-12 21:31:39,230 TIE_Production --- Scanning XAUUSD ---
2026-08-12 21:31:39,488 TIE_Production MARKET REGIME: TRENDING (strength=66) | SUGGESTED ENGINE: Aggressive
2026-08-12 21:31:39,490 strategies.semi_hft.strategy [LIQ_VACUUM] GOOD clear_path_down dir=SELL
2026-08-12 21:31:39,490 strategies.semi_hft.strategy [ZSCORE] zscore_ok z=-0.04
2026-08-12 21:31:39,491 strategies.semi_hft.strategy [PULLBACK] trend_follow_DOWN_m5_gas_ok | M15=DOWN
2026-08-12 21:31:39,491 StrategyManager Strategy semi_hft_c8_v4 returned WAIT: macd:macd_up_sell_blocked macd=0.02 sig=0.01
2026-08-12 21:31:39,492 StrategyManager Strategy aggressive_v1 returned WAIT: tl_guard:NO_SELL_BREAK
2026-08-12 21:31:39,494 BystraStrategy Bystra best detector: THREE_CANDLE conf=82% dir=SELL
2026-08-12 21:31:39,494 MultiStrategyRuntime Scan 4.8ms — strategies=3 signals=1 dir=sell source=bystra_v1
2026-08-12 21:31:39,499 GateObservatory [XAUUSD/TIE_V4] Gate Detector: PASS | setup=B_SELL lot=0.01
2026-08-12 21:31:39,499 TIE_Production ExitOrchestrator adjusted SL/TP for B_SELL: new SL=4441.71 TP=4382.12 RR=2.91 (adj=False)
2026-08-12 21:31:39,500 TIE_Production Setup detected: B_SELL SELL conf=82%
2026-08-12 21:31:39,529 TIE_Production Dedup Time: skip B_SELL SELL XAUUSD (cooldown 25.1s < 60s)
2026-08-12 21:31:39,535 GateObservatory [XAUUSD/TIE_V4] Gate Dedup: FAIL | cooldown_25s
2026-08-12 21:31:40,093 TIE_Production MARKET REGIME: TRENDING (strength=64) | SUGGESTED ENGINE: Aggressive
2026-08-12 21:31:40,094 StrategyManager Strategy semi_hft_c8_v4 returned WAIT: no_setup:no_structural_setup
2026-08-12 21:31:40,094 StrategyManager Strategy aggressive_v1 returned WAIT: no_setup:no_structural_setup
2026-08-12 21:31:40,096 BystraStrategy Bystra best detector: THREE_CANDLE conf=82% dir=SELL
2026-08-12 21:31:40,096 MultiStrategyRuntime Scan 2.9ms — strategies=3 signals=1 dir=sell source=bystra_v1
2026-08-12 21:31:40,100 GateObservatory [XAUUSD/TIE_V4] Gate Detector: PASS | setup=B_SELL lot=0.01
2026-08-12 21:31:40,100 TIE_Production ExitOrchestrator adjusted SL/TP for B_SELL: new SL=4441.71 TP=4382.12 RR=3.03 (adj=False)
2026-08-12 21:31:40,101 TIE_Production Setup detected: B_SELL SELL conf=82%
2026-08-12 21:31:40,122 TIE_Production Dedup Time: skip B_SELL SELL XAUUSD (cooldown 23.8s < 60s)
2026-08-12 21:31:40,126 GateObservatory [XAUUSD/TIE_V4] Gate Dedup: FAIL | cooldown_23s
2026-08-12 21:31:50,397 TIE_Production --- Scanning XAUUSD ---
2026-08-12 21:31:50,880 TIE_Production --- Scanning XAUUSD ---
2026-08-12 21:31:51,763 TIE_Production MARKET REGIME: TRENDING (strength=63) | SUGGESTED ENGINE: Aggressive
2026-08-12 21:31:51,764 StrategyManager Strategy semi_hft_c8_v4 returned WAIT: no_setup:no_structural_setup
2026-08-12 21:31:51,764 StrategyManager Strategy aggressive_v1 returned WAIT: no_setup:no_structural_setup
2026-08-12 21:31:51,766 BystraStrategy Bystra best detector: THREE_CANDLE conf=82% dir=SELL
2026-08-12 21:31:51,766 MultiStrategyRuntime Scan 2.6ms — strategies=3 signals=1 dir=sell source=bystra_v1
2026-08-12 21:31:51,771 GateObservatory [XAUUSD/TIE_V4] Gate Detector: PASS | setup=B_SELL lot=0.01
2026-08-12 21:31:51,771 TIE_Production ExitOrchestrator adjusted SL/TP for B_SELL: new SL=4441.71 TP=4382.12 RR=3.08 (adj=False)
2026-08-12 21:31:51,772 TIE_Production Setup detected: B_SELL SELL conf=82%
2026-08-12 21:31:51,785 TIE_Production MARKET REGIME: TRENDING (strength=63) | SUGGESTED ENGINE: Aggressive
2026-08-12 21:31:51,786 strategies.semi_hft.strategy [LIQ_VACUUM] GOOD clear_path_down dir=SELL
2026-08-12 21:31:51,786 strategies.semi_hft.strategy [ZSCORE] zscore_ok z=0.08
2026-08-12 21:31:51,786 strategies.semi_hft.strategy [PULLBACK] trend_follow_DOWN_m5_gas_ok | M15=DOWN
2026-08-12 21:31:51,787 StrategyManager Strategy semi_hft_c8_v4 returned WAIT: macd:macd_up_sell_blocked macd=0.09 sig=0.08
2026-08-12 21:31:51,787 StrategyManager Strategy aggressive_v1 returned WAIT: tl_guard:NO_SELL_BREAK
2026-08-12 21:31:51,789 BystraStrategy Bystra best detector: THREE_CANDLE conf=82% dir=SELL
2026-08-12 21:31:51,789 MultiStrategyRuntime Scan 3.3ms — strategies=3 signals=1 dir=sell source=bystra_v1
2026-08-12 21:31:51,792 TIE_Production Dedup Time: skip B_SELL SELL XAUUSD (cooldown 35.5s < 60s)
2026-08-12 21:31:51,795 GateObservatory [XAUUSD/TIE_V4] Gate Detector: PASS | setup=B_SELL lot=0.01
2026-08-12 21:31:51,795 TIE_Production ExitOrchestrator adjusted SL/TP for B_SELL: new SL=4441.71 TP=4382.12 RR=3.14 (adj=False)
2026-08-12 21:31:51,795 TIE_Production Setup detected: B_SELL SELL conf=82%
2026-08-12 21:31:51,799 GateObservatory [XAUUSD/TIE_V4] Gate Dedup: FAIL | cooldown_35s
2026-08-12 21:31:53,032 TIE_Production Dedup Time: skip B_SELL SELL XAUUSD (cooldown 38.6s < 60s)
2026-08-12 21:31:53,036 GateObservatory [XAUUSD/TIE_V4] Gate Dedup: FAIL | cooldown_38s
2026-08-12 21:32:02,635 TIE_Production --- Scanning XAUUSD ---
2026-08-12 21:32:03,767 TIE_Production MARKET REGIME: TRENDING (strength=66) | SUGGESTED ENGINE: Aggressive
2026-08-12 21:32:03,769 StrategyManager Strategy semi_hft_c8_v4 returned WAIT: no_setup:no_structural_setup
2026-08-12 21:32:03,769 StrategyManager Strategy aggressive_v1 returned WAIT: no_setup:no_structural_setup
2026-08-12 21:32:03,770 BystraStrategy Bystra best detector: THREE_CANDLE conf=82% dir=SELL
2026-08-12 21:32:03,771 MultiStrategyRuntime Scan 2.6ms — strategies=3 signals=1 dir=sell source=bystra_v1
2026-08-12 21:32:03,775 GateObservatory [XAUUSD/TIE_V4] Gate Detector: PASS | setup=B_SELL lot=0.01
2026-08-12 21:32:03,775 TIE_Production ExitOrchestrator adjusted SL/TP for B_SELL: new SL=4441.71 TP=4382.12 RR=2.91 (adj=False)
2026-08-12 21:32:03,775 TIE_Production Setup detected: B_SELL SELL conf=82%
2026-08-12 21:32:03,914 TIE_Production --- Scanning XAUUSD ---
2026-08-12 21:32:04,931 TIE_Production MARKET REGIME: TRENDING (strength=64) | SUGGESTED ENGINE: Aggressive
2026-08-12 21:32:04,932 strategies.semi_hft.strategy [LIQ_VACUUM] GOOD clear_path_down dir=SELL
2026-08-12 21:32:04,932 strategies.semi_hft.strategy [ZSCORE] zscore_ok z=0.04
2026-08-12 21:32:04,932 strategies.semi_hft.strategy [PULLBACK] trend_follow_DOWN_m5_gas_ok | M15=DOWN
2026-08-12 21:32:04,932 StrategyManager Strategy semi_hft_c8_v4 returned WAIT: macd:macd_up_sell_blocked macd=0.06 sig=0.05
2026-08-12 21:32:04,933 StrategyManager Strategy aggressive_v1 returned WAIT: tl_guard:NO_SELL_BREAK
2026-08-12 21:32:04,935 BystraStrategy Bystra best detector: THREE_CANDLE conf=82% dir=SELL
2026-08-12 21:32:04,936 MultiStrategyRuntime Scan 4.2ms — strategies=3 signals=1 dir=sell source=bystra_v1
2026-08-12 21:32:04,942 GateObservatory [XAUUSD/TIE_V4] Gate Detector: PASS | setup=B_SELL lot=0.01
2026-08-12 21:32:04,942 TIE_Production ExitOrchestrator adjusted SL/TP for B_SELL: new SL=4441.71 TP=4382.12 RR=3.18 (adj=False)
2026-08-12 21:32:04,943 TIE_Production Setup detected: B_SELL SELL conf=82%
2026-08-12 21:32:04,951 TIE_Production Dedup Time: skip B_SELL SELL XAUUSD (cooldown 48.7s < 60s)
2026-08-12 21:32:04,956 GateObservatory [XAUUSD/TIE_V4] Gate Dedup: FAIL | cooldown_48s
2026-08-12 21:32:05,590 TIE_Production Dedup Time: skip B_SELL SELL XAUUSD (cooldown 51.2s < 60s)
2026-08-12 21:32:05,595 GateObservatory [XAUUSD/TIE_V4] Gate Dedup: FAIL | cooldown_51s
2026-08-12 21:32:15,711 TIE_Production --- Scanning XAUUSD ---
2026-08-12 21:32:16,478 TIE_Production --- Scanning XAUUSD ---
2026-08-12 21:32:16,532 TIE_Production MARKET REGIME: TRENDING (strength=64) | SUGGESTED ENGINE: Aggressive
2026-08-12 21:32:16,533 StrategyManager Strategy semi_hft_c8_v4 returned WAIT: no_setup:no_structural_setup
2026-08-12 21:32:16,533 StrategyManager Strategy aggressive_v1 returned WAIT: no_setup:no_structural_setup
2026-08-12 21:32:16,535 BystraStrategy Bystra best detector: THREE_CANDLE conf=82% dir=SELL
2026-08-12 21:32:16,535 MultiStrategyRuntime Scan 2.9ms — strategies=3 signals=1 dir=sell source=bystra_v1
2026-08-12 21:32:16,543 GateObservatory [XAUUSD/TIE_V4] Gate Detector: PASS | setup=B_SELL lot=0.01
2026-08-12 21:32:16,543 TIE_Production ExitOrchestrator adjusted SL/TP for B_SELL: new SL=4441.71 TP=4382.12 RR=3.06 (adj=False)
2026-08-12 21:32:16,543 TIE_Production Setup detected: B_SELL SELL conf=82%
2026-08-12 21:32:16,561 TIE_Production Risk Gate: ✅ PASS — XAUUSD
2026-08-12 21:32:16,566 GateObservatory [XAUUSD/TIE_V4] Gate RiskGate: PASS | all rules approve
2026-08-12 21:32:16,690 TIE_Production ✅ ORDER EXECUTED: XAUUSD SELL 0.01 lot | SL=4441.712 TP=4382.117 ticket=3627534367
2026-08-12 21:32:16,695 GateObservatory [XAUUSD/TIE_V4] Gate Execution: PASS | order placed ticket=3627534367
2026-08-12 21:32:17,527 TIE_Production MARKET REGIME: TRENDING (strength=64) | SUGGESTED ENGINE: Aggressive
2026-08-12 21:32:17,529 strategies.semi_hft.strategy [LIQ_VACUUM] GOOD clear_path_down dir=SELL
2026-08-12 21:32:17,529 strategies.semi_hft.strategy [ZSCORE] zscore_ok z=0.04
2026-08-12 21:32:17,529 strategies.semi_hft.strategy [PULLBACK] trend_follow_DOWN_m5_gas_ok | M15=DOWN
2026-08-12 21:32:17,529 StrategyManager Strategy semi_hft_c8_v4 returned WAIT: macd:macd_up_sell_blocked macd=0.07 sig=0.06
2026-08-12 21:32:17,530 StrategyManager Strategy aggressive_v1 returned WAIT: tl_guard:NO_SELL_BREAK
2026-08-12 21:32:17,531 BystraStrategy Bystra best detector: THREE_CANDLE conf=82% dir=SELL
2026-08-12 21:32:17,531 MultiStrategyRuntime Scan 2.9ms — strategies=3 signals=1 dir=sell source=bystra_v1
2026-08-12 21:32:17,536 GateObservatory [XAUUSD/TIE_V4] Gate Detector: PASS | setup=B_SELL lot=0.01
2026-08-12 21:32:17,536 TIE_Production ExitOrchestrator adjusted SL/TP for B_SELL: new SL=4441.71 TP=4382.12 RR=3.16 (adj=False)
2026-08-12 21:32:17,536 TIE_Production Setup detected: B_SELL SELL conf=82%
2026-08-12 21:32:17,558 TIE_Production Risk Gate: ✅ PASS — XAUUSD
2026-08-12 21:32:17,562 GateObservatory [XAUUSD/TIE_V4] Gate RiskGate: PASS | all rules approve
2026-08-12 21:32:17,709 TIE_Production ✅ ORDER EXECUTED: XAUUSD SELL 0.01 lot | SL=4441.712 TP=4382.117 ticket=3627534472
2026-08-12 21:32:17,713 GateObservatory [XAUUSD/TIE_V4] Gate Execution: PASS | order placed ticket=3627534472
2026-08-12 21:32:27,660 TIE_Production --- Scanning XAUUSD ---
2026-08-12 21:32:28,569 TIE_Production --- Scanning XAUUSD ---
2026-08-12 21:32:29,399 TIE_Production MARKET REGIME: TRENDING (strength=67) | SUGGESTED ENGINE: Aggressive
2026-08-12 21:32:29,400 StrategyManager Strategy semi_hft_c8_v4 returned WAIT: no_setup:no_structural_setup
2026-08-12 21:32:29,401 StrategyManager Strategy aggressive_v1 returned WAIT: no_setup:no_structural_setup
2026-08-12 21:32:29,402 BystraStrategy Bystra best detector: THREE_CANDLE conf=82% dir=SELL
2026-08-12 21:32:29,402 MultiStrategyRuntime Scan 2.5ms — strategies=3 signals=1 dir=sell source=bystra_v1
2026-08-12 21:32:29,406 GateObservatory [XAUUSD/TIE_V4] Gate Detector: PASS | setup=B_SELL lot=0.01
2026-08-12 21:32:29,406 TIE_Production ExitOrchestrator adjusted SL/TP for B_SELL: new SL=4441.71 TP=4382.12 RR=2.73 (adj=False)
2026-08-12 21:32:29,407 TIE_Production Setup detected: B_SELL SELL conf=82%
2026-08-12 21:32:29,427 TIE_Production Dedup Time: skip B_SELL SELL XAUUSD (cooldown 12.9s < 60s)
2026-08-12 21:32:29,434 GateObservatory [XAUUSD/TIE_V4] Gate Dedup: FAIL | cooldown_12s
2026-08-12 21:32:29,516 TIE_Production MARKET REGIME: TRENDING (strength=67) | SUGGESTED ENGINE: Aggressive
2026-08-12 21:32:29,517 strategies.semi_hft.strategy [LIQ_VACUUM] GOOD clear_path_down dir=SELL
2026-08-12 21:32:29,517 strategies.semi_hft.strategy [ZSCORE] zscore_ok z=-0.10
2026-08-12 21:32:29,517 strategies.semi_hft.strategy [PULLBACK] trend_follow_DOWN_m5_gas_ok | M15=DOWN
2026-08-12 21:32:29,517 strategies.semi_hft.strategy [MACD] macd_down_sell_ok macd=-0.02 sig=-0.02
2026-08-12 21:32:29,518 StrategyManager Strategy semi_hft_c8_v4 returned WAIT: entry_low:53
2026-08-12 21:32:29,518 StrategyManager Strategy aggressive_v1 returned WAIT: tl_guard:NO_SELL_BREAK
2026-08-12 21:32:29,520 BystraStrategy Bystra best detector: THREE_CANDLE conf=82% dir=SELL
2026-08-12 21:32:29,520 MultiStrategyRuntime Scan 3.2ms — strategies=3 signals=1 dir=sell source=bystra_v1
2026-08-12 21:32:29,525 GateObservatory [XAUUSD/TIE_V4] Gate Detector: PASS | setup=B_SELL lot=0.01
2026-08-12 21:32:29,525 TIE_Production ExitOrchestrator adjusted SL/TP for B_SELL: new SL=4441.71 TP=4382.12 RR=2.73 (adj=False)
2026-08-12 21:32:29,525 TIE_Production Setup detected: B_SELL SELL conf=82%
2026-08-12 21:32:29,547 TIE_Production Dedup Time: skip B_SELL SELL XAUUSD (cooldown 12.0s < 60s)
2026-08-12 21:32:29,552 GateObservatory [XAUUSD/TIE_V4] Gate Dedup: FAIL | cooldown_11s
2026-08-12 21:32:40,302 TIE_Production --- Scanning XAUUSD ---
2026-08-12 21:32:40,396 TIE_Production --- Scanning XAUUSD ---
2026-08-12 21:32:41,267 TIE_Production MARKET REGIME: TRENDING (strength=65) | SUGGESTED ENGINE: Aggressive
2026-08-12 21:32:41,269 strategies.semi_hft.strategy [LIQ_VACUUM] GOOD clear_path_down dir=SELL
2026-08-12 21:32:41,269 strategies.semi_hft.strategy [ZSCORE] zscore_ok z=0.01
2026-08-12 21:32:41,269 strategies.semi_hft.strategy [PULLBACK] trend_follow_DOWN_m5_gas_ok | M15=DOWN
2026-08-12 21:32:41,269 StrategyManager Strategy semi_hft_c8_v4 returned WAIT: macd:macd_up_sell_blocked macd=0.05 sig=0.04
2026-08-12 21:32:41,270 StrategyManager Strategy aggressive_v1 returned WAIT: tl_guard:NO_SELL_BREAK
2026-08-12 21:32:41,272 BystraStrategy Bystra best detector: THREE_CANDLE conf=82% dir=SELL
2026-08-12 21:32:41,273 MultiStrategyRuntime Scan 5.0ms — strategies=3 signals=1 dir=sell source=bystra_v1
2026-08-12 21:32:41,277 GateObservatory [XAUUSD/TIE_V4] Gate Detector: PASS | setup=B_SELL lot=0.01
2026-08-12 21:32:41,278 TIE_Production ExitOrchestrator adjusted SL/TP for B_SELL: new SL=4441.71 TP=4382.12 RR=2.75 (adj=False)
2026-08-12 21:32:41,278 TIE_Production Setup detected: B_SELL SELL conf=82%
2026-08-12 21:32:41,297 TIE_Production Dedup Time: skip B_SELL SELL XAUUSD (cooldown 23.7s < 60s)
2026-08-12 21:32:41,301 GateObservatory [XAUUSD/TIE_V4] Gate Dedup: FAIL | cooldown_23s
2026-08-12 21:32:41,339 TIE_Production MARKET REGIME: TRENDING (strength=65) | SUGGESTED ENGINE: Aggressive
2026-08-12 21:32:41,340 StrategyManager Strategy semi_hft_c8_v4 returned WAIT: no_setup:no_structural_setup
2026-08-12 21:32:41,341 StrategyManager Strategy aggressive_v1 returned WAIT: no_setup:no_structural_setup
2026-08-12 21:32:41,342 BystraStrategy Bystra best detector: THREE_CANDLE conf=82% dir=SELL
2026-08-12 21:32:41,344 MultiStrategyRuntime Scan 3.5ms — strategies=3 signals=1 dir=sell source=bystra_v1
2026-08-12 21:32:41,347 GateObservatory [XAUUSD/TIE_V4] Gate Detector: PASS | setup=B_SELL lot=0.01
2026-08-12 21:32:41,348 TIE_Production ExitOrchestrator adjusted SL/TP for B_SELL: new SL=4441.71 TP=4382.12 RR=2.77 (adj=False)
2026-08-12 21:32:41,348 TIE_Production Setup detected: B_SELL SELL conf=82%
2026-08-12 21:32:41,439 TIE_Production Dedup Time: skip B_SELL SELL XAUUSD (cooldown 24.9s < 60s)
2026-08-12 21:32:41,446 GateObservatory [XAUUSD/TIE_V4] Gate Dedup: FAIL | cooldown_24s
2026-08-12 21:32:52,141 TIE_Production --- Scanning XAUUSD ---
2026-08-12 21:32:52,220 TIE_Production --- Scanning XAUUSD ---
2026-08-12 21:32:53,431 TIE_Production MARKET REGIME: RANGING (strength=60) | SUGGESTED ENGINE: SemiHFT
2026-08-12 21:32:53,432 StrategyManager Strategy semi_hft_c8_v4 returned WAIT: no_setup:no_structural_setup
2026-08-12 21:32:53,432 StrategyManager Strategy aggressive_v1 returned WAIT: no_setup:no_structural_setup
2026-08-12 21:32:53,434 BystraStrategy Bystra best detector: THREE_CANDLE conf=82% dir=SELL
2026-08-12 21:32:53,434 MultiStrategyRuntime Scan 2.4ms — strategies=3 signals=1 dir=sell source=bystra_v1
2026-08-12 21:32:53,438 GateObservatory [XAUUSD/TIE_V4] Gate Detector: PASS | setup=B_SELL lot=0.01
2026-08-12 21:32:53,438 TIE_Production ExitOrchestrator adjusted SL/TP for B_SELL: new SL=4441.71 TP=4382.12 RR=3.23 (adj=False)
2026-08-12 21:32:53,438 TIE_Production Setup detected: B_SELL SELL conf=82%
2026-08-12 21:32:53,471 TIE_Production MAX_POSITIONS: skip B_SELL XAUUSD (strat=0 dir=3 max=3)
2026-08-12 21:32:53,475 GateObservatory [XAUUSD/TIE_V4] Gate MaxPositions: FAIL | dir=3 strat=0 max=3
2026-08-12 21:32:53,484 TIE_Production MARKET REGIME: RANGING (strength=60) | SUGGESTED ENGINE: SemiHFT
2026-08-12 21:32:53,486 strategies.semi_hft.strategy [LIQ_VACUUM] GOOD clear_path_down dir=SELL
2026-08-12 21:32:53,486 strategies.semi_hft.strategy [ZSCORE] zscore_ok z=0.13
2026-08-12 21:32:53,486 strategies.semi_hft.strategy [PULLBACK] trend_follow_DOWN_m5_gas_ok | M15=DOWN
2026-08-12 21:32:53,487 StrategyManager Strategy semi_hft_c8_v4 returned WAIT: macd:macd_up_sell_blocked macd=0.12 sig=0.11
2026-08-12 21:32:53,487 StrategyManager Strategy aggressive_v1 returned WAIT: tl_guard:NO_SELL_BREAK
2026-08-12 21:32:53,489 BystraStrategy Bystra best detector: THREE_CANDLE conf=82% dir=SELL
2026-08-12 21:32:53,490 MultiStrategyRuntime Scan 4.0ms — strategies=3 signals=1 dir=sell source=bystra_v1
2026-08-12 21:32:53,495 GateObservatory [XAUUSD/TIE_V4] Gate Detector: PASS | setup=B_SELL lot=0.01
2026-08-12 21:32:53,495 TIE_Production ExitOrchestrator adjusted SL/TP for B_SELL: new SL=4441.71 TP=4382.12 RR=3.23 (adj=False)
2026-08-12 21:32:53,495 TIE_Production Setup detected: B_SELL SELL conf=82%
2026-08-12 21:32:53,967 TIE_Production MAX_POSITIONS: skip B_SELL XAUUSD (strat=0 dir=3 max=3)
2026-08-12 21:32:53,973 GateObservatory [XAUUSD/TIE_V4] Gate MaxPositions: FAIL | dir=3 strat=0 max=3
2026-08-12 21:33:04,257 TIE_Production --- Scanning XAUUSD ---
2026-08-12 21:33:04,845 TIE_Production --- Scanning XAUUSD ---
2026-08-12 21:33:05,195 TIE_Production MARKET REGIME: RANGING (strength=60) | SUGGESTED ENGINE: SemiHFT
2026-08-12 21:33:05,196 StrategyManager Strategy semi_hft_c8_v4 returned WAIT: no_setup:no_structural_setup
2026-08-12 21:33:05,196 StrategyManager Strategy aggressive_v1 returned WAIT: no_setup:no_structural_setup
2026-08-12 21:33:05,198 BystraStrategy Bystra best detector: THREE_CANDLE conf=82% dir=SELL
2026-08-12 21:33:05,198 MultiStrategyRuntime Scan 2.7ms — strategies=3 signals=1 dir=sell source=bystra_v1
2026-08-12 21:33:05,204 GateObservatory [XAUUSD/TIE_V4] Gate Detector: PASS | setup=B_SELL lot=0.01
2026-08-12 21:33:05,204 TIE_Production ExitOrchestrator adjusted SL/TP for B_SELL: new SL=4441.71 TP=4382.12 RR=3.46 (adj=False)
2026-08-12 21:33:05,204 TIE_Production Setup detected: B_SELL SELL conf=82%
2026-08-12 21:33:05,235 TIE_Production MAX_POSITIONS: skip B_SELL XAUUSD (strat=0 dir=3 max=3)
2026-08-12 21:33:05,238 GateObservatory [XAUUSD/TIE_V4] Gate MaxPositions: FAIL | dir=3 strat=0 max=3
2026-08-12 21:33:05,930 TIE_Production MARKET REGIME: RANGING (strength=60) | SUGGESTED ENGINE: SemiHFT
2026-08-12 21:33:05,931 strategies.semi_hft.strategy [LIQ_VACUUM] GOOD clear_path_up dir=BUY
2026-08-12 21:33:05,931 strategies.semi_hft.strategy [ZSCORE] zscore_ok z=0.21
2026-08-12 21:33:05,931 StrategyManager Strategy semi_hft_c8_v4 returned WAIT: pullback:counter_trend_not_in_fibo dir=BUY m15=DOWN price=4428.46 H=4441.46 L=4382.12
2026-08-12 21:33:05,932 StrategyManager Strategy aggressive_v1 returned WAIT: tl_guard:NO_SELL_BREAK
2026-08-12 21:33:05,933 BystraStrategy Bystra best detector: THREE_CANDLE conf=82% dir=SELL
2026-08-12 21:33:05,934 MultiStrategyRuntime Scan 3.0ms — strategies=3 signals=1 dir=sell source=bystra_v1
2026-08-12 21:33:05,939 GateObservatory [XAUUSD/TIE_V4] Gate Detector: PASS | setup=B_SELL lot=0.01
2026-08-12 21:33:05,939 TIE_Production ExitOrchestrator adjusted SL/TP for B_SELL: new SL=4441.71 TP=4382.12 RR=3.50 (adj=False)
2026-08-12 21:33:05,939 TIE_Production Setup detected: B_SELL SELL conf=82%
2026-08-12 21:33:06,554 TIE_Production MAX_POSITIONS: skip B_SELL XAUUSD (strat=0 dir=3 max=3)
2026-08-12 21:33:06,558 GateObservatory [XAUUSD/TIE_V4] Gate MaxPositions: FAIL | dir=3 strat=0 max=3
2026-08-12 21:33:16,193 TIE_Production --- Scanning XAUUSD ---
2026-08-12 21:33:17,256 TIE_Production MARKET REGIME: RANGING (strength=60) | SUGGESTED ENGINE: SemiHFT
2026-08-12 21:33:17,258 StrategyManager Strategy semi_hft_c8_v4 returned WAIT: no_setup:no_structural_setup
2026-08-12 21:33:17,258 StrategyManager Strategy aggressive_v1 returned WAIT: no_setup:no_structural_setup
2026-08-12 21:33:17,261 BystraStrategy Bystra best detector: THREE_CANDLE conf=82% dir=SELL
2026-08-12 21:33:17,261 MultiStrategyRuntime Scan 3.8ms — strategies=3 signals=1 dir=sell source=bystra_v1
2026-08-12 21:33:17,267 GateObservatory [XAUUSD/TIE_V4] Gate Detector: PASS | setup=B_SELL lot=0.01
2026-08-12 21:33:17,267 TIE_Production ExitOrchestrator adjusted SL/TP for B_SELL: new SL=4441.71 TP=4382.12 RR=3.42 (adj=False)
2026-08-12 21:33:17,267 TIE_Production Setup detected: B_SELL SELL conf=82%
2026-08-12 21:33:17,288 TIE_Production MAX_POSITIONS: skip B_SELL XAUUSD (strat=0 dir=3 max=3)
2026-08-12 21:33:17,295 GateObservatory [XAUUSD/TIE_V4] Gate MaxPositions: FAIL | dir=3 strat=0 max=3
2026-08-12 21:33:17,352 TIE_Production --- Scanning XAUUSD ---
2026-08-12 21:33:18,252 TIE_Production MARKET REGIME: RANGING (strength=60) | SUGGESTED ENGINE: SemiHFT
2026-08-12 21:33:18,254 strategies.semi_hft.strategy [LIQ_VACUUM] GOOD clear_path_up dir=BUY
2026-08-12 21:33:18,254 strategies.semi_hft.strategy [ZSCORE] zscore_ok z=0.19
2026-08-12 21:33:18,254 StrategyManager Strategy semi_hft_c8_v4 returned WAIT: pullback:counter_trend_not_in_fibo dir=BUY m15=DOWN price=4428.33 H=4441.46 L=4382.12
2026-08-12 21:33:18,254 StrategyManager Strategy aggressive_v1 returned WAIT: tl_guard:NO_SELL_BREAK
2026-08-12 21:33:18,256 BystraStrategy Bystra best detector: THREE_CANDLE conf=82% dir=SELL
2026-08-12 21:33:18,256 MultiStrategyRuntime Scan 3.2ms — strategies=3 signals=1 dir=sell source=bystra_v1
2026-08-12 21:33:18,261 GateObservatory [XAUUSD/TIE_V4] Gate Detector: PASS | setup=B_SELL lot=0.01
2026-08-12 21:33:18,261 TIE_Production ExitOrchestrator adjusted SL/TP for B_SELL: new SL=4441.71 TP=4382.12 RR=3.45 (adj=False)
2026-08-12 21:33:18,261 TIE_Production Setup detected: B_SELL SELL conf=82%
2026-08-12 21:33:18,290 TIE_Production MAX_POSITIONS: skip B_SELL XAUUSD (strat=0 dir=3 max=3)
2026-08-12 21:33:18,293 GateObservatory [XAUUSD/TIE_V4] Gate MaxPositions: FAIL | dir=3 strat=0 max=3
2026-08-12 21:33:28,141 TIE_Production --- Scanning XAUUSD ---
2026-08-12 21:33:29,288 TIE_Production --- Scanning XAUUSD ---
2026-08-12 21:33:29,983 TIE_Production MARKET REGIME: RANGING (strength=60) | SUGGESTED ENGINE: SemiHFT
2026-08-12 21:33:29,985 StrategyManager Strategy semi_hft_c8_v4 returned WAIT: no_setup:no_structural_setup
2026-08-12 21:33:29,985 StrategyManager Strategy aggressive_v1 returned WAIT: no_setup:no_structural_setup
2026-08-12 21:33:29,986 BystraStrategy Bystra best detector: THREE_CANDLE conf=82% dir=SELL
2026-08-12 21:33:29,987 MultiStrategyRuntime Scan 2.7ms — strategies=3 signals=1 dir=sell source=bystra_v1
2026-08-12 21:33:29,991 GateObservatory [XAUUSD/TIE_V4] Gate Detector: PASS | setup=B_SELL lot=0.01
2026-08-12 21:33:29,991 TIE_Production ExitOrchestrator adjusted SL/TP for B_SELL: new SL=4441.71 TP=4382.12 RR=3.56 (adj=False)
2026-08-12 21:33:29,992 TIE_Production Setup detected: B_SELL SELL conf=82%
2026-08-12 21:33:30,012 TIE_Production MAX_POSITIONS: skip B_SELL XAUUSD (strat=0 dir=3 max=3)
2026-08-12 21:33:30,015 GateObservatory [XAUUSD/TIE_V4] Gate MaxPositions: FAIL | dir=3 strat=0 max=3
2026-08-12 21:33:30,244 TIE_Production MARKET REGIME: RANGING (strength=60) | SUGGESTED ENGINE: SemiHFT
2026-08-12 21:33:30,245 strategies.semi_hft.strategy [LIQ_VACUUM] GOOD clear_path_up dir=BUY
2026-08-12 21:33:30,245 strategies.semi_hft.strategy [ZSCORE] zscore_ok z=0.25
2026-08-12 21:33:30,245 StrategyManager Strategy semi_hft_c8_v4 returned WAIT: pullback:counter_trend_not_in_fibo dir=BUY m15=DOWN price=4428.26 H=4441.46 L=4382.12
2026-08-12 21:33:30,246 StrategyManager Strategy aggressive_v1 returned WAIT: tl_guard:NO_SELL_BREAK
2026-08-12 21:33:30,247 BystraStrategy Bystra best detector: THREE_CANDLE conf=82% dir=SELL
2026-08-12 21:33:30,248 MultiStrategyRuntime Scan 3.0ms — strategies=3 signals=1 dir=sell source=bystra_v1
2026-08-12 21:33:30,254 GateObservatory [XAUUSD/TIE_V4] Gate Detector: PASS | setup=B_SELL lot=0.01
2026-08-12 21:33:30,254 TIE_Production ExitOrchestrator adjusted SL/TP for B_SELL: new SL=4441.71 TP=4382.12 RR=3.43 (adj=False)
2026-08-12 21:33:30,255 TIE_Production Setup detected: B_SELL SELL conf=82%
2026-08-12 21:33:30,271 TIE_Production MAX_POSITIONS: skip B_SELL XAUUSD (strat=0 dir=3 max=3)
2026-08-12 21:33:30,275 GateObservatory [XAUUSD/TIE_V4] Gate MaxPositions: FAIL | dir=3 strat=0 max=3
2026-08-12 21:33:40,867 TIE_Production --- Scanning XAUUSD ---
2026-08-12 21:33:41,099 TIE_Production --- Scanning XAUUSD ---
2026-08-12 21:33:41,836 TIE_Production MARKET REGIME: RANGING (strength=60) | SUGGESTED ENGINE: SemiHFT
2026-08-12 21:33:41,838 StrategyManager Strategy semi_hft_c8_v4 returned WAIT: no_setup:no_structural_setup
2026-08-12 21:33:41,838 StrategyManager Strategy aggressive_v1 returned WAIT: no_setup:no_structural_setup
2026-08-12 21:33:41,840 BystraStrategy Bystra best detector: THREE_CANDLE conf=82% dir=SELL
2026-08-12 21:33:41,841 MultiStrategyRuntime Scan 3.9ms — strategies=3 signals=1 dir=sell source=bystra_v1
2026-08-12 21:33:41,848 GateObservatory [XAUUSD/TIE_V4] Gate Detector: PASS | setup=B_SELL lot=0.01
2026-08-12 21:33:41,848 TIE_Production ExitOrchestrator adjusted SL/TP for B_SELL: new SL=4441.71 TP=4382.12 RR=3.56 (adj=False)
2026-08-12 21:33:41,849 TIE_Production Setup detected: B_SELL SELL conf=82%
2026-08-12 21:33:41,874 TIE_Production MAX_POSITIONS: skip B_SELL XAUUSD (strat=0 dir=3 max=3)
2026-08-12 21:33:41,878 GateObservatory [XAUUSD/TIE_V4] Gate MaxPositions: FAIL | dir=3 strat=0 max=3
2026-08-12 21:33:42,471 TIE_Production MARKET REGIME: RANGING (strength=60) | SUGGESTED ENGINE: SemiHFT
2026-08-12 21:33:42,472 strategies.semi_hft.strategy [LIQ_VACUUM] GOOD clear_path_up dir=BUY
2026-08-12 21:33:42,473 strategies.semi_hft.strategy [ZSCORE] zscore_ok z=0.27
2026-08-12 21:33:42,473 StrategyManager Strategy semi_hft_c8_v4 returned WAIT: pullback:counter_trend_not_in_fibo dir=BUY m15=DOWN price=4428.65 H=4441.46 L=4382.12
2026-08-12 21:33:42,473 StrategyManager Strategy aggressive_v1 returned WAIT: tl_guard:NO_SELL_BREAK
2026-08-12 21:33:42,475 BystraStrategy Bystra best detector: THREE_CANDLE conf=82% dir=SELL
2026-08-12 21:33:42,475 MultiStrategyRuntime Scan 3.0ms — strategies=3 signals=1 dir=sell source=bystra_v1
2026-08-12 21:33:42,480 GateObservatory [XAUUSD/TIE_V4] Gate Detector: PASS | setup=B_SELL lot=0.01
2026-08-12 21:33:42,480 TIE_Production ExitOrchestrator adjusted SL/TP for B_SELL: new SL=4441.71 TP=4382.12 RR=3.56 (adj=False)
2026-08-12 21:33:42,480 TIE_Production Setup detected: B_SELL SELL conf=82%
2026-08-12 21:33:42,513 TIE_Production MAX_POSITIONS: skip B_SELL XAUUSD (strat=0 dir=3 max=3)
2026-08-12 21:33:42,517 GateObservatory [XAUUSD/TIE_V4] Gate MaxPositions: FAIL | dir=3 strat=0 max=3
2026-08-12 21:33:52,624 TIE_Production --- Scanning XAUUSD ---
2026-08-12 21:33:53,278 TIE_Production --- Scanning XAUUSD ---
2026-08-12 21:33:54,160 TIE_Production MARKET REGIME: RANGING (strength=60) | SUGGESTED ENGINE: SemiHFT
2026-08-12 21:33:54,162 strategies.semi_hft.strategy [LIQ_VACUUM] GOOD clear_path_up dir=BUY
2026-08-12 21:33:54,162 strategies.semi_hft.strategy [ZSCORE] zscore_ok z=0.14
2026-08-12 21:33:54,162 StrategyManager Strategy semi_hft_c8_v4 returned WAIT: pullback:counter_trend_not_in_fibo dir=BUY m15=DOWN price=4427.78 H=4441.46 L=4382.12
2026-08-12 21:33:54,162 StrategyManager Strategy aggressive_v1 returned WAIT: tl_guard:NO_SELL_BREAK
2026-08-12 21:33:54,164 BystraStrategy Bystra best detector: THREE_CANDLE conf=82% dir=SELL
2026-08-12 21:33:54,165 MultiStrategyRuntime Scan 3.4ms — strategies=3 signals=1 dir=sell source=bystra_v1
2026-08-12 21:33:54,170 GateObservatory [XAUUSD/TIE_V4] Gate Detector: PASS | setup=B_SELL lot=0.01
2026-08-12 21:33:54,170 TIE_Production ExitOrchestrator adjusted SL/TP for B_SELL: new SL=4441.71 TP=4382.12 RR=3.28 (adj=False)
2026-08-12 21:33:54,170 TIE_Production Setup detected: B_SELL SELL conf=82%
2026-08-12 21:33:54,186 TIE_Production MARKET REGIME: RANGING (strength=60) | SUGGESTED ENGINE: SemiHFT
2026-08-12 21:33:54,188 StrategyManager Strategy semi_hft_c8_v4 returned WAIT: no_setup:no_structural_setup
2026-08-12 21:33:54,188 StrategyManager Strategy aggressive_v1 returned WAIT: no_setup:no_structural_setup
2026-08-12 21:33:54,190 BystraStrategy Bystra best detector: THREE_CANDLE conf=82% dir=SELL
2026-08-12 21:33:54,190 MultiStrategyRuntime Scan 2.7ms — strategies=3 signals=1 dir=sell source=bystra_v1
2026-08-12 21:33:54,196 GateObservatory [XAUUSD/TIE_V4] Gate Detector: PASS | setup=B_SELL lot=0.01
2026-08-12 21:33:54,196 TIE_Production ExitOrchestrator adjusted SL/TP for B_SELL: new SL=4441.71 TP=4382.12 RR=3.28 (adj=False)
2026-08-12 21:33:54,196 TIE_Production Setup detected: B_SELL SELL conf=82%
2026-08-12 21:33:54,203 TIE_Production MAX_POSITIONS: skip B_SELL XAUUSD (strat=0 dir=3 max=3)
2026-08-12 21:33:54,209 GateObservatory [XAUUSD/TIE_V4] Gate MaxPositions: FAIL | dir=3 strat=0 max=3
2026-08-12 21:33:54,213 TIE_Production MAX_POSITIONS: skip B_SELL XAUUSD (strat=0 dir=3 max=3)
2026-08-12 21:33:54,221 GateObservatory [XAUUSD/TIE_V4] Gate MaxPositions: FAIL | dir=3 strat=0 max=3
2026-08-12 21:34:05,154 TIE_Production --- Scanning XAUUSD ---
2026-08-12 21:34:05,160 TIE_Production --- Scanning XAUUSD ---
2026-08-12 21:34:06,134 TIE_Production MARKET REGIME: TRENDING (strength=63) | SUGGESTED ENGINE: Aggressive
2026-08-12 21:34:06,135 StrategyManager Strategy semi_hft_c8_v4 returned WAIT: no_setup:no_structural_setup
2026-08-12 21:34:06,135 StrategyManager Strategy aggressive_v1 returned WAIT: no_setup:no_structural_setup
2026-08-12 21:34:06,137 BystraStrategy Bystra best detector: THREE_CANDLE conf=82% dir=SELL
2026-08-12 21:34:06,137 MultiStrategyRuntime Scan 2.6ms — strategies=3 signals=1 dir=sell source=bystra_v1
2026-08-12 21:34:06,144 GateObservatory [XAUUSD/TIE_V4] Gate Detector: PASS | setup=B_SELL lot=0.01
2026-08-12 21:34:06,144 TIE_Production ExitOrchestrator adjusted SL/TP for B_SELL: new SL=4441.71 TP=4382.12 RR=3.14 (adj=False)
2026-08-12 21:34:06,144 TIE_Production Setup detected: B_SELL SELL conf=82%
2026-08-12 21:34:06,169 TIE_Production Risk Gate: ✅ PASS — XAUUSD
2026-08-12 21:34:06,177 GateObservatory [XAUUSD/TIE_V4] Gate RiskGate: PASS | all rules approve
2026-08-12 21:34:06,249 TIE_Production MARKET REGIME: TRENDING (strength=63) | SUGGESTED ENGINE: Aggressive
2026-08-12 21:34:06,251 strategies.semi_hft.strategy [LIQ_VACUUM] GOOD clear_path_down dir=SELL
2026-08-12 21:34:06,251 strategies.semi_hft.strategy [ZSCORE] zscore_ok z=0.07
2026-08-12 21:34:06,251 strategies.semi_hft.strategy [PULLBACK] trend_follow_DOWN_m5_gas_ok | M15=DOWN
2026-08-12 21:34:06,251 StrategyManager Strategy semi_hft_c8_v4 returned WAIT: macd:macd_up_sell_blocked macd=0.08 sig=0.08
2026-08-12 21:34:06,252 StrategyManager Strategy aggressive_v1 returned WAIT: tl_guard:NO_SELL_BREAK
2026-08-12 21:34:06,253 BystraStrategy Bystra best detector: THREE_CANDLE conf=82% dir=SELL
2026-08-12 21:34:06,253 MultiStrategyRuntime Scan 3.1ms — strategies=3 signals=1 dir=sell source=bystra_v1
2026-08-12 21:34:06,257 GateObservatory [XAUUSD/TIE_V4] Gate Detector: PASS | setup=B_SELL lot=0.01
2026-08-12 21:34:06,257 TIE_Production ExitOrchestrator adjusted SL/TP for B_SELL: new SL=4441.71 TP=4382.12 RR=3.14 (adj=False)
2026-08-12 21:34:06,257 TIE_Production Setup detected: B_SELL SELL conf=82%
2026-08-12 21:34:06,276 TIE_Production Risk Gate: ✅ PASS — XAUUSD
2026-08-12 21:34:06,280 GateObservatory [XAUUSD/TIE_V4] Gate RiskGate: PASS | all rules approve
2026-08-12 21:34:06,314 hermes.trading.gateway_client Order rejected: Order rejected or execution failed | detail: 
2026-08-12 21:34:06,314 TIE_Production ❌ ORDER FAILED: Order not accepted
2026-08-12 21:34:06,319 GateObservatory [XAUUSD/TIE_V4] Gate Execution: FAIL | Order not accepted
2026-08-12 21:34:06,412 TIE_Production ✅ ORDER EXECUTED: XAUUSD SELL 0.01 lot | SL=4441.712 TP=4382.117 ticket=3627551030
2026-08-12 21:34:06,417 GateObservatory [XAUUSD/TIE_V4] Gate Execution: PASS | order placed ticket=3627551030
2026-08-12 21:34:17,432 TIE_Production --- Scanning XAUUSD ---
2026-08-12 21:34:17,438 TIE_Production --- Scanning XAUUSD ---
2026-08-12 21:34:18,442 TIE_Production MARKET REGIME: TRENDING (strength=66) | SUGGESTED ENGINE: Aggressive
2026-08-12 21:34:18,444 strategies.semi_hft.strategy [LIQ_VACUUM] GOOD clear_path_down dir=SELL
2026-08-12 21:34:18,444 strategies.semi_hft.strategy [ZSCORE] zscore_ok z=-0.03
2026-08-12 21:34:18,444 strategies.semi_hft.strategy [PULLBACK] trend_follow_DOWN_m5_gas_ok | M15=DOWN
2026-08-12 21:34:18,444 StrategyManager Strategy semi_hft_c8_v4 returned WAIT: macd:macd_up_sell_blocked macd=0.02 sig=0.02
2026-08-12 21:34:18,445 StrategyManager Strategy aggressive_v1 returned WAIT: tl_guard:NO_SELL_BREAK
2026-08-12 21:34:18,446 BystraStrategy Bystra best detector: THREE_CANDLE conf=82% dir=SELL
2026-08-12 21:34:18,447 MultiStrategyRuntime Scan 3.4ms — strategies=3 signals=1 dir=sell source=bystra_v1
2026-08-12 21:34:18,451 GateObservatory [XAUUSD/TIE_V4] Gate Detector: PASS | setup=B_SELL lot=0.01
2026-08-12 21:34:18,451 TIE_Production ExitOrchestrator adjusted SL/TP for B_SELL: new SL=4441.71 TP=4382.12 RR=2.92 (adj=False)
2026-08-12 21:34:18,451 TIE_Production Setup detected: B_SELL SELL conf=82%
2026-08-12 21:34:18,459 TIE_Production MARKET REGIME: TRENDING (strength=66) | SUGGESTED ENGINE: Aggressive
2026-08-12 21:34:18,461 StrategyManager Strategy semi_hft_c8_v4 returned WAIT: no_setup:no_structural_setup
2026-08-12 21:34:18,461 StrategyManager Strategy aggressive_v1 returned WAIT: no_setup:no_structural_setup
2026-08-12 21:34:18,464 BystraStrategy Bystra best detector: THREE_CANDLE conf=82% dir=SELL
2026-08-12 21:34:18,464 MultiStrategyRuntime Scan 3.7ms — strategies=3 signals=1 dir=sell source=bystra_v1
2026-08-12 21:34:18,472 GateObservatory [XAUUSD/TIE_V4] Gate Detector: PASS | setup=B_SELL lot=0.01
2026-08-12 21:34:18,472 TIE_Production ExitOrchestrator adjusted SL/TP for B_SELL: new SL=4441.71 TP=4382.12 RR=2.92 (adj=False)
2026-08-12 21:34:18,472 TIE_Production Setup detected: B_SELL SELL conf=82%
2026-08-12 21:34:19,054 TIE_Production Dedup Time: skip B_SELL SELL XAUUSD (cooldown 12.9s < 60s)
2026-08-12 21:34:19,058 GateObservatory [XAUUSD/TIE_V4] Gate Dedup: FAIL | cooldown_12s
2026-08-12 21:34:19,201 TIE_Production Dedup Time: skip B_SELL SELL XAUUSD (cooldown 12.9s < 60s)
2026-08-12 21:34:19,205 GateObservatory [XAUUSD/TIE_V4] Gate Dedup: FAIL | cooldown_12s
2026-08-12 21:34:30,018 TIE_Production --- Scanning XAUUSD ---
2026-08-12 21:34:30,125 TIE_Production --- Scanning XAUUSD ---
2026-08-12 21:34:32,125 TIE_Production MARKET REGIME: TRENDING (strength=71) | SUGGESTED ENGINE: Aggressive
2026-08-12 21:34:32,127 strategies.semi_hft.strategy [LIQ_VACUUM] GOOD clear_path_down dir=SELL
2026-08-12 21:34:32,128 strategies.semi_hft.strategy [ZSCORE] zscore_ok z=-0.27
2026-08-12 21:34:32,128 strategies.semi_hft.strategy [PULLBACK] trend_follow_DOWN_m5_gas_ok | M15=DOWN
2026-08-12 21:34:32,128 strategies.semi_hft.strategy [MACD] macd_down_sell_ok macd=-0.13 sig=-0.12
2026-08-12 21:34:32,128 StrategyManager Strategy semi_hft_c8_v4 returned WAIT: m5_guard:BLOCK_RANGE
2026-08-12 21:34:32,129 StrategyManager Strategy aggressive_v1 returned WAIT: tl_guard:NO_SELL_BREAK
2026-08-12 21:34:32,130 BystraStrategy Bystra best detector: THREE_CANDLE conf=82% dir=SELL
2026-08-12 21:34:32,131 MultiStrategyRuntime Scan 3.9ms — strategies=3 signals=1 dir=sell source=bystra_v1
2026-08-12 21:34:32,135 GateObservatory [XAUUSD/TIE_V4] Gate Detector: PASS | setup=B_SELL lot=0.01
2026-08-12 21:34:32,135 TIE_Production ExitOrchestrator adjusted SL/TP for B_SELL: new SL=4441.71 TP=4382.12 RR=2.45 (adj=False)
2026-08-12 21:34:32,135 TIE_Production Setup detected: B_SELL SELL conf=82%
2026-08-12 21:34:32,150 TIE_Production Dedup Time: skip B_SELL SELL XAUUSD (cooldown 25.9s < 60s)
2026-08-12 21:34:32,154 GateObservatory [XAUUSD/TIE_V4] Gate Dedup: FAIL | cooldown_25s
2026-08-12 21:34:32,171 TIE_Production MARKET REGIME: TRENDING (strength=71) | SUGGESTED ENGINE: Aggressive
2026-08-12 21:34:32,173 StrategyManager Strategy semi_hft_c8_v4 returned WAIT: no_setup:no_structural_setup
2026-08-12 21:34:32,174 StrategyManager Strategy aggressive_v1 returned WAIT: no_setup:no_structural_setup
2026-08-12 21:34:32,176 BystraStrategy Bystra best detector: THREE_CANDLE conf=82% dir=SELL
2026-08-12 21:34:32,177 MultiStrategyRuntime Scan 4.4ms — strategies=3 signals=1 dir=sell source=bystra_v1
2026-08-12 21:34:32,182 GateObservatory [XAUUSD/TIE_V4] Gate Detector: PASS | setup=B_SELL lot=0.01
2026-08-12 21:34:32,183 TIE_Production ExitOrchestrator adjusted SL/TP for B_SELL: new SL=4441.71 TP=4382.12 RR=2.45 (adj=False)
2026-08-12 21:34:32,183 TIE_Production Setup detected: B_SELL SELL conf=82%
2026-08-12 21:34:32,207 TIE_Production Dedup Time: skip B_SELL SELL XAUUSD (cooldown 26.0s < 60s)
2026-08-12 21:34:32,212 GateObservatory [XAUUSD/TIE_V4] Gate Dedup: FAIL | cooldown_26s
2026-08-12 21:34:43,222 TIE_Production --- Scanning XAUUSD ---
2026-08-12 21:34:43,231 TIE_Production --- Scanning XAUUSD ---
2026-08-12 21:34:44,322 TIE_Production MARKET REGIME: TRENDING (strength=78) | SUGGESTED ENGINE: Aggressive
2026-08-12 21:34:44,323 strategies.semi_hft.strategy [LIQ_VACUUM] GOOD clear_path_down dir=SELL
2026-08-12 21:34:44,323 strategies.semi_hft.strategy [ZSCORE] zscore_ok z=-0.57
2026-08-12 21:34:44,324 strategies.semi_hft.strategy [PULLBACK] trend_follow_DOWN_m5_gas_ok | M15=DOWN
2026-08-12 21:34:44,324 strategies.semi_hft.strategy [MACD] macd_down_sell_ok macd=-0.32 sig=-0.28
2026-08-12 21:34:44,324 StrategyManager Strategy semi_hft_c8_v4 returned WAIT: m5_guard:BLOCK_RANGE
2026-08-12 21:34:44,324 StrategyManager Strategy aggressive_v1 returned WAIT: tl_guard:NO_SELL_BREAK
2026-08-12 21:34:44,326 BystraStrategy Bystra best detector: THREE_CANDLE conf=82% dir=SELL
2026-08-12 21:34:44,326 MultiStrategyRuntime Scan 3.4ms — strategies=3 signals=1 dir=sell source=bystra_v1
2026-08-12 21:34:44,330 GateObservatory [XAUUSD/TIE_V4] Gate Detector: PASS | setup=B_SELL lot=0.01
2026-08-12 21:34:44,331 TIE_Production ExitOrchestrator adjusted SL/TP for B_SELL: new SL=4441.71 TP=4382.12 RR=2.07 (adj=False)
2026-08-12 21:34:44,331 TIE_Production Setup detected: B_SELL SELL conf=82%
2026-08-12 21:34:44,335 TIE_Production MARKET REGIME: TRENDING (strength=78) | SUGGESTED ENGINE: Aggressive
2026-08-12 21:34:44,336 StrategyManager Strategy semi_hft_c8_v4 returned WAIT: no_setup:no_structural_setup
2026-08-12 21:34:44,336 StrategyManager Strategy aggressive_v1 returned WAIT: no_setup:no_structural_setup
2026-08-12 21:34:44,338 BystraStrategy Bystra best detector: THREE_CANDLE conf=82% dir=SELL
2026-08-12 21:34:44,338 MultiStrategyRuntime Scan 2.6ms — strategies=3 signals=1 dir=sell source=bystra_v1
2026-08-12 21:34:44,342 GateObservatory [XAUUSD/TIE_V4] Gate Detector: PASS | setup=B_SELL lot=0.01
2026-08-12 21:34:44,342 TIE_Production ExitOrchestrator adjusted SL/TP for B_SELL: new SL=4441.71 TP=4382.12 RR=2.07 (adj=False)
2026-08-12 21:34:44,342 TIE_Production Setup detected: B_SELL SELL conf=82%
2026-08-12 21:34:44,358 TIE_Production Dedup Time: skip B_SELL SELL XAUUSD (cooldown 38.1s < 60s)
2026-08-12 21:34:44,361 TIE_Production Dedup Time: skip B_SELL SELL XAUUSD (cooldown 38.2s < 60s)
2026-08-12 21:34:44,363 GateObservatory [XAUUSD/TIE_V4] Gate Dedup: FAIL | cooldown_38s
2026-08-12 21:34:44,367 GateObservatory [XAUUSD/TIE_V4] Gate Dedup: FAIL | cooldown_38s
2026-08-12 21:34:55,754 TIE_Production --- Scanning XAUUSD ---
2026-08-12 21:34:55,918 TIE_Production --- Scanning XAUUSD ---
2026-08-12 21:34:59,625 TIE_Production MARKET REGIME: TRENDING (strength=80) | SUGGESTED ENGINE: Aggressive
2026-08-12 21:34:59,627 StrategyManager Strategy semi_hft_c8_v4 returned WAIT: no_setup:no_structural_setup
2026-08-12 21:34:59,629 StrategyManager Strategy aggressive_v1 returned WAIT: no_setup:no_structural_setup
2026-08-12 21:34:59,632 BystraStrategy Bystra best detector: THREE_CANDLE conf=82% dir=SELL
2026-08-12 21:34:59,631 TIE_Production MARKET REGIME: TRENDING (strength=79) | SUGGESTED ENGINE: Aggressive
2026-08-12 21:34:59,634 strategies.semi_hft.strategy [LIQ_VACUUM] GOOD clear_path_down dir=SELL
2026-08-12 21:34:59,634 strategies.semi_hft.strategy [ZSCORE] zscore_ok z=-0.62
2026-08-12 21:34:59,634 strategies.semi_hft.strategy [PULLBACK] trend_follow_DOWN_m5_gas_ok | M15=DOWN
2026-08-12 21:34:59,634 strategies.semi_hft.strategy [MACD] macd_down_sell_ok macd=-0.35 sig=-0.31
2026-08-12 21:34:59,635 StrategyManager Strategy semi_hft_c8_v4 returned WAIT: m5_guard:BLOCK_RANGE
2026-08-12 21:34:59,635 MultiStrategyRuntime Scan 9.1ms — strategies=3 signals=1 dir=sell source=bystra_v1
2026-08-12 21:34:59,637 StrategyManager Strategy aggressive_v1 returned WAIT: tl_guard:NO_SELL_BREAK
2026-08-12 21:34:59,639 BystraStrategy Bystra best detector: THREE_CANDLE conf=82% dir=SELL
2026-08-12 21:34:59,639 MultiStrategyRuntime Scan 5.7ms — strategies=3 signals=1 dir=sell source=bystra_v1
2026-08-12 21:34:59,642 GateObservatory [XAUUSD/TIE_V4] Gate Detector: PASS | setup=B_SELL lot=0.01
2026-08-12 21:34:59,643 TIE_Production ExitOrchestrator adjusted SL/TP for B_SELL: new SL=4441.71 TP=4382.12 RR=1.74 (adj=False)
2026-08-12 21:34:59,643 TIE_Production Setup detected: B_SELL SELL conf=82%
2026-08-12 21:34:59,648 GateObservatory [XAUUSD/TIE_V4] Gate Detector: PASS | setup=B_SELL lot=0.01
2026-08-12 21:34:59,648 TIE_Production ExitOrchestrator adjusted SL/TP for B_SELL: new SL=4441.71 TP=4382.12 RR=1.82 (adj=False)
2026-08-12 21:34:59,648 TIE_Production Setup detected: B_SELL SELL conf=82%
2026-08-12 21:35:00,101 TIE_Production Dedup Time: skip B_SELL SELL XAUUSD (cooldown 53.8s < 60s)
2026-08-12 21:35:00,105 GateObservatory [XAUUSD/TIE_V4] Gate Dedup: FAIL | cooldown_53s
2026-08-12 21:35:00,977 TIE_Production Dedup Time: skip B_SELL SELL XAUUSD (cooldown 54.8s < 60s)
2026-08-12 21:35:00,983 GateObservatory [XAUUSD/TIE_V4] Gate Dedup: FAIL | cooldown_54s
2026-08-12 21:35:13,783 TIE_Production --- Scanning XAUUSD ---
2026-08-12 21:35:13,793 TIE_Production --- Scanning XAUUSD ---
2026-08-12 21:35:18,025 TIE_Production MARKET REGIME: TRENDING (strength=89) | SUGGESTED ENGINE: Aggressive
2026-08-12 21:35:18,028 strategies.semi_hft.strategy [LIQ_VACUUM] GOOD clear_path_down dir=SELL
2026-08-12 21:35:18,028 strategies.semi_hft.strategy [ZSCORE] zscore_ok z=-1.06
2026-08-12 21:35:18,028 strategies.semi_hft.strategy [PULLBACK] trend_follow_DOWN_m5_gas_ok | M15=DOWN
2026-08-12 21:35:18,028 strategies.semi_hft.strategy [MACD] macd_down_sell_ok macd=-0.23 sig=-0.21
2026-08-12 21:35:18,028 StrategyManager Strategy semi_hft_c8_v4 returned WAIT: m5_guard:BLOCK_RANGE
2026-08-12 21:35:18,029 StrategyManager Strategy aggressive_v1 returned WAIT: tl_guard:NO_SELL_BREAK
2026-08-12 21:35:18,031 BystraStrategy Bystra best detector: THREE_CANDLE conf=82% dir=SELL
2026-08-12 21:35:18,032 MultiStrategyRuntime Scan 4.7ms — strategies=3 signals=1 dir=sell source=bystra_v1
2026-08-12 21:35:18,037 GateObservatory [XAUUSD/TIE_V4] Gate Detector: PASS | setup=B_SELL lot=0.01
2026-08-12 21:35:18,037 TIE_Production ExitOrchestrator adjusted SL/TP for B_SELL: new SL=4441.71 TP=4382.12 RR=1.53 (adj=False)
2026-08-12 21:35:18,037 TIE_Production Setup detected: B_SELL SELL conf=82%
2026-08-12 21:35:18,121 TIE_Production MARKET REGIME: TRENDING (strength=90) | SUGGESTED ENGINE: Aggressive
2026-08-12 21:35:18,122 StrategyManager Strategy semi_hft_c8_v4 returned WAIT: no_setup:no_structural_setup
2026-08-12 21:35:18,122 StrategyManager Strategy aggressive_v1 returned WAIT: no_setup:no_structural_setup
2026-08-12 21:35:18,124 BystraStrategy Bystra best detector: THREE_CANDLE conf=82% dir=SELL
2026-08-12 21:35:18,124 MultiStrategyRuntime Scan 2.5ms — strategies=3 signals=1 dir=sell source=bystra_v1
2026-08-12 21:35:18,129 GateObservatory [XAUUSD/TIE_V4] Gate Detector: PASS | setup=B_SELL lot=0.01
2026-08-12 21:35:18,130 TIE_Production ExitOrchestrator adjusted SL/TP for B_SELL: new SL=4441.71 TP=4382.12 RR=1.54 (adj=False)
2026-08-12 21:35:18,130 TIE_Production Setup detected: B_SELL SELL conf=82%
2026-08-12 21:35:18,150 TIE_Production Risk Gate: ✅ PASS — XAUUSD
2026-08-12 21:35:18,153 GateObservatory [XAUUSD/TIE_V4] Gate RiskGate: PASS | all rules approve
2026-08-12 21:35:18,271 TIE_Production ✅ ORDER EXECUTED: XAUUSD SELL 0.01 lot | SL=4441.712 TP=4382.117 ticket=3627575410
2026-08-12 21:35:18,275 GateObservatory [XAUUSD/TIE_V4] Gate Execution: PASS | order placed ticket=3627575410
2026-08-12 21:35:18,946 TIE_Production Risk Gate: ✅ PASS — XAUUSD
2026-08-12 21:35:18,952 GateObservatory [XAUUSD/TIE_V4] Gate RiskGate: PASS | all rules approve
2026-08-12 21:35:19,095 TIE_Production ✅ ORDER EXECUTED: XAUUSD SELL 0.01 lot | SL=4441.712 TP=4382.117 ticket=3627575520
2026-08-12 21:35:19,099 GateObservatory [XAUUSD/TIE_V4] Gate Execution: PASS | order placed ticket=3627575520
2026-08-12 21:35:29,959 TIE_Production --- Scanning XAUUSD ---
2026-08-12 21:35:31,937 TIE_Production --- Scanning XAUUSD ---
2026-08-12 21:35:33,420 TIE_Production MARKET REGIME: TRENDING (strength=91) | SUGGESTED ENGINE: Aggressive
2026-08-12 21:35:33,422 StrategyManager Strategy semi_hft_c8_v4 returned WAIT: no_setup:no_structural_setup
2026-08-12 21:35:33,422 StrategyManager Strategy aggressive_v1 returned WAIT: no_setup:no_structural_setup
2026-08-12 21:35:33,424 BystraStrategy Bystra best detector: THREE_CANDLE conf=82% dir=SELL
2026-08-12 21:35:33,424 MultiStrategyRuntime Scan 2.8ms — strategies=3 signals=1 dir=sell source=bystra_v1
2026-08-12 21:35:33,427 TIE_Production MARKET REGIME: TRENDING (strength=91) | SUGGESTED ENGINE: Aggressive
2026-08-12 21:35:33,428 strategies.semi_hft.strategy [LIQ_VACUUM] GOOD clear_path_down dir=SELL
2026-08-12 21:35:33,428 strategies.semi_hft.strategy [ZSCORE] zscore_ok z=-1.10
2026-08-12 21:35:33,428 strategies.semi_hft.strategy [PULLBACK] trend_follow_DOWN_m5_gas_ok | M15=DOWN
2026-08-12 21:35:33,428 strategies.semi_hft.strategy [MACD] macd_down_sell_ok macd=-0.26 sig=-0.23
2026-08-12 21:35:33,429 StrategyManager Strategy semi_hft_c8_v4 returned WAIT: m5_guard:BLOCK_RANGE
2026-08-12 21:35:33,429 StrategyManager Strategy aggressive_v1 returned WAIT: tl_guard:NO_SELL_BREAK
2026-08-12 21:35:33,431 BystraStrategy Bystra best detector: THREE_CANDLE conf=82% dir=SELL
2026-08-12 21:35:33,431 GateObservatory [XAUUSD/TIE_V4] Gate Detector: PASS | setup=B_SELL lot=0.01
2026-08-12 21:35:33,431 core.strategy.exit_orchestrator [B_SELL] RR optimized: 1.49 -> 1.50 (Widened TP for Gate, dir=SELL, dir_sign=-1)
2026-08-12 21:35:33,431 TIE_Production ExitOrchestrator adjusted SL/TP for B_SELL: new SL=4441.71 TP=4381.86 RR=1.50 (adj=True)
2026-08-12 21:35:33,431 TIE_Production Setup detected: B_SELL SELL conf=82%
2026-08-12 21:35:33,431 MultiStrategyRuntime Scan 3.5ms — strategies=3 signals=1 dir=sell source=bystra_v1
2026-08-12 21:35:33,436 GateObservatory [XAUUSD/TIE_V4] Gate Detector: PASS | setup=B_SELL lot=0.01
2026-08-12 21:35:33,436 core.strategy.exit_orchestrator [B_SELL] RR optimized: 1.49 -> 1.50 (Widened TP for Gate, dir=SELL, dir_sign=-1)
2026-08-12 21:35:33,436 TIE_Production ExitOrchestrator adjusted SL/TP for B_SELL: new SL=4441.71 TP=4381.86 RR=1.50 (adj=True)
2026-08-12 21:35:33,436 TIE_Production Setup detected: B_SELL SELL conf=82%
2026-08-12 21:35:33,451 TIE_Production MAX_POSITIONS: skip B_SELL XAUUSD (strat=0 dir=6 max=5)
2026-08-12 21:35:33,457 GateObservatory [XAUUSD/TIE_V4] Gate MaxPositions: FAIL | dir=6 strat=0 max=5
2026-08-12 21:35:33,519 TIE_Production MAX_POSITIONS: skip B_SELL XAUUSD (strat=0 dir=6 max=5)
2026-08-12 21:35:33,523 GateObservatory [XAUUSD/TIE_V4] Gate MaxPositions: FAIL | dir=6 strat=0 max=5
2026-08-12 21:35:44,399 TIE_Production --- Scanning XAUUSD ---
2026-08-12 21:35:44,551 TIE_Production --- Scanning XAUUSD ---
2026-08-12 21:35:45,256 TIE_Production MARKET REGIME: TRENDING (strength=84) | SUGGESTED ENGINE: Aggressive
2026-08-12 21:35:45,258 StrategyManager Strategy semi_hft_c8_v4 returned WAIT: no_setup:no_structural_setup
2026-08-12 21:35:45,258 StrategyManager Strategy aggressive_v1 returned WAIT: no_setup:no_structural_setup
2026-08-12 21:35:45,260 BystraStrategy Bystra best detector: THREE_CANDLE conf=82% dir=SELL
2026-08-12 21:35:45,261 MultiStrategyRuntime Scan 3.3ms — strategies=3 signals=1 dir=sell source=bystra_v1
2026-08-12 21:35:45,272 GateObservatory [XAUUSD/TIE_V4] Gate Detector: PASS | setup=B_SELL lot=0.01
2026-08-12 21:35:45,272 core.strategy.exit_orchestrator [B_SELL] RR optimized: 1.50 -> 1.50 (Widened TP for Gate, dir=SELL, dir_sign=-1)
2026-08-12 21:35:45,272 TIE_Production ExitOrchestrator adjusted SL/TP for B_SELL: new SL=4441.71 TP=4382.05 RR=1.50 (adj=True)
2026-08-12 21:35:45,272 TIE_Production Setup detected: B_SELL SELL conf=82%
2026-08-12 21:35:45,295 TIE_Production MAX_POSITIONS: skip B_SELL XAUUSD (strat=0 dir=6 max=5)
2026-08-12 21:35:45,298 GateObservatory [XAUUSD/TIE_V4] Gate MaxPositions: FAIL | dir=6 strat=0 max=5
2026-08-12 21:35:45,472 TIE_Production MARKET REGIME: TRENDING (strength=85) | SUGGESTED ENGINE: Aggressive
2026-08-12 21:35:45,474 strategies.semi_hft.strategy [LIQ_VACUUM] GOOD clear_path_down dir=SELL
2026-08-12 21:35:45,474 strategies.semi_hft.strategy [ZSCORE] zscore_ok z=-1.04
2026-08-12 21:35:45,474 strategies.semi_hft.strategy [PULLBACK] trend_follow_DOWN_m5_gas_ok | M15=DOWN
2026-08-12 21:35:45,474 strategies.semi_hft.strategy [MACD] macd_down_sell_ok macd=-0.22 sig=-0.19
2026-08-12 21:35:45,475 StrategyManager Strategy semi_hft_c8_v4 returned WAIT: m5_guard:BLOCK_RANGE
2026-08-12 21:35:45,475 StrategyManager Strategy aggressive_v1 returned WAIT: tl_guard:NO_SELL_BREAK
2026-08-12 21:35:45,476 BystraStrategy Bystra best detector: THREE_CANDLE conf=82% dir=SELL
2026-08-12 21:35:45,477 MultiStrategyRuntime Scan 3.6ms — strategies=3 signals=1 dir=sell source=bystra_v1
2026-08-12 21:35:45,481 GateObservatory [XAUUSD/TIE_V4] Gate Detector: PASS | setup=B_SELL lot=0.01
2026-08-12 21:35:45,481 core.strategy.exit_orchestrator [B_SELL] RR optimized: 1.47 -> 1.50 (Widened TP for Gate, dir=SELL, dir_sign=-1)
2026-08-12 21:35:45,481 TIE_Production ExitOrchestrator adjusted SL/TP for B_SELL: new SL=4441.71 TP=4381.44 RR=1.50 (adj=True)
2026-08-12 21:35:45,481 TIE_Production Setup detected: B_SELL SELL conf=82%
2026-08-12 21:35:45,506 TIE_Production MAX_POSITIONS: skip B_SELL XAUUSD (strat=0 dir=6 max=5)
2026-08-12 21:35:45,510 GateObservatory [XAUUSD/TIE_V4] Gate MaxPositions: FAIL | dir=6 strat=0 max=5
2026-08-12 21:35:56,103 TIE_Production --- Scanning XAUUSD ---
2026-08-12 21:35:56,421 TIE_Production --- Scanning XAUUSD ---
2026-08-12 21:35:57,074 TIE_Production MARKET REGIME: TRENDING (strength=71) | SUGGESTED ENGINE: Aggressive
2026-08-12 21:35:57,075 StrategyManager Strategy semi_hft_c8_v4 returned WAIT: no_setup:no_structural_setup
2026-08-12 21:35:57,076 StrategyManager Strategy aggressive_v1 returned WAIT: no_setup:no_structural_setup
2026-08-12 21:35:57,079 BystraStrategy Bystra best detector: THREE_CANDLE conf=82% dir=SELL
2026-08-12 21:35:57,079 MultiStrategyRuntime Scan 4.5ms — strategies=3 signals=1 dir=sell source=bystra_v1
2026-08-12 21:35:57,084 GateObservatory [XAUUSD/TIE_V4] Gate Detector: PASS | setup=B_SELL lot=0.01
2026-08-12 21:35:57,084 TIE_Production ExitOrchestrator adjusted SL/TP for B_SELL: new SL=4441.71 TP=4382.12 RR=1.65 (adj=False)
2026-08-12 21:35:57,085 TIE_Production Setup detected: B_SELL SELL conf=82%
2026-08-12 21:35:57,323 TIE_Production MARKET REGIME: TRENDING (strength=71) | SUGGESTED ENGINE: Aggressive
2026-08-12 21:35:57,324 strategies.semi_hft.strategy [LIQ_VACUUM] GOOD clear_path_down dir=SELL
2026-08-12 21:35:57,325 strategies.semi_hft.strategy [ZSCORE] zscore_ok z=-0.88
2026-08-12 21:35:57,325 strategies.semi_hft.strategy [PULLBACK] trend_follow_DOWN_m5_gas_ok | M15=DOWN
2026-08-12 21:35:57,325 strategies.semi_hft.strategy [MACD] macd_down_sell_ok macd=-0.12 sig=-0.11
2026-08-12 21:35:57,325 StrategyManager Strategy semi_hft_c8_v4 returned WAIT: m5_guard:BLOCK_RANGE
2026-08-12 21:35:57,325 StrategyManager Strategy aggressive_v1 returned WAIT: tl_guard:NO_SELL_BREAK
2026-08-12 21:35:57,328 BystraStrategy Bystra best detector: THREE_CANDLE conf=82% dir=SELL
2026-08-12 21:35:57,328 MultiStrategyRuntime Scan 4.4ms — strategies=3 signals=1 dir=sell source=bystra_v1
2026-08-12 21:35:57,332 GateObservatory [XAUUSD/TIE_V4] Gate Detector: PASS | setup=B_SELL lot=0.01
2026-08-12 21:35:57,332 TIE_Production ExitOrchestrator adjusted SL/TP for B_SELL: new SL=4441.71 TP=4382.12 RR=1.65 (adj=False)
2026-08-12 21:35:57,332 TIE_Production Setup detected: B_SELL SELL conf=82%
2026-08-12 21:35:57,347 TIE_Production MAX_POSITIONS: skip B_SELL XAUUSD (strat=0 dir=6 max=5)
2026-08-12 21:35:57,352 GateObservatory [XAUUSD/TIE_V4] Gate MaxPositions: FAIL | dir=6 strat=0 max=5
2026-08-12 21:35:57,750 TIE_Production MAX_POSITIONS: skip B_SELL XAUUSD (strat=0 dir=6 max=5)
2026-08-12 21:35:57,756 GateObservatory [XAUUSD/TIE_V4] Gate MaxPositions: FAIL | dir=6 strat=0 max=5
2026-08-12 21:36:08,078 TIE_Production --- Scanning XAUUSD ---
2026-08-12 21:36:08,614 TIE_Production --- Scanning XAUUSD ---
2026-08-12 21:36:09,120 regime_allocator Strategy status updated by Regime Allocator: {'aggressive_v1': True, 'semi_hft_c8_v4': True, 'bystra_v1': True}
2026-08-12 21:36:09,120 regime_allocator REGIME SWITCH: RANGING -> RANGING (engine=SemiHFT, fast_path=False)
2026-08-12 21:36:09,120 TIE_Production MARKET REGIME: RANGING (strength=60) | SUGGESTED ENGINE: SemiHFT
2026-08-12 21:36:09,123 strategies.semi_hft.strategy [LIQ_VACUUM] GOOD clear_path_up dir=BUY
2026-08-12 21:36:09,123 strategies.semi_hft.strategy [ZSCORE] zscore_ok z=-0.74
2026-08-12 21:36:09,124 StrategyManager Strategy semi_hft_c8_v4 returned WAIT: pullback:counter_trend_not_in_fibo dir=BUY m15=DOWN price=4420.11 H=4441.46 L=4382.12
2026-08-12 21:36:09,124 StrategyManager Strategy aggressive_v1 returned WAIT: tl_guard:NO_SELL_BREAK
2026-08-12 21:36:09,126 BystraStrategy Bystra best detector: THREE_CANDLE conf=82% dir=SELL
2026-08-12 21:36:09,127 MultiStrategyRuntime Scan 4.4ms — strategies=3 signals=1 dir=sell source=bystra_v1
2026-08-12 21:36:09,132 GateObservatory [XAUUSD/TIE_V4] Gate Detector: PASS | setup=B_SELL lot=0.01
2026-08-12 21:36:09,132 TIE_Production ExitOrchestrator adjusted SL/TP for B_SELL: new SL=4441.71 TP=4382.12 RR=1.76 (adj=False)
2026-08-12 21:36:09,132 TIE_Production Setup detected: B_SELL SELL conf=82%
2026-08-12 21:36:09,173 TIE_Production Dedup Time: skip B_SELL SELL XAUUSD (cooldown 50.2s < 60s)
2026-08-12 21:36:09,181 GateObservatory [XAUUSD/TIE_V4] Gate Dedup: FAIL | cooldown_50s
2026-08-12 21:36:09,525 regime_allocator Strategy status updated by Regime Allocator: {'aggressive_v1': True, 'semi_hft_c8_v4': True, 'bystra_v1': True}
2026-08-12 21:36:09,525 regime_allocator REGIME SWITCH: RANGING -> RANGING (engine=SemiHFT, fast_path=False)
2026-08-12 21:36:09,525 TIE_Production MARKET REGIME: RANGING (strength=60) | SUGGESTED ENGINE: SemiHFT
2026-08-12 21:36:09,526 StrategyManager Strategy semi_hft_c8_v4 returned WAIT: no_setup:no_structural_setup
2026-08-12 21:36:09,526 StrategyManager Strategy aggressive_v1 returned WAIT: no_setup:no_structural_setup
2026-08-12 21:36:09,528 BystraStrategy Bystra best detector: THREE_CANDLE conf=82% dir=SELL
2026-08-12 21:36:09,528 MultiStrategyRuntime Scan 2.4ms — strategies=3 signals=1 dir=sell source=bystra_v1
2026-08-12 21:36:09,532 GateObservatory [XAUUSD/TIE_V4] Gate Detector: PASS | setup=B_SELL lot=0.01
2026-08-12 21:36:09,532 TIE_Production ExitOrchestrator adjusted SL/TP for B_SELL: new SL=4441.71 TP=4382.12 RR=1.76 (adj=False)
2026-08-12 21:36:09,532 TIE_Production Setup detected: B_SELL SELL conf=82%
2026-08-12 21:36:09,549 TIE_Production Dedup Time: skip B_SELL SELL XAUUSD (cooldown 51.4s < 60s)
2026-08-12 21:36:09,553 GateObservatory [XAUUSD/TIE_V4] Gate Dedup: FAIL | cooldown_51s
2026-08-12 21:36:20,184 TIE_Production --- Scanning XAUUSD ---
2026-08-12 21:36:20,307 TIE_Production --- Scanning XAUUSD ---
2026-08-12 21:36:21,319 TIE_Production MARKET REGIME: RANGING (strength=60) | SUGGESTED ENGINE: SemiHFT
2026-08-12 21:36:21,321 StrategyManager Strategy semi_hft_c8_v4 returned WAIT: no_setup:no_structural_setup
2026-08-12 21:36:21,321 StrategyManager Strategy aggressive_v1 returned WAIT: no_setup:no_structural_setup
2026-08-12 21:36:21,324 BystraStrategy Bystra best detector: THREE_CANDLE conf=82% dir=SELL
2026-08-12 21:36:21,325 MultiStrategyRuntime Scan 4.6ms — strategies=3 signals=1 dir=sell source=bystra_v1
2026-08-12 21:36:21,333 GateObservatory [XAUUSD/TIE_V4] Gate Detector: PASS | setup=B_SELL lot=0.01
2026-08-12 21:36:21,333 TIE_Production ExitOrchestrator adjusted SL/TP for B_SELL: new SL=4441.71 TP=4382.12 RR=1.79 (adj=False)
2026-08-12 21:36:21,333 TIE_Production Setup detected: B_SELL SELL conf=82%
2026-08-12 21:36:21,357 TIE_Production Risk Gate: ✅ PASS — XAUUSD
2026-08-12 21:36:21,361 GateObservatory [XAUUSD/TIE_V4] Gate RiskGate: PASS | all rules approve
2026-08-12 21:36:21,405 TIE_Production MARKET REGIME: RANGING (strength=60) | SUGGESTED ENGINE: SemiHFT
2026-08-12 21:36:21,408 strategies.semi_hft.strategy [LIQ_VACUUM] GOOD clear_path_up dir=BUY
2026-08-12 21:36:21,408 strategies.semi_hft.strategy [ZSCORE] zscore_ok z=-0.75
2026-08-12 21:36:21,408 StrategyManager Strategy semi_hft_c8_v4 returned WAIT: pullback:counter_trend_not_in_fibo dir=BUY m15=DOWN price=4420.34 H=4441.46 L=4382.12
2026-08-12 21:36:21,409 StrategyManager Strategy aggressive_v1 returned WAIT: tl_guard:NO_SELL_BREAK
2026-08-12 21:36:21,411 BystraStrategy Bystra best detector: THREE_CANDLE conf=82% dir=SELL
2026-08-12 21:36:21,412 MultiStrategyRuntime Scan 4.9ms — strategies=3 signals=1 dir=sell source=bystra_v1
2026-08-12 21:36:21,418 GateObservatory [XAUUSD/TIE_V4] Gate Detector: PASS | setup=B_SELL lot=0.01
2026-08-12 21:36:21,418 TIE_Production ExitOrchestrator adjusted SL/TP for B_SELL: new SL=4441.71 TP=4382.12 RR=1.79 (adj=False)
2026-08-12 21:36:21,418 TIE_Production Setup detected: B_SELL SELL conf=82%
2026-08-12 21:36:21,520 TIE_Production ✅ ORDER EXECUTED: XAUUSD SELL 0.01 lot | SL=4441.712 TP=4382.117 ticket=3627588887
2026-08-12 21:36:21,528 GateObservatory [XAUUSD/TIE_V4] Gate Execution: PASS | order placed ticket=3627588887
2026-08-12 21:36:22,622 TIE_Production Risk Gate: ✅ PASS — XAUUSD
2026-08-12 21:36:22,627 GateObservatory [XAUUSD/TIE_V4] Gate RiskGate: PASS | all rules approve
2026-08-12 21:36:22,755 TIE_Production ✅ ORDER EXECUTED: XAUUSD SELL 0.01 lot | SL=4441.712 TP=4382.117 ticket=3627589053
2026-08-12 21:36:22,759 GateObservatory [XAUUSD/TIE_V4] Gate Execution: PASS | order placed ticket=3627589053
2026-08-12 21:36:32,389 TIE_Production --- Scanning XAUUSD ---
2026-08-12 21:36:33,517 TIE_Production --- Scanning XAUUSD ---
2026-08-12 21:36:34,229 TIE_Production MARKET REGIME: RANGING (strength=60) | SUGGESTED ENGINE: SemiHFT
2026-08-12 21:36:34,230 StrategyManager Strategy semi_hft_c8_v4 returned WAIT: no_setup:no_structural_setup
2026-08-12 21:36:34,231 StrategyManager Strategy aggressive_v1 returned WAIT: no_setup:no_structural_setup
2026-08-12 21:36:34,232 BystraStrategy Bystra best detector: THREE_CANDLE conf=82% dir=SELL
2026-08-12 21:36:34,232 MultiStrategyRuntime Scan 2.5ms — strategies=3 signals=1 dir=sell source=bystra_v1
2026-08-12 21:36:34,236 GateObservatory [XAUUSD/TIE_V4] Gate Detector: PASS | setup=B_SELL lot=0.01
2026-08-12 21:36:34,236 TIE_Production ExitOrchestrator adjusted SL/TP for B_SELL: new SL=4441.71 TP=4382.12 RR=1.84 (adj=False)
2026-08-12 21:36:34,237 TIE_Production Setup detected: B_SELL SELL conf=82%
2026-08-12 21:36:34,259 TIE_Production MAX_POSITIONS: skip B_SELL XAUUSD (strat=0 dir=4 max=3)
2026-08-12 21:36:34,264 GateObservatory [XAUUSD/TIE_V4] Gate MaxPositions: FAIL | dir=4 strat=0 max=3
2026-08-12 21:36:34,625 TIE_Production MARKET REGIME: RANGING (strength=60) | SUGGESTED ENGINE: SemiHFT
2026-08-12 21:36:34,627 strategies.semi_hft.strategy [LIQ_VACUUM] GOOD clear_path_up dir=BUY
2026-08-12 21:36:34,627 strategies.semi_hft.strategy [ZSCORE] zscore_ok z=-0.68
2026-08-12 21:36:34,627 StrategyManager Strategy semi_hft_c8_v4 returned WAIT: pullback:counter_trend_not_in_fibo dir=BUY m15=DOWN price=4420.58 H=4441.46 L=4382.12
2026-08-12 21:36:34,627 StrategyManager Strategy aggressive_v1 returned WAIT: tl_guard:NO_SELL_BREAK
2026-08-12 21:36:34,629 BystraStrategy Bystra best detector: THREE_CANDLE conf=82% dir=SELL
2026-08-12 21:36:34,629 MultiStrategyRuntime Scan 3.2ms — strategies=3 signals=1 dir=sell source=bystra_v1
2026-08-12 21:36:34,635 GateObservatory [XAUUSD/TIE_V4] Gate Detector: PASS | setup=B_SELL lot=0.01
2026-08-12 21:36:34,635 TIE_Production ExitOrchestrator adjusted SL/TP for B_SELL: new SL=4441.71 TP=4382.12 RR=1.82 (adj=False)
2026-08-12 21:36:34,635 TIE_Production Setup detected: B_SELL SELL conf=82%
2026-08-12 21:36:34,658 TIE_Production MAX_POSITIONS: skip B_SELL XAUUSD (strat=0 dir=4 max=3)
2026-08-12 21:36:34,661 GateObservatory [XAUUSD/TIE_V4] Gate MaxPositions: FAIL | dir=4 strat=0 max=3
2026-08-12 21:36:45,010 TIE_Production --- Scanning XAUUSD ---
2026-08-12 21:36:45,427 TIE_Production --- Scanning XAUUSD ---
2026-08-12 21:36:45,961 TIE_Production MARKET REGIME: RANGING (strength=60) | SUGGESTED ENGINE: SemiHFT
2026-08-12 21:36:45,962 StrategyManager Strategy semi_hft_c8_v4 returned WAIT: no_setup:no_structural_setup
2026-08-12 21:36:45,963 StrategyManager Strategy aggressive_v1 returned WAIT: no_setup:no_structural_setup
2026-08-12 21:36:45,964 BystraStrategy Bystra best detector: THREE_CANDLE conf=82% dir=SELL
2026-08-12 21:36:45,964 MultiStrategyRuntime Scan 2.8ms — strategies=3 signals=1 dir=sell source=bystra_v1
2026-08-12 21:36:45,969 GateObservatory [XAUUSD/TIE_V4] Gate Detector: PASS | setup=B_SELL lot=0.01
2026-08-12 21:36:45,969 TIE_Production ExitOrchestrator adjusted SL/TP for B_SELL: new SL=4441.71 TP=4382.12 RR=2.08 (adj=False)
2026-08-12 21:36:45,969 TIE_Production Setup detected: B_SELL SELL conf=82%
2026-08-12 21:36:46,000 TIE_Production MAX_POSITIONS: skip B_SELL XAUUSD (strat=0 dir=4 max=3)
2026-08-12 21:36:46,005 GateObservatory [XAUUSD/TIE_V4] Gate MaxPositions: FAIL | dir=4 strat=0 max=3
2026-08-12 21:36:46,272 regime_allocator Strategy status updated by Regime Allocator: {'aggressive_v1': True, 'semi_hft_c8_v4': True, 'bystra_v1': True}
2026-08-12 21:36:46,272 regime_allocator REGIME SWITCH: TRENDING -> TRENDING (engine=Aggressive, fast_path=True)
2026-08-12 21:36:46,272 TIE_Production MARKET REGIME: TRENDING (strength=63) | SUGGESTED ENGINE: Aggressive
2026-08-12 21:36:46,273 strategies.semi_hft.strategy [LIQ_VACUUM] GOOD clear_path_up dir=BUY
2026-08-12 21:36:46,273 strategies.semi_hft.strategy [ZSCORE] zscore_ok z=-0.47
2026-08-12 21:36:46,274 StrategyManager Strategy semi_hft_c8_v4 returned WAIT: pullback:counter_trend_not_in_fibo dir=BUY m15=DOWN price=4422.36 H=4441.46 L=4382.12
2026-08-12 21:36:46,274 strategies.aggressive.strategy [LIQ_VACUUM] GOOD no_pool_data dir=BUY
2026-08-12 21:36:46,274 strategies.aggressive.strategy [ZSCORE] zscore_ok z=-0.47
2026-08-12 21:36:46,274 StrategyManager Strategy aggressive_v1 returned WAIT: rme:debate_block:penalty_16.4
2026-08-12 21:36:46,275 BystraStrategy Bystra best detector: THREE_CANDLE conf=82% dir=SELL
2026-08-12 21:36:46,276 MultiStrategyRuntime Scan 3.2ms — strategies=3 signals=1 dir=sell source=bystra_v1
2026-08-12 21:36:46,280 GateObservatory [XAUUSD/TIE_V4] Gate Detector: PASS | setup=B_SELL lot=0.01
2026-08-12 21:36:46,280 TIE_Production ExitOrchestrator adjusted SL/TP for B_SELL: new SL=4441.71 TP=4382.12 RR=2.08 (adj=False)
2026-08-12 21:36:46,280 TIE_Production Setup detected: B_SELL SELL conf=82%
2026-08-12 21:36:46,300 TIE_Production Dedup Time: skip B_SELL SELL XAUUSD (cooldown 23.7s < 60s)
2026-08-12 21:36:46,304 GateObservatory [XAUUSD/TIE_V4] Gate Dedup: FAIL | cooldown_23s
2026-08-12 21:36:56,745 TIE_Production --- Scanning XAUUSD ---
2026-08-12 21:36:57,162 TIE_Production --- Scanning XAUUSD ---
2026-08-12 21:36:58,229 TIE_Production MARKET REGIME: TRENDING (strength=64) | SUGGESTED ENGINE: Aggressive
2026-08-12 21:36:58,230 regime_allocator Strategy status updated by Regime Allocator: {'aggressive_v1': True, 'semi_hft_c8_v4': True, 'bystra_v1': True}
2026-08-12 21:36:58,230 regime_allocator REGIME SWITCH: TRENDING -> TRENDING (engine=Aggressive, fast_path=True)
2026-08-12 21:36:58,230 TIE_Production MARKET REGIME: TRENDING (strength=63) | SUGGESTED ENGINE: Aggressive
2026-08-12 21:36:58,231 strategies.semi_hft.strategy [LIQ_VACUUM] GOOD clear_path_up dir=BUY
2026-08-12 21:36:58,233 strategies.semi_hft.strategy [ZSCORE] zscore_ok z=-0.40
2026-08-12 21:36:58,232 StrategyManager Strategy semi_hft_c8_v4 returned WAIT: no_setup:no_structural_setup
2026-08-12 21:36:58,233 StrategyManager Strategy semi_hft_c8_v4 returned WAIT: pullback:counter_trend_not_in_fibo dir=BUY m15=DOWN price=4421.75 H=4441.46 L=4382.12
2026-08-12 21:36:58,233 StrategyManager Strategy aggressive_v1 returned WAIT: no_setup:no_structural_setup
2026-08-12 21:36:58,233 strategies.aggressive.strategy [LIQ_VACUUM] GOOD no_pool_data dir=BUY
2026-08-12 21:36:58,233 strategies.aggressive.strategy [ZSCORE] zscore_ok z=-0.40
2026-08-12 21:36:58,234 StrategyManager Strategy aggressive_v1 returned WAIT: rme:debate_block:penalty_4.8
2026-08-12 21:36:58,235 BystraStrategy Bystra best detector: THREE_CANDLE conf=82% dir=SELL
2026-08-12 21:36:58,235 BystraStrategy Bystra best detector: THREE_CANDLE conf=82% dir=SELL
2026-08-12 21:36:58,236 MultiStrategyRuntime Scan 4.0ms — strategies=3 signals=1 dir=sell source=bystra_v1
2026-08-12 21:36:58,236 MultiStrategyRuntime Scan 5.5ms — strategies=3 signals=1 dir=sell source=bystra_v1
2026-08-12 21:36:58,240 GateObservatory [XAUUSD/TIE_V4] Gate Detector: PASS | setup=B_SELL lot=0.01
2026-08-12 21:36:58,240 TIE_Production ExitOrchestrator adjusted SL/TP for B_SELL: new SL=4441.71 TP=4382.12 RR=1.99 (adj=False)
2026-08-12 21:36:58,240 TIE_Production Setup detected: B_SELL SELL conf=82%
2026-08-12 21:36:58,248 GateObservatory [XAUUSD/TIE_V4] Gate Detector: PASS | setup=B_SELL lot=0.01
2026-08-12 21:36:58,248 TIE_Production ExitOrchestrator adjusted SL/TP for B_SELL: new SL=4441.71 TP=4382.12 RR=2.01 (adj=False)
2026-08-12 21:36:58,248 TIE_Production Setup detected: B_SELL SELL conf=82%
2026-08-12 21:36:58,260 TIE_Production Dedup Time: skip B_SELL SELL XAUUSD (cooldown 35.6s < 60s)
2026-08-12 21:36:58,264 GateObservatory [XAUUSD/TIE_V4] Gate Dedup: FAIL | cooldown_35s
2026-08-12 21:36:58,270 TIE_Production Dedup Time: skip B_SELL SELL XAUUSD (cooldown 36.9s < 60s)
2026-08-12 21:36:58,274 GateObservatory [XAUUSD/TIE_V4] Gate Dedup: FAIL | cooldown_36s
2026-08-12 21:37:09,249 TIE_Production --- Scanning XAUUSD ---
2026-08-12 21:37:09,249 TIE_Production --- Scanning XAUUSD ---
2026-08-12 21:37:10,287 TIE_Production MARKET REGIME: RANGING (strength=60) | SUGGESTED ENGINE: SemiHFT
2026-08-12 21:37:10,290 StrategyManager Strategy semi_hft_c8_v4 returned WAIT: no_setup:no_structural_setup
2026-08-12 21:37:10,290 StrategyManager Strategy aggressive_v1 returned WAIT: no_setup:no_structural_setup
2026-08-12 21:37:10,291 TIE_Production MARKET REGIME: RANGING (strength=60) | SUGGESTED ENGINE: SemiHFT
2026-08-12 21:37:10,292 strategies.semi_hft.strategy [LIQ_VACUUM] GOOD clear_path_down dir=SELL
2026-08-12 21:37:10,293 BystraStrategy Bystra best detector: THREE_CANDLE conf=82% dir=SELL
2026-08-12 21:37:10,292 strategies.semi_hft.strategy [ZSCORE] zscore_ok z=-0.71
2026-08-12 21:37:10,294 strategies.semi_hft.strategy [PULLBACK] trend_follow_DOWN_m5_gas_ok | M15=DOWN
2026-08-12 21:37:10,294 strategies.semi_hft.strategy [MACD] macd_down_sell_ok macd=-0.01 sig=-0.01
2026-08-12 21:37:10,294 StrategyManager Strategy semi_hft_c8_v4 returned WAIT: entry_low:58
2026-08-12 21:37:10,294 StrategyManager Strategy aggressive_v1 returned WAIT: tl_guard:NO_SELL_BREAK
2026-08-12 21:37:10,294 MultiStrategyRuntime Scan 6.0ms — strategies=3 signals=1 dir=sell source=bystra_v1
2026-08-12 21:37:10,296 BystraStrategy Bystra best detector: THREE_CANDLE conf=82% dir=SELL
2026-08-12 21:37:10,296 MultiStrategyRuntime Scan 4.8ms — strategies=3 signals=1 dir=sell source=bystra_v1
2026-08-12 21:37:10,300 GateObservatory [XAUUSD/TIE_V4] Gate Detector: PASS | setup=B_SELL lot=0.01
2026-08-12 21:37:10,300 TIE_Production ExitOrchestrator adjusted SL/TP for B_SELL: new SL=4441.71 TP=4382.12 RR=1.78 (adj=False)
2026-08-12 21:37:10,300 TIE_Production Setup detected: B_SELL SELL conf=82%
2026-08-12 21:37:10,303 GateObservatory [XAUUSD/TIE_V4] Gate Detector: PASS | setup=B_SELL lot=0.01
2026-08-12 21:37:10,304 TIE_Production ExitOrchestrator adjusted SL/TP for B_SELL: new SL=4441.71 TP=4382.12 RR=1.78 (adj=False)
2026-08-12 21:37:10,304 TIE_Production Setup detected: B_SELL SELL conf=82%
2026-08-12 21:37:10,318 TIE_Production MAX_POSITIONS: skip B_SELL XAUUSD (strat=0 dir=4 max=3)
2026-08-12 21:37:10,322 GateObservatory [XAUUSD/TIE_V4] Gate MaxPositions: FAIL | dir=4 strat=0 max=3
2026-08-12 21:37:10,815 TIE_Production MAX_POSITIONS: skip B_SELL XAUUSD (strat=0 dir=4 max=3)
2026-08-12 21:37:10,819 GateObservatory [XAUUSD/TIE_V4] Gate MaxPositions: FAIL | dir=4 strat=0 max=3
2026-08-12 21:37:21,217 TIE_Production --- Scanning XAUUSD ---
2026-08-12 21:37:21,535 TIE_Production --- Scanning XAUUSD ---
2026-08-12 21:37:22,166 TIE_Production MARKET REGIME: RANGING (strength=60) | SUGGESTED ENGINE: SemiHFT
2026-08-12 21:37:22,167 StrategyManager Strategy semi_hft_c8_v4 returned WAIT: no_setup:no_structural_setup
2026-08-12 21:37:22,167 StrategyManager Strategy aggressive_v1 returned WAIT: no_setup:no_structural_setup
2026-08-12 21:37:22,169 BystraStrategy Bystra best detector: THREE_CANDLE conf=82% dir=SELL
2026-08-12 21:37:22,169 MultiStrategyRuntime Scan 2.5ms — strategies=3 signals=1 dir=sell source=bystra_v1
2026-08-12 21:37:22,175 GateObservatory [XAUUSD/TIE_V4] Gate Detector: PASS | setup=B_SELL lot=0.01
2026-08-12 21:37:22,175 TIE_Production ExitOrchestrator adjusted SL/TP for B_SELL: new SL=4441.71 TP=4382.12 RR=1.97 (adj=False)
2026-08-12 21:37:22,175 TIE_Production Setup detected: B_SELL SELL conf=82%
2026-08-12 21:37:22,603 TIE_Production MARKET REGIME: RANGING (strength=60) | SUGGESTED ENGINE: SemiHFT
2026-08-12 21:37:22,604 strategies.semi_hft.strategy [LIQ_VACUUM] GOOD clear_path_up dir=BUY
2026-08-12 21:37:22,604 strategies.semi_hft.strategy [ZSCORE] zscore_ok z=-0.56
2026-08-12 21:37:22,604 StrategyManager Strategy semi_hft_c8_v4 returned WAIT: pullback:counter_trend_not_in_fibo dir=BUY m15=DOWN price=4421.63 H=4441.46 L=4382.12
2026-08-12 21:37:22,605 strategies.aggressive.strategy [LIQ_VACUUM] GOOD no_pool_data dir=BUY
2026-08-12 21:37:22,605 strategies.aggressive.strategy [ZSCORE] zscore_ok z=-0.56
2026-08-12 21:37:22,605 StrategyManager Strategy aggressive_v1 returned WAIT: rme:debate_block:penalty_71.1
2026-08-12 21:37:22,606 BystraStrategy Bystra best detector: THREE_CANDLE conf=82% dir=SELL
2026-08-12 21:37:22,607 MultiStrategyRuntime Scan 3.1ms — strategies=3 signals=1 dir=sell source=bystra_v1
2026-08-12 21:37:22,611 GateObservatory [XAUUSD/TIE_V4] Gate Detector: PASS | setup=B_SELL lot=0.01
2026-08-12 21:37:22,611 TIE_Production ExitOrchestrator adjusted SL/TP for B_SELL: new SL=4441.71 TP=4382.12 RR=1.97 (adj=False)
2026-08-12 21:37:22,611 TIE_Production Setup detected: B_SELL SELL conf=82%
2026-08-12 21:37:22,633 TIE_Production MAX_POSITIONS: skip B_SELL XAUUSD (strat=0 dir=4 max=3)
2026-08-12 21:37:22,638 GateObservatory [XAUUSD/TIE_V4] Gate MaxPositions: FAIL | dir=4 strat=0 max=3
2026-08-12 21:37:22,923 TIE_Production MAX_POSITIONS: skip B_SELL XAUUSD (strat=0 dir=4 max=3)
2026-08-12 21:37:22,927 GateObservatory [XAUUSD/TIE_V4] Gate MaxPositions: FAIL | dir=4 strat=0 max=3
2026-08-12 21:37:33,475 TIE_Production --- Scanning XAUUSD ---
2026-08-12 21:37:33,747 TIE_Production --- Scanning XAUUSD ---
2026-08-12 21:37:35,520 TIE_Production MARKET REGIME: RANGING (strength=60) | SUGGESTED ENGINE: SemiHFT
2026-08-12 21:37:35,521 StrategyManager Strategy semi_hft_c8_v4 returned WAIT: no_setup:no_structural_setup
2026-08-12 21:37:35,522 StrategyManager Strategy aggressive_v1 returned WAIT: no_setup:no_structural_setup
2026-08-12 21:37:35,523 BystraStrategy Bystra best detector: THREE_CANDLE conf=82% dir=SELL
2026-08-12 21:37:35,524 MultiStrategyRuntime Scan 3.2ms — strategies=3 signals=1 dir=sell source=bystra_v1
2026-08-12 21:37:35,528 GateObservatory [XAUUSD/TIE_V4] Gate Detector: PASS | setup=B_SELL lot=0.01
2026-08-12 21:37:35,528 TIE_Production ExitOrchestrator adjusted SL/TP for B_SELL: new SL=4441.71 TP=4382.12 RR=1.98 (adj=False)
2026-08-12 21:37:35,528 TIE_Production Setup detected: B_SELL SELL conf=82%
2026-08-12 21:37:36,167 TIE_Production MAX_POSITIONS: skip B_SELL XAUUSD (strat=0 dir=4 max=3)
2026-08-12 21:37:36,172 GateObservatory [XAUUSD/TIE_V4] Gate MaxPositions: FAIL | dir=4 strat=0 max=3
2026-08-12 21:37:37,986 TIE_Production MARKET REGIME: RANGING (strength=60) | SUGGESTED ENGINE: SemiHFT
2026-08-12 21:37:37,987 strategies.semi_hft.strategy [LIQ_VACUUM] GOOD clear_path_up dir=BUY
2026-08-12 21:37:37,987 strategies.semi_hft.strategy [ZSCORE] zscore_ok z=-0.51
2026-08-12 21:37:37,987 StrategyManager Strategy semi_hft_c8_v4 returned WAIT: pullback:counter_trend_not_in_fibo dir=BUY m15=DOWN price=4422.07 H=4441.46 L=4382.12
2026-08-12 21:37:37,988 strategies.aggressive.strategy [LIQ_VACUUM] GOOD no_pool_data dir=BUY
2026-08-12 21:37:37,988 strategies.aggressive.strategy [ZSCORE] zscore_ok z=-0.51
2026-08-12 21:37:37,988 StrategyManager Strategy aggressive_v1 returned WAIT: rme:debate_block:penalty_50.3
2026-08-12 21:37:37,990 BystraStrategy Bystra best detector: THREE_CANDLE conf=82% dir=SELL
2026-08-12 21:37:37,990 MultiStrategyRuntime Scan 3.5ms — strategies=3 signals=1 dir=sell source=bystra_v1
2026-08-12 21:37:37,995 GateObservatory [XAUUSD/TIE_V4] Gate Detector: PASS | setup=B_SELL lot=0.01
2026-08-12 21:37:37,995 TIE_Production ExitOrchestrator adjusted SL/TP for B_SELL: new SL=4441.71 TP=4382.12 RR=2.03 (adj=False)
2026-08-12 21:37:37,995 TIE_Production Setup detected: B_SELL SELL conf=82%
2026-08-12 21:37:38,015 TIE_Production MAX_POSITIONS: skip B_SELL XAUUSD (strat=0 dir=4 max=3)
2026-08-12 21:37:38,019 GateObservatory [XAUUSD/TIE_V4] Gate MaxPositions: FAIL | dir=4 strat=0 max=3
2026-08-12 21:37:47,008 TIE_Production --- Scanning XAUUSD ---
2026-08-12 21:37:48,052 TIE_Production MARKET REGIME: RANGING (strength=60) | SUGGESTED ENGINE: SemiHFT
2026-08-12 21:37:48,053 StrategyManager Strategy semi_hft_c8_v4 returned WAIT: no_setup:no_structural_setup
2026-08-12 21:37:48,053 StrategyManager Strategy aggressive_v1 returned WAIT: no_setup:no_structural_setup
2026-08-12 21:37:48,055 BystraStrategy Bystra best detector: THREE_CANDLE conf=82% dir=SELL
2026-08-12 21:37:48,055 MultiStrategyRuntime Scan 2.6ms — strategies=3 signals=1 dir=sell source=bystra_v1
2026-08-12 21:37:48,060 GateObservatory [XAUUSD/TIE_V4] Gate Detector: PASS | setup=B_SELL lot=0.01
2026-08-12 21:37:48,060 TIE_Production ExitOrchestrator adjusted SL/TP for B_SELL: new SL=4441.71 TP=4382.12 RR=2.02 (adj=False)
2026-08-12 21:37:48,061 TIE_Production Setup detected: B_SELL SELL conf=82%
2026-08-12 21:37:48,086 TIE_Production MAX_POSITIONS: skip B_SELL XAUUSD (strat=0 dir=4 max=3)
2026-08-12 21:37:48,089 GateObservatory [XAUUSD/TIE_V4] Gate MaxPositions: FAIL | dir=4 strat=0 max=3
2026-08-12 21:37:48,793 TIE_Production --- Scanning XAUUSD ---
2026-08-12 21:37:49,616 TIE_Production MARKET REGIME: RANGING (strength=60) | SUGGESTED ENGINE: SemiHFT
2026-08-12 21:37:49,617 strategies.semi_hft.strategy [LIQ_VACUUM] GOOD clear_path_up dir=BUY
2026-08-12 21:37:49,617 strategies.semi_hft.strategy [ZSCORE] zscore_ok z=-0.48
2026-08-12 21:37:49,617 StrategyManager Strategy semi_hft_c8_v4 returned WAIT: pullback:counter_trend_not_in_fibo dir=BUY m15=DOWN price=4422.20 H=4441.46 L=4382.12
2026-08-12 21:37:49,618 strategies.aggressive.strategy [LIQ_VACUUM] GOOD no_pool_data dir=BUY
2026-08-12 21:37:49,618 strategies.aggressive.strategy [ZSCORE] zscore_ok z=-0.48
2026-08-12 21:37:49,618 StrategyManager Strategy aggressive_v1 returned WAIT: rme:debate_block:penalty_35.9
2026-08-12 21:37:49,619 BystraStrategy Bystra best detector: THREE_CANDLE conf=82% dir=SELL
2026-08-12 21:37:49,620 MultiStrategyRuntime Scan 3.2ms — strategies=3 signals=1 dir=sell source=bystra_v1
2026-08-12 21:37:49,624 GateObservatory [XAUUSD/TIE_V4] Gate Detector: PASS | setup=B_SELL lot=0.01
2026-08-12 21:37:49,624 TIE_Production ExitOrchestrator adjusted SL/TP for B_SELL: new SL=4441.71 TP=4382.12 RR=2.05 (adj=False)
2026-08-12 21:37:49,624 TIE_Production Setup detected: B_SELL SELL conf=82%
2026-08-12 21:37:49,644 TIE_Production MAX_POSITIONS: skip B_SELL XAUUSD (strat=0 dir=4 max=3)
2026-08-12 21:37:49,648 GateObservatory [XAUUSD/TIE_V4] Gate MaxPositions: FAIL | dir=4 strat=0 max=3
2026-08-12 21:37:58,836 TIE_Production --- Scanning XAUUSD ---
2026-08-12 21:37:59,891 TIE_Production MARKET REGIME: RANGING (strength=60) | SUGGESTED ENGINE: SemiHFT
2026-08-12 21:37:59,893 StrategyManager Strategy semi_hft_c8_v4 returned WAIT: no_setup:no_structural_setup
2026-08-12 21:37:59,893 StrategyManager Strategy aggressive_v1 returned WAIT: no_setup:no_structural_setup
2026-08-12 21:37:59,895 BystraStrategy Bystra best detector: THREE_CANDLE conf=82% dir=SELL
2026-08-12 21:37:59,895 MultiStrategyRuntime Scan 2.6ms — strategies=3 signals=1 dir=sell source=bystra_v1
2026-08-12 21:37:59,900 GateObservatory [XAUUSD/TIE_V4] Gate Detector: PASS | setup=B_SELL lot=0.01
2026-08-12 21:37:59,900 TIE_Production ExitOrchestrator adjusted SL/TP for B_SELL: new SL=4441.71 TP=4382.12 RR=1.84 (adj=False)
2026-08-12 21:37:59,900 TIE_Production Setup detected: B_SELL SELL conf=82%
2026-08-12 21:37:59,926 TIE_Production MAX_POSITIONS: skip B_SELL XAUUSD (strat=0 dir=4 max=3)
2026-08-12 21:37:59,932 GateObservatory [XAUUSD/TIE_V4] Gate MaxPositions: FAIL | dir=4 strat=0 max=3
2026-08-12 21:38:00,468 TIE_Production --- Scanning XAUUSD ---
2026-08-12 21:38:01,617 TIE_Production MARKET REGIME: RANGING (strength=60) | SUGGESTED ENGINE: SemiHFT
2026-08-12 21:38:01,618 strategies.semi_hft.strategy [LIQ_VACUUM] GOOD clear_path_down dir=SELL
2026-08-12 21:38:01,618 strategies.semi_hft.strategy [ZSCORE] zscore_ok z=-0.80
2026-08-12 21:38:01,618 strategies.semi_hft.strategy [PULLBACK] trend_follow_DOWN_m5_gas_ok | M15=DOWN
2026-08-12 21:38:01,619 strategies.semi_hft.strategy [MACD] macd_down_sell_ok macd=-0.06 sig=-0.06
2026-08-12 21:38:01,619 StrategyManager Strategy semi_hft_c8_v4 returned WAIT: m5_guard:BLOCK_RANGE
2026-08-12 21:38:01,619 StrategyManager Strategy aggressive_v1 returned WAIT: tl_guard:NO_SELL_BREAK
2026-08-12 21:38:01,620 BystraStrategy Bystra best detector: THREE_CANDLE conf=82% dir=SELL
2026-08-12 21:38:01,621 MultiStrategyRuntime Scan 3.0ms — strategies=3 signals=1 dir=sell source=bystra_v1
2026-08-12 21:38:01,625 GateObservatory [XAUUSD/TIE_V4] Gate Detector: PASS | setup=B_SELL lot=0.01
2026-08-12 21:38:01,625 TIE_Production ExitOrchestrator adjusted SL/TP for B_SELL: new SL=4441.71 TP=4382.12 RR=1.68 (adj=False)
2026-08-12 21:38:01,625 TIE_Production Setup detected: B_SELL SELL conf=82%
2026-08-12 21:38:01,728 TIE_Production MAX_POSITIONS: skip B_SELL XAUUSD (strat=0 dir=4 max=3)
2026-08-12 21:38:01,732 GateObservatory [XAUUSD/TIE_V4] Gate MaxPositions: FAIL | dir=4 strat=0 max=3
2026-08-12 21:38:10,807 TIE_Production --- Scanning XAUUSD ---
2026-08-12 21:38:11,699 TIE_Production MARKET REGIME: RANGING (strength=60) | SUGGESTED ENGINE: SemiHFT
2026-08-12 21:38:11,701 StrategyManager Strategy semi_hft_c8_v4 returned WAIT: no_setup:no_structural_setup
2026-08-12 21:38:11,701 StrategyManager Strategy aggressive_v1 returned WAIT: no_setup:no_structural_setup
2026-08-12 21:38:11,702 BystraStrategy Bystra best detector: THREE_CANDLE conf=82% dir=SELL
2026-08-12 21:38:11,703 MultiStrategyRuntime Scan 2.5ms — strategies=3 signals=1 dir=sell source=bystra_v1
2026-08-12 21:38:11,709 GateObservatory [XAUUSD/TIE_V4] Gate Detector: PASS | setup=B_SELL lot=0.01
2026-08-12 21:38:11,709 TIE_Production ExitOrchestrator adjusted SL/TP for B_SELL: new SL=4441.71 TP=4382.12 RR=1.76 (adj=False)
2026-08-12 21:38:11,709 TIE_Production Setup detected: B_SELL SELL conf=82%
2026-08-12 21:38:11,727 TIE_Production MAX_POSITIONS: skip B_SELL XAUUSD (strat=0 dir=4 max=3)
2026-08-12 21:38:11,733 GateObservatory [XAUUSD/TIE_V4] Gate MaxPositions: FAIL | dir=4 strat=0 max=3
2026-08-12 21:38:12,553 TIE_Production --- Scanning XAUUSD ---
2026-08-12 21:38:14,612 TIE_Production MARKET REGIME: RANGING (strength=60) | SUGGESTED ENGINE: SemiHFT
2026-08-12 21:38:14,614 strategies.semi_hft.strategy [LIQ_VACUUM] GOOD clear_path_down dir=SELL
2026-08-12 21:38:14,614 strategies.semi_hft.strategy [ZSCORE] zscore_ok z=-0.73
2026-08-12 21:38:14,614 strategies.semi_hft.strategy [PULLBACK] trend_follow_DOWN_m5_gas_ok | M15=DOWN
2026-08-12 21:38:14,614 strategies.semi_hft.strategy [MACD] macd_down_sell_ok macd=-0.02 sig=-0.02
2026-08-12 21:38:14,614 StrategyManager Strategy semi_hft_c8_v4 returned WAIT: entry_low:55
2026-08-12 21:38:14,615 StrategyManager Strategy aggressive_v1 returned WAIT: tl_guard:NO_SELL_BREAK
2026-08-12 21:38:14,616 BystraStrategy Bystra best detector: THREE_CANDLE conf=82% dir=SELL
2026-08-12 21:38:14,616 MultiStrategyRuntime Scan 3.2ms — strategies=3 signals=1 dir=sell source=bystra_v1
2026-08-12 21:38:14,622 GateObservatory [XAUUSD/TIE_V4] Gate Detector: PASS | setup=B_SELL lot=0.01
2026-08-12 21:38:14,622 TIE_Production ExitOrchestrator adjusted SL/TP for B_SELL: new SL=4441.71 TP=4382.12 RR=1.74 (adj=False)
2026-08-12 21:38:14,622 TIE_Production Setup detected: B_SELL SELL conf=82%
2026-08-12 21:38:14,639 TIE_Production MAX_POSITIONS: skip B_SELL XAUUSD (strat=0 dir=4 max=3)
2026-08-12 21:38:14,644 GateObservatory [XAUUSD/TIE_V4] Gate MaxPositions: FAIL | dir=4 strat=0 max=3
2026-08-12 21:38:22,488 TIE_Production --- Scanning XAUUSD ---
2026-08-12 21:38:23,413 TIE_Production MARKET REGIME: RANGING (strength=60) | SUGGESTED ENGINE: SemiHFT
2026-08-12 21:38:23,415 StrategyManager Strategy semi_hft_c8_v4 returned WAIT: no_setup:no_structural_setup
2026-08-12 21:38:23,415 StrategyManager Strategy aggressive_v1 returned WAIT: no_setup:no_structural_setup
2026-08-12 21:38:23,416 BystraStrategy Bystra best detector: THREE_CANDLE conf=82% dir=SELL
2026-08-12 21:38:23,417 MultiStrategyRuntime Scan 2.6ms — strategies=3 signals=1 dir=sell source=bystra_v1
2026-08-12 21:38:23,421 GateObservatory [XAUUSD/TIE_V4] Gate Detector: PASS | setup=B_SELL lot=0.01
2026-08-12 21:38:23,422 TIE_Production ExitOrchestrator adjusted SL/TP for B_SELL: new SL=4441.71 TP=4382.12 RR=1.74 (adj=False)
2026-08-12 21:38:23,422 TIE_Production Setup detected: B_SELL SELL conf=82%
2026-08-12 21:38:23,444 TIE_Production MAX_POSITIONS: skip B_SELL XAUUSD (strat=0 dir=4 max=3)
2026-08-12 21:38:23,447 GateObservatory [XAUUSD/TIE_V4] Gate MaxPositions: FAIL | dir=4 strat=0 max=3
2026-08-12 21:38:25,482 TIE_Production --- Scanning XAUUSD ---
2026-08-12 21:38:26,618 TIE_Production MARKET REGIME: RANGING (strength=60) | SUGGESTED ENGINE: SemiHFT
2026-08-12 21:38:26,620 strategies.semi_hft.strategy [LIQ_VACUUM] GOOD clear_path_down dir=SELL
2026-08-12 21:38:26,620 strategies.semi_hft.strategy [ZSCORE] zscore_ok z=-0.74
2026-08-12 21:38:26,620 strategies.semi_hft.strategy [PULLBACK] trend_follow_DOWN_m5_gas_ok | M15=DOWN
2026-08-12 21:38:26,620 strategies.semi_hft.strategy [MACD] macd_down_sell_ok macd=-0.03 sig=-0.03
2026-08-12 21:38:26,620 StrategyManager Strategy semi_hft_c8_v4 returned WAIT: entry_low:54
2026-08-12 21:38:26,621 StrategyManager Strategy aggressive_v1 returned WAIT: tl_guard:NO_SELL_BREAK
2026-08-12 21:38:26,622 BystraStrategy Bystra best detector: THREE_CANDLE conf=82% dir=SELL
2026-08-12 21:38:26,622 MultiStrategyRuntime Scan 3.1ms — strategies=3 signals=1 dir=sell source=bystra_v1
2026-08-12 21:38:26,627 GateObservatory [XAUUSD/TIE_V4] Gate Detector: PASS | setup=B_SELL lot=0.01
2026-08-12 21:38:26,627 TIE_Production ExitOrchestrator adjusted SL/TP for B_SELL: new SL=4441.71 TP=4382.12 RR=1.62 (adj=False)
2026-08-12 21:38:26,627 TIE_Production Setup detected: B_SELL SELL conf=82%
2026-08-12 21:38:26,648 TIE_Production MAX_POSITIONS: skip B_SELL XAUUSD (strat=0 dir=4 max=3)
2026-08-12 21:38:26,652 GateObservatory [XAUUSD/TIE_V4] Gate MaxPositions: FAIL | dir=4 strat=0 max=3
2026-08-12 21:38:34,233 TIE_Production --- Scanning XAUUSD ---
2026-08-12 21:38:35,133 TIE_Production MARKET REGIME: RANGING (strength=60) | SUGGESTED ENGINE: SemiHFT
2026-08-12 21:38:35,134 StrategyManager Strategy semi_hft_c8_v4 returned WAIT: no_setup:no_structural_setup
2026-08-12 21:38:35,134 StrategyManager Strategy aggressive_v1 returned WAIT: no_setup:no_structural_setup
2026-08-12 21:38:35,136 BystraStrategy Bystra best detector: THREE_CANDLE conf=82% dir=SELL
2026-08-12 21:38:35,136 MultiStrategyRuntime Scan 2.5ms — strategies=3 signals=1 dir=sell source=bystra_v1
2026-08-12 21:38:35,141 GateObservatory [XAUUSD/TIE_V4] Gate Detector: PASS | setup=B_SELL lot=0.01
2026-08-12 21:38:35,141 TIE_Production ExitOrchestrator adjusted SL/TP for B_SELL: new SL=4441.71 TP=4382.12 RR=1.69 (adj=False)
2026-08-12 21:38:35,141 TIE_Production Setup detected: B_SELL SELL conf=82%
2026-08-12 21:38:35,155 TIE_Production MAX_POSITIONS: skip B_SELL XAUUSD (strat=0 dir=4 max=3)
2026-08-12 21:38:35,159 GateObservatory [XAUUSD/TIE_V4] Gate MaxPositions: FAIL | dir=4 strat=0 max=3
2026-08-12 21:38:37,471 TIE_Production --- Scanning XAUUSD ---
2026-08-12 21:38:38,367 TIE_Production MARKET REGIME: RANGING (strength=60) | SUGGESTED ENGINE: SemiHFT
2026-08-12 21:38:38,368 strategies.semi_hft.strategy [LIQ_VACUUM] GOOD clear_path_down dir=SELL
2026-08-12 21:38:38,368 strategies.semi_hft.strategy [ZSCORE] zscore_ok z=-0.85
2026-08-12 21:38:38,368 strategies.semi_hft.strategy [PULLBACK] trend_follow_DOWN_m5_gas_ok | M15=DOWN
2026-08-12 21:38:38,368 strategies.semi_hft.strategy [MACD] macd_down_sell_ok macd=-0.10 sig=-0.09
2026-08-12 21:38:38,368 StrategyManager Strategy semi_hft_c8_v4 returned WAIT: entry_low:57
2026-08-12 21:38:38,369 StrategyManager Strategy aggressive_v1 returned WAIT: tl_guard:NO_SELL_BREAK
2026-08-12 21:38:38,371 BystraStrategy Bystra best detector: THREE_CANDLE conf=82% dir=SELL
2026-08-12 21:38:38,371 MultiStrategyRuntime Scan 3.3ms — strategies=3 signals=1 dir=sell source=bystra_v1
2026-08-12 21:38:38,375 GateObservatory [XAUUSD/TIE_V4] Gate Detector: PASS | setup=B_SELL lot=0.01
2026-08-12 21:38:38,375 TIE_Production ExitOrchestrator adjusted SL/TP for B_SELL: new SL=4441.71 TP=4382.12 RR=1.68 (adj=False)
2026-08-12 21:38:38,375 TIE_Production Setup detected: B_SELL SELL conf=82%
2026-08-12 21:38:38,392 TIE_Production MAX_POSITIONS: skip B_SELL XAUUSD (strat=0 dir=4 max=3)
2026-08-12 21:38:38,398 GateObservatory [XAUUSD/TIE_V4] Gate MaxPositions: FAIL | dir=4 strat=0 max=3
2026-08-12 21:38:46,073 TIE_Production --- Scanning XAUUSD ---
2026-08-12 21:38:47,125 TIE_Production MARKET REGIME: RANGING (strength=60) | SUGGESTED ENGINE: SemiHFT
2026-08-12 21:38:47,127 StrategyManager Strategy semi_hft_c8_v4 returned WAIT: no_setup:no_structural_setup
2026-08-12 21:38:47,127 StrategyManager Strategy aggressive_v1 returned WAIT: no_setup:no_structural_setup
2026-08-12 21:38:47,129 BystraStrategy Bystra best detector: THREE_CANDLE conf=82% dir=SELL
2026-08-12 21:38:47,129 MultiStrategyRuntime Scan 3.0ms — strategies=3 signals=1 dir=sell source=bystra_v1
2026-08-12 21:38:47,136 GateObservatory [XAUUSD/TIE_V4] Gate Detector: PASS | setup=B_SELL lot=0.01
2026-08-12 21:38:47,136 TIE_Production ExitOrchestrator adjusted SL/TP for B_SELL: new SL=4441.71 TP=4382.12 RR=1.71 (adj=False)
2026-08-12 21:38:47,136 TIE_Production Setup detected: B_SELL SELL conf=82%
2026-08-12 21:38:47,163 TIE_Production MAX_POSITIONS: skip B_SELL XAUUSD (strat=0 dir=4 max=3)
2026-08-12 21:38:47,169 GateObservatory [XAUUSD/TIE_V4] Gate MaxPositions: FAIL | dir=4 strat=0 max=3
2026-08-12 21:38:49,218 TIE_Production --- Scanning XAUUSD ---
2026-08-12 21:38:50,072 TIE_Production MARKET REGIME: TRENDING (strength=63) | SUGGESTED ENGINE: Aggressive
2026-08-12 21:38:50,074 strategies.semi_hft.strategy [LIQ_VACUUM] GOOD clear_path_down dir=SELL
2026-08-12 21:38:50,074 strategies.semi_hft.strategy [ZSCORE] zscore_ok z=-0.88
2026-08-12 21:38:50,074 strategies.semi_hft.strategy [PULLBACK] trend_follow_DOWN_m5_gas_ok | M15=DOWN
2026-08-12 21:38:50,074 strategies.semi_hft.strategy [MACD] macd_down_sell_ok macd=-0.11 sig=-0.10
2026-08-12 21:38:50,074 StrategyManager Strategy semi_hft_c8_v4 returned WAIT: entry_low:58
2026-08-12 21:38:50,075 StrategyManager Strategy aggressive_v1 returned WAIT: tl_guard:NO_SELL_BREAK
2026-08-12 21:38:50,076 BystraStrategy Bystra best detector: THREE_CANDLE conf=82% dir=SELL
2026-08-12 21:38:50,077 MultiStrategyRuntime Scan 3.2ms — strategies=3 signals=1 dir=sell source=bystra_v1
2026-08-12 21:38:50,082 GateObservatory [XAUUSD/TIE_V4] Gate Detector: PASS | setup=B_SELL lot=0.01
2026-08-12 21:38:50,082 TIE_Production ExitOrchestrator adjusted SL/TP for B_SELL: new SL=4441.71 TP=4382.12 RR=1.64 (adj=False)
2026-08-12 21:38:50,082 TIE_Production Setup detected: B_SELL SELL conf=82%
2026-08-12 21:38:50,111 TIE_Production Risk Gate: ✅ PASS — XAUUSD
2026-08-12 21:38:50,115 GateObservatory [XAUUSD/TIE_V4] Gate RiskGate: PASS | all rules approve
2026-08-12 21:38:50,255 TIE_Production ✅ ORDER EXECUTED: XAUUSD SELL 0.01 lot | SL=4441.712 TP=4382.117 ticket=3627613773
2026-08-12 21:38:50,260 GateObservatory [XAUUSD/TIE_V4] Gate Execution: PASS | order placed ticket=3627613773
2026-08-12 21:38:57,944 TIE_Production --- Scanning XAUUSD ---
2026-08-12 21:38:58,839 TIE_Production MARKET REGIME: RANGING (strength=60) | SUGGESTED ENGINE: SemiHFT
2026-08-12 21:38:58,840 StrategyManager Strategy semi_hft_c8_v4 returned WAIT: no_setup:no_structural_setup
2026-08-12 21:38:58,840 StrategyManager Strategy aggressive_v1 returned WAIT: no_setup:no_structural_setup
2026-08-12 21:38:58,842 BystraStrategy Bystra best detector: THREE_CANDLE conf=82% dir=SELL
2026-08-12 21:38:58,842 MultiStrategyRuntime Scan 2.7ms — strategies=3 signals=1 dir=sell source=bystra_v1
2026-08-12 21:38:58,846 GateObservatory [XAUUSD/TIE_V4] Gate Detector: PASS | setup=B_SELL lot=0.01
2026-08-12 21:38:58,846 TIE_Production ExitOrchestrator adjusted SL/TP for B_SELL: new SL=4441.71 TP=4382.12 RR=1.64 (adj=False)
2026-08-12 21:38:58,847 TIE_Production Setup detected: B_SELL SELL conf=82%
2026-08-12 21:38:58,872 TIE_Production MAX_POSITIONS: skip B_SELL XAUUSD (strat=0 dir=5 max=3)
2026-08-12 21:38:58,876 GateObservatory [XAUUSD/TIE_V4] Gate MaxPositions: FAIL | dir=5 strat=0 max=3
2026-08-12 21:39:01,625 TIE_Production --- Scanning XAUUSD ---
2026-08-12 21:39:02,537 TIE_Production MARKET REGIME: RANGING (strength=60) | SUGGESTED ENGINE: SemiHFT
2026-08-12 21:39:02,538 strategies.semi_hft.strategy [LIQ_VACUUM] GOOD clear_path_down dir=SELL
2026-08-12 21:39:02,539 strategies.semi_hft.strategy [ZSCORE] zscore_ok z=-0.87
2026-08-12 21:39:02,539 strategies.semi_hft.strategy [PULLBACK] trend_follow_DOWN_m5_gas_ok | M15=DOWN
2026-08-12 21:39:02,539 strategies.semi_hft.strategy [MACD] macd_down_sell_ok macd=-0.11 sig=-0.10
2026-08-12 21:39:02,539 StrategyManager Strategy semi_hft_c8_v4 returned WAIT: m5_guard:BLOCK_RANGE
2026-08-12 21:39:02,539 StrategyManager Strategy aggressive_v1 returned WAIT: tl_guard:NO_SELL_BREAK
2026-08-12 21:39:02,541 BystraStrategy Bystra best detector: THREE_CANDLE conf=82% dir=SELL
2026-08-12 21:39:02,541 MultiStrategyRuntime Scan 2.9ms — strategies=3 signals=1 dir=sell source=bystra_v1
2026-08-12 21:39:02,545 GateObservatory [XAUUSD/TIE_V4] Gate Detector: PASS | setup=B_SELL lot=0.01
2026-08-12 21:39:02,545 TIE_Production ExitOrchestrator adjusted SL/TP for B_SELL: new SL=4441.71 TP=4382.12 RR=1.65 (adj=False)
2026-08-12 21:39:02,545 TIE_Production Setup detected: B_SELL SELL conf=82%
2026-08-12 21:39:02,574 TIE_Production MAX_POSITIONS: skip B_SELL XAUUSD (strat=0 dir=5 max=3)
2026-08-12 21:39:02,579 GateObservatory [XAUUSD/TIE_V4] Gate MaxPositions: FAIL | dir=5 strat=0 max=3
2026-08-12 21:39:09,662 TIE_Production --- Scanning XAUUSD ---
2026-08-12 21:39:10,680 TIE_Production MARKET REGIME: TRENDING (strength=71) | SUGGESTED ENGINE: Aggressive
2026-08-12 21:39:10,682 StrategyManager Strategy semi_hft_c8_v4 returned WAIT: no_setup:no_structural_setup
2026-08-12 21:39:10,682 StrategyManager Strategy aggressive_v1 returned WAIT: no_setup:no_structural_setup
2026-08-12 21:39:10,685 BystraStrategy Bystra best detector: THREE_CANDLE conf=82% dir=SELL
2026-08-12 21:39:10,688 MultiStrategyRuntime Scan 7.1ms — strategies=3 signals=1 dir=sell source=bystra_v1
2026-08-12 21:39:10,694 GateObservatory [XAUUSD/TIE_V4] Gate Detector: PASS | setup=B_SELL lot=0.01
2026-08-12 21:39:10,695 TIE_Production ExitOrchestrator adjusted SL/TP for B_SELL: new SL=4441.71 TP=4382.12 RR=1.51 (adj=False)
2026-08-12 21:39:10,695 TIE_Production Setup detected: B_SELL SELL conf=82%
2026-08-12 21:39:10,713 TIE_Production MAX_POSITIONS: skip B_SELL XAUUSD (strat=0 dir=5 max=5)
2026-08-12 21:39:10,717 GateObservatory [XAUUSD/TIE_V4] Gate MaxPositions: FAIL | dir=5 strat=0 max=5
2026-08-12 21:39:13,566 TIE_Production --- Scanning XAUUSD ---
2026-08-12 21:39:14,546 TIE_Production MARKET REGIME: TRENDING (strength=70) | SUGGESTED ENGINE: Aggressive
2026-08-12 21:39:14,548 strategies.semi_hft.strategy [LIQ_VACUUM] GOOD clear_path_down dir=SELL
2026-08-12 21:39:14,548 strategies.semi_hft.strategy [ZSCORE] zscore_ok z=-1.01
2026-08-12 21:39:14,548 strategies.semi_hft.strategy [PULLBACK] trend_follow_DOWN_m5_gas_ok | M15=DOWN
2026-08-12 21:39:14,548 strategies.semi_hft.strategy [MACD] macd_down_sell_ok macd=-0.20 sig=-0.18
2026-08-12 21:39:14,548 StrategyManager Strategy semi_hft_c8_v4 returned WAIT: entry_low:59
2026-08-12 21:39:14,549 StrategyManager Strategy aggressive_v1 returned WAIT: tl_guard:NO_SELL_BREAK
2026-08-12 21:39:14,550 BystraStrategy Bystra best detector: THREE_CANDLE conf=82% dir=SELL
2026-08-12 21:39:14,550 MultiStrategyRuntime Scan 3.1ms — strategies=3 signals=1 dir=sell source=bystra_v1
2026-08-12 21:39:14,555 GateObservatory [XAUUSD/TIE_V4] Gate Detector: PASS | setup=B_SELL lot=0.01
2026-08-12 21:39:14,555 TIE_Production ExitOrchestrator adjusted SL/TP for B_SELL: new SL=4441.71 TP=4382.12 RR=1.54 (adj=False)
2026-08-12 21:39:14,555 TIE_Production Setup detected: B_SELL SELL conf=82%
2026-08-12 21:39:14,578 TIE_Production MAX_POSITIONS: skip B_SELL XAUUSD (strat=0 dir=5 max=5)
2026-08-12 21:39:14,583 GateObservatory [XAUUSD/TIE_V4] Gate MaxPositions: FAIL | dir=5 strat=0 max=5
2026-08-12 21:39:21,447 TIE_Production --- Scanning XAUUSD ---
2026-08-12 21:39:22,340 TIE_Production MARKET REGIME: TRENDING (strength=69) | SUGGESTED ENGINE: Aggressive
2026-08-12 21:39:22,341 StrategyManager Strategy semi_hft_c8_v4 returned WAIT: no_setup:no_structural_setup
2026-08-12 21:39:22,342 StrategyManager Strategy aggressive_v1 returned WAIT: no_setup:no_structural_setup
2026-08-12 21:39:22,344 BystraStrategy Bystra best detector: THREE_CANDLE conf=82% dir=SELL
2026-08-12 21:39:22,344 MultiStrategyRuntime Scan 3.3ms — strategies=3 signals=1 dir=sell source=bystra_v1
2026-08-12 21:39:22,348 GateObservatory [XAUUSD/TIE_V4] Gate Detector: PASS | setup=B_SELL lot=0.01
2026-08-12 21:39:22,349 TIE_Production ExitOrchestrator adjusted SL/TP for B_SELL: new SL=4441.71 TP=4382.12 RR=1.58 (adj=False)
2026-08-12 21:39:22,349 TIE_Production Setup detected: B_SELL SELL conf=82%
2026-08-12 21:39:22,419 TIE_Production MAX_POSITIONS: skip B_SELL XAUUSD (strat=0 dir=5 max=5)
2026-08-12 21:39:22,424 GateObservatory [XAUUSD/TIE_V4] Gate MaxPositions: FAIL | dir=5 strat=0 max=5
2026-08-12 21:39:25,367 TIE_Production --- Scanning XAUUSD ---
2026-08-12 21:39:26,270 TIE_Production MARKET REGIME: TRENDING (strength=80) | SUGGESTED ENGINE: Aggressive
2026-08-12 21:39:26,271 strategies.semi_hft.strategy [LIQ_VACUUM] GOOD clear_path_down dir=SELL
2026-08-12 21:39:26,272 strategies.semi_hft.strategy [ZSCORE] zscore_ok z=-1.17
2026-08-12 21:39:26,272 strategies.semi_hft.strategy [PULLBACK] trend_follow_DOWN_m5_gas_ok | M15=DOWN
2026-08-12 21:39:26,272 strategies.semi_hft.strategy [MACD] macd_down_sell_ok macd=-0.30 sig=-0.27
2026-08-12 21:39:26,272 StrategyManager Strategy semi_hft_c8_v4 returned WAIT: m5_guard:BLOCK_RANGE
2026-08-12 21:39:26,272 StrategyManager Strategy aggressive_v1 returned WAIT: tl_guard:NO_SELL_BREAK
2026-08-12 21:39:26,274 BystraStrategy Bystra best detector: THREE_CANDLE conf=82% dir=SELL
2026-08-12 21:39:26,274 MultiStrategyRuntime Scan 3.0ms — strategies=3 signals=1 dir=sell source=bystra_v1
2026-08-12 21:39:26,279 GateObservatory [XAUUSD/TIE_V4] Gate Detector: PASS | setup=B_SELL lot=0.01
2026-08-12 21:39:26,279 core.strategy.exit_orchestrator [B_SELL] RR optimized: 1.40 -> 1.50 (Widened TP for Gate, dir=SELL, dir_sign=-1)
2026-08-12 21:39:26,279 TIE_Production ExitOrchestrator adjusted SL/TP for B_SELL: new SL=4441.71 TP=4379.59 RR=1.50 (adj=True)
2026-08-12 21:39:26,279 TIE_Production Setup detected: B_SELL SELL conf=82%
2026-08-12 21:39:30,456 TIE_Production MAX_POSITIONS: skip B_SELL XAUUSD (strat=0 dir=5 max=5)
2026-08-12 21:39:30,461 GateObservatory [XAUUSD/TIE_V4] Gate MaxPositions: FAIL | dir=5 strat=0 max=5
2026-08-12 21:39:33,263 TIE_Production --- Scanning XAUUSD ---
2026-08-12 21:39:34,113 TIE_Production MARKET REGIME: TRENDING (strength=74) | SUGGESTED ENGINE: Aggressive
2026-08-12 21:39:34,114 StrategyManager Strategy semi_hft_c8_v4 returned WAIT: no_setup:no_structural_setup
2026-08-12 21:39:34,115 StrategyManager Strategy aggressive_v1 returned WAIT: no_setup:no_structural_setup
2026-08-12 21:39:34,116 BystraStrategy Bystra best detector: THREE_CANDLE conf=82% dir=SELL
2026-08-12 21:39:34,116 MultiStrategyRuntime Scan 2.4ms — strategies=3 signals=1 dir=sell source=bystra_v1
2026-08-12 21:39:34,120 GateObservatory [XAUUSD/TIE_V4] Gate Detector: PASS | setup=B_SELL lot=0.01
2026-08-12 21:39:34,121 core.strategy.exit_orchestrator [B_SELL] RR optimized: 1.48 -> 1.50 (Widened TP for Gate, dir=SELL, dir_sign=-1)
2026-08-12 21:39:34,121 TIE_Production ExitOrchestrator adjusted SL/TP for B_SELL: new SL=4441.71 TP=4381.65 RR=1.50 (adj=True)
2026-08-12 21:39:34,121 TIE_Production Setup detected: B_SELL SELL conf=82%
2026-08-12 21:39:34,139 TIE_Production MAX_POSITIONS: skip B_SELL XAUUSD (strat=0 dir=5 max=5)
2026-08-12 21:39:34,143 GateObservatory [XAUUSD/TIE_V4] Gate MaxPositions: FAIL | dir=5 strat=0 max=5
2026-08-12 21:39:41,159 TIE_Production --- Scanning XAUUSD ---
2026-08-12 21:39:41,978 TIE_Production MARKET REGIME: TRENDING (strength=73) | SUGGESTED ENGINE: Aggressive
2026-08-12 21:39:41,980 strategies.semi_hft.strategy [LIQ_VACUUM] GOOD clear_path_down dir=SELL
2026-08-12 21:39:41,980 strategies.semi_hft.strategy [ZSCORE] zscore_ok z=-1.05
2026-08-12 21:39:41,980 strategies.semi_hft.strategy [PULLBACK] trend_follow_DOWN_m5_gas_ok | M15=DOWN
2026-08-12 21:39:41,980 strategies.semi_hft.strategy [MACD] macd_down_sell_ok macd=-0.23 sig=-0.20
2026-08-12 21:39:41,980 StrategyManager Strategy semi_hft_c8_v4 returned WAIT: entry_low:59
2026-08-12 21:39:41,981 StrategyManager Strategy aggressive_v1 returned WAIT: tl_guard:NO_SELL_BREAK
2026-08-12 21:39:41,982 BystraStrategy Bystra best detector: THREE_CANDLE conf=82% dir=SELL
2026-08-12 21:39:41,982 MultiStrategyRuntime Scan 3.1ms — strategies=3 signals=1 dir=sell source=bystra_v1
2026-08-12 21:39:41,986 GateObservatory [XAUUSD/TIE_V4] Gate Detector: PASS | setup=B_SELL lot=0.01
2026-08-12 21:39:41,986 TIE_Production ExitOrchestrator adjusted SL/TP for B_SELL: new SL=4441.71 TP=4382.12 RR=1.50 (adj=False)
2026-08-12 21:39:41,986 TIE_Production Setup detected: B_SELL SELL conf=82%
2026-08-12 21:39:42,730 TIE_Production MAX_POSITIONS: skip B_SELL XAUUSD (strat=0 dir=5 max=5)
2026-08-12 21:39:42,734 GateObservatory [XAUUSD/TIE_V4] Gate MaxPositions: FAIL | dir=5 strat=0 max=5
2026-08-12 21:39:45,029 TIE_Production --- Scanning XAUUSD ---
2026-08-12 21:39:45,969 TIE_Production MARKET REGIME: TRENDING (strength=72) | SUGGESTED ENGINE: Aggressive
2026-08-12 21:39:45,970 StrategyManager Strategy semi_hft_c8_v4 returned WAIT: no_setup:no_structural_setup
2026-08-12 21:39:45,970 StrategyManager Strategy aggressive_v1 returned WAIT: no_setup:no_structural_setup
2026-08-12 21:39:45,972 BystraStrategy Bystra best detector: THREE_CANDLE conf=82% dir=SELL
2026-08-12 21:39:45,972 MultiStrategyRuntime Scan 2.5ms — strategies=3 signals=1 dir=sell source=bystra_v1
2026-08-12 21:39:45,976 GateObservatory [XAUUSD/TIE_V4] Gate Detector: PASS | setup=B_SELL lot=0.01
2026-08-12 21:39:45,976 TIE_Production ExitOrchestrator adjusted SL/TP for B_SELL: new SL=4441.71 TP=4382.12 RR=1.51 (adj=False)
2026-08-12 21:39:45,976 TIE_Production Setup detected: B_SELL SELL conf=82%
2026-08-12 21:39:46,874 TIE_Production MAX_POSITIONS: skip B_SELL XAUUSD (strat=0 dir=5 max=5)
2026-08-12 21:39:46,879 GateObservatory [XAUUSD/TIE_V4] Gate MaxPositions: FAIL | dir=5 strat=0 max=5
2026-08-12 21:39:53,769 TIE_Production --- Scanning XAUUSD ---
2026-08-12 21:39:54,831 TIE_Production MARKET REGIME: TRENDING (strength=67) | SUGGESTED ENGINE: Aggressive
2026-08-12 21:39:54,833 strategies.semi_hft.strategy [LIQ_VACUUM] GOOD clear_path_down dir=SELL
2026-08-12 21:39:54,834 strategies.semi_hft.strategy [ZSCORE] zscore_ok z=-0.94
2026-08-12 21:39:54,834 strategies.semi_hft.strategy [PULLBACK] trend_follow_DOWN_m5_gas_ok | M15=DOWN
2026-08-12 21:39:54,834 strategies.semi_hft.strategy [MACD] macd_down_sell_ok macd=-0.16 sig=-0.14
2026-08-12 21:39:54,834 StrategyManager Strategy semi_hft_c8_v4 returned WAIT: entry_low:55
2026-08-12 21:39:54,835 StrategyManager Strategy aggressive_v1 returned WAIT: tl_guard:NO_SELL_BREAK
2026-08-12 21:39:54,837 BystraStrategy Bystra best detector: THREE_CANDLE conf=82% dir=SELL
2026-08-12 21:39:54,838 MultiStrategyRuntime Scan 5.0ms — strategies=3 signals=1 dir=sell source=bystra_v1
2026-08-12 21:39:54,843 GateObservatory [XAUUSD/TIE_V4] Gate Detector: PASS | setup=B_SELL lot=0.01
2026-08-12 21:39:54,843 TIE_Production ExitOrchestrator adjusted SL/TP for B_SELL: new SL=4441.71 TP=4382.12 RR=1.50 (adj=False)
2026-08-12 21:39:54,843 TIE_Production Setup detected: B_SELL SELL conf=82%
2026-08-12 21:39:54,862 TIE_Production Risk Gate: ✅ PASS — XAUUSD
2026-08-12 21:39:54,866 GateObservatory [XAUUSD/TIE_V4] Gate RiskGate: PASS | all rules approve
2026-08-12 21:39:54,992 TIE_Production ✅ ORDER EXECUTED: XAUUSD SELL 0.01 lot | SL=4441.712 TP=4382.117 ticket=3627624766
2026-08-12 21:39:54,997 GateObservatory [XAUUSD/TIE_V4] Gate Execution: PASS | order placed ticket=3627624766
2026-08-12 21:39:57,691 TIE_Production --- Scanning XAUUSD ---
2026-08-12 21:39:58,591 TIE_Production MARKET REGIME: TRENDING (strength=70) | SUGGESTED ENGINE: Aggressive
2026-08-12 21:39:58,592 StrategyManager Strategy semi_hft_c8_v4 returned WAIT: no_setup:no_structural_setup
2026-08-12 21:39:58,592 StrategyManager Strategy aggressive_v1 returned WAIT: no_setup:no_structural_setup
2026-08-12 21:39:58,594 BystraStrategy Bystra best detector: THREE_CANDLE conf=82% dir=SELL
2026-08-12 21:39:58,594 MultiStrategyRuntime Scan 2.7ms — strategies=3 signals=1 dir=sell source=bystra_v1
2026-08-12 21:39:58,598 GateObservatory [XAUUSD/TIE_V4] Gate Detector: PASS | setup=B_SELL lot=0.01
2026-08-12 21:39:58,599 TIE_Production ExitOrchestrator adjusted SL/TP for B_SELL: new SL=4441.71 TP=4382.12 RR=1.53 (adj=False)
2026-08-12 21:39:58,599 TIE_Production Setup detected: B_SELL SELL conf=82%
2026-08-12 21:39:58,621 TIE_Production MAX_POSITIONS: skip B_SELL XAUUSD (strat=0 dir=5 max=5)
2026-08-12 21:39:58,624 GateObservatory [XAUUSD/TIE_V4] Gate MaxPositions: FAIL | dir=5 strat=0 max=5
2026-08-12 21:40:06,038 TIE_Production --- Scanning XAUUSD ---
2026-08-12 21:40:06,920 TIE_Production MARKET REGIME: RANGING (strength=60) | SUGGESTED ENGINE: SemiHFT
2026-08-12 21:40:06,922 strategies.semi_hft.strategy [LIQ_VACUUM] GOOD clear_path_up dir=BUY
2026-08-12 21:40:06,922 strategies.semi_hft.strategy [ZSCORE] zscore_ok z=-0.86
2026-08-12 21:40:06,922 StrategyManager Strategy semi_hft_c8_v4 returned WAIT: pullback:counter_trend_not_in_fibo dir=BUY m15=DOWN price=4418.65 H=4441.46 L=4382.12
2026-08-12 21:40:06,922 strategies.aggressive.strategy [LIQ_VACUUM] GOOD no_pool_data dir=BUY
2026-08-12 21:40:06,923 strategies.aggressive.strategy [ZSCORE] zscore_ok z=-0.86
2026-08-12 21:40:06,923 StrategyManager Strategy aggressive_v1 returned WAIT: rme:debate_block:penalty_61.5
2026-08-12 21:40:06,924 BystraStrategy Bystra best detector: THREE_CANDLE conf=82% dir=SELL
2026-08-12 21:40:06,924 MultiStrategyRuntime Scan 3.1ms — strategies=3 signals=1 dir=sell source=bystra_v1
2026-08-12 21:40:06,929 GateObservatory [XAUUSD/TIE_V4] Gate Detector: PASS | setup=B_SELL lot=0.01
2026-08-12 21:40:06,929 TIE_Production ExitOrchestrator adjusted SL/TP for B_SELL: new SL=4441.71 TP=4382.12 RR=1.58 (adj=False)
2026-08-12 21:40:06,929 TIE_Production Setup detected: B_SELL SELL conf=82%
2026-08-12 21:40:06,954 TIE_Production MAX_POSITIONS: skip B_SELL XAUUSD (strat=0 dir=5 max=3)
2026-08-12 21:40:06,959 GateObservatory [XAUUSD/TIE_V4] Gate MaxPositions: FAIL | dir=5 strat=0 max=3
2026-08-12 21:40:09,473 TIE_Production --- Scanning XAUUSD ---
2026-08-12 21:40:10,360 TIE_Production MARKET REGIME: TRENDING (strength=68) | SUGGESTED ENGINE: Aggressive
2026-08-12 21:40:10,361 StrategyManager Strategy semi_hft_c8_v4 returned WAIT: no_setup:no_structural_setup
2026-08-12 21:40:10,361 StrategyManager Strategy aggressive_v1 returned WAIT: no_setup:no_structural_setup
2026-08-12 21:40:10,363 BystraStrategy Bystra best detector: THREE_CANDLE conf=82% dir=SELL
2026-08-12 21:40:10,363 MultiStrategyRuntime Scan 2.5ms — strategies=3 signals=1 dir=sell source=bystra_v1
2026-08-12 21:40:10,367 GateObservatory [XAUUSD/TIE_V4] Gate Detector: PASS | setup=B_SELL lot=0.01
2026-08-12 21:40:10,368 TIE_Production ExitOrchestrator adjusted SL/TP for B_SELL: new SL=4441.71 TP=4382.12 RR=1.62 (adj=False)
2026-08-12 21:40:10,368 TIE_Production Setup detected: B_SELL SELL conf=82%
2026-08-12 21:40:10,383 TIE_Production MAX_POSITIONS: skip B_SELL XAUUSD (strat=0 dir=5 max=5)
2026-08-12 21:40:10,387 GateObservatory [XAUUSD/TIE_V4] Gate MaxPositions: FAIL | dir=5 strat=0 max=5
2026-08-12 21:40:17,738 TIE_Production --- Scanning XAUUSD ---
2026-08-12 21:40:18,533 TIE_Production MARKET REGIME: TRENDING (strength=71) | SUGGESTED ENGINE: Aggressive
2026-08-12 21:40:18,535 strategies.semi_hft.strategy [LIQ_VACUUM] GOOD clear_path_up dir=BUY
2026-08-12 21:40:18,535 strategies.semi_hft.strategy [ZSCORE] zscore_ok z=-0.77
2026-08-12 21:40:18,535 StrategyManager Strategy semi_hft_c8_v4 returned WAIT: pullback:counter_trend_not_in_fibo dir=BUY m15=DOWN price=4419.31 H=4441.46 L=4382.12
2026-08-12 21:40:18,536 strategies.aggressive.strategy [LIQ_VACUUM] GOOD no_pool_data dir=BUY
2026-08-12 21:40:18,536 strategies.aggressive.strategy [ZSCORE] zscore_ok z=-0.77
2026-08-12 21:40:18,536 StrategyManager Strategy aggressive_v1 returned WAIT: rme:score_low:53.8
2026-08-12 21:40:18,537 BystraStrategy Bystra best detector: THREE_CANDLE conf=82% dir=SELL
2026-08-12 21:40:18,538 MultiStrategyRuntime Scan 3.4ms — strategies=3 signals=1 dir=sell source=bystra_v1
2026-08-12 21:40:18,542 GateObservatory [XAUUSD/TIE_V4] Gate Detector: PASS | setup=B_SELL lot=0.01
2026-08-12 21:40:18,542 TIE_Production ExitOrchestrator adjusted SL/TP for B_SELL: new SL=4441.71 TP=4382.12 RR=1.66 (adj=False)
2026-08-12 21:40:18,542 TIE_Production Setup detected: B_SELL SELL conf=82%
2026-08-12 21:40:19,687 TIE_Production MAX_POSITIONS: skip B_SELL XAUUSD (strat=0 dir=5 max=5)
2026-08-12 21:40:19,693 GateObservatory [XAUUSD/TIE_V4] Gate MaxPositions: FAIL | dir=5 strat=0 max=5
2026-08-12 21:40:21,142 TIE_Production --- Scanning XAUUSD ---
2026-08-12 21:40:22,041 TIE_Production MARKET REGIME: TRENDING (strength=74) | SUGGESTED ENGINE: Aggressive
2026-08-12 21:40:22,043 StrategyManager Strategy semi_hft_c8_v4 returned WAIT: no_setup:no_structural_setup
2026-08-12 21:40:22,048 StrategyManager Strategy aggressive_v1 returned WAIT: no_setup:no_structural_setup
2026-08-12 21:40:22,050 BystraStrategy Bystra best detector: THREE_CANDLE conf=82% dir=SELL
2026-08-12 21:40:22,050 MultiStrategyRuntime Scan 7.1ms — strategies=3 signals=1 dir=sell source=bystra_v1
2026-08-12 21:40:22,058 GateObservatory [XAUUSD/TIE_V4] Gate Detector: PASS | setup=B_SELL lot=0.01
2026-08-12 21:40:22,058 TIE_Production ExitOrchestrator adjusted SL/TP for B_SELL: new SL=4441.71 TP=4382.12 RR=1.69 (adj=False)
2026-08-12 21:40:22,058 TIE_Production Setup detected: B_SELL SELL conf=82%
2026-08-12 21:40:23,466 TIE_Production MAX_POSITIONS: skip B_SELL XAUUSD (strat=0 dir=5 max=5)
2026-08-12 21:40:23,470 GateObservatory [XAUUSD/TIE_V4] Gate MaxPositions: FAIL | dir=5 strat=0 max=5
2026-08-12 21:40:30,672 TIE_Production --- Scanning XAUUSD ---
2026-08-12 21:40:31,613 TIE_Production MARKET REGIME: TRENDING (strength=66) | SUGGESTED ENGINE: Aggressive
2026-08-12 21:40:31,615 strategies.semi_hft.strategy [LIQ_VACUUM] GOOD clear_path_up dir=BUY
2026-08-12 21:40:31,615 strategies.semi_hft.strategy [ZSCORE] zscore_ok z=-0.78
2026-08-12 21:40:31,615 StrategyManager Strategy semi_hft_c8_v4 returned WAIT: pullback:counter_trend_not_in_fibo dir=BUY m15=DOWN price=4419.56 H=4441.46 L=4382.12
2026-08-12 21:40:31,616 strategies.aggressive.strategy [LIQ_VACUUM] GOOD no_pool_data dir=BUY
2026-08-12 21:40:31,616 strategies.aggressive.strategy [ZSCORE] zscore_ok z=-0.78
2026-08-12 21:40:31,616 StrategyManager Strategy aggressive_v1 returned WAIT: rme:score_low:51.6
2026-08-12 21:40:31,617 BystraStrategy Bystra best detector: THREE_CANDLE conf=82% dir=SELL
2026-08-12 21:40:31,617 MultiStrategyRuntime Scan 3.1ms — strategies=3 signals=1 dir=sell source=bystra_v1
2026-08-12 21:40:31,622 GateObservatory [XAUUSD/TIE_V4] Gate Detector: PASS | setup=B_SELL lot=0.01
2026-08-12 21:40:31,622 TIE_Production ExitOrchestrator adjusted SL/TP for B_SELL: new SL=4441.71 TP=4382.12 RR=1.69 (adj=False)
2026-08-12 21:40:31,622 TIE_Production Setup detected: B_SELL SELL conf=82%
2026-08-12 21:40:31,641 TIE_Production MAX_POSITIONS: skip B_SELL XAUUSD (strat=0 dir=5 max=5)
2026-08-12 21:40:31,645 GateObservatory [XAUUSD/TIE_V4] Gate MaxPositions: FAIL | dir=5 strat=0 max=5
2026-08-12 21:40:34,221 TIE_Production --- Scanning XAUUSD ---
2026-08-12 21:40:35,174 TIE_Production MARKET REGIME: TRENDING (strength=68) | SUGGESTED ENGINE: Aggressive
2026-08-12 21:40:35,176 StrategyManager Strategy semi_hft_c8_v4 returned WAIT: no_setup:no_structural_setup
2026-08-12 21:40:35,176 StrategyManager Strategy aggressive_v1 returned WAIT: no_setup:no_structural_setup
2026-08-12 21:40:35,177 BystraStrategy Bystra best detector: THREE_CANDLE conf=82% dir=SELL
2026-08-12 21:40:35,178 MultiStrategyRuntime Scan 2.6ms — strategies=3 signals=1 dir=sell source=bystra_v1
2026-08-12 21:40:35,182 GateObservatory [XAUUSD/TIE_V4] Gate Detector: PASS | setup=B_SELL lot=0.01
2026-08-12 21:40:35,182 TIE_Production ExitOrchestrator adjusted SL/TP for B_SELL: new SL=4441.71 TP=4382.12 RR=1.66 (adj=False)
2026-08-12 21:40:35,182 TIE_Production Setup detected: B_SELL SELL conf=82%
2026-08-12 21:40:35,201 TIE_Production MAX_POSITIONS: skip B_SELL XAUUSD (strat=0 dir=5 max=5)
2026-08-12 21:40:35,205 GateObservatory [XAUUSD/TIE_V4] Gate MaxPositions: FAIL | dir=5 strat=0 max=5
2026-08-12 21:40:42,433 TIE_Production --- Scanning XAUUSD ---
2026-08-12 21:40:43,350 TIE_Production MARKET REGIME: TRENDING (strength=70) | SUGGESTED ENGINE: Aggressive
2026-08-12 21:40:43,351 strategies.semi_hft.strategy [LIQ_VACUUM] GOOD clear_path_up dir=BUY
2026-08-12 21:40:43,351 strategies.semi_hft.strategy [ZSCORE] zscore_ok z=-0.76
2026-08-12 21:40:43,351 StrategyManager Strategy semi_hft_c8_v4 returned WAIT: pullback:counter_trend_not_in_fibo dir=BUY m15=DOWN price=4419.39 H=4441.46 L=4382.12
2026-08-12 21:40:43,352 strategies.aggressive.strategy [LIQ_VACUUM] GOOD no_pool_data dir=BUY
2026-08-12 21:40:43,352 strategies.aggressive.strategy [ZSCORE] zscore_ok z=-0.76
2026-08-12 21:40:43,352 StrategyManager Strategy aggressive_v1 returned WAIT: rme:score_low:53.5
2026-08-12 21:40:43,353 BystraStrategy Bystra best detector: THREE_CANDLE conf=82% dir=SELL
2026-08-12 21:40:43,354 MultiStrategyRuntime Scan 3.0ms — strategies=3 signals=1 dir=sell source=bystra_v1
2026-08-12 21:40:43,359 GateObservatory [XAUUSD/TIE_V4] Gate Detector: PASS | setup=B_SELL lot=0.01
2026-08-12 21:40:43,359 TIE_Production ExitOrchestrator adjusted SL/TP for B_SELL: new SL=4441.71 TP=4382.12 RR=1.67 (adj=False)
2026-08-12 21:40:43,359 TIE_Production Setup detected: B_SELL SELL conf=82%
2026-08-12 21:40:43,375 TIE_Production MAX_POSITIONS: skip B_SELL XAUUSD (strat=0 dir=5 max=5)
2026-08-12 21:40:43,379 GateObservatory [XAUUSD/TIE_V4] Gate MaxPositions: FAIL | dir=5 strat=0 max=5
2026-08-12 21:40:46,071 TIE_Production --- Scanning XAUUSD ---
2026-08-12 21:40:47,116 TIE_Production MARKET REGIME: TRENDING (strength=67) | SUGGESTED ENGINE: Aggressive
2026-08-12 21:40:47,117 StrategyManager Strategy semi_hft_c8_v4 returned WAIT: no_setup:no_structural_setup
2026-08-12 21:40:47,117 StrategyManager Strategy aggressive_v1 returned WAIT: no_setup:no_structural_setup
2026-08-12 21:40:47,119 BystraStrategy Bystra best detector: THREE_CANDLE conf=82% dir=SELL
2026-08-12 21:40:47,119 MultiStrategyRuntime Scan 2.4ms — strategies=3 signals=1 dir=sell source=bystra_v1
2026-08-12 21:40:47,124 GateObservatory [XAUUSD/TIE_V4] Gate Detector: PASS | setup=B_SELL lot=0.01
2026-08-12 21:40:47,125 TIE_Production ExitOrchestrator adjusted SL/TP for B_SELL: new SL=4441.71 TP=4382.12 RR=1.64 (adj=False)
2026-08-12 21:40:47,125 TIE_Production Setup detected: B_SELL SELL conf=82%
2026-08-12 21:40:47,146 TIE_Production MAX_POSITIONS: skip B_SELL XAUUSD (strat=0 dir=5 max=5)
2026-08-12 21:40:47,150 GateObservatory [XAUUSD/TIE_V4] Gate MaxPositions: FAIL | dir=5 strat=0 max=5
2026-08-12 21:40:54,319 TIE_Production --- Scanning XAUUSD ---
2026-08-12 21:40:55,199 TIE_Production MARKET REGIME: TRENDING (strength=75) | SUGGESTED ENGINE: Aggressive
2026-08-12 21:40:55,200 strategies.semi_hft.strategy [LIQ_VACUUM] GOOD clear_path_up dir=BUY
2026-08-12 21:40:55,200 strategies.semi_hft.strategy [ZSCORE] zscore_ok z=-0.72
2026-08-12 21:40:55,200 StrategyManager Strategy semi_hft_c8_v4 returned WAIT: pullback:counter_trend_not_in_fibo dir=BUY m15=DOWN price=4419.73 H=4441.46 L=4382.12
2026-08-12 21:40:55,201 strategies.aggressive.strategy [LIQ_VACUUM] GOOD no_pool_data dir=BUY
2026-08-12 21:40:55,201 strategies.aggressive.strategy [ZSCORE] zscore_ok z=-0.72
2026-08-12 21:40:55,201 StrategyManager Strategy aggressive_v1 returned WAIT: rme:score_low:56.1
2026-08-12 21:40:55,202 BystraStrategy Bystra best detector: THREE_CANDLE conf=82% dir=SELL
2026-08-12 21:40:55,203 MultiStrategyRuntime Scan 3.0ms — strategies=3 signals=1 dir=sell source=bystra_v1
2026-08-12 21:40:55,207 GateObservatory [XAUUSD/TIE_V4] Gate Detector: PASS | setup=B_SELL lot=0.01
2026-08-12 21:40:55,207 TIE_Production ExitOrchestrator adjusted SL/TP for B_SELL: new SL=4441.71 TP=4382.12 RR=1.71 (adj=False)
2026-08-12 21:40:55,207 TIE_Production Setup detected: B_SELL SELL conf=82%
2026-08-12 21:40:55,399 TIE_Production MAX_POSITIONS: skip B_SELL XAUUSD (strat=0 dir=5 max=5)
2026-08-12 21:40:55,403 GateObservatory [XAUUSD/TIE_V4] Gate MaxPositions: FAIL | dir=5 strat=0 max=5
2026-08-12 21:40:58,049 TIE_Production --- Scanning XAUUSD ---
2026-08-12 21:40:58,975 TIE_Production MARKET REGIME: TRENDING (strength=82) | SUGGESTED ENGINE: Aggressive
2026-08-12 21:40:58,976 StrategyManager Strategy semi_hft_c8_v4 returned WAIT: no_setup:no_structural_setup
2026-08-12 21:40:58,977 StrategyManager Strategy aggressive_v1 returned WAIT: no_setup:no_structural_setup
2026-08-12 21:40:58,979 BystraStrategy Bystra best detector: THREE_CANDLE conf=82% dir=SELL
2026-08-12 21:40:58,979 MultiStrategyRuntime Scan 3.2ms — strategies=3 signals=1 dir=sell source=bystra_v1
2026-08-12 21:40:58,984 GateObservatory [XAUUSD/TIE_V4] Gate Detector: PASS | setup=B_SELL lot=0.01
2026-08-12 21:40:58,985 TIE_Production ExitOrchestrator adjusted SL/TP for B_SELL: new SL=4441.71 TP=4382.12 RR=1.82 (adj=False)
2026-08-12 21:40:58,985 TIE_Production Setup detected: B_SELL SELL conf=82%
2026-08-12 21:40:59,004 TIE_Production MAX_POSITIONS: skip B_SELL XAUUSD (strat=0 dir=5 max=5)
2026-08-12 21:40:59,009 GateObservatory [XAUUSD/TIE_V4] Gate MaxPositions: FAIL | dir=5 strat=0 max=5
2026-08-12 21:41:06,326 TIE_Production --- Scanning XAUUSD ---
2026-08-12 21:41:07,260 TIE_Production MARKET REGIME: TRENDING (strength=85) | SUGGESTED ENGINE: Aggressive
2026-08-12 21:41:07,261 strategies.semi_hft.strategy [LIQ_VACUUM] GOOD clear_path_up dir=BUY
2026-08-12 21:41:07,261 strategies.semi_hft.strategy [ZSCORE] zscore_ok z=-0.53
2026-08-12 21:41:07,261 StrategyManager Strategy semi_hft_c8_v4 returned WAIT: pullback:counter_trend_not_in_fibo dir=BUY m15=DOWN price=4421.05 H=4441.46 L=4382.12
2026-08-12 21:41:07,262 strategies.aggressive.strategy [LIQ_VACUUM] GOOD no_pool_data dir=BUY
2026-08-12 21:41:07,262 strategies.aggressive.strategy [ZSCORE] zscore_ok z=-0.53
2026-08-12 21:41:07,262 strategies.aggressive.strategy RME BUY score=61.5 sym=XAUUSD SL=4416.028 TP=4428.575 liq_vac=GOOD
2026-08-12 21:41:07,263 BystraStrategy Bystra best detector: THREE_CANDLE conf=82% dir=SELL
2026-08-12 21:41:07,264 TIE_Production No setup for XAUUSD (WAIT)
2026-08-12 21:41:07,273 GateObservatory [XAUUSD/TIE_V4] Outcome: NO_TRADE | no_signal
2026-08-12 21:41:16,838 TIE_Production --- Scanning XAUUSD ---
2026-08-12 21:41:17,748 TIE_Production MARKET REGIME: TRENDING (strength=85) | SUGGESTED ENGINE: Aggressive
2026-08-12 21:41:17,750 StrategyManager Strategy semi_hft_c8_v4 returned WAIT: no_setup:no_structural_setup
2026-08-12 21:41:17,750 StrategyManager Strategy aggressive_v1 returned WAIT: no_setup:no_structural_setup
2026-08-12 21:41:17,751 BystraStrategy Bystra best detector: THREE_CANDLE conf=82% dir=SELL
2026-08-12 21:41:17,752 MultiStrategyRuntime Scan 2.5ms — strategies=3 signals=1 dir=sell source=bystra_v1
2026-08-12 21:41:17,756 GateObservatory [XAUUSD/TIE_V4] Gate Detector: PASS | setup=B_SELL lot=0.01
2026-08-12 21:41:17,756 TIE_Production ExitOrchestrator adjusted SL/TP for B_SELL: new SL=4441.71 TP=4382.12 RR=1.95 (adj=False)
2026-08-12 21:41:17,756 TIE_Production Setup detected: B_SELL SELL conf=82%
2026-08-12 21:41:17,803 TIE_Production MAX_POSITIONS: skip B_SELL XAUUSD (strat=0 dir=5 max=5)
2026-08-12 21:41:17,807 GateObservatory [XAUUSD/TIE_V4] Gate MaxPositions: FAIL | dir=5 strat=0 max=5
2026-08-12 21:41:18,094 TIE_Production --- Scanning XAUUSD ---
2026-08-12 21:41:18,955 TIE_Production MARKET REGIME: TRENDING (strength=81) | SUGGESTED ENGINE: Aggressive
2026-08-12 21:41:18,956 strategies.semi_hft.strategy [LIQ_VACUUM] GOOD clear_path_up dir=BUY
2026-08-12 21:41:18,956 strategies.semi_hft.strategy [ZSCORE] zscore_ok z=-0.51
2026-08-12 21:41:18,956 StrategyManager Strategy semi_hft_c8_v4 returned WAIT: pullback:counter_trend_not_in_fibo dir=BUY m15=DOWN price=4421.46 H=4441.46 L=4382.12
2026-08-12 21:41:18,957 strategies.aggressive.strategy [LIQ_VACUUM] GOOD no_pool_data dir=BUY
2026-08-12 21:41:18,957 strategies.aggressive.strategy [ZSCORE] zscore_ok z=-0.51
2026-08-12 21:41:18,957 StrategyManager Strategy aggressive_v1 returned WAIT: rme:score_low:59.7
2026-08-12 21:41:18,958 BystraStrategy Bystra best detector: THREE_CANDLE conf=82% dir=SELL
2026-08-12 21:41:18,959 MultiStrategyRuntime Scan 3.0ms — strategies=3 signals=1 dir=sell source=bystra_v1
2026-08-12 21:41:18,966 GateObservatory [XAUUSD/TIE_V4] Gate Detector: PASS | setup=B_SELL lot=0.01
2026-08-12 21:41:18,966 TIE_Production ExitOrchestrator adjusted SL/TP for B_SELL: new SL=4441.71 TP=4382.12 RR=1.94 (adj=False)
2026-08-12 21:41:18,966 TIE_Production Setup detected: B_SELL SELL conf=82%
2026-08-12 21:41:18,983 TIE_Production MAX_POSITIONS: skip B_SELL XAUUSD (strat=0 dir=5 max=5)
2026-08-12 21:41:18,988 GateObservatory [XAUUSD/TIE_V4] Gate MaxPositions: FAIL | dir=5 strat=0 max=5
2026-08-12 21:41:28,640 TIE_Production --- Scanning XAUUSD ---
2026-08-12 21:41:29,526 TIE_Production MARKET REGIME: TRENDING (strength=78) | SUGGESTED ENGINE: Aggressive
2026-08-12 21:41:29,527 StrategyManager Strategy semi_hft_c8_v4 returned WAIT: no_setup:no_structural_setup
2026-08-12 21:41:29,528 StrategyManager Strategy aggressive_v1 returned WAIT: no_setup:no_structural_setup
2026-08-12 21:41:29,531 BystraStrategy Bystra best detector: THREE_CANDLE conf=82% dir=SELL
2026-08-12 21:41:29,531 MultiStrategyRuntime Scan 4.4ms — strategies=3 signals=1 dir=sell source=bystra_v1
2026-08-12 21:41:29,537 GateObservatory [XAUUSD/TIE_V4] Gate Detector: PASS | setup=B_SELL lot=0.01
2026-08-12 21:41:29,537 TIE_Production ExitOrchestrator adjusted SL/TP for B_SELL: new SL=4441.71 TP=4382.12 RR=1.92 (adj=False)
2026-08-12 21:41:29,537 TIE_Production Setup detected: B_SELL SELL conf=82%
2026-08-12 21:41:29,854 TIE_Production --- Scanning XAUUSD ---
2026-08-12 21:41:29,900 TIE_Production MAX_POSITIONS: skip B_SELL XAUUSD (strat=0 dir=5 max=5)
2026-08-12 21:41:29,907 GateObservatory [XAUUSD/TIE_V4] Gate MaxPositions: FAIL | dir=5 strat=0 max=5
2026-08-12 21:41:30,837 TIE_Production MARKET REGIME: TRENDING (strength=76) | SUGGESTED ENGINE: Aggressive
2026-08-12 21:41:30,838 strategies.semi_hft.strategy [LIQ_VACUUM] GOOD clear_path_up dir=BUY
2026-08-12 21:41:30,839 strategies.semi_hft.strategy [ZSCORE] zscore_ok z=-0.57
2026-08-12 21:41:30,839 StrategyManager Strategy semi_hft_c8_v4 returned WAIT: pullback:counter_trend_not_in_fibo dir=BUY m15=DOWN price=4420.79 H=4441.46 L=4382.12
2026-08-12 21:41:30,839 strategies.aggressive.strategy [LIQ_VACUUM] GOOD no_pool_data dir=BUY
2026-08-12 21:41:30,840 strategies.aggressive.strategy [ZSCORE] zscore_ok z=-0.57
2026-08-12 21:41:30,840 StrategyManager Strategy aggressive_v1 returned WAIT: rme:score_low:57.2
2026-08-12 21:41:30,841 BystraStrategy Bystra best detector: THREE_CANDLE conf=82% dir=SELL
2026-08-12 21:41:30,841 MultiStrategyRuntime Scan 3.2ms — strategies=3 signals=1 dir=sell source=bystra_v1
2026-08-12 21:41:30,847 GateObservatory [XAUUSD/TIE_V4] Gate Detector: PASS | setup=B_SELL lot=0.01
2026-08-12 21:41:30,847 TIE_Production ExitOrchestrator adjusted SL/TP for B_SELL: new SL=4441.71 TP=4382.12 RR=1.85 (adj=False)
2026-08-12 21:41:30,847 TIE_Production Setup detected: B_SELL SELL conf=82%
2026-08-12 21:41:30,864 TIE_Production MAX_POSITIONS: skip B_SELL XAUUSD (strat=0 dir=5 max=5)
2026-08-12 21:41:30,868 GateObservatory [XAUUSD/TIE_V4] Gate MaxPositions: FAIL | dir=5 strat=0 max=5
2026-08-12 21:41:40,812 TIE_Production --- Scanning XAUUSD ---
2026-08-12 21:41:41,657 TIE_Production --- Scanning XAUUSD ---
2026-08-12 21:41:41,784 TIE_Production MARKET REGIME: RANGING (strength=60) | SUGGESTED ENGINE: SemiHFT
2026-08-12 21:41:41,786 StrategyManager Strategy semi_hft_c8_v4 returned WAIT: no_setup:no_structural_setup
2026-08-12 21:41:41,786 StrategyManager Strategy aggressive_v1 returned WAIT: no_setup:no_structural_setup
2026-08-12 21:41:41,788 BystraStrategy Bystra best detector: THREE_CANDLE conf=82% dir=SELL
2026-08-12 21:41:41,789 MultiStrategyRuntime Scan 3.0ms — strategies=3 signals=1 dir=sell source=bystra_v1
2026-08-12 21:41:41,793 GateObservatory [XAUUSD/TIE_V4] Gate Detector: PASS | setup=B_SELL lot=0.01
2026-08-12 21:41:41,793 TIE_Production ExitOrchestrator adjusted SL/TP for B_SELL: new SL=4441.71 TP=4382.12 RR=1.68 (adj=False)
2026-08-12 21:41:41,793 TIE_Production Setup detected: B_SELL SELL conf=82%
2026-08-12 21:41:41,809 TIE_Production MAX_POSITIONS: skip B_SELL XAUUSD (strat=0 dir=5 max=3)
2026-08-12 21:41:41,812 GateObservatory [XAUUSD/TIE_V4] Gate MaxPositions: FAIL | dir=5 strat=0 max=3
2026-08-12 21:41:42,441 TIE_Production MARKET REGIME: RANGING (strength=60) | SUGGESTED ENGINE: SemiHFT
2026-08-12 21:41:42,443 strategies.semi_hft.strategy [LIQ_VACUUM] GOOD clear_path_down dir=SELL
2026-08-12 21:41:42,443 strategies.semi_hft.strategy [ZSCORE] zscore_ok z=-0.75
2026-08-12 21:41:42,443 StrategyManager Strategy semi_hft_c8_v4 returned WAIT: pullback:m5_weak_trend dir=SELL
2026-08-12 21:41:42,444 strategies.aggressive.strategy [LIQ_VACUUM] GOOD no_pool_data dir=BUY
2026-08-12 21:41:42,444 strategies.aggressive.strategy [ZSCORE] zscore_ok z=-0.75
2026-08-12 21:41:42,444 StrategyManager Strategy aggressive_v1 returned WAIT: rme:debate_block:penalty_31.5
2026-08-12 21:41:42,445 BystraStrategy Bystra best detector: THREE_CANDLE conf=82% dir=SELL
2026-08-12 21:41:42,446 MultiStrategyRuntime Scan 3.1ms — strategies=3 signals=1 dir=sell source=bystra_v1
2026-08-12 21:41:42,451 GateObservatory [XAUUSD/TIE_V4] Gate Detector: PASS | setup=B_SELL lot=0.01
2026-08-12 21:41:42,451 TIE_Production ExitOrchestrator adjusted SL/TP for B_SELL: new SL=4441.71 TP=4382.12 RR=1.73 (adj=False)
2026-08-12 21:41:42,451 TIE_Production Setup detected: B_SELL SELL conf=82%
2026-08-12 21:41:42,465 TIE_Production MAX_POSITIONS: skip B_SELL XAUUSD (strat=0 dir=5 max=3)
2026-08-12 21:41:42,469 GateObservatory [XAUUSD/TIE_V4] Gate MaxPositions: FAIL | dir=5 strat=0 max=3
2026-08-12 21:41:52,629 TIE_Production --- Scanning XAUUSD ---
2026-08-12 21:41:53,297 TIE_Production --- Scanning XAUUSD ---
2026-08-12 21:41:53,541 TIE_Production MARKET REGIME: RANGING (strength=60) | SUGGESTED ENGINE: SemiHFT
2026-08-12 21:41:53,542 StrategyManager Strategy semi_hft_c8_v4 returned WAIT: no_setup:no_structural_setup
2026-08-12 21:41:53,543 StrategyManager Strategy aggressive_v1 returned WAIT: no_setup:no_structural_setup
2026-08-12 21:41:53,544 BystraStrategy Bystra best detector: THREE_CANDLE conf=82% dir=SELL
2026-08-12 21:41:53,545 MultiStrategyRuntime Scan 2.7ms — strategies=3 signals=1 dir=sell source=bystra_v1
2026-08-12 21:41:53,549 GateObservatory [XAUUSD/TIE_V4] Gate Detector: PASS | setup=B_SELL lot=0.01
2026-08-12 21:41:53,549 TIE_Production ExitOrchestrator adjusted SL/TP for B_SELL: new SL=4441.71 TP=4382.12 RR=1.69 (adj=False)
2026-08-12 21:41:53,550 TIE_Production Setup detected: B_SELL SELL conf=82%
2026-08-12 21:41:53,585 TIE_Production MAX_POSITIONS: skip B_SELL XAUUSD (strat=0 dir=5 max=3)
2026-08-12 21:41:53,592 GateObservatory [XAUUSD/TIE_V4] Gate MaxPositions: FAIL | dir=5 strat=0 max=3
2026-08-12 21:41:54,247 TIE_Production MARKET REGIME: RANGING (strength=60) | SUGGESTED ENGINE: SemiHFT
2026-08-12 21:41:54,249 strategies.semi_hft.strategy [LIQ_VACUUM] GOOD clear_path_down dir=SELL
2026-08-12 21:41:54,249 strategies.semi_hft.strategy [ZSCORE] zscore_ok z=-0.73
2026-08-12 21:41:54,249 StrategyManager Strategy semi_hft_c8_v4 returned WAIT: pullback:m5_weak_trend dir=SELL
2026-08-12 21:41:54,250 strategies.aggressive.strategy [LIQ_VACUUM] GOOD no_pool_data dir=BUY
2026-08-12 21:41:54,250 strategies.aggressive.strategy [ZSCORE] zscore_ok z=-0.73
2026-08-12 21:41:54,250 StrategyManager Strategy aggressive_v1 returned WAIT: rme:debate_block:penalty_22.1
2026-08-12 21:41:54,252 BystraStrategy Bystra best detector: THREE_CANDLE conf=82% dir=SELL
2026-08-12 21:41:54,253 MultiStrategyRuntime Scan 4.2ms — strategies=3 signals=1 dir=sell source=bystra_v1
2026-08-12 21:41:54,258 GateObservatory [XAUUSD/TIE_V4] Gate Detector: PASS | setup=B_SELL lot=0.01
2026-08-12 21:41:54,258 TIE_Production ExitOrchestrator adjusted SL/TP for B_SELL: new SL=4441.71 TP=4382.12 RR=1.66 (adj=False)
2026-08-12 21:41:54,258 TIE_Production Setup detected: B_SELL SELL conf=82%
2026-08-12 21:41:54,277 TIE_Production MAX_POSITIONS: skip B_SELL XAUUSD (strat=0 dir=5 max=3)
2026-08-12 21:41:54,282 GateObservatory [XAUUSD/TIE_V4] Gate MaxPositions: FAIL | dir=5 strat=0 max=3
2026-08-12 21:42:05,616 httpx HTTP Request: GET https://nfs.faireconomy.media/ff_calendar_thisweek.json "HTTP/1.1 429 Too Many Requests"
2026-08-12 21:42:05,629 news_sentinel Rate limited. Using cached calendar from /tmp/ff_calendar_cache.json
2026-08-12 21:42:05,738 TIE_Production --- Scanning XAUUSD ---
2026-08-12 21:42:05,817 httpx HTTP Request: GET https://nfs.faireconomy.media/ff_calendar_thisweek.json "HTTP/1.1 429 Too Many Requests"
2026-08-12 21:42:05,852 news_sentinel Rate limited. Using cached calendar from /tmp/ff_calendar_cache.json
2026-08-12 21:42:05,951 TIE_Production --- Scanning XAUUSD ---
2026-08-12 21:42:06,678 TIE_Production MARKET REGIME: RANGING (strength=60) | SUGGESTED ENGINE: SemiHFT
2026-08-12 21:42:06,681 strategies.semi_hft.strategy [LIQ_VACUUM] GOOD clear_path_down dir=SELL
2026-08-12 21:42:06,681 strategies.semi_hft.strategy [ZSCORE] zscore_ok z=-0.98
2026-08-12 21:42:06,681 StrategyManager Strategy semi_hft_c8_v4 returned WAIT: pullback:m5_weak_trend dir=SELL
2026-08-12 21:42:06,682 StrategyManager Strategy aggressive_v1 returned WAIT: tl_guard:NO_SELL_BREAK
2026-08-12 21:42:06,684 BystraStrategy Bystra best detector: THREE_CANDLE conf=82% dir=SELL
2026-08-12 21:42:06,686 MultiStrategyRuntime Scan 6.5ms — strategies=3 signals=1 dir=sell source=bystra_v1
2026-08-12 21:42:06,695 GateObservatory [XAUUSD/TIE_V4] Gate Detector: PASS | setup=B_SELL lot=0.01
2026-08-12 21:42:06,695 core.strategy.exit_orchestrator [B_SELL] RR optimized: 1.48 -> 1.50 (Widened TP for Gate, dir=SELL, dir_sign=-1)
2026-08-12 21:42:06,695 TIE_Production ExitOrchestrator adjusted SL/TP for B_SELL: new SL=4441.71 TP=4381.56 RR=1.50 (adj=True)
2026-08-12 21:42:06,696 TIE_Production Setup detected: B_SELL SELL conf=82%
2026-08-12 21:42:06,756 TIE_Production MAX_POSITIONS: skip B_SELL XAUUSD (strat=0 dir=5 max=3)
2026-08-12 21:42:06,760 GateObservatory [XAUUSD/TIE_V4] Gate MaxPositions: FAIL | dir=5 strat=0 max=3
2026-08-12 21:42:06,898 TIE_Production MARKET REGIME: RANGING (strength=60) | SUGGESTED ENGINE: SemiHFT
2026-08-12 21:42:06,900 StrategyManager Strategy semi_hft_c8_v4 returned WAIT: no_setup:no_structural_setup
2026-08-12 21:42:06,900 StrategyManager Strategy aggressive_v1 returned WAIT: no_setup:no_structural_setup
2026-08-12 21:42:06,902 BystraStrategy Bystra best detector: THREE_CANDLE conf=82% dir=SELL
2026-08-12 21:42:06,902 MultiStrategyRuntime Scan 2.8ms — strategies=3 signals=1 dir=sell source=bystra_v1
2026-08-12 21:42:06,907 GateObservatory [XAUUSD/TIE_V4] Gate Detector: PASS | setup=B_SELL lot=0.01
2026-08-12 21:42:06,907 core.strategy.exit_orchestrator [B_SELL] RR optimized: 1.47 -> 1.50 (Widened TP for Gate, dir=SELL, dir_sign=-1)
2026-08-12 21:42:06,907 TIE_Production ExitOrchestrator adjusted SL/TP for B_SELL: new SL=4441.71 TP=4381.37 RR=1.50 (adj=True)
2026-08-12 21:42:06,907 TIE_Production Setup detected: B_SELL SELL conf=82%
2026-08-12 21:42:06,929 TIE_Production MAX_POSITIONS: skip B_SELL XAUUSD (strat=0 dir=5 max=3)
2026-08-12 21:42:06,933 GateObservatory [XAUUSD/TIE_V4] Gate MaxPositions: FAIL | dir=5 strat=0 max=3
2026-08-12 21:42:17,578 TIE_Production --- Scanning XAUUSD ---
2026-08-12 21:42:17,788 TIE_Production --- Scanning XAUUSD ---
2026-08-12 21:42:19,226 TIE_Production MARKET REGIME: RANGING (strength=60) | SUGGESTED ENGINE: SemiHFT
2026-08-12 21:42:19,227 strategies.semi_hft.strategy [LIQ_VACUUM] GOOD clear_path_down dir=SELL
2026-08-12 21:42:19,228 strategies.semi_hft.strategy [ZSCORE] zscore_ok z=-0.85
2026-08-12 21:42:19,228 StrategyManager Strategy semi_hft_c8_v4 returned WAIT: pullback:m5_weak_trend dir=SELL
2026-08-12 21:42:19,229 strategies.aggressive.strategy [LIQ_VACUUM] GOOD no_pool_data dir=BUY
2026-08-12 21:42:19,229 strategies.aggressive.strategy [ZSCORE] zscore_ok z=-0.85
2026-08-12 21:42:19,229 StrategyManager Strategy aggressive_v1 returned WAIT: rme:debate_block:penalty_93.3
2026-08-12 21:42:19,231 BystraStrategy Bystra best detector: THREE_CANDLE conf=82% dir=SELL
2026-08-12 21:42:19,231 MultiStrategyRuntime Scan 4.4ms — strategies=3 signals=1 dir=sell source=bystra_v1
2026-08-12 21:42:19,237 GateObservatory [XAUUSD/TIE_V4] Gate Detector: PASS | setup=B_SELL lot=0.01
2026-08-12 21:42:19,237 TIE_Production ExitOrchestrator adjusted SL/TP for B_SELL: new SL=4441.71 TP=4382.12 RR=1.62 (adj=False)
2026-08-12 21:42:19,238 TIE_Production Setup detected: B_SELL SELL conf=82%
2026-08-12 21:42:19,304 TIE_Production MARKET REGIME: RANGING (strength=60) | SUGGESTED ENGINE: SemiHFT
2026-08-12 21:42:19,305 StrategyManager Strategy semi_hft_c8_v4 returned WAIT: no_setup:no_structural_setup
2026-08-12 21:42:19,306 StrategyManager Strategy aggressive_v1 returned WAIT: no_setup:no_structural_setup
2026-08-12 21:42:19,307 BystraStrategy Bystra best detector: THREE_CANDLE conf=82% dir=SELL
2026-08-12 21:42:19,307 MultiStrategyRuntime Scan 2.5ms — strategies=3 signals=1 dir=sell source=bystra_v1
2026-08-12 21:42:19,312 GateObservatory [XAUUSD/TIE_V4] Gate Detector: PASS | setup=B_SELL lot=0.01
2026-08-12 21:42:19,312 TIE_Production ExitOrchestrator adjusted SL/TP for B_SELL: new SL=4441.71 TP=4382.12 RR=1.62 (adj=False)
2026-08-12 21:42:19,312 TIE_Production Setup detected: B_SELL SELL conf=82%
2026-08-12 21:42:19,687 TIE_Production MAX_POSITIONS: skip B_SELL XAUUSD (strat=0 dir=5 max=3)
2026-08-12 21:42:19,690 GateObservatory [XAUUSD/TIE_V4] Gate MaxPositions: FAIL | dir=5 strat=0 max=3
2026-08-12 21:42:19,838 TIE_Production MAX_POSITIONS: skip B_SELL XAUUSD (strat=0 dir=5 max=3)
2026-08-12 21:42:19,842 GateObservatory [XAUUSD/TIE_V4] Gate MaxPositions: FAIL | dir=5 strat=0 max=3
2026-08-12 21:42:30,535 TIE_Production --- Scanning XAUUSD ---
2026-08-12 21:42:30,577 TIE_Production --- Scanning XAUUSD ---
2026-08-12 21:42:31,988 TIE_Production MARKET REGIME: RANGING (strength=60) | SUGGESTED ENGINE: SemiHFT
2026-08-12 21:42:31,989 TIE_Production MARKET REGIME: RANGING (strength=60) | SUGGESTED ENGINE: SemiHFT
2026-08-12 21:42:31,990 StrategyManager Strategy semi_hft_c8_v4 returned WAIT: no_setup:no_structural_setup
2026-08-12 21:42:31,991 strategies.semi_hft.strategy [LIQ_VACUUM] GOOD clear_path_up dir=BUY
2026-08-12 21:42:31,991 strategies.semi_hft.strategy [ZSCORE] zscore_ok z=-0.75
2026-08-12 21:42:31,991 StrategyManager Strategy semi_hft_c8_v4 returned WAIT: pullback:counter_trend_not_in_fibo dir=BUY m15=DOWN price=4419.47 H=4441.46 L=4382.12
2026-08-12 21:42:31,991 StrategyManager Strategy aggressive_v1 returned WAIT: no_setup:no_structural_setup
2026-08-12 21:42:31,992 strategies.aggressive.strategy [LIQ_VACUUM] GOOD no_pool_data dir=BUY
2026-08-12 21:42:31,993 strategies.aggressive.strategy [ZSCORE] zscore_ok z=-0.75
2026-08-12 21:42:31,993 StrategyManager Strategy aggressive_v1 returned WAIT: rme:debate_block:penalty_39.9
2026-08-12 21:42:31,993 BystraStrategy Bystra best detector: THREE_CANDLE conf=82% dir=SELL
2026-08-12 21:42:31,994 MultiStrategyRuntime Scan 3.9ms — strategies=3 signals=1 dir=sell source=bystra_v1
2026-08-12 21:42:31,996 BystraStrategy Bystra best detector: THREE_CANDLE conf=82% dir=SELL
2026-08-12 21:42:31,997 MultiStrategyRuntime Scan 7.1ms — strategies=3 signals=1 dir=sell source=bystra_v1
2026-08-12 21:42:32,000 GateObservatory [XAUUSD/TIE_V4] Gate Detector: PASS | setup=B_SELL lot=0.01
2026-08-12 21:42:32,000 TIE_Production ExitOrchestrator adjusted SL/TP for B_SELL: new SL=4441.71 TP=4382.12 RR=1.68 (adj=False)
2026-08-12 21:42:32,000 TIE_Production Setup detected: B_SELL SELL conf=82%
2026-08-12 21:42:32,006 GateObservatory [XAUUSD/TIE_V4] Gate Detector: PASS | setup=B_SELL lot=0.01
2026-08-12 21:42:32,006 TIE_Production ExitOrchestrator adjusted SL/TP for B_SELL: new SL=4441.71 TP=4382.12 RR=1.68 (adj=False)
2026-08-12 21:42:32,006 TIE_Production Setup detected: B_SELL SELL conf=82%
2026-08-12 21:42:32,019 TIE_Production MAX_POSITIONS: skip B_SELL XAUUSD (strat=0 dir=5 max=3)
2026-08-12 21:42:32,020 TIE_Production MAX_POSITIONS: skip B_SELL XAUUSD (strat=0 dir=5 max=3)
2026-08-12 21:42:32,023 GateObservatory [XAUUSD/TIE_V4] Gate MaxPositions: FAIL | dir=5 strat=0 max=3
2026-08-12 21:42:32,028 GateObservatory [XAUUSD/TIE_V4] Gate MaxPositions: FAIL | dir=5 strat=0 max=3
2026-08-12 21:42:42,821 TIE_Production --- Scanning XAUUSD ---
2026-08-12 21:42:42,920 TIE_Production --- Scanning XAUUSD ---
2026-08-12 21:42:43,820 TIE_Production MARKET REGIME: TRENDING (strength=66) | SUGGESTED ENGINE: Aggressive
2026-08-12 21:42:43,822 StrategyManager Strategy semi_hft_c8_v4 returned WAIT: no_setup:no_structural_setup
2026-08-12 21:42:43,822 StrategyManager Strategy aggressive_v1 returned WAIT: no_setup:no_structural_setup
2026-08-12 21:42:43,824 BystraStrategy Bystra best detector: THREE_CANDLE conf=82% dir=SELL
2026-08-12 21:42:43,824 MultiStrategyRuntime Scan 2.6ms — strategies=3 signals=1 dir=sell source=bystra_v1
2026-08-12 21:42:43,829 GateObservatory [XAUUSD/TIE_V4] Gate Detector: PASS | setup=B_SELL lot=0.01
2026-08-12 21:42:43,829 TIE_Production ExitOrchestrator adjusted SL/TP for B_SELL: new SL=4441.71 TP=4382.12 RR=1.73 (adj=False)
2026-08-12 21:42:43,830 TIE_Production Setup detected: B_SELL SELL conf=82%
2026-08-12 21:42:44,072 TIE_Production MARKET REGIME: RANGING (strength=60) | SUGGESTED ENGINE: SemiHFT
2026-08-12 21:42:44,073 strategies.semi_hft.strategy [LIQ_VACUUM] GOOD clear_path_up dir=BUY
2026-08-12 21:42:44,073 strategies.semi_hft.strategy [ZSCORE] zscore_ok z=-0.72
2026-08-12 21:42:44,074 StrategyManager Strategy semi_hft_c8_v4 returned WAIT: pullback:counter_trend_not_in_fibo dir=BUY m15=DOWN price=4419.90 H=4441.46 L=4382.12
2026-08-12 21:42:44,074 strategies.aggressive.strategy [LIQ_VACUUM] GOOD no_pool_data dir=BUY
2026-08-12 21:42:44,074 strategies.aggressive.strategy [ZSCORE] zscore_ok z=-0.72
2026-08-12 21:42:44,074 StrategyManager Strategy aggressive_v1 returned WAIT: rme:debate_block:penalty_22.2
2026-08-12 21:42:44,076 BystraStrategy Bystra best detector: THREE_CANDLE conf=82% dir=SELL
2026-08-12 21:42:44,076 MultiStrategyRuntime Scan 3.0ms — strategies=3 signals=1 dir=sell source=bystra_v1
2026-08-12 21:42:44,081 GateObservatory [XAUUSD/TIE_V4] Gate Detector: PASS | setup=B_SELL lot=0.01
2026-08-12 21:42:44,082 TIE_Production ExitOrchestrator adjusted SL/TP for B_SELL: new SL=4441.71 TP=4382.12 RR=1.73 (adj=False)
2026-08-12 21:42:44,082 TIE_Production Setup detected: B_SELL SELL conf=82%
2026-08-12 21:42:44,104 TIE_Production MAX_POSITIONS: skip B_SELL XAUUSD (strat=0 dir=5 max=3)
2026-08-12 21:42:44,108 GateObservatory [XAUUSD/TIE_V4] Gate MaxPositions: FAIL | dir=5 strat=0 max=3
2026-08-12 21:42:44,361 TIE_Production MAX_POSITIONS: skip B_SELL XAUUSD (strat=0 dir=5 max=5)
2026-08-12 21:42:44,366 GateObservatory [XAUUSD/TIE_V4] Gate MaxPositions: FAIL | dir=5 strat=0 max=5
2026-08-12 21:42:54,969 TIE_Production --- Scanning XAUUSD ---
2026-08-12 21:42:55,479 TIE_Production --- Scanning XAUUSD ---
2026-08-12 21:42:55,905 TIE_Production MARKET REGIME: RANGING (strength=60) | SUGGESTED ENGINE: SemiHFT
2026-08-12 21:42:55,906 strategies.semi_hft.strategy [LIQ_VACUUM] GOOD clear_path_up dir=BUY
2026-08-12 21:42:55,907 strategies.semi_hft.strategy [ZSCORE] zscore_ok z=-0.76
2026-08-12 21:42:55,907 StrategyManager Strategy semi_hft_c8_v4 returned WAIT: pullback:counter_trend_not_in_fibo dir=BUY m15=DOWN price=4419.89 H=4441.46 L=4382.12
2026-08-12 21:42:55,907 strategies.aggressive.strategy [LIQ_VACUUM] GOOD no_pool_data dir=BUY
2026-08-12 21:42:55,908 strategies.aggressive.strategy [ZSCORE] zscore_ok z=-0.76
2026-08-12 21:42:55,908 StrategyManager Strategy aggressive_v1 returned WAIT: rme:debate_block:penalty_46.2
2026-08-12 21:42:55,909 BystraStrategy Bystra best detector: THREE_CANDLE conf=82% dir=SELL
2026-08-12 21:42:55,909 MultiStrategyRuntime Scan 3.1ms — strategies=3 signals=1 dir=sell source=bystra_v1
2026-08-12 21:42:55,913 GateObservatory [XAUUSD/TIE_V4] Gate Detector: PASS | setup=B_SELL lot=0.01
2026-08-12 21:42:55,913 TIE_Production ExitOrchestrator adjusted SL/TP for B_SELL: new SL=4441.71 TP=4382.12 RR=1.73 (adj=False)
2026-08-12 21:42:55,913 TIE_Production Setup detected: B_SELL SELL conf=82%
2026-08-12 21:42:55,927 TIE_Production MAX_POSITIONS: skip B_SELL XAUUSD (strat=0 dir=5 max=3)
2026-08-12 21:42:55,933 GateObservatory [XAUUSD/TIE_V4] Gate MaxPositions: FAIL | dir=5 strat=0 max=3
2026-08-12 21:42:56,546 TIE_Production MARKET REGIME: TRENDING (strength=64) | SUGGESTED ENGINE: Aggressive
2026-08-12 21:42:56,547 StrategyManager Strategy semi_hft_c8_v4 returned WAIT: no_setup:no_structural_setup
2026-08-12 21:42:56,547 StrategyManager Strategy aggressive_v1 returned WAIT: no_setup:no_structural_setup
2026-08-12 21:42:56,549 BystraStrategy Bystra best detector: THREE_CANDLE conf=82% dir=SELL
2026-08-12 21:42:56,549 MultiStrategyRuntime Scan 2.7ms — strategies=3 signals=1 dir=sell source=bystra_v1
2026-08-12 21:42:56,554 GateObservatory [XAUUSD/TIE_V4] Gate Detector: PASS | setup=B_SELL lot=0.01
2026-08-12 21:42:56,554 TIE_Production ExitOrchestrator adjusted SL/TP for B_SELL: new SL=4441.71 TP=4382.12 RR=1.72 (adj=False)
2026-08-12 21:42:56,554 TIE_Production Setup detected: B_SELL SELL conf=82%
2026-08-12 21:42:56,988 TIE_Production MAX_POSITIONS: skip B_SELL XAUUSD (strat=0 dir=5 max=5)
2026-08-12 21:42:56,993 GateObservatory [XAUUSD/TIE_V4] Gate MaxPositions: FAIL | dir=5 strat=0 max=5
2026-08-12 21:43:06,709 TIE_Production --- Scanning XAUUSD ---
2026-08-12 21:43:07,623 TIE_Production MARKET REGIME: TRENDING (strength=67) | SUGGESTED ENGINE: Aggressive
2026-08-12 21:43:07,624 strategies.semi_hft.strategy [LIQ_VACUUM] GOOD clear_path_up dir=BUY
2026-08-12 21:43:07,624 strategies.semi_hft.strategy [ZSCORE] zscore_ok z=-0.65
2026-08-12 21:43:07,624 StrategyManager Strategy semi_hft_c8_v4 returned WAIT: pullback:counter_trend_not_in_fibo dir=BUY m15=DOWN price=4420.51 H=4441.46 L=4382.12
2026-08-12 21:43:07,625 strategies.aggressive.strategy [LIQ_VACUUM] GOOD no_pool_data dir=BUY
2026-08-12 21:43:07,625 strategies.aggressive.strategy [ZSCORE] zscore_ok z=-0.65
2026-08-12 21:43:07,625 StrategyManager Strategy aggressive_v1 returned WAIT: rme:score_low:52.4
2026-08-12 21:43:07,627 BystraStrategy Bystra best detector: THREE_CANDLE conf=82% dir=SELL
2026-08-12 21:43:07,627 MultiStrategyRuntime Scan 3.1ms — strategies=3 signals=1 dir=sell source=bystra_v1
2026-08-12 21:43:07,632 GateObservatory [XAUUSD/TIE_V4] Gate Detector: PASS | setup=B_SELL lot=0.01
2026-08-12 21:43:07,632 TIE_Production ExitOrchestrator adjusted SL/TP for B_SELL: new SL=4441.71 TP=4382.12 RR=1.81 (adj=False)
2026-08-12 21:43:07,632 TIE_Production Setup detected: B_SELL SELL conf=82%
2026-08-12 21:43:07,654 TIE_Production MAX_POSITIONS: skip B_SELL XAUUSD (strat=0 dir=5 max=5)
2026-08-12 21:43:07,659 GateObservatory [XAUUSD/TIE_V4] Gate MaxPositions: FAIL | dir=5 strat=0 max=5
2026-08-12 21:43:07,790 TIE_Production --- Scanning XAUUSD ---
2026-08-12 21:43:08,791 TIE_Production MARKET REGIME: TRENDING (strength=70) | SUGGESTED ENGINE: Aggressive
2026-08-12 21:43:08,793 StrategyManager Strategy semi_hft_c8_v4 returned WAIT: no_setup:no_structural_setup
2026-08-12 21:43:08,793 StrategyManager Strategy aggressive_v1 returned WAIT: no_setup:no_structural_setup
2026-08-12 21:43:08,795 BystraStrategy Bystra best detector: THREE_CANDLE conf=82% dir=SELL
2026-08-12 21:43:08,795 MultiStrategyRuntime Scan 2.7ms — strategies=3 signals=1 dir=sell source=bystra_v1
2026-08-12 21:43:08,800 GateObservatory [XAUUSD/TIE_V4] Gate Detector: PASS | setup=B_SELL lot=0.01
2026-08-12 21:43:08,800 TIE_Production ExitOrchestrator adjusted SL/TP for B_SELL: new SL=4441.71 TP=4382.12 RR=1.82 (adj=False)
2026-08-12 21:43:08,800 TIE_Production Setup detected: B_SELL SELL conf=82%
2026-08-12 21:43:09,293 TIE_Production MAX_POSITIONS: skip B_SELL XAUUSD (strat=0 dir=5 max=5)
2026-08-12 21:43:09,298 GateObservatory [XAUUSD/TIE_V4] Gate MaxPositions: FAIL | dir=5 strat=0 max=5
2026-08-12 21:43:18,506 TIE_Production --- Scanning XAUUSD ---
2026-08-12 21:43:20,188 TIE_Production MARKET REGIME: TRENDING (strength=75) | SUGGESTED ENGINE: Aggressive
2026-08-12 21:43:20,189 strategies.semi_hft.strategy [LIQ_VACUUM] GOOD clear_path_up dir=BUY
2026-08-12 21:43:20,189 strategies.semi_hft.strategy [ZSCORE] zscore_ok z=-0.54
2026-08-12 21:43:20,189 StrategyManager Strategy semi_hft_c8_v4 returned WAIT: pullback:counter_trend_not_in_fibo dir=BUY m15=DOWN price=4421.18 H=4441.46 L=4382.12
2026-08-12 21:43:20,190 strategies.aggressive.strategy [LIQ_VACUUM] GOOD no_pool_data dir=BUY
2026-08-12 21:43:20,190 strategies.aggressive.strategy [ZSCORE] zscore_ok z=-0.54
2026-08-12 21:43:20,190 StrategyManager Strategy aggressive_v1 returned WAIT: rme:score_low:56.5
2026-08-12 21:43:20,191 BystraStrategy Bystra best detector: THREE_CANDLE conf=82% dir=SELL
2026-08-12 21:43:20,192 MultiStrategyRuntime Scan 3.0ms — strategies=3 signals=1 dir=sell source=bystra_v1
2026-08-12 21:43:20,198 GateObservatory [XAUUSD/TIE_V4] Gate Detector: PASS | setup=B_SELL lot=0.01
2026-08-12 21:43:20,198 TIE_Production ExitOrchestrator adjusted SL/TP for B_SELL: new SL=4441.71 TP=4382.12 RR=1.90 (adj=False)
2026-08-12 21:43:20,198 TIE_Production Setup detected: B_SELL SELL conf=82%
2026-08-12 21:43:20,213 TIE_Production --- Scanning XAUUSD ---
2026-08-12 21:43:20,214 TIE_Production MAX_POSITIONS: skip B_SELL XAUUSD (strat=0 dir=5 max=5)
2026-08-12 21:43:20,217 GateObservatory [XAUUSD/TIE_V4] Gate MaxPositions: FAIL | dir=5 strat=0 max=5
2026-08-12 21:43:21,105 TIE_Production MARKET REGIME: TRENDING (strength=74) | SUGGESTED ENGINE: Aggressive
2026-08-12 21:43:21,106 StrategyManager Strategy semi_hft_c8_v4 returned WAIT: no_setup:no_structural_setup
2026-08-12 21:43:21,107 StrategyManager Strategy aggressive_v1 returned WAIT: no_setup:no_structural_setup
2026-08-12 21:43:21,108 BystraStrategy Bystra best detector: THREE_CANDLE conf=82% dir=SELL
2026-08-12 21:43:21,109 MultiStrategyRuntime Scan 2.7ms — strategies=3 signals=1 dir=sell source=bystra_v1
2026-08-12 21:43:21,114 GateObservatory [XAUUSD/TIE_V4] Gate Detector: PASS | setup=B_SELL lot=0.01
2026-08-12 21:43:21,114 TIE_Production ExitOrchestrator adjusted SL/TP for B_SELL: new SL=4441.71 TP=4382.12 RR=1.91 (adj=False)
2026-08-12 21:43:21,114 TIE_Production Setup detected: B_SELL SELL conf=82%
2026-08-12 21:43:21,134 TIE_Production MAX_POSITIONS: skip B_SELL XAUUSD (strat=0 dir=5 max=5)
2026-08-12 21:43:21,138 GateObservatory [XAUUSD/TIE_V4] Gate MaxPositions: FAIL | dir=5 strat=0 max=5
2026-08-12 21:43:31,013 TIE_Production --- Scanning XAUUSD ---
2026-08-12 21:43:31,928 TIE_Production --- Scanning XAUUSD ---
2026-08-12 21:43:32,228 TIE_Production MARKET REGIME: TRENDING (strength=73) | SUGGESTED ENGINE: Aggressive
2026-08-12 21:43:32,230 strategies.semi_hft.strategy [LIQ_VACUUM] GOOD clear_path_up dir=BUY
2026-08-12 21:43:32,231 strategies.semi_hft.strategy [ZSCORE] zscore_ok z=-0.57
2026-08-12 21:43:32,231 StrategyManager Strategy semi_hft_c8_v4 returned WAIT: pullback:counter_trend_not_in_fibo dir=BUY m15=DOWN price=4420.56 H=4441.46 L=4382.12
2026-08-12 21:43:32,232 strategies.aggressive.strategy [LIQ_VACUUM] GOOD no_pool_data dir=BUY
2026-08-12 21:43:32,232 strategies.aggressive.strategy [ZSCORE] zscore_ok z=-0.57
2026-08-12 21:43:32,232 StrategyManager Strategy aggressive_v1 returned WAIT: rme:score_low:55.5
2026-08-12 21:43:32,234 BystraStrategy Bystra best detector: THREE_CANDLE conf=82% dir=SELL
2026-08-12 21:43:32,235 MultiStrategyRuntime Scan 4.7ms — strategies=3 signals=1 dir=sell source=bystra_v1
2026-08-12 21:43:32,242 GateObservatory [XAUUSD/TIE_V4] Gate Detector: PASS | setup=B_SELL lot=0.01
2026-08-12 21:43:32,242 TIE_Production ExitOrchestrator adjusted SL/TP for B_SELL: new SL=4441.71 TP=4382.12 RR=1.82 (adj=False)
2026-08-12 21:43:32,242 TIE_Production Setup detected: B_SELL SELL conf=82%
2026-08-12 21:43:32,260 TIE_Production MAX_POSITIONS: skip B_SELL XAUUSD (strat=0 dir=5 max=5)
2026-08-12 21:43:32,264 GateObservatory [XAUUSD/TIE_V4] Gate MaxPositions: FAIL | dir=5 strat=0 max=5
2026-08-12 21:43:32,986 TIE_Production MARKET REGIME: TRENDING (strength=69) | SUGGESTED ENGINE: Aggressive
2026-08-12 21:43:32,988 StrategyManager Strategy semi_hft_c8_v4 returned WAIT: no_setup:no_structural_setup
2026-08-12 21:43:32,988 StrategyManager Strategy aggressive_v1 returned WAIT: no_setup:no_structural_setup
2026-08-12 21:43:32,989 BystraStrategy Bystra best detector: THREE_CANDLE conf=82% dir=SELL
2026-08-12 21:43:32,990 MultiStrategyRuntime Scan 2.5ms — strategies=3 signals=1 dir=sell source=bystra_v1
2026-08-12 21:43:32,994 GateObservatory [XAUUSD/TIE_V4] Gate Detector: PASS | setup=B_SELL lot=0.01
2026-08-12 21:43:32,994 TIE_Production ExitOrchestrator adjusted SL/TP for B_SELL: new SL=4441.71 TP=4382.12 RR=1.81 (adj=False)
2026-08-12 21:43:32,994 TIE_Production Setup detected: B_SELL SELL conf=82%
2026-08-12 21:43:33,031 TIE_Production MAX_POSITIONS: skip B_SELL XAUUSD (strat=0 dir=5 max=5)
2026-08-12 21:43:33,036 GateObservatory [XAUUSD/TIE_V4] Gate MaxPositions: FAIL | dir=5 strat=0 max=5
2026-08-12 21:43:43,200 TIE_Production --- Scanning XAUUSD ---
2026-08-12 21:43:44,017 TIE_Production --- Scanning XAUUSD ---
2026-08-12 21:43:44,088 TIE_Production MARKET REGIME: TRENDING (strength=76) | SUGGESTED ENGINE: Aggressive
2026-08-12 21:43:44,090 strategies.semi_hft.strategy [LIQ_VACUUM] GOOD clear_path_up dir=BUY
2026-08-12 21:43:44,090 strategies.semi_hft.strategy [ZSCORE] zscore_ok z=-0.53
2026-08-12 21:43:44,090 StrategyManager Strategy semi_hft_c8_v4 returned WAIT: pullback:counter_trend_not_in_fibo dir=BUY m15=DOWN price=4421.25 H=4441.46 L=4382.12
2026-08-12 21:43:44,090 strategies.aggressive.strategy [LIQ_VACUUM] GOOD no_pool_data dir=BUY
2026-08-12 21:43:44,091 strategies.aggressive.strategy [ZSCORE] zscore_ok z=-0.53
2026-08-12 21:43:44,091 StrategyManager Strategy aggressive_v1 returned WAIT: rme:score_low:56.9
2026-08-12 21:43:44,092 BystraStrategy Bystra best detector: THREE_CANDLE conf=82% dir=SELL
2026-08-12 21:43:44,092 MultiStrategyRuntime Scan 3.0ms — strategies=3 signals=1 dir=sell source=bystra_v1
2026-08-12 21:43:44,096 GateObservatory [XAUUSD/TIE_V4] Gate Detector: PASS | setup=B_SELL lot=0.01
2026-08-12 21:43:44,096 TIE_Production ExitOrchestrator adjusted SL/TP for B_SELL: new SL=4441.71 TP=4382.12 RR=1.91 (adj=False)
2026-08-12 21:43:44,097 TIE_Production Setup detected: B_SELL SELL conf=82%
2026-08-12 21:43:44,115 TIE_Production MAX_POSITIONS: skip B_SELL XAUUSD (strat=0 dir=5 max=5)
2026-08-12 21:43:44,119 GateObservatory [XAUUSD/TIE_V4] Gate MaxPositions: FAIL | dir=5 strat=0 max=5
2026-08-12 21:43:44,997 TIE_Production MARKET REGIME: TRENDING (strength=78) | SUGGESTED ENGINE: Aggressive
2026-08-12 21:43:44,998 StrategyManager Strategy semi_hft_c8_v4 returned WAIT: no_setup:no_structural_setup
2026-08-12 21:43:44,998 StrategyManager Strategy aggressive_v1 returned WAIT: no_setup:no_structural_setup
2026-08-12 21:43:45,000 BystraStrategy Bystra best detector: THREE_CANDLE conf=82% dir=SELL
2026-08-12 21:43:45,000 MultiStrategyRuntime Scan 2.6ms — strategies=3 signals=1 dir=sell source=bystra_v1
2026-08-12 21:43:45,007 GateObservatory [XAUUSD/TIE_V4] Gate Detector: PASS | setup=B_SELL lot=0.01
2026-08-12 21:43:45,008 TIE_Production ExitOrchestrator adjusted SL/TP for B_SELL: new SL=4441.71 TP=4382.12 RR=1.95 (adj=False)
2026-08-12 21:43:45,008 TIE_Production Setup detected: B_SELL SELL conf=82%
2026-08-12 21:43:45,044 TIE_Production MAX_POSITIONS: skip B_SELL XAUUSD (strat=0 dir=5 max=5)
2026-08-12 21:43:45,048 GateObservatory [XAUUSD/TIE_V4] Gate MaxPositions: FAIL | dir=5 strat=0 max=5
2026-08-12 21:43:54,862 TIE_Production --- Scanning XAUUSD ---
2026-08-12 21:43:55,739 TIE_Production MARKET REGIME: TRENDING (strength=79) | SUGGESTED ENGINE: Aggressive
2026-08-12 21:43:55,740 strategies.semi_hft.strategy [LIQ_VACUUM] GOOD clear_path_up dir=BUY
2026-08-12 21:43:55,740 strategies.semi_hft.strategy [ZSCORE] zscore_ok z=-0.49
2026-08-12 21:43:55,740 StrategyManager Strategy semi_hft_c8_v4 returned WAIT: pullback:counter_trend_not_in_fibo dir=BUY m15=DOWN price=4421.50 H=4441.46 L=4382.12
2026-08-12 21:43:55,741 strategies.aggressive.strategy [LIQ_VACUUM] GOOD no_pool_data dir=BUY
2026-08-12 21:43:55,741 strategies.aggressive.strategy [ZSCORE] zscore_ok z=-0.49
2026-08-12 21:43:55,741 StrategyManager Strategy aggressive_v1 returned WAIT: rme:score_low:58.5
2026-08-12 21:43:55,742 BystraStrategy Bystra best detector: THREE_CANDLE conf=82% dir=SELL
2026-08-12 21:43:55,743 MultiStrategyRuntime Scan 3.2ms — strategies=3 signals=1 dir=sell source=bystra_v1
2026-08-12 21:43:55,747 GateObservatory [XAUUSD/TIE_V4] Gate Detector: PASS | setup=B_SELL lot=0.01
2026-08-12 21:43:55,747 TIE_Production ExitOrchestrator adjusted SL/TP for B_SELL: new SL=4441.71 TP=4382.12 RR=1.95 (adj=False)
2026-08-12 21:43:55,747 TIE_Production Setup detected: B_SELL SELL conf=82%
2026-08-12 21:43:55,777 TIE_Production MAX_POSITIONS: skip B_SELL XAUUSD (strat=0 dir=5 max=5)
2026-08-12 21:43:55,778 TIE_Production --- Scanning XAUUSD ---
2026-08-12 21:43:55,781 GateObservatory [XAUUSD/TIE_V4] Gate MaxPositions: FAIL | dir=5 strat=0 max=5
2026-08-12 21:43:56,721 TIE_Production MARKET REGIME: TRENDING (strength=79) | SUGGESTED ENGINE: Aggressive
2026-08-12 21:43:56,723 StrategyManager Strategy semi_hft_c8_v4 returned WAIT: no_setup:no_structural_setup
2026-08-12 21:43:56,723 StrategyManager Strategy aggressive_v1 returned WAIT: no_setup:no_structural_setup
2026-08-12 21:43:56,724 BystraStrategy Bystra best detector: THREE_CANDLE conf=82% dir=SELL
2026-08-12 21:43:56,725 MultiStrategyRuntime Scan 2.6ms — strategies=3 signals=1 dir=sell source=bystra_v1
2026-08-12 21:43:56,730 GateObservatory [XAUUSD/TIE_V4] Gate Detector: PASS | setup=B_SELL lot=0.01
2026-08-12 21:43:56,730 TIE_Production ExitOrchestrator adjusted SL/TP for B_SELL: new SL=4441.71 TP=4382.12 RR=1.95 (adj=False)
2026-08-12 21:43:56,730 TIE_Production Setup detected: B_SELL SELL conf=82%
2026-08-12 21:43:56,756 TIE_Production MAX_POSITIONS: skip B_SELL XAUUSD (strat=0 dir=5 max=5)
2026-08-12 21:43:56,760 GateObservatory [XAUUSD/TIE_V4] Gate MaxPositions: FAIL | dir=5 strat=0 max=5
2026-08-12 21:44:06,659 TIE_Production --- Scanning XAUUSD ---
2026-08-12 21:44:07,470 TIE_Production MARKET REGIME: TRENDING (strength=88) | SUGGESTED ENGINE: Aggressive
2026-08-12 21:44:07,472 strategies.semi_hft.strategy [LIQ_VACUUM] GOOD clear_path_up dir=BUY
2026-08-12 21:44:07,472 strategies.semi_hft.strategy [ZSCORE] zscore_ok z=-0.14
2026-08-12 21:44:07,472 StrategyManager Strategy semi_hft_c8_v4 returned WAIT: pullback:counter_trend_not_in_fibo dir=BUY m15=DOWN price=4424.22 H=4441.46 L=4382.12
2026-08-12 21:44:07,473 strategies.aggressive.strategy [LIQ_VACUUM] GOOD no_pool_data dir=BUY
2026-08-12 21:44:07,473 strategies.aggressive.strategy [ZSCORE] zscore_ok z=-0.14
2026-08-12 21:44:07,473 strategies.aggressive.strategy RME BUY score=63.5 sym=XAUUSD SL=4416.028 TP=4436.513 liq_vac=GOOD
2026-08-12 21:44:07,475 BystraStrategy Bystra best detector: THREE_CANDLE conf=82% dir=SELL
2026-08-12 21:44:07,475 TIE_Production No setup for XAUUSD (WAIT)
2026-08-12 21:44:07,480 GateObservatory [XAUUSD/TIE_V4] Outcome: NO_TRADE | no_signal
2026-08-12 21:44:07,727 TIE_Production --- Scanning XAUUSD ---
2026-08-12 21:44:08,613 TIE_Production MARKET REGIME: TRENDING (strength=89) | SUGGESTED ENGINE: Aggressive
2026-08-12 21:44:08,614 StrategyManager Strategy semi_hft_c8_v4 returned WAIT: no_setup:no_structural_setup
2026-08-12 21:44:08,615 StrategyManager Strategy aggressive_v1 returned WAIT: no_setup:no_structural_setup
2026-08-12 21:44:08,616 BystraStrategy Bystra best detector: THREE_CANDLE conf=82% dir=SELL
2026-08-12 21:44:08,617 MultiStrategyRuntime Scan 3.3ms — strategies=3 signals=1 dir=sell source=bystra_v1
2026-08-12 21:44:08,626 GateObservatory [XAUUSD/TIE_V4] Gate Detector: PASS | setup=B_SELL lot=0.01
2026-08-12 21:44:08,626 TIE_Production ExitOrchestrator adjusted SL/TP for B_SELL: new SL=4441.71 TP=4382.12 RR=2.37 (adj=False)
2026-08-12 21:44:08,626 TIE_Production Setup detected: B_SELL SELL conf=82%
2026-08-12 21:44:08,648 TIE_Production MAX_POSITIONS: skip B_SELL XAUUSD (strat=0 dir=5 max=5)
2026-08-12 21:44:08,652 GateObservatory [XAUUSD/TIE_V4] Gate MaxPositions: FAIL | dir=5 strat=0 max=5
2026-08-12 21:44:18,344 TIE_Production --- Scanning XAUUSD ---
2026-08-12 21:44:19,221 TIE_Production MARKET REGIME: TRENDING (strength=86) | SUGGESTED ENGINE: Aggressive
2026-08-12 21:44:19,223 strategies.semi_hft.strategy [LIQ_VACUUM] GOOD clear_path_up dir=BUY
2026-08-12 21:44:19,223 strategies.semi_hft.strategy [ZSCORE] zscore_ok z=-0.17
2026-08-12 21:44:19,223 StrategyManager Strategy semi_hft_c8_v4 returned WAIT: pullback:counter_trend_not_in_fibo dir=BUY m15=DOWN price=4423.96 H=4441.46 L=4382.12
2026-08-12 21:44:19,224 strategies.aggressive.strategy [LIQ_VACUUM] GOOD no_pool_data dir=BUY
2026-08-12 21:44:19,225 strategies.aggressive.strategy [ZSCORE] zscore_ok z=-0.17
2026-08-12 21:44:19,225 strategies.aggressive.strategy RME BUY score=62.7 sym=XAUUSD SL=4416.028 TP=4435.858 liq_vac=GOOD
2026-08-12 21:44:19,227 BystraStrategy Bystra best detector: THREE_CANDLE conf=82% dir=SELL
2026-08-12 21:44:19,227 TIE_Production No setup for XAUUSD (WAIT)
2026-08-12 21:44:19,232 GateObservatory [XAUUSD/TIE_V4] Outcome: NO_TRADE | no_signal
2026-08-12 21:44:19,505 TIE_Production --- Scanning XAUUSD ---
2026-08-12 21:44:20,450 TIE_Production MARKET REGIME: TRENDING (strength=87) | SUGGESTED ENGINE: Aggressive
2026-08-12 21:44:20,451 StrategyManager Strategy semi_hft_c8_v4 returned WAIT: no_setup:no_structural_setup
2026-08-12 21:44:20,452 StrategyManager Strategy aggressive_v1 returned WAIT: no_setup:no_structural_setup
2026-08-12 21:44:20,453 BystraStrategy Bystra best detector: THREE_CANDLE conf=82% dir=SELL
2026-08-12 21:44:20,454 MultiStrategyRuntime Scan 2.8ms — strategies=3 signals=1 dir=sell source=bystra_v1
2026-08-12 21:44:20,458 GateObservatory [XAUUSD/TIE_V4] Gate Detector: PASS | setup=B_SELL lot=0.01
2026-08-12 21:44:20,458 TIE_Production ExitOrchestrator adjusted SL/TP for B_SELL: new SL=4441.71 TP=4382.12 RR=2.39 (adj=False)
2026-08-12 21:44:20,458 TIE_Production Setup detected: B_SELL SELL conf=82%
2026-08-12 21:44:21,132 TIE_Production MAX_POSITIONS: skip B_SELL XAUUSD (strat=0 dir=5 max=5)
2026-08-12 21:44:21,137 GateObservatory [XAUUSD/TIE_V4] Gate MaxPositions: FAIL | dir=5 strat=0 max=5
2026-08-12 21:44:30,150 TIE_Production --- Scanning XAUUSD ---
2026-08-12 21:44:31,160 TIE_Production MARKET REGIME: TRENDING (strength=83) | SUGGESTED ENGINE: Aggressive
2026-08-12 21:44:31,162 strategies.semi_hft.strategy [LIQ_VACUUM] GOOD clear_path_up dir=BUY
2026-08-12 21:44:31,162 strategies.semi_hft.strategy [ZSCORE] zscore_ok z=-0.23
2026-08-12 21:44:31,162 StrategyManager Strategy semi_hft_c8_v4 returned WAIT: pullback:counter_trend_not_in_fibo dir=BUY m15=DOWN price=4423.29 H=4441.46 L=4382.12
2026-08-12 21:44:31,163 strategies.aggressive.strategy [LIQ_VACUUM] GOOD no_pool_data dir=BUY
2026-08-12 21:44:31,163 strategies.aggressive.strategy [ZSCORE] zscore_ok z=-0.23
2026-08-12 21:44:31,163 strategies.aggressive.strategy RME BUY score=61.0 sym=XAUUSD SL=4416.028 TP=4434.183 liq_vac=GOOD
2026-08-12 21:44:31,164 BystraStrategy Bystra best detector: THREE_CANDLE conf=82% dir=SELL
2026-08-12 21:44:31,164 TIE_Production No setup for XAUUSD (WAIT)
2026-08-12 21:44:31,169 GateObservatory [XAUUSD/TIE_V4] Outcome: NO_TRADE | no_signal
2026-08-12 21:44:31,890 TIE_Production --- Scanning XAUUSD ---
2026-08-12 21:44:32,882 TIE_Production MARKET REGIME: TRENDING (strength=82) | SUGGESTED ENGINE: Aggressive
2026-08-12 21:44:32,883 StrategyManager Strategy semi_hft_c8_v4 returned WAIT: no_setup:no_structural_setup
2026-08-12 21:44:32,883 StrategyManager Strategy aggressive_v1 returned WAIT: no_setup:no_structural_setup
2026-08-12 21:44:32,885 BystraStrategy Bystra best detector: THREE_CANDLE conf=82% dir=SELL
2026-08-12 21:44:32,885 MultiStrategyRuntime Scan 2.6ms — strategies=3 signals=1 dir=sell source=bystra_v1
2026-08-12 21:44:32,886 TIE_Production 🚀 [SPIKE_CONFIRM] SELL confirmed by Wick Rejection!
2026-08-12 21:44:32,892 GateObservatory [XAUUSD/TIE_V4] Gate Detector: PASS | setup=B_SELL lot=0.01
2026-08-12 21:44:32,892 TIE_Production ExitOrchestrator adjusted SL/TP for B_SELL: new SL=4441.71 TP=4382.12 RR=2.30 (adj=False)
2026-08-12 21:44:32,892 TIE_Production Setup detected: B_SELL SELL conf=82%
2026-08-12 21:44:32,909 TIE_Production MAX_POSITIONS: skip B_SELL XAUUSD (strat=0 dir=5 max=5)
2026-08-12 21:44:32,914 GateObservatory [XAUUSD/TIE_V4] Gate MaxPositions: FAIL | dir=5 strat=0 max=5
2026-08-12 21:44:41,896 TIE_Production --- Scanning XAUUSD ---
2026-08-12 21:44:42,729 TIE_Production MARKET REGIME: TRENDING (strength=91) | SUGGESTED ENGINE: Aggressive
2026-08-12 21:44:42,730 strategies.semi_hft.strategy [LIQ_VACUUM] GOOD clear_path_up dir=BUY
2026-08-12 21:44:42,730 strategies.semi_hft.strategy [ZSCORE] zscore_ok z=-0.07
2026-08-12 21:44:42,730 StrategyManager Strategy semi_hft_c8_v4 returned WAIT: pullback:counter_trend_not_in_fibo dir=BUY m15=DOWN price=4424.35 H=4441.46 L=4382.12
2026-08-12 21:44:42,731 strategies.aggressive.strategy [LIQ_VACUUM] GOOD no_pool_data dir=BUY
2026-08-12 21:44:42,731 strategies.aggressive.strategy [ZSCORE] zscore_ok z=-0.07
2026-08-12 21:44:42,731 strategies.aggressive.strategy RME BUY score=65.3 sym=XAUUSD SL=4416.028 TP=4436.843 liq_vac=GOOD
2026-08-12 21:44:42,732 BystraStrategy Bystra best detector: THREE_CANDLE conf=82% dir=SELL
2026-08-12 21:44:42,733 TIE_Production No setup for XAUUSD (WAIT)
2026-08-12 21:44:42,737 GateObservatory [XAUUSD/TIE_V4] Outcome: NO_TRADE | no_signal
2026-08-12 21:44:43,760 TIE_Production --- Scanning XAUUSD ---
2026-08-12 21:44:44,819 TIE_Production MARKET REGIME: TRENDING (strength=86) | SUGGESTED ENGINE: Aggressive
2026-08-12 21:44:44,821 StrategyManager Strategy semi_hft_c8_v4 returned WAIT: no_setup:no_structural_setup
2026-08-12 21:44:44,821 StrategyManager Strategy aggressive_v1 returned WAIT: no_setup:no_structural_setup
2026-08-12 21:44:44,822 BystraStrategy Bystra best detector: THREE_CANDLE conf=82% dir=SELL
2026-08-12 21:44:44,823 MultiStrategyRuntime Scan 2.6ms — strategies=3 signals=1 dir=sell source=bystra_v1
2026-08-12 21:44:44,827 GateObservatory [XAUUSD/TIE_V4] Gate Detector: PASS | setup=B_SELL lot=0.01
2026-08-12 21:44:44,827 TIE_Production ExitOrchestrator adjusted SL/TP for B_SELL: new SL=4441.71 TP=4382.12 RR=2.25 (adj=False)
2026-08-12 21:44:44,827 TIE_Production Setup detected: B_SELL SELL conf=82%
2026-08-12 21:44:44,846 TIE_Production MAX_POSITIONS: skip B_SELL XAUUSD (strat=0 dir=5 max=5)
2026-08-12 21:44:44,850 GateObservatory [XAUUSD/TIE_V4] Gate MaxPositions: FAIL | dir=5 strat=0 max=5
2026-08-12 21:44:53,541 TIE_Production --- Scanning XAUUSD ---
2026-08-12 21:44:54,371 TIE_Production MARKET REGIME: TRENDING (strength=88) | SUGGESTED ENGINE: Aggressive
2026-08-12 21:44:54,373 strategies.semi_hft.strategy [LIQ_VACUUM] GOOD clear_path_up dir=BUY
2026-08-12 21:44:54,373 strategies.semi_hft.strategy [ZSCORE] zscore_ok z=-0.13
2026-08-12 21:44:54,373 StrategyManager Strategy semi_hft_c8_v4 returned WAIT: pullback:counter_trend_not_in_fibo dir=BUY m15=DOWN price=4424.18 H=4441.46 L=4382.12
2026-08-12 21:44:54,373 strategies.aggressive.strategy [LIQ_VACUUM] GOOD no_pool_data dir=BUY
2026-08-12 21:44:54,374 strategies.aggressive.strategy [ZSCORE] zscore_ok z=-0.13
2026-08-12 21:44:54,374 strategies.aggressive.strategy RME BUY score=63.8 sym=XAUUSD SL=4416.028 TP=4436.405 liq_vac=GOOD
2026-08-12 21:44:54,375 BystraStrategy Bystra best detector: THREE_CANDLE conf=82% dir=SELL
2026-08-12 21:44:54,375 TIE_Production No setup for XAUUSD (WAIT)
2026-08-12 21:44:54,380 GateObservatory [XAUUSD/TIE_V4] Outcome: NO_TRADE | no_signal
2026-08-12 21:44:55,664 TIE_Production --- Scanning XAUUSD ---
2026-08-12 21:44:56,578 TIE_Production MARKET REGIME: TRENDING (strength=89) | SUGGESTED ENGINE: Aggressive
2026-08-12 21:44:56,579 StrategyManager Strategy semi_hft_c8_v4 returned WAIT: no_setup:no_structural_setup
2026-08-12 21:44:56,580 StrategyManager Strategy aggressive_v1 returned WAIT: no_setup:no_structural_setup
2026-08-12 21:44:56,581 BystraStrategy Bystra best detector: THREE_CANDLE conf=82% dir=SELL
2026-08-12 21:44:56,581 MultiStrategyRuntime Scan 2.6ms — strategies=3 signals=1 dir=sell source=bystra_v1
2026-08-12 21:44:56,585 GateObservatory [XAUUSD/TIE_V4] Gate Detector: PASS | setup=B_SELL lot=0.01
2026-08-12 21:44:56,586 TIE_Production ExitOrchestrator adjusted SL/TP for B_SELL: new SL=4441.71 TP=4382.12 RR=2.48 (adj=False)
2026-08-12 21:44:56,586 TIE_Production Setup detected: B_SELL SELL conf=82%
2026-08-12 21:44:56,609 TIE_Production MAX_POSITIONS: skip B_SELL XAUUSD (strat=0 dir=5 max=5)
2026-08-12 21:44:56,613 GateObservatory [XAUUSD/TIE_V4] Gate MaxPositions: FAIL | dir=5 strat=0 max=5
2026-08-12 21:45:05,406 TIE_Production --- Scanning XAUUSD ---
2026-08-12 21:45:06,418 TIE_Production MARKET REGIME: RANGING (strength=60) | SUGGESTED ENGINE: SemiHFT
2026-08-12 21:45:06,419 strategies.semi_hft.strategy [LIQ_VACUUM] GOOD clear_path_up dir=BUY
2026-08-12 21:45:06,420 strategies.semi_hft.strategy [ZSCORE] zscore_ok z=0.04
2026-08-12 21:45:06,420 StrategyManager Strategy semi_hft_c8_v4 returned WAIT: pullback:counter_trend_not_in_fibo dir=BUY m15=DOWN price=4424.48 H=4441.46 L=4382.12
2026-08-12 21:45:06,420 strategies.aggressive.strategy [LIQ_VACUUM] GOOD no_pool_data dir=BUY
2026-08-12 21:45:06,420 strategies.aggressive.strategy [ZSCORE] zscore_ok z=0.04
2026-08-12 21:45:06,421 StrategyManager Strategy aggressive_v1 returned WAIT: rme:debate_block:penalty_67.7
2026-08-12 21:45:06,422 BystraStrategy Bystra best detector: SNRC1 conf=90% dir=BUY
2026-08-12 21:45:06,422 BystraStrategy Bystra pattern blacklist: SNRC1 @ zone 0 already fired, skip
2026-08-12 21:45:06,422 StrategyManager Strategy bystra_v1 returned WAIT: pattern_blacklist:SNRC1
2026-08-12 21:45:06,422 TIE_Production No setup for XAUUSD (WAIT)
2026-08-12 21:45:06,426 GateObservatory [XAUUSD/TIE_V4] Outcome: NO_TRADE | no_signal
2026-08-12 21:45:07,452 TIE_Production --- Scanning XAUUSD ---
2026-08-12 21:45:08,304 TIE_Production MARKET REGIME: TRENDING (strength=76) | SUGGESTED ENGINE: Aggressive
2026-08-12 21:45:08,306 StrategyManager Strategy semi_hft_c8_v4 returned WAIT: no_setup:no_structural_setup
2026-08-12 21:45:08,306 StrategyManager Strategy aggressive_v1 returned WAIT: no_setup:no_structural_setup
2026-08-12 21:45:08,308 BystraStrategy Bystra best detector: SNRC1 conf=90% dir=BUY
2026-08-12 21:45:08,308 BystraStrategy Bystra pattern blacklist: SNRC1 @ zone 0 already fired, skip
2026-08-12 21:45:08,308 StrategyManager Strategy bystra_v1 returned WAIT: pattern_blacklist:SNRC1
2026-08-12 21:45:08,308 TIE_Production No setup for XAUUSD (WAIT)
2026-08-12 21:45:08,316 GateObservatory [XAUUSD/TIE_V4] Outcome: NO_TRADE | no_signal
2026-08-12 21:45:17,316 TIE_Production --- Scanning XAUUSD ---
2026-08-12 21:45:18,144 TIE_Production MARKET REGIME: TRENDING (strength=86) | SUGGESTED ENGINE: Aggressive
2026-08-12 21:45:18,145 strategies.semi_hft.strategy [LIQ_VACUUM] GOOD clear_path_up dir=BUY
2026-08-12 21:45:18,145 strategies.semi_hft.strategy [ZSCORE] zscore_ok z=-0.19
2026-08-12 21:45:18,145 StrategyManager Strategy semi_hft_c8_v4 returned WAIT: pullback:counter_trend_not_in_fibo dir=BUY m15=DOWN price=4423.47 H=4441.46 L=4382.12
2026-08-12 21:45:18,146 StrategyManager Strategy aggressive_v1 returned WAIT: tl_guard:NO_SELL_BREAK
2026-08-12 21:45:18,147 BystraStrategy Bystra best detector: SNRC1 conf=90% dir=BUY
2026-08-12 21:45:18,148 BystraStrategy Bystra pattern blacklist: SNRC1 @ zone 0 already fired, skip
2026-08-12 21:45:18,148 StrategyManager Strategy bystra_v1 returned WAIT: pattern_blacklist:SNRC1
2026-08-12 21:45:18,148 TIE_Production No setup for XAUUSD (WAIT)
2026-08-12 21:45:18,153 GateObservatory [XAUUSD/TIE_V4] Outcome: NO_TRADE | no_signal
2026-08-12 21:45:19,138 TIE_Production --- Scanning XAUUSD ---
2026-08-12 21:45:20,334 TIE_Production MARKET REGIME: TRENDING (strength=88) | SUGGESTED ENGINE: Aggressive
2026-08-12 21:45:20,335 StrategyManager Strategy semi_hft_c8_v4 returned WAIT: no_setup:no_structural_setup
2026-08-12 21:45:20,336 StrategyManager Strategy aggressive_v1 returned WAIT: no_setup:no_structural_setup
2026-08-12 21:45:20,337 BystraStrategy Bystra best detector: SNRC1 conf=90% dir=BUY
2026-08-12 21:45:20,337 BystraStrategy Bystra pattern blacklist: SNRC1 @ zone 0 already fired, skip
2026-08-12 21:45:20,338 StrategyManager Strategy bystra_v1 returned WAIT: pattern_blacklist:SNRC1
2026-08-12 21:45:20,338 TIE_Production No setup for XAUUSD (WAIT)
2026-08-12 21:45:20,343 GateObservatory [XAUUSD/TIE_V4] Outcome: NO_TRADE | no_signal
2026-08-12 21:45:28,949 TIE_Production --- Scanning XAUUSD ---
2026-08-12 21:45:29,866 TIE_Production MARKET REGIME: TRENDING (strength=71) | SUGGESTED ENGINE: Aggressive
2026-08-12 21:45:29,868 strategies.semi_hft.strategy [LIQ_VACUUM] GOOD clear_path_up dir=BUY
2026-08-12 21:45:29,868 strategies.semi_hft.strategy [ZSCORE] zscore_ok z=0.24
2026-08-12 21:45:29,868 StrategyManager Strategy semi_hft_c8_v4 returned WAIT: pullback:m15_flat_no_trend regime=UNKNOWN str=70
2026-08-12 21:45:29,869 strategies.aggressive.strategy [LIQ_VACUUM] GOOD no_pool_data dir=BUY
2026-08-12 21:45:29,869 strategies.aggressive.strategy [ZSCORE] zscore_ok z=0.24
2026-08-12 21:45:29,869 StrategyManager Strategy aggressive_v1 returned WAIT: rme:score_low:53.9
2026-08-12 21:45:29,870 BystraStrategy Bystra best detector: SNRC1 conf=90% dir=BUY
2026-08-12 21:45:29,870 BystraStrategy Bystra pattern blacklist: SNRC1 @ zone 0 already fired, skip
2026-08-12 21:45:29,870 StrategyManager Strategy bystra_v1 returned WAIT: pattern_blacklist:SNRC1
2026-08-12 21:45:29,870 TIE_Production No setup for XAUUSD (WAIT)
2026-08-12 21:45:29,874 GateObservatory [XAUUSD/TIE_V4] Outcome: NO_TRADE | no_signal
2026-08-12 21:45:31,321 TIE_Production --- Scanning XAUUSD ---
2026-08-12 21:45:32,222 TIE_Production MARKET REGIME: TRENDING (strength=77) | SUGGESTED ENGINE: Aggressive
2026-08-12 21:45:32,223 StrategyManager Strategy semi_hft_c8_v4 returned WAIT: no_setup:no_structural_setup
2026-08-12 21:45:32,223 StrategyManager Strategy aggressive_v1 returned WAIT: no_setup:no_structural_setup
2026-08-12 21:45:32,225 BystraStrategy Bystra best detector: SNRC1 conf=90% dir=BUY
2026-08-12 21:45:32,225 BystraStrategy Bystra pattern blacklist: SNRC1 @ zone 0 already fired, skip
2026-08-12 21:45:32,225 StrategyManager Strategy bystra_v1 returned WAIT: pattern_blacklist:SNRC1
2026-08-12 21:45:32,225 TIE_Production No setup for XAUUSD (WAIT)
2026-08-12 21:45:32,230 GateObservatory [XAUUSD/TIE_V4] Outcome: NO_TRADE | no_signal
2026-08-12 21:45:40,648 TIE_Production --- Scanning XAUUSD ---
2026-08-12 21:45:41,533 TIE_Production MARKET REGIME: TRENDING (strength=77) | SUGGESTED ENGINE: Aggressive
2026-08-12 21:45:41,534 strategies.semi_hft.strategy [LIQ_VACUUM] GOOD clear_path_up dir=BUY
2026-08-12 21:45:41,534 strategies.semi_hft.strategy [ZSCORE] zscore_ok z=0.38
2026-08-12 21:45:41,534 StrategyManager Strategy semi_hft_c8_v4 returned WAIT: pullback:m15_flat_no_trend regime=UNKNOWN str=77
2026-08-12 21:45:41,535 strategies.aggressive.strategy [LIQ_VACUUM] GOOD no_pool_data dir=BUY
2026-08-12 21:45:41,535 strategies.aggressive.strategy [ZSCORE] zscore_ok z=0.38
2026-08-12 21:45:41,535 StrategyManager Strategy aggressive_v1 returned WAIT: rme:score_low:57.4
2026-08-12 21:45:41,536 BystraStrategy Bystra best detector: SNRC1 conf=90% dir=BUY
2026-08-12 21:45:41,536 BystraStrategy Bystra pattern blacklist: SNRC1 @ zone 0 already fired, skip
2026-08-12 21:45:41,536 StrategyManager Strategy bystra_v1 returned WAIT: pattern_blacklist:SNRC1
2026-08-12 21:45:41,536 TIE_Production No setup for XAUUSD (WAIT)
2026-08-12 21:45:41,543 GateObservatory [XAUUSD/TIE_V4] Outcome: NO_TRADE | no_signal
2026-08-12 21:45:43,051 TIE_Production --- Scanning XAUUSD ---
2026-08-12 21:45:43,904 TIE_Production MARKET REGIME: TRENDING (strength=67) | SUGGESTED ENGINE: Aggressive
2026-08-12 21:45:43,905 StrategyManager Strategy semi_hft_c8_v4 returned WAIT: no_setup:no_structural_setup
2026-08-12 21:45:43,906 StrategyManager Strategy aggressive_v1 returned WAIT: no_setup:no_structural_setup
2026-08-12 21:45:43,908 BystraStrategy Bystra best detector: SNRC1 conf=90% dir=BUY
2026-08-12 21:45:43,908 BystraStrategy Bystra pattern blacklist: SNRC1 @ zone 0 already fired, skip
2026-08-12 21:45:43,908 StrategyManager Strategy bystra_v1 returned WAIT: pattern_blacklist:SNRC1
2026-08-12 21:45:43,908 TIE_Production No setup for XAUUSD (WAIT)
2026-08-12 21:45:43,912 GateObservatory [XAUUSD/TIE_V4] Outcome: NO_TRADE | no_signal
2026-08-12 21:45:52,461 TIE_Production --- Scanning XAUUSD ---
2026-08-12 21:45:53,372 TIE_Production MARKET REGIME: TRENDING (strength=72) | SUGGESTED ENGINE: Aggressive
2026-08-12 21:45:53,373 strategies.semi_hft.strategy [LIQ_VACUUM] GOOD clear_path_up dir=BUY
2026-08-12 21:45:53,373 strategies.semi_hft.strategy [ZSCORE] zscore_ok z=0.33
2026-08-12 21:45:53,373 StrategyManager Strategy semi_hft_c8_v4 returned WAIT: pullback:m15_flat_no_trend regime=UNKNOWN str=71
2026-08-12 21:45:53,374 strategies.aggressive.strategy [LIQ_VACUUM] GOOD no_pool_data dir=BUY
2026-08-12 21:45:53,374 strategies.aggressive.strategy [ZSCORE] zscore_ok z=0.33
2026-08-12 21:45:53,374 StrategyManager Strategy aggressive_v1 returned WAIT: rme:score_low:54.3
2026-08-12 21:45:53,375 BystraStrategy Bystra best detector: SNRC1 conf=90% dir=BUY
2026-08-12 21:45:53,375 BystraStrategy Bystra pattern blacklist: SNRC1 @ zone 0 already fired, skip
2026-08-12 21:45:53,376 StrategyManager Strategy bystra_v1 returned WAIT: pattern_blacklist:SNRC1
2026-08-12 21:45:53,376 TIE_Production No setup for XAUUSD (WAIT)
2026-08-12 21:45:53,379 GateObservatory [XAUUSD/TIE_V4] Outcome: NO_TRADE | no_signal
2026-08-12 21:45:54,627 TIE_Production --- Scanning XAUUSD ---
2026-08-12 21:45:55,561 TIE_Production MARKET REGIME: TRENDING (strength=78) | SUGGESTED ENGINE: Aggressive
2026-08-12 21:45:55,562 StrategyManager Strategy semi_hft_c8_v4 returned WAIT: no_setup:no_structural_setup
2026-08-12 21:45:55,562 StrategyManager Strategy aggressive_v1 returned WAIT: no_setup:no_structural_setup
2026-08-12 21:45:55,564 BystraStrategy Bystra best detector: SNRC1 conf=90% dir=BUY
2026-08-12 21:45:55,564 BystraStrategy Bystra pattern blacklist: SNRC1 @ zone 0 already fired, skip
2026-08-12 21:45:55,564 StrategyManager Strategy bystra_v1 returned WAIT: pattern_blacklist:SNRC1
2026-08-12 21:45:55,564 TIE_Production No setup for XAUUSD (WAIT)
2026-08-12 21:45:55,572 GateObservatory [XAUUSD/TIE_V4] Outcome: NO_TRADE | no_signal
2026-08-12 21:46:04,171 TIE_Production --- Scanning XAUUSD ---
2026-08-12 21:46:05,078 TIE_Production MARKET REGIME: TRENDING (strength=86) | SUGGESTED ENGINE: Aggressive
2026-08-12 21:46:05,079 strategies.semi_hft.strategy [LIQ_VACUUM] GOOD clear_path_up dir=BUY
2026-08-12 21:46:05,079 strategies.semi_hft.strategy [ZSCORE] zscore_ok z=0.72
2026-08-12 21:46:05,079 strategies.semi_hft.strategy [PULLBACK] trend_follow_FLAT_m5_gas_ok | M15=FLAT
2026-08-12 21:46:05,079 strategies.semi_hft.strategy [MACD] macd_up_buy_ok macd=1.58 sig=1.42
2026-08-12 21:46:05,079 StrategyManager Strategy semi_hft_c8_v4 returned WAIT: m5_guard:BLOCK_RANGE
2026-08-12 21:46:05,080 strategies.aggressive.strategy [LIQ_VACUUM] GOOD no_pool_data dir=BUY
2026-08-12 21:46:05,080 strategies.aggressive.strategy [ZSCORE] zscore_ok z=0.72
2026-08-12 21:46:05,080 strategies.aggressive.strategy RME BUY score=62.4 sym=XAUUSD SL=4417.439 TP=4448.890 liq_vac=GOOD
2026-08-12 21:46:05,081 BystraStrategy Bystra best detector: SNRC1 conf=90% dir=BUY
2026-08-12 21:46:05,081 BystraStrategy Bystra pattern blacklist: SNRC1 @ zone 0 already fired, skip
2026-08-12 21:46:05,082 StrategyManager Strategy bystra_v1 returned WAIT: pattern_blacklist:SNRC1
2026-08-12 21:46:05,082 MultiStrategyRuntime Scan 3.2ms — strategies=3 signals=1 dir=buy source=aggressive_v1
2026-08-12 21:46:05,086 GateObservatory [XAUUSD/TIE_V4] Gate Detector: PASS | setup=A_BUY lot=0.01
2026-08-12 21:46:05,086 TIE_Production ExitOrchestrator adjusted SL/TP for A_BUY: new SL=4417.44 TP=4448.89 RR=1.50 (adj=False)
2026-08-12 21:46:05,086 TIE_Production Setup detected: A_BUY BUY conf=100%
2026-08-12 21:46:05,107 TIE_Production ⚔️ CROSS-DEBATE BLOCK: A_BUY BUY rejected! 5 opposing positions open.
2026-08-12 21:46:05,111 GateObservatory [XAUUSD/TIE_V4] Gate Debate: FAIL | hedge_conflict
2026-08-12 21:46:06,419 TIE_Production --- Scanning XAUUSD ---
2026-08-12 21:46:07,396 TIE_Production MARKET REGIME: TRENDING (strength=81) | SUGGESTED ENGINE: Aggressive
2026-08-12 21:46:07,397 StrategyManager Strategy semi_hft_c8_v4 returned WAIT: no_setup:no_structural_setup
2026-08-12 21:46:07,398 StrategyManager Strategy aggressive_v1 returned WAIT: no_setup:no_structural_setup
2026-08-12 21:46:07,399 BystraStrategy Bystra best detector: SNRC1 conf=90% dir=BUY
2026-08-12 21:46:07,399 BystraStrategy Bystra pattern blacklist: SNRC1 @ zone 0 already fired, skip
2026-08-12 21:46:07,399 StrategyManager Strategy bystra_v1 returned WAIT: pattern_blacklist:SNRC1
2026-08-12 21:46:07,399 TIE_Production No setup for XAUUSD (WAIT)
2026-08-12 21:46:07,403 GateObservatory [XAUUSD/TIE_V4] Outcome: NO_TRADE | no_signal
2026-08-12 21:46:15,854 TIE_Production --- Scanning XAUUSD ---
2026-08-12 21:46:16,713 TIE_Production MARKET REGIME: TRENDING (strength=85) | SUGGESTED ENGINE: Aggressive
2026-08-12 21:46:16,715 strategies.semi_hft.strategy [LIQ_VACUUM] GOOD clear_path_up dir=BUY
2026-08-12 21:46:16,715 strategies.semi_hft.strategy [ZSCORE] zscore_ok z=0.83
2026-08-12 21:46:16,715 strategies.semi_hft.strategy [PULLBACK] trend_follow_FLAT_m5_gas_ok | M15=FLAT
2026-08-12 21:46:16,715 strategies.semi_hft.strategy [MACD] macd_up_buy_ok macd=1.65 sig=1.49
2026-08-12 21:46:16,715 StrategyManager Strategy semi_hft_c8_v4 returned WAIT: m5_guard:BLOCK_RANGE
2026-08-12 21:46:16,716 strategies.aggressive.strategy [LIQ_VACUUM] GOOD no_pool_data dir=BUY
2026-08-12 21:46:16,716 strategies.aggressive.strategy [ZSCORE] zscore_ok z=0.83
2026-08-12 21:46:16,716 strategies.aggressive.strategy RME BUY score=61.8 sym=XAUUSD SL=4418.387 TP=4450.274 liq_vac=GOOD
2026-08-12 21:46:16,718 BystraStrategy Bystra best detector: SNRC1 conf=90% dir=BUY
2026-08-12 21:46:16,718 BystraStrategy Bystra pattern blacklist: SNRC1 @ zone 0 already fired, skip
2026-08-12 21:46:16,718 StrategyManager Strategy bystra_v1 returned WAIT: pattern_blacklist:SNRC1
2026-08-12 21:46:16,718 MultiStrategyRuntime Scan 3.8ms — strategies=3 signals=1 dir=buy source=aggressive_v1
2026-08-12 21:46:16,723 GateObservatory [XAUUSD/TIE_V4] Gate Detector: PASS | setup=A_BUY lot=0.01
2026-08-12 21:46:16,723 core.strategy.exit_orchestrator [A_BUY] RR optimized: 1.50 -> 1.50 (Widened TP for Gate, dir=BUY, dir_sign=1)
2026-08-12 21:46:16,723 TIE_Production ExitOrchestrator adjusted SL/TP for A_BUY: new SL=4418.39 TP=4450.27 RR=1.50 (adj=True)
2026-08-12 21:46:16,723 TIE_Production Setup detected: A_BUY BUY conf=100%
2026-08-12 21:46:16,738 TIE_Production ⚔️ CROSS-DEBATE BLOCK: A_BUY BUY rejected! 5 opposing positions open.
2026-08-12 21:46:16,742 GateObservatory [XAUUSD/TIE_V4] Gate Debate: FAIL | hedge_conflict
2026-08-12 21:46:18,165 TIE_Production --- Scanning XAUUSD ---
2026-08-12 21:46:19,095 TIE_Production MARKET REGIME: TRENDING (strength=86) | SUGGESTED ENGINE: Aggressive
2026-08-12 21:46:19,096 StrategyManager Strategy semi_hft_c8_v4 returned WAIT: no_setup:no_structural_setup
2026-08-12 21:46:19,097 StrategyManager Strategy aggressive_v1 returned WAIT: no_setup:no_structural_setup
2026-08-12 21:46:19,099 BystraStrategy Bystra best detector: SNRC1 conf=90% dir=BUY
2026-08-12 21:46:19,099 BystraStrategy Bystra pattern blacklist: SNRC1 @ zone 0 already fired, skip
2026-08-12 21:46:19,099 StrategyManager Strategy bystra_v1 returned WAIT: pattern_blacklist:SNRC1
2026-08-12 21:46:19,099 TIE_Production No setup for XAUUSD (WAIT)
2026-08-12 21:46:19,105 GateObservatory [XAUUSD/TIE_V4] Outcome: NO_TRADE | no_signal
2026-08-12 21:46:27,584 TIE_Production --- Scanning XAUUSD ---
2026-08-12 21:46:28,596 TIE_Production MARKET REGIME: TRENDING (strength=85) | SUGGESTED ENGINE: Aggressive
2026-08-12 21:46:28,598 strategies.semi_hft.strategy [LIQ_VACUUM] GOOD clear_path_up dir=BUY
2026-08-12 21:46:28,598 strategies.semi_hft.strategy [ZSCORE] zscore_ok z=0.93
2026-08-12 21:46:28,598 strategies.semi_hft.strategy [PULLBACK] trend_follow_FLAT_m5_gas_ok | M15=FLAT
2026-08-12 21:46:28,598 strategies.semi_hft.strategy [MACD] macd_up_buy_ok macd=1.71 sig=1.54
2026-08-12 21:46:28,598 StrategyManager Strategy semi_hft_c8_v4 returned WAIT: m5_guard:BLOCK_RANGE
2026-08-12 21:46:28,599 strategies.aggressive.strategy [LIQ_VACUUM] GOOD no_pool_data dir=BUY
2026-08-12 21:46:28,599 strategies.aggressive.strategy [ZSCORE] zscore_ok z=0.93
2026-08-12 21:46:28,599 strategies.aggressive.strategy RME BUY score=62.3 sym=XAUUSD SL=4419.380 TP=4451.490 liq_vac=GOOD
2026-08-12 21:46:28,600 BystraStrategy Bystra best detector: SNRC1 conf=90% dir=BUY
2026-08-12 21:46:28,601 BystraStrategy Bystra pattern blacklist: SNRC1 @ zone 0 already fired, skip
2026-08-12 21:46:28,601 StrategyManager Strategy bystra_v1 returned WAIT: pattern_blacklist:SNRC1
2026-08-12 21:46:28,601 MultiStrategyRuntime Scan 3.3ms — strategies=3 signals=1 dir=buy source=aggressive_v1
2026-08-12 21:46:28,606 GateObservatory [XAUUSD/TIE_V4] Gate Detector: PASS | setup=A_BUY lot=0.01
2026-08-12 21:46:28,606 core.strategy.exit_orchestrator [A_BUY] RR optimized: 1.50 -> 1.50 (Widened TP for Gate, dir=BUY, dir_sign=1)
2026-08-12 21:46:28,606 TIE_Production ExitOrchestrator adjusted SL/TP for A_BUY: new SL=4419.38 TP=4451.49 RR=1.50 (adj=True)
2026-08-12 21:46:28,606 TIE_Production Setup detected: A_BUY BUY conf=100%
2026-08-12 21:46:28,626 TIE_Production ⚔️ CROSS-DEBATE BLOCK: A_BUY BUY rejected! 5 opposing positions open.
2026-08-12 21:46:28,632 GateObservatory [XAUUSD/TIE_V4] Gate Debate: FAIL | hedge_conflict
2026-08-12 21:46:29,832 TIE_Production --- Scanning XAUUSD ---
2026-08-12 21:46:30,767 TIE_Production MARKET REGIME: TRENDING (strength=88) | SUGGESTED ENGINE: Aggressive
2026-08-12 21:46:30,768 StrategyManager Strategy semi_hft_c8_v4 returned WAIT: no_setup:no_structural_setup
2026-08-12 21:46:30,769 StrategyManager Strategy aggressive_v1 returned WAIT: no_setup:no_structural_setup
2026-08-12 21:46:30,771 BystraStrategy Bystra best detector: SNRC1 conf=90% dir=BUY
2026-08-12 21:46:30,771 BystraStrategy Bystra pattern blacklist: SNRC1 @ zone 0 already fired, skip
2026-08-12 21:46:30,771 StrategyManager Strategy bystra_v1 returned WAIT: pattern_blacklist:SNRC1
2026-08-12 21:46:30,771 TIE_Production No setup for XAUUSD (WAIT)
2026-08-12 21:46:30,774 GateObservatory [XAUUSD/TIE_V4] Outcome: NO_TRADE | no_signal
2026-08-12 21:46:39,395 TIE_Production --- Scanning XAUUSD ---
2026-08-12 21:46:40,304 TIE_Production MARKET REGIME: TRENDING (strength=87) | SUGGESTED ENGINE: Aggressive
2026-08-12 21:46:40,306 strategies.semi_hft.strategy [LIQ_VACUUM] GOOD clear_path_up dir=BUY
2026-08-12 21:46:40,306 strategies.semi_hft.strategy [ZSCORE] zscore_ok z=0.95
2026-08-12 21:46:40,306 strategies.semi_hft.strategy [PULLBACK] trend_follow_FLAT_m5_gas_ok | M15=FLAT
2026-08-12 21:46:40,306 strategies.semi_hft.strategy [MACD] macd_up_buy_ok macd=1.72 sig=1.55
2026-08-12 21:46:40,306 StrategyManager Strategy semi_hft_c8_v4 returned WAIT: m5_guard:BLOCK_RANGE
2026-08-12 21:46:40,307 strategies.aggressive.strategy [LIQ_VACUUM] GOOD no_pool_data dir=BUY
2026-08-12 21:46:40,307 strategies.aggressive.strategy [ZSCORE] zscore_ok z=0.95
2026-08-12 21:46:40,307 strategies.aggressive.strategy RME BUY score=63.0 sym=XAUUSD SL=4419.229 TP=4451.339 liq_vac=GOOD
2026-08-12 21:46:40,308 BystraStrategy Bystra best detector: SNRC1 conf=90% dir=BUY
2026-08-12 21:46:40,308 BystraStrategy Bystra pattern blacklist: SNRC1 @ zone 0 already fired, skip
2026-08-12 21:46:40,308 StrategyManager Strategy bystra_v1 returned WAIT: pattern_blacklist:SNRC1
2026-08-12 21:46:40,308 MultiStrategyRuntime Scan 3.2ms — strategies=3 signals=1 dir=buy source=aggressive_v1
2026-08-12 21:46:40,314 GateObservatory [XAUUSD/TIE_V4] Gate Detector: PASS | setup=A_BUY lot=0.01
2026-08-12 21:46:40,314 core.strategy.exit_orchestrator [A_BUY] RR optimized: 1.50 -> 1.50 (Widened TP for Gate, dir=BUY, dir_sign=1)
2026-08-12 21:46:40,314 TIE_Production ExitOrchestrator adjusted SL/TP for A_BUY: new SL=4419.23 TP=4451.34 RR=1.50 (adj=True)
2026-08-12 21:46:40,314 TIE_Production Setup detected: A_BUY BUY conf=100%
2026-08-12 21:46:40,918 TIE_Production ⚔️ CROSS-DEBATE BLOCK: A_BUY BUY rejected! 5 opposing positions open.
2026-08-12 21:46:40,923 GateObservatory [XAUUSD/TIE_V4] Gate Debate: FAIL | hedge_conflict
2026-08-12 21:46:41,647 TIE_Production --- Scanning XAUUSD ---
2026-08-12 21:46:42,472 TIE_Production MARKET REGIME: TRENDING (strength=86) | SUGGESTED ENGINE: Aggressive
2026-08-12 21:46:42,473 StrategyManager Strategy semi_hft_c8_v4 returned WAIT: no_setup:no_structural_setup
2026-08-12 21:46:42,474 StrategyManager Strategy aggressive_v1 returned WAIT: no_setup:no_structural_setup
2026-08-12 21:46:42,475 BystraStrategy Bystra best detector: SNRC1 conf=90% dir=BUY
2026-08-12 21:46:42,475 BystraStrategy Bystra pattern blacklist: SNRC1 @ zone 0 already fired, skip
2026-08-12 21:46:42,476 StrategyManager Strategy bystra_v1 returned WAIT: pattern_blacklist:SNRC1
2026-08-12 21:46:42,476 TIE_Production No setup for XAUUSD (WAIT)
2026-08-12 21:46:42,480 GateObservatory [XAUUSD/TIE_V4] Outcome: NO_TRADE | no_signal
2026-08-12 21:46:51,771 TIE_Production --- Scanning XAUUSD ---
2026-08-12 21:46:52,894 TIE_Production MARKET REGIME: TRENDING (strength=73) | SUGGESTED ENGINE: Aggressive
2026-08-12 21:46:52,895 strategies.semi_hft.strategy [LIQ_VACUUM] GOOD clear_path_up dir=BUY
2026-08-12 21:46:52,895 strategies.semi_hft.strategy [ZSCORE] zscore_ok z=0.62
2026-08-12 21:46:52,896 strategies.semi_hft.strategy [PULLBACK] trend_follow_FLAT_m5_gas_ok | M15=FLAT
2026-08-12 21:46:52,896 strategies.semi_hft.strategy [MACD] macd_up_buy_ok macd=1.52 sig=1.37
2026-08-12 21:46:52,896 StrategyManager Strategy semi_hft_c8_v4 returned WAIT: m5_guard:BLOCK_RANGE
2026-08-12 21:46:52,896 strategies.aggressive.strategy [LIQ_VACUUM] GOOD no_pool_data dir=BUY
2026-08-12 21:46:52,896 strategies.aggressive.strategy [ZSCORE] zscore_ok z=0.62
2026-08-12 21:46:52,896 StrategyManager Strategy aggressive_v1 returned WAIT: rme:score_low:54.5
2026-08-12 21:46:52,898 BystraStrategy Bystra best detector: SNRC1 conf=90% dir=BUY
2026-08-12 21:46:52,898 BystraStrategy Bystra pattern blacklist: SNRC1 @ zone 0 already fired, skip
2026-08-12 21:46:52,898 StrategyManager Strategy bystra_v1 returned WAIT: pattern_blacklist:SNRC1
2026-08-12 21:46:52,898 TIE_Production No setup for XAUUSD (WAIT)
2026-08-12 21:46:52,905 GateObservatory [XAUUSD/TIE_V4] Outcome: NO_TRADE | no_signal
2026-08-12 21:46:53,319 TIE_Production --- Scanning XAUUSD ---
2026-08-12 21:46:54,223 TIE_Production MARKET REGIME: TRENDING (strength=67) | SUGGESTED ENGINE: Aggressive
2026-08-12 21:46:54,224 StrategyManager Strategy semi_hft_c8_v4 returned WAIT: no_setup:no_structural_setup
2026-08-12 21:46:54,225 StrategyManager Strategy aggressive_v1 returned WAIT: no_setup:no_structural_setup
2026-08-12 21:46:54,226 BystraStrategy Bystra best detector: SNRC1 conf=90% dir=BUY
2026-08-12 21:46:54,226 BystraStrategy Bystra pattern blacklist: SNRC1 @ zone 0 already fired, skip
2026-08-12 21:46:54,227 StrategyManager Strategy bystra_v1 returned WAIT: pattern_blacklist:SNRC1
2026-08-12 21:46:54,227 TIE_Production No setup for XAUUSD (WAIT)
2026-08-12 21:46:54,232 GateObservatory [XAUUSD/TIE_V4] Outcome: NO_TRADE | no_signal
2026-08-12 21:47:03,615 TIE_Production --- Scanning XAUUSD ---
2026-08-12 21:47:04,577 TIE_Production MARKET REGIME: TRENDING (strength=63) | SUGGESTED ENGINE: Aggressive
2026-08-12 21:47:04,578 strategies.semi_hft.strategy [LIQ_VACUUM] GOOD clear_path_up dir=BUY
2026-08-12 21:47:04,578 strategies.semi_hft.strategy [ZSCORE] zscore_ok z=0.35
2026-08-12 21:47:04,578 StrategyManager Strategy semi_hft_c8_v4 returned WAIT: pullback:m15_flat_no_trend regime=UNKNOWN str=62
2026-08-12 21:47:04,579 strategies.aggressive.strategy [LIQ_VACUUM] GOOD no_pool_data dir=BUY
2026-08-12 21:47:04,579 strategies.aggressive.strategy [ZSCORE] zscore_ok z=0.35
2026-08-12 21:47:04,579 StrategyManager Strategy aggressive_v1 returned WAIT: rme:debate_block:penalty_17.7
2026-08-12 21:47:04,581 BystraStrategy Bystra best detector: SNRC1 conf=90% dir=BUY
2026-08-12 21:47:04,581 BystraStrategy Bystra pattern blacklist: SNRC1 @ zone 0 already fired, skip
2026-08-12 21:47:04,581 StrategyManager Strategy bystra_v1 returned WAIT: pattern_blacklist:SNRC1
2026-08-12 21:47:04,581 TIE_Production No setup for XAUUSD (WAIT)
2026-08-12 21:47:04,584 GateObservatory [XAUUSD/TIE_V4] Outcome: NO_TRADE | no_signal
2026-08-12 21:47:05,135 TIE_Production --- Scanning XAUUSD ---
2026-08-12 21:47:06,185 regime_allocator Strategy status updated by Regime Allocator: {'aggressive_v1': True, 'semi_hft_c8_v4': True, 'bystra_v1': True}
2026-08-12 21:47:06,185 regime_allocator REGIME SWITCH: RANGING -> RANGING (engine=SemiHFT, fast_path=False)
2026-08-12 21:47:06,185 TIE_Production MARKET REGIME: RANGING (strength=60) | SUGGESTED ENGINE: SemiHFT
2026-08-12 21:47:06,187 StrategyManager Strategy semi_hft_c8_v4 returned WAIT: no_setup:no_structural_setup
2026-08-12 21:47:06,187 StrategyManager Strategy aggressive_v1 returned WAIT: no_setup:no_structural_setup
2026-08-12 21:47:06,188 BystraStrategy Bystra best detector: SNRC1 conf=90% dir=BUY
2026-08-12 21:47:06,188 BystraStrategy Bystra pattern blacklist: SNRC1 @ zone 0 already fired, skip
2026-08-12 21:47:06,188 StrategyManager Strategy bystra_v1 returned WAIT: pattern_blacklist:SNRC1
2026-08-12 21:47:06,189 TIE_Production No setup for XAUUSD (WAIT)
2026-08-12 21:47:06,193 GateObservatory [XAUUSD/TIE_V4] Outcome: NO_TRADE | no_signal
2026-08-12 21:47:15,506 TIE_Production --- Scanning XAUUSD ---
2026-08-12 21:47:16,315 regime_allocator Strategy status updated by Regime Allocator: {'aggressive_v1': True, 'semi_hft_c8_v4': True, 'bystra_v1': True}
2026-08-12 21:47:16,315 regime_allocator REGIME SWITCH: RANGING -> RANGING (engine=SemiHFT, fast_path=False)
2026-08-12 21:47:16,315 TIE_Production MARKET REGIME: RANGING (strength=60) | SUGGESTED ENGINE: SemiHFT
2026-08-12 21:47:16,316 strategies.semi_hft.strategy [LIQ_VACUUM] GOOD clear_path_up dir=BUY
2026-08-12 21:47:16,316 strategies.semi_hft.strategy [ZSCORE] zscore_ok z=0.22
2026-08-12 21:47:16,317 StrategyManager Strategy semi_hft_c8_v4 returned WAIT: pullback:m15_flat_no_trend regime=UNKNOWN str=60
2026-08-12 21:47:16,317 strategies.aggressive.strategy [LIQ_VACUUM] GOOD no_pool_data dir=BUY
2026-08-12 21:47:16,317 strategies.aggressive.strategy [ZSCORE] zscore_ok z=0.22
2026-08-12 21:47:16,317 StrategyManager Strategy aggressive_v1 returned WAIT: rme:debate_block:penalty_53.4
2026-08-12 21:47:16,319 BystraStrategy Bystra best detector: SNRC1 conf=90% dir=BUY
2026-08-12 21:47:16,319 BystraStrategy Bystra pattern blacklist: SNRC1 @ zone 0 already fired, skip
2026-08-12 21:47:16,319 StrategyManager Strategy bystra_v1 returned WAIT: pattern_blacklist:SNRC1
2026-08-12 21:47:16,319 TIE_Production No setup for XAUUSD (WAIT)
2026-08-12 21:47:16,326 GateObservatory [XAUUSD/TIE_V4] Outcome: NO_TRADE | no_signal
2026-08-12 21:47:16,961 TIE_Production --- Scanning XAUUSD ---
2026-08-12 21:47:17,987 TIE_Production MARKET REGIME: RANGING (strength=60) | SUGGESTED ENGINE: SemiHFT
2026-08-12 21:47:17,988 StrategyManager Strategy semi_hft_c8_v4 returned WAIT: no_setup:no_structural_setup
2026-08-12 21:47:17,988 StrategyManager Strategy aggressive_v1 returned WAIT: no_setup:no_structural_setup
2026-08-12 21:47:17,990 BystraStrategy Bystra best detector: SNRC1 conf=90% dir=BUY
2026-08-12 21:47:17,990 BystraStrategy Bystra pattern blacklist: SNRC1 @ zone 0 already fired, skip
2026-08-12 21:47:17,990 StrategyManager Strategy bystra_v1 returned WAIT: pattern_blacklist:SNRC1
2026-08-12 21:47:17,990 TIE_Production No setup for XAUUSD (WAIT)
2026-08-12 21:47:17,995 GateObservatory [XAUUSD/TIE_V4] Outcome: NO_TRADE | no_signal
2026-08-12 21:47:27,128 TIE_Production --- Scanning XAUUSD ---
2026-08-12 21:47:28,196 TIE_Production MARKET REGIME: RANGING (strength=60) | SUGGESTED ENGINE: SemiHFT
2026-08-12 21:47:28,197 strategies.semi_hft.strategy [LIQ_VACUUM] GOOD clear_path_up dir=BUY
2026-08-12 21:47:28,198 strategies.semi_hft.strategy [ZSCORE] zscore_ok z=0.35
2026-08-12 21:47:28,198 StrategyManager Strategy semi_hft_c8_v4 returned WAIT: pullback:m15_flat_no_trend regime=UNKNOWN str=60
2026-08-12 21:47:28,198 strategies.aggressive.strategy [LIQ_VACUUM] GOOD no_pool_data dir=BUY
2026-08-12 21:47:28,198 strategies.aggressive.strategy [ZSCORE] zscore_ok z=0.35
2026-08-12 21:47:28,199 StrategyManager Strategy aggressive_v1 returned WAIT: rme:debate_block:penalty_18.1
2026-08-12 21:47:28,200 BystraStrategy Bystra best detector: SNRC1 conf=90% dir=BUY
2026-08-12 21:47:28,200 BystraStrategy Bystra pattern blacklist: SNRC1 @ zone 0 already fired, skip
2026-08-12 21:47:28,200 StrategyManager Strategy bystra_v1 returned WAIT: pattern_blacklist:SNRC1
2026-08-12 21:47:28,200 TIE_Production No setup for XAUUSD (WAIT)
2026-08-12 21:47:28,204 GateObservatory [XAUUSD/TIE_V4] Outcome: NO_TRADE | no_signal
2026-08-12 21:47:28,899 TIE_Production --- Scanning XAUUSD ---
2026-08-12 21:47:29,784 TIE_Production MARKET REGIME: RANGING (strength=60) | SUGGESTED ENGINE: SemiHFT
2026-08-12 21:47:29,786 StrategyManager Strategy semi_hft_c8_v4 returned WAIT: no_setup:no_structural_setup
2026-08-12 21:47:29,786 StrategyManager Strategy aggressive_v1 returned WAIT: no_setup:no_structural_setup
2026-08-12 21:47:29,788 BystraStrategy Bystra best detector: SNRC1 conf=90% dir=BUY
2026-08-12 21:47:29,788 BystraStrategy Bystra pattern blacklist: SNRC1 @ zone 0 already fired, skip
2026-08-12 21:47:29,788 StrategyManager Strategy bystra_v1 returned WAIT: pattern_blacklist:SNRC1
2026-08-12 21:47:29,788 TIE_Production No setup for XAUUSD (WAIT)
2026-08-12 21:47:29,793 GateObservatory [XAUUSD/TIE_V4] Outcome: NO_TRADE | no_signal
2026-08-12 21:47:38,991 TIE_Production --- Scanning XAUUSD ---
2026-08-12 21:47:39,867 TIE_Production MARKET REGIME: RANGING (strength=60) | SUGGESTED ENGINE: SemiHFT
2026-08-12 21:47:39,868 strategies.semi_hft.strategy [LIQ_VACUUM] GOOD clear_path_up dir=BUY
2026-08-12 21:47:39,868 strategies.semi_hft.strategy [ZSCORE] zscore_ok z=0.09
2026-08-12 21:47:39,868 StrategyManager Strategy semi_hft_c8_v4 returned WAIT: pullback:m15_flat_no_trend regime=UNKNOWN str=60
2026-08-12 21:47:39,869 strategies.aggressive.strategy [LIQ_VACUUM] GOOD no_pool_data dir=BUY
2026-08-12 21:47:39,869 strategies.aggressive.strategy [ZSCORE] zscore_ok z=0.09
2026-08-12 21:47:39,869 StrategyManager Strategy aggressive_v1 returned WAIT: rme:debate_block:penalty_88.3
2026-08-12 21:47:39,870 BystraStrategy Bystra best detector: SNRC1 conf=90% dir=BUY
2026-08-12 21:47:39,870 BystraStrategy Bystra pattern blacklist: SNRC1 @ zone 0 already fired, skip
2026-08-12 21:47:39,871 StrategyManager Strategy bystra_v1 returned WAIT: pattern_blacklist:SNRC1
2026-08-12 21:47:39,871 TIE_Production No setup for XAUUSD (WAIT)
2026-08-12 21:47:39,875 GateObservatory [XAUUSD/TIE_V4] Outcome: NO_TRADE | no_signal
2026-08-12 21:47:40,505 TIE_Production --- Scanning XAUUSD ---
2026-08-12 21:47:41,548 TIE_Production MARKET REGIME: RANGING (strength=60) | SUGGESTED ENGINE: SemiHFT
2026-08-12 21:47:41,549 StrategyManager Strategy semi_hft_c8_v4 returned WAIT: no_setup:no_structural_setup
2026-08-12 21:47:41,549 StrategyManager Strategy aggressive_v1 returned WAIT: no_setup:no_structural_setup
2026-08-12 21:47:41,551 BystraStrategy Bystra best detector: SNRC1 conf=90% dir=BUY
2026-08-12 21:47:41,551 BystraStrategy Bystra pattern blacklist: SNRC1 @ zone 0 already fired, skip
2026-08-12 21:47:41,551 StrategyManager Strategy bystra_v1 returned WAIT: pattern_blacklist:SNRC1
2026-08-12 21:47:41,551 TIE_Production No setup for XAUUSD (WAIT)
2026-08-12 21:47:41,556 GateObservatory [XAUUSD/TIE_V4] Outcome: NO_TRADE | no_signal
2026-08-12 21:47:50,757 TIE_Production --- Scanning XAUUSD ---
2026-08-12 21:47:51,608 TIE_Production MARKET REGIME: RANGING (strength=60) | SUGGESTED ENGINE: SemiHFT
2026-08-12 21:47:51,610 strategies.semi_hft.strategy [LIQ_VACUUM] GOOD clear_path_up dir=BUY
2026-08-12 21:47:51,610 strategies.semi_hft.strategy [ZSCORE] zscore_ok z=-0.14
2026-08-12 21:47:51,610 StrategyManager Strategy semi_hft_c8_v4 returned WAIT: pullback:counter_trend_not_in_fibo dir=BUY m15=DOWN price=4423.98 H=4441.46 L=4382.12
2026-08-12 21:47:51,610 StrategyManager Strategy aggressive_v1 returned WAIT: tl_guard:NO_SELL_BREAK
2026-08-12 21:47:51,612 BystraStrategy Bystra best detector: SNRC1 conf=90% dir=BUY
2026-08-12 21:47:51,612 BystraStrategy Bystra pattern blacklist: SNRC1 @ zone 0 already fired, skip
2026-08-12 21:47:51,612 StrategyManager Strategy bystra_v1 returned WAIT: pattern_blacklist:SNRC1
2026-08-12 21:47:51,612 TIE_Production No setup for XAUUSD (WAIT)
2026-08-12 21:47:51,617 GateObservatory [XAUUSD/TIE_V4] Outcome: NO_TRADE | no_signal
2026-08-12 21:47:52,353 TIE_Production --- Scanning XAUUSD ---
2026-08-12 21:47:53,469 TIE_Production MARKET REGIME: RANGING (strength=60) | SUGGESTED ENGINE: SemiHFT
2026-08-12 21:47:53,470 StrategyManager Strategy semi_hft_c8_v4 returned WAIT: no_setup:no_structural_setup
2026-08-12 21:47:53,471 StrategyManager Strategy aggressive_v1 returned WAIT: no_setup:no_structural_setup
2026-08-12 21:47:53,472 BystraStrategy Bystra best detector: SNRC1 conf=90% dir=BUY
2026-08-12 21:47:53,473 BystraStrategy Bystra pattern blacklist: SNRC1 @ zone 0 already fired, skip
2026-08-12 21:47:53,473 StrategyManager Strategy bystra_v1 returned WAIT: pattern_blacklist:SNRC1
2026-08-12 21:47:53,473 TIE_Production No setup for XAUUSD (WAIT)
2026-08-12 21:47:53,477 GateObservatory [XAUUSD/TIE_V4] Outcome: NO_TRADE | no_signal
2026-08-12 21:48:02,447 TIE_Production --- Scanning XAUUSD ---
2026-08-12 21:48:03,283 TIE_Production MARKET REGIME: RANGING (strength=60) | SUGGESTED ENGINE: SemiHFT
2026-08-12 21:48:03,284 strategies.semi_hft.strategy [LIQ_VACUUM] GOOD clear_path_down dir=SELL
2026-08-12 21:48:03,284 strategies.semi_hft.strategy [ZSCORE] zscore_ok z=-0.27
2026-08-12 21:48:03,284 StrategyManager Strategy semi_hft_c8_v4 returned WAIT: pullback:m5_weak_trend dir=SELL
2026-08-12 21:48:03,285 StrategyManager Strategy aggressive_v1 returned WAIT: tl_guard:NO_SELL_BREAK
2026-08-12 21:48:03,286 BystraStrategy Bystra best detector: SNRC1 conf=90% dir=BUY
2026-08-12 21:48:03,286 BystraStrategy Bystra pattern blacklist: SNRC1 @ zone 0 already fired, skip
2026-08-12 21:48:03,286 StrategyManager Strategy bystra_v1 returned WAIT: pattern_blacklist:SNRC1
2026-08-12 21:48:03,286 TIE_Production No setup for XAUUSD (WAIT)
2026-08-12 21:48:03,291 GateObservatory [XAUUSD/TIE_V4] Outcome: NO_TRADE | no_signal
2026-08-12 21:48:04,227 TIE_Production --- Scanning XAUUSD ---
2026-08-12 21:48:05,334 TIE_Production MARKET REGIME: RANGING (strength=60) | SUGGESTED ENGINE: SemiHFT
2026-08-12 21:48:05,336 StrategyManager Strategy semi_hft_c8_v4 returned WAIT: no_setup:no_structural_setup
2026-08-12 21:48:05,336 StrategyManager Strategy aggressive_v1 returned WAIT: no_setup:no_structural_setup
2026-08-12 21:48:05,338 BystraStrategy Bystra best detector: SNRC1 conf=90% dir=BUY
2026-08-12 21:48:05,338 BystraStrategy Bystra pattern blacklist: SNRC1 @ zone 0 already fired, skip
2026-08-12 21:48:05,338 StrategyManager Strategy bystra_v1 returned WAIT: pattern_blacklist:SNRC1
2026-08-12 21:48:05,338 TIE_Production No setup for XAUUSD (WAIT)
2026-08-12 21:48:05,343 GateObservatory [XAUUSD/TIE_V4] Outcome: NO_TRADE | no_signal
2026-08-12 21:48:14,099 TIE_Production --- Scanning XAUUSD ---
2026-08-12 21:48:15,116 regime_allocator Strategy status updated by Regime Allocator: {'aggressive_v1': True, 'semi_hft_c8_v4': True, 'bystra_v1': True}
2026-08-12 21:48:15,116 regime_allocator REGIME SWITCH: TRENDING -> TRENDING (engine=Aggressive, fast_path=True)
2026-08-12 21:48:15,116 TIE_Production MARKET REGIME: TRENDING (strength=65) | SUGGESTED ENGINE: Aggressive
2026-08-12 21:48:15,117 strategies.semi_hft.strategy [LIQ_VACUUM] GOOD clear_path_down dir=SELL
2026-08-12 21:48:15,118 strategies.semi_hft.strategy [ZSCORE] zscore_ok z=-0.45
2026-08-12 21:48:15,118 StrategyManager Strategy semi_hft_c8_v4 returned WAIT: pullback:m5_weak_trend dir=SELL
2026-08-12 21:48:15,118 StrategyManager Strategy aggressive_v1 returned WAIT: tl_guard:NO_SELL_BREAK
2026-08-12 21:48:15,120 BystraStrategy Bystra best detector: SNRC1 conf=90% dir=BUY
2026-08-12 21:48:15,120 BystraStrategy Bystra pattern blacklist: SNRC1 @ zone 0 already fired, skip
2026-08-12 21:48:15,120 StrategyManager Strategy bystra_v1 returned WAIT: pattern_blacklist:SNRC1
2026-08-12 21:48:15,120 TIE_Production No setup for XAUUSD (WAIT)
2026-08-12 21:48:15,126 GateObservatory [XAUUSD/TIE_V4] Outcome: NO_TRADE | no_signal
2026-08-12 21:48:16,311 TIE_Production --- Scanning XAUUSD ---
2026-08-12 21:48:17,147 regime_allocator Strategy status updated by Regime Allocator: {'aggressive_v1': True, 'semi_hft_c8_v4': True, 'bystra_v1': True}
2026-08-12 21:48:17,147 regime_allocator REGIME SWITCH: TRENDING -> TRENDING (engine=Aggressive, fast_path=True)
2026-08-12 21:48:17,147 TIE_Production MARKET REGIME: TRENDING (strength=67) | SUGGESTED ENGINE: Aggressive
2026-08-12 21:48:17,148 StrategyManager Strategy semi_hft_c8_v4 returned WAIT: no_setup:no_structural_setup
2026-08-12 21:48:17,149 StrategyManager Strategy aggressive_v1 returned WAIT: no_setup:no_structural_setup
2026-08-12 21:48:17,150 BystraStrategy Bystra best detector: SNRC1 conf=90% dir=BUY
2026-08-12 21:48:17,150 BystraStrategy Bystra pattern blacklist: SNRC1 @ zone 0 already fired, skip
2026-08-12 21:48:17,150 StrategyManager Strategy bystra_v1 returned WAIT: pattern_blacklist:SNRC1
2026-08-12 21:48:17,150 TIE_Production No setup for XAUUSD (WAIT)
2026-08-12 21:48:17,155 GateObservatory [XAUUSD/TIE_V4] Outcome: NO_TRADE | no_signal
2026-08-12 21:48:25,908 TIE_Production --- Scanning XAUUSD ---
2026-08-12 21:48:26,867 TIE_Production MARKET REGIME: TRENDING (strength=63) | SUGGESTED ENGINE: Aggressive
2026-08-12 21:48:26,869 strategies.semi_hft.strategy [LIQ_VACUUM] GOOD clear_path_down dir=SELL
2026-08-12 21:48:26,869 strategies.semi_hft.strategy [ZSCORE] zscore_ok z=-0.39
2026-08-12 21:48:26,869 StrategyManager Strategy semi_hft_c8_v4 returned WAIT: pullback:m5_weak_trend dir=SELL
2026-08-12 21:48:26,869 StrategyManager Strategy aggressive_v1 returned WAIT: tl_guard:NO_SELL_BREAK
2026-08-12 21:48:26,871 BystraStrategy Bystra best detector: SNRC1 conf=90% dir=BUY
2026-08-12 21:48:26,871 BystraStrategy Bystra pattern blacklist: SNRC1 @ zone 0 already fired, skip
2026-08-12 21:48:26,871 StrategyManager Strategy bystra_v1 returned WAIT: pattern_blacklist:SNRC1
2026-08-12 21:48:26,871 TIE_Production No setup for XAUUSD (WAIT)
2026-08-12 21:48:26,876 GateObservatory [XAUUSD/TIE_V4] Outcome: NO_TRADE | no_signal
2026-08-12 21:48:27,935 TIE_Production --- Scanning XAUUSD ---
2026-08-12 21:48:28,868 TIE_Production MARKET REGIME: RANGING (strength=60) | SUGGESTED ENGINE: SemiHFT
2026-08-12 21:48:28,870 StrategyManager Strategy semi_hft_c8_v4 returned WAIT: no_setup:no_structural_setup
2026-08-12 21:48:28,872 StrategyManager Strategy aggressive_v1 returned WAIT: no_setup:no_structural_setup
2026-08-12 21:48:28,875 BystraStrategy Bystra best detector: SNRC1 conf=90% dir=BUY
2026-08-12 21:48:28,875 BystraStrategy Bystra pattern blacklist: SNRC1 @ zone 0 already fired, skip
2026-08-12 21:48:28,875 StrategyManager Strategy bystra_v1 returned WAIT: pattern_blacklist:SNRC1
2026-08-12 21:48:28,875 TIE_Production No setup for XAUUSD (WAIT)
2026-08-12 21:48:28,882 GateObservatory [XAUUSD/TIE_V4] Outcome: NO_TRADE | no_signal
2026-08-12 21:48:37,689 TIE_Production --- Scanning XAUUSD ---
2026-08-12 21:48:38,542 TIE_Production MARKET REGIME: TRENDING (strength=64) | SUGGESTED ENGINE: Aggressive
2026-08-12 21:48:38,543 strategies.semi_hft.strategy [LIQ_VACUUM] GOOD clear_path_down dir=SELL
2026-08-12 21:48:38,543 strategies.semi_hft.strategy [ZSCORE] zscore_ok z=-0.45
2026-08-12 21:48:38,543 StrategyManager Strategy semi_hft_c8_v4 returned WAIT: pullback:m5_weak_trend dir=SELL
2026-08-12 21:48:38,544 StrategyManager Strategy aggressive_v1 returned WAIT: tl_guard:NO_SELL_BREAK
2026-08-12 21:48:38,545 BystraStrategy Bystra best detector: SNRC1 conf=90% dir=BUY
2026-08-12 21:48:38,545 BystraStrategy Bystra pattern blacklist: SNRC1 @ zone 0 already fired, skip
2026-08-12 21:48:38,545 StrategyManager Strategy bystra_v1 returned WAIT: pattern_blacklist:SNRC1
2026-08-12 21:48:38,545 TIE_Production No setup for XAUUSD (WAIT)
2026-08-12 21:48:38,550 GateObservatory [XAUUSD/TIE_V4] Outcome: NO_TRADE | no_signal
2026-08-12 21:48:39,628 TIE_Production --- Scanning XAUUSD ---
2026-08-12 21:48:40,539 TIE_Production MARKET REGIME: TRENDING (strength=64) | SUGGESTED ENGINE: Aggressive
2026-08-12 21:48:40,540 StrategyManager Strategy semi_hft_c8_v4 returned WAIT: no_setup:no_structural_setup
2026-08-12 21:48:40,540 StrategyManager Strategy aggressive_v1 returned WAIT: no_setup:no_structural_setup
2026-08-12 21:48:40,542 BystraStrategy Bystra best detector: SNRC1 conf=90% dir=BUY
2026-08-12 21:48:40,542 BystraStrategy Bystra pattern blacklist: SNRC1 @ zone 0 already fired, skip
2026-08-12 21:48:40,542 StrategyManager Strategy bystra_v1 returned WAIT: pattern_blacklist:SNRC1
2026-08-12 21:48:40,543 TIE_Production No setup for XAUUSD (WAIT)
2026-08-12 21:48:40,551 GateObservatory [XAUUSD/TIE_V4] Outcome: NO_TRADE | no_signal
2026-08-12 21:48:49,440 TIE_Production --- Scanning XAUUSD ---
2026-08-12 21:48:50,330 TIE_Production MARKET REGIME: RANGING (strength=60) | SUGGESTED ENGINE: SemiHFT
2026-08-12 21:48:50,331 strategies.semi_hft.strategy [LIQ_VACUUM] GOOD clear_path_down dir=SELL
2026-08-12 21:48:50,332 strategies.semi_hft.strategy [ZSCORE] zscore_ok z=-0.33
2026-08-12 21:48:50,332 StrategyManager Strategy semi_hft_c8_v4 returned WAIT: pullback:m5_weak_trend dir=SELL
2026-08-12 21:48:50,332 StrategyManager Strategy aggressive_v1 returned WAIT: tl_guard:NO_SELL_BREAK
2026-08-12 21:48:50,334 BystraStrategy Bystra best detector: SNRC1 conf=90% dir=BUY
2026-08-12 21:48:50,334 BystraStrategy Bystra pattern blacklist: SNRC1 @ zone 0 already fired, skip
2026-08-12 21:48:50,334 StrategyManager Strategy bystra_v1 returned WAIT: pattern_blacklist:SNRC1
2026-08-12 21:48:50,335 TIE_Production No setup for XAUUSD (WAIT)
2026-08-12 21:48:50,338 GateObservatory [XAUUSD/TIE_V4] Outcome: NO_TRADE | no_signal
2026-08-12 21:48:51,849 TIE_Production --- Scanning XAUUSD ---
2026-08-12 21:48:52,874 TIE_Production MARKET REGIME: RANGING (strength=60) | SUGGESTED ENGINE: SemiHFT
2026-08-12 21:48:52,875 StrategyManager Strategy semi_hft_c8_v4 returned WAIT: no_setup:no_structural_setup
2026-08-12 21:48:52,876 StrategyManager Strategy aggressive_v1 returned WAIT: no_setup:no_structural_setup
2026-08-12 21:48:52,877 BystraStrategy Bystra best detector: SNRC1 conf=90% dir=BUY
2026-08-12 21:48:52,877 BystraStrategy Bystra pattern blacklist: SNRC1 @ zone 0 already fired, skip
2026-08-12 21:48:52,877 StrategyManager Strategy bystra_v1 returned WAIT: pattern_blacklist:SNRC1
2026-08-12 21:48:52,878 TIE_Production No setup for XAUUSD (WAIT)
2026-08-12 21:48:52,882 GateObservatory [XAUUSD/TIE_V4] Outcome: NO_TRADE | no_signal
2026-08-12 21:49:01,108 TIE_Production --- Scanning XAUUSD ---
2026-08-12 21:49:02,004 TIE_Production MARKET REGIME: RANGING (strength=60) | SUGGESTED ENGINE: SemiHFT
2026-08-12 21:49:02,006 strategies.semi_hft.strategy [LIQ_VACUUM] GOOD clear_path_up dir=BUY
2026-08-12 21:49:02,006 strategies.semi_hft.strategy [ZSCORE] zscore_ok z=-0.31
2026-08-12 21:49:02,006 StrategyManager Strategy semi_hft_c8_v4 returned WAIT: pullback:counter_trend_not_in_fibo dir=BUY m15=DOWN price=4422.83 H=4441.46 L=4382.12
2026-08-12 21:49:02,007 StrategyManager Strategy aggressive_v1 returned WAIT: tl_guard:NO_SELL_BREAK
2026-08-12 21:49:02,008 BystraStrategy Bystra best detector: SNRC1 conf=90% dir=BUY
2026-08-12 21:49:02,008 BystraStrategy Bystra pattern blacklist: SNRC1 @ zone 0 already fired, skip
2026-08-12 21:49:02,008 StrategyManager Strategy bystra_v1 returned WAIT: pattern_blacklist:SNRC1
2026-08-12 21:49:02,008 TIE_Production No setup for XAUUSD (WAIT)
2026-08-12 21:49:02,013 GateObservatory [XAUUSD/TIE_V4] Outcome: NO_TRADE | no_signal
2026-08-12 21:49:03,673 TIE_Production --- Scanning XAUUSD ---
2026-08-12 21:49:04,502 TIE_Production MARKET REGIME: RANGING (strength=60) | SUGGESTED ENGINE: SemiHFT
2026-08-12 21:49:04,503 StrategyManager Strategy semi_hft_c8_v4 returned WAIT: no_setup:no_structural_setup
2026-08-12 21:49:04,504 StrategyManager Strategy aggressive_v1 returned WAIT: no_setup:no_structural_setup
2026-08-12 21:49:04,505 BystraStrategy Bystra best detector: SNRC1 conf=90% dir=BUY
2026-08-12 21:49:04,505 BystraStrategy Bystra pattern blacklist: SNRC1 @ zone 0 already fired, skip
2026-08-12 21:49:04,505 StrategyManager Strategy bystra_v1 returned WAIT: pattern_blacklist:SNRC1
2026-08-12 21:49:04,506 TIE_Production No setup for XAUUSD (WAIT)
2026-08-12 21:49:04,510 GateObservatory [XAUUSD/TIE_V4] Outcome: NO_TRADE | no_signal
2026-08-12 21:49:12,813 TIE_Production --- Scanning XAUUSD ---
2026-08-12 21:49:13,732 TIE_Production MARKET REGIME: RANGING (strength=60) | SUGGESTED ENGINE: SemiHFT
2026-08-12 21:49:13,734 strategies.semi_hft.strategy [LIQ_VACUUM] GOOD clear_path_up dir=BUY
2026-08-12 21:49:13,734 strategies.semi_hft.strategy [ZSCORE] zscore_ok z=-0.33
2026-08-12 21:49:13,734 StrategyManager Strategy semi_hft_c8_v4 returned WAIT: pullback:counter_trend_not_in_fibo dir=BUY m15=DOWN price=4422.40 H=4441.46 L=4382.12
2026-08-12 21:49:13,734 StrategyManager Strategy aggressive_v1 returned WAIT: tl_guard:NO_SELL_BREAK
2026-08-12 21:49:13,736 BystraStrategy Bystra best detector: SNRC1 conf=90% dir=BUY
2026-08-12 21:49:13,736 BystraStrategy Bystra pattern blacklist: SNRC1 @ zone 0 already fired, skip
2026-08-12 21:49:13,736 StrategyManager Strategy bystra_v1 returned WAIT: pattern_blacklist:SNRC1
2026-08-12 21:49:13,736 TIE_Production No setup for XAUUSD (WAIT)
2026-08-12 21:49:13,740 GateObservatory [XAUUSD/TIE_V4] Outcome: NO_TRADE | no_signal
2026-08-12 21:49:15,457 TIE_Production --- Scanning XAUUSD ---
2026-08-12 21:49:16,325 TIE_Production MARKET REGIME: RANGING (strength=60) | SUGGESTED ENGINE: SemiHFT
2026-08-12 21:49:16,326 StrategyManager Strategy semi_hft_c8_v4 returned WAIT: no_setup:no_structural_setup
2026-08-12 21:49:16,326 StrategyManager Strategy aggressive_v1 returned WAIT: no_setup:no_structural_setup
2026-08-12 21:49:16,328 BystraStrategy Bystra best detector: SNRC1 conf=90% dir=BUY
2026-08-12 21:49:16,328 BystraStrategy Bystra pattern blacklist: SNRC1 @ zone 0 already fired, skip
2026-08-12 21:49:16,328 StrategyManager Strategy bystra_v1 returned WAIT: pattern_blacklist:SNRC1
2026-08-12 21:49:16,328 TIE_Production No setup for XAUUSD (WAIT)
2026-08-12 21:49:16,334 GateObservatory [XAUUSD/TIE_V4] Outcome: NO_TRADE | no_signal
2026-08-12 21:49:24,515 TIE_Production --- Scanning XAUUSD ---
2026-08-12 21:49:25,388 TIE_Production MARKET REGIME: RANGING (strength=60) | SUGGESTED ENGINE: SemiHFT
2026-08-12 21:49:25,389 strategies.semi_hft.strategy [LIQ_VACUUM] GOOD clear_path_up dir=BUY
2026-08-12 21:49:25,389 strategies.semi_hft.strategy [ZSCORE] zscore_ok z=-0.28
2026-08-12 21:49:25,389 StrategyManager Strategy semi_hft_c8_v4 returned WAIT: pullback:counter_trend_not_in_fibo dir=BUY m15=DOWN price=4423.35 H=4441.46 L=4382.12
2026-08-12 21:49:25,390 StrategyManager Strategy aggressive_v1 returned WAIT: tl_guard:NO_SELL_BREAK
2026-08-12 21:49:25,391 BystraStrategy Bystra best detector: SNRC1 conf=90% dir=BUY
2026-08-12 21:49:25,391 BystraStrategy Bystra pattern blacklist: SNRC1 @ zone 0 already fired, skip
2026-08-12 21:49:25,391 StrategyManager Strategy bystra_v1 returned WAIT: pattern_blacklist:SNRC1
2026-08-12 21:49:25,391 TIE_Production No setup for XAUUSD (WAIT)
2026-08-12 21:49:25,395 GateObservatory [XAUUSD/TIE_V4] Outcome: NO_TRADE | no_signal
2026-08-12 21:49:31,203 TIE_Production --- Scanning XAUUSD ---
2026-08-12 21:49:32,106 TIE_Production MARKET REGIME: RANGING (strength=60) | SUGGESTED ENGINE: SemiHFT
2026-08-12 21:49:32,107 StrategyManager Strategy semi_hft_c8_v4 returned WAIT: no_setup:no_structural_setup
2026-08-12 21:49:32,108 StrategyManager Strategy aggressive_v1 returned WAIT: no_setup:no_structural_setup
2026-08-12 21:49:32,110 BystraStrategy Bystra best detector: SNRC1 conf=90% dir=BUY
2026-08-12 21:49:32,110 BystraStrategy Bystra pattern blacklist: SNRC1 @ zone 0 already fired, skip
2026-08-12 21:49:32,110 StrategyManager Strategy bystra_v1 returned WAIT: pattern_blacklist:SNRC1
2026-08-12 21:49:32,110 TIE_Production No setup for XAUUSD (WAIT)
2026-08-12 21:49:32,115 GateObservatory [XAUUSD/TIE_V4] Outcome: NO_TRADE | no_signal
2026-08-12 21:49:36,196 TIE_Production --- Scanning XAUUSD ---
2026-08-12 21:49:37,039 TIE_Production MARKET REGIME: RANGING (strength=60) | SUGGESTED ENGINE: SemiHFT
2026-08-12 21:49:37,040 strategies.semi_hft.strategy [LIQ_VACUUM] GOOD clear_path_up dir=BUY
2026-08-12 21:49:37,041 strategies.semi_hft.strategy [ZSCORE] zscore_ok z=-0.27
2026-08-12 21:49:37,041 StrategyManager Strategy semi_hft_c8_v4 returned WAIT: pullback:counter_trend_not_in_fibo dir=BUY m15=DOWN price=4422.92 H=4441.46 L=4382.12
2026-08-12 21:49:37,041 StrategyManager Strategy aggressive_v1 returned WAIT: tl_guard:NO_SELL_BREAK
2026-08-12 21:49:37,043 BystraStrategy Bystra best detector: SNRC1 conf=90% dir=BUY
2026-08-12 21:49:37,043 BystraStrategy Bystra pattern blacklist: SNRC1 @ zone 0 already fired, skip
2026-08-12 21:49:37,043 StrategyManager Strategy bystra_v1 returned WAIT: pattern_blacklist:SNRC1
2026-08-12 21:49:37,043 TIE_Production No setup for XAUUSD (WAIT)
2026-08-12 21:49:37,048 GateObservatory [XAUUSD/TIE_V4] Outcome: NO_TRADE | no_signal
2026-08-12 21:49:42,864 TIE_Production --- Scanning XAUUSD ---
2026-08-12 21:49:43,833 TIE_Production MARKET REGIME: RANGING (strength=60) | SUGGESTED ENGINE: SemiHFT
2026-08-12 21:49:43,835 StrategyManager Strategy semi_hft_c8_v4 returned WAIT: no_setup:no_structural_setup
2026-08-12 21:49:43,835 StrategyManager Strategy aggressive_v1 returned WAIT: no_setup:no_structural_setup
2026-08-12 21:49:43,837 BystraStrategy Bystra best detector: SNRC1 conf=90% dir=BUY
2026-08-12 21:49:43,837 BystraStrategy Bystra pattern blacklist: SNRC1 @ zone 0 already fired, skip
2026-08-12 21:49:43,837 StrategyManager Strategy bystra_v1 returned WAIT: pattern_blacklist:SNRC1
2026-08-12 21:49:43,837 TIE_Production No setup for XAUUSD (WAIT)
2026-08-12 21:49:43,841 GateObservatory [XAUUSD/TIE_V4] Outcome: NO_TRADE | no_signal
2026-08-12 21:49:47,873 TIE_Production --- Scanning XAUUSD ---
2026-08-12 21:49:48,610 TIE_Production MARKET REGIME: RANGING (strength=60) | SUGGESTED ENGINE: SemiHFT
2026-08-12 21:49:48,611 strategies.semi_hft.strategy [LIQ_VACUUM] GOOD clear_path_up dir=BUY
2026-08-12 21:49:48,611 strategies.semi_hft.strategy [ZSCORE] zscore_ok z=-0.13
2026-08-12 21:49:48,611 StrategyManager Strategy semi_hft_c8_v4 returned WAIT: pullback:counter_trend_not_in_fibo dir=BUY m15=DOWN price=4423.90 H=4441.46 L=4382.12
2026-08-12 21:49:48,612 StrategyManager Strategy aggressive_v1 returned WAIT: tl_guard:NO_SELL_BREAK
2026-08-12 21:49:48,613 BystraStrategy Bystra best detector: SNRC1 conf=90% dir=BUY
2026-08-12 21:49:48,613 BystraStrategy Bystra pattern blacklist: SNRC1 @ zone 0 already fired, skip
2026-08-12 21:49:48,613 StrategyManager Strategy bystra_v1 returned WAIT: pattern_blacklist:SNRC1
2026-08-12 21:49:48,614 TIE_Production No setup for XAUUSD (WAIT)
2026-08-12 21:49:48,618 GateObservatory [XAUUSD/TIE_V4] Outcome: NO_TRADE | no_signal
2026-08-12 21:49:54,664 TIE_Production --- Scanning XAUUSD ---
2026-08-12 21:49:55,528 TIE_Production MARKET REGIME: RANGING (strength=60) | SUGGESTED ENGINE: SemiHFT
2026-08-12 21:49:55,530 StrategyManager Strategy semi_hft_c8_v4 returned WAIT: no_setup:no_structural_setup
2026-08-12 21:49:55,530 StrategyManager Strategy aggressive_v1 returned WAIT: no_setup:no_structural_setup
2026-08-12 21:49:55,532 BystraStrategy Bystra best detector: SNRC1 conf=90% dir=BUY
2026-08-12 21:49:55,532 BystraStrategy Bystra pattern blacklist: SNRC1 @ zone 0 already fired, skip
2026-08-12 21:49:55,532 StrategyManager Strategy bystra_v1 returned WAIT: pattern_blacklist:SNRC1
2026-08-12 21:49:55,532 TIE_Production No setup for XAUUSD (WAIT)
2026-08-12 21:49:55,536 GateObservatory [XAUUSD/TIE_V4] Outcome: NO_TRADE | no_signal
2026-08-12 21:49:59,408 TIE_Production --- Scanning XAUUSD ---
2026-08-12 21:50:00,500 TIE_Production MARKET REGIME: RANGING (strength=60) | SUGGESTED ENGINE: SemiHFT
2026-08-12 21:50:00,502 strategies.semi_hft.strategy [LIQ_VACUUM] GOOD clear_path_up dir=BUY
2026-08-12 21:50:00,502 strategies.semi_hft.strategy [ZSCORE] zscore_ok z=-0.30
2026-08-12 21:50:00,502 StrategyManager Strategy semi_hft_c8_v4 returned WAIT: pullback:counter_trend_not_in_fibo dir=BUY m15=DOWN price=4422.49 H=4441.46 L=4382.12
2026-08-12 21:50:00,502 StrategyManager Strategy aggressive_v1 returned WAIT: tl_guard:NO_SELL_BREAK
2026-08-12 21:50:00,504 BystraStrategy Bystra best detector: SNRC1 conf=90% dir=BUY
2026-08-12 21:50:00,504 BystraStrategy Bystra pattern blacklist: SNRC1 @ zone 0 already fired, skip
2026-08-12 21:50:00,504 StrategyManager Strategy bystra_v1 returned WAIT: pattern_blacklist:SNRC1
2026-08-12 21:50:00,504 TIE_Production No setup for XAUUSD (WAIT)
2026-08-12 21:50:00,508 GateObservatory [XAUUSD/TIE_V4] Outcome: NO_TRADE | no_signal
2026-08-12 21:50:06,546 TIE_Production --- Scanning XAUUSD ---
2026-08-12 21:50:07,778 TIE_Production MARKET REGIME: TRENDING (strength=84) | SUGGESTED ENGINE: Aggressive
2026-08-12 21:50:07,780 StrategyManager Strategy semi_hft_c8_v4 returned WAIT: no_setup:no_structural_setup
2026-08-12 21:50:07,780 StrategyManager Strategy aggressive_v1 returned WAIT: no_setup:no_structural_setup
2026-08-12 21:50:07,782 BystraStrategy Bystra best detector: SNRC1 conf=90% dir=BUY
2026-08-12 21:50:07,782 BystraStrategy Bystra pattern blacklist: SNRC1 @ zone 0 already fired, skip
2026-08-12 21:50:07,782 StrategyManager Strategy bystra_v1 returned WAIT: pattern_blacklist:SNRC1
2026-08-12 21:50:07,782 TIE_Production No setup for XAUUSD (WAIT)
2026-08-12 21:50:07,787 GateObservatory [XAUUSD/TIE_V4] Outcome: NO_TRADE | no_signal
2026-08-12 21:50:11,436 TIE_Production --- Scanning XAUUSD ---
2026-08-12 21:50:12,362 TIE_Production MARKET REGIME: TRENDING (strength=75) | SUGGESTED ENGINE: Aggressive
2026-08-12 21:50:12,364 strategies.semi_hft.strategy [LIQ_VACUUM] GOOD clear_path_up dir=BUY
2026-08-12 21:50:12,364 strategies.semi_hft.strategy [ZSCORE] zscore_ok z=-0.15
2026-08-12 21:50:12,364 StrategyManager Strategy semi_hft_c8_v4 returned WAIT: pullback:counter_trend_not_in_fibo dir=BUY m15=DOWN price=4423.82 H=4441.46 L=4382.12
2026-08-12 21:50:12,364 strategies.aggressive.strategy [LIQ_VACUUM] GOOD no_pool_data dir=BUY
2026-08-12 21:50:12,365 strategies.aggressive.strategy [ZSCORE] zscore_ok z=-0.15
2026-08-12 21:50:12,365 StrategyManager Strategy aggressive_v1 returned WAIT: rme:score_low:53.8
2026-08-12 21:50:12,366 BystraStrategy Bystra best detector: SNRC1 conf=90% dir=BUY
2026-08-12 21:50:12,366 BystraStrategy Bystra pattern blacklist: SNRC1 @ zone 0 already fired, skip
2026-08-12 21:50:12,366 StrategyManager Strategy bystra_v1 returned WAIT: pattern_blacklist:SNRC1
2026-08-12 21:50:12,366 TIE_Production No setup for XAUUSD (WAIT)
2026-08-12 21:50:12,370 GateObservatory [XAUUSD/TIE_V4] Outcome: NO_TRADE | no_signal
2026-08-12 21:50:18,641 TIE_Production --- Scanning XAUUSD ---
2026-08-12 21:50:19,519 TIE_Production MARKET REGIME: TRENDING (strength=63) | SUGGESTED ENGINE: Aggressive
2026-08-12 21:50:19,520 StrategyManager Strategy semi_hft_c8_v4 returned WAIT: no_setup:no_structural_setup
2026-08-12 21:50:19,520 StrategyManager Strategy aggressive_v1 returned WAIT: no_setup:no_structural_setup
2026-08-12 21:50:19,522 BystraStrategy Bystra best detector: SNRC1 conf=90% dir=BUY
2026-08-12 21:50:19,522 BystraStrategy Bystra pattern blacklist: SNRC1 @ zone 0 already fired, skip
2026-08-12 21:50:19,522 StrategyManager Strategy bystra_v1 returned WAIT: pattern_blacklist:SNRC1
2026-08-12 21:50:19,522 TIE_Production No setup for XAUUSD (WAIT)
2026-08-12 21:50:19,527 GateObservatory [XAUUSD/TIE_V4] Outcome: NO_TRADE | no_signal
2026-08-12 21:50:23,316 TIE_Production --- Scanning XAUUSD ---
2026-08-12 21:50:24,319 TIE_Production MARKET REGIME: RANGING (strength=60) | SUGGESTED ENGINE: SemiHFT
2026-08-12 21:50:24,321 strategies.semi_hft.strategy [LIQ_VACUUM] GOOD clear_path_up dir=BUY
2026-08-12 21:50:24,321 strategies.semi_hft.strategy [ZSCORE] zscore_ok z=-0.32
2026-08-12 21:50:24,321 StrategyManager Strategy semi_hft_c8_v4 returned WAIT: pullback:counter_trend_not_in_fibo dir=BUY m15=DOWN price=4423.37 H=4441.46 L=4382.12
2026-08-12 21:50:24,322 strategies.aggressive.strategy [LIQ_VACUUM] GOOD no_pool_data dir=BUY
2026-08-12 21:50:24,322 strategies.aggressive.strategy [ZSCORE] zscore_ok z=-0.32
2026-08-12 21:50:24,322 StrategyManager Strategy aggressive_v1 returned WAIT: rme:debate_block:penalty_66.0
2026-08-12 21:50:24,323 BystraStrategy Bystra best detector: SNRC1 conf=90% dir=BUY
2026-08-12 21:50:24,323 BystraStrategy Bystra pattern blacklist: SNRC1 @ zone 0 already fired, skip
2026-08-12 21:50:24,323 StrategyManager Strategy bystra_v1 returned WAIT: pattern_blacklist:SNRC1
2026-08-12 21:50:24,323 TIE_Production No setup for XAUUSD (WAIT)
2026-08-12 21:50:24,328 GateObservatory [XAUUSD/TIE_V4] Outcome: NO_TRADE | no_signal
2026-08-12 21:50:30,355 TIE_Production --- Scanning XAUUSD ---
2026-08-12 21:50:31,329 TIE_Production MARKET REGIME: RANGING (strength=60) | SUGGESTED ENGINE: SemiHFT
2026-08-12 21:50:31,330 StrategyManager Strategy semi_hft_c8_v4 returned WAIT: no_setup:no_structural_setup
2026-08-12 21:50:31,331 StrategyManager Strategy aggressive_v1 returned WAIT: no_setup:no_structural_setup
2026-08-12 21:50:31,333 BystraStrategy Bystra best detector: SNRC1 conf=90% dir=BUY
2026-08-12 21:50:31,333 BystraStrategy Bystra pattern blacklist: SNRC1 @ zone 0 already fired, skip
2026-08-12 21:50:31,333 StrategyManager Strategy bystra_v1 returned WAIT: pattern_blacklist:SNRC1
2026-08-12 21:50:31,333 TIE_Production No setup for XAUUSD (WAIT)
2026-08-12 21:50:31,337 GateObservatory [XAUUSD/TIE_V4] Outcome: NO_TRADE | no_signal
2026-08-12 21:50:35,146 TIE_Production --- Scanning XAUUSD ---
2026-08-12 21:50:36,010 TIE_Production MARKET REGIME: RANGING (strength=60) | SUGGESTED ENGINE: SemiHFT
2026-08-12 21:50:36,011 strategies.semi_hft.strategy [LIQ_VACUUM] GOOD clear_path_down dir=SELL
2026-08-12 21:50:36,011 strategies.semi_hft.strategy [ZSCORE] zscore_ok z=-0.38
2026-08-12 21:50:36,011 strategies.semi_hft.strategy [PULLBACK] trend_follow_DOWN_m5_gas_ok | M15=DOWN
2026-08-12 21:50:36,011 StrategyManager Strategy semi_hft_c8_v4 returned WAIT: macd:macd_up_sell_blocked macd=0.78 sig=0.70
2026-08-12 21:50:36,012 StrategyManager Strategy aggressive_v1 returned WAIT: tl_guard:NO_SELL_BREAK
2026-08-12 21:50:36,013 BystraStrategy Bystra best detector: SNRC1 conf=90% dir=BUY
2026-08-12 21:50:36,013 BystraStrategy Bystra pattern blacklist: SNRC1 @ zone 0 already fired, skip
2026-08-12 21:50:36,014 StrategyManager Strategy bystra_v1 returned WAIT: pattern_blacklist:SNRC1
2026-08-12 21:50:36,014 TIE_Production No setup for XAUUSD (WAIT)
2026-08-12 21:50:36,019 GateObservatory [XAUUSD/TIE_V4] Outcome: NO_TRADE | no_signal
2026-08-12 21:50:42,209 TIE_Production --- Scanning XAUUSD ---
2026-08-12 21:50:43,337 TIE_Production MARKET REGIME: TRENDING (strength=70) | SUGGESTED ENGINE: Aggressive
2026-08-12 21:50:43,338 StrategyManager Strategy semi_hft_c8_v4 returned WAIT: no_setup:no_structural_setup
2026-08-12 21:50:43,338 StrategyManager Strategy aggressive_v1 returned WAIT: no_setup:no_structural_setup
2026-08-12 21:50:43,340 BystraStrategy Bystra best detector: SNRC1 conf=90% dir=BUY
2026-08-12 21:50:43,340 BystraStrategy Bystra pattern blacklist: SNRC1 @ zone 0 already fired, skip
2026-08-12 21:50:43,340 StrategyManager Strategy bystra_v1 returned WAIT: pattern_blacklist:SNRC1
2026-08-12 21:50:43,340 TIE_Production No setup for XAUUSD (WAIT)
2026-08-12 21:50:43,345 GateObservatory [XAUUSD/TIE_V4] Outcome: NO_TRADE | no_signal
2026-08-12 21:50:46,863 TIE_Production --- Scanning XAUUSD ---
2026-08-12 21:50:47,882 TIE_Production MARKET REGIME: RANGING (strength=60) | SUGGESTED ENGINE: SemiHFT
2026-08-12 21:50:47,883 strategies.semi_hft.strategy [LIQ_VACUUM] GOOD clear_path_up dir=BUY
2026-08-12 21:50:47,883 strategies.semi_hft.strategy [ZSCORE] zscore_ok z=-0.27
2026-08-12 21:50:47,883 StrategyManager Strategy semi_hft_c8_v4 returned WAIT: pullback:counter_trend_not_in_fibo dir=BUY m15=DOWN price=4423.12 H=4441.46 L=4382.12
2026-08-12 21:50:47,884 strategies.aggressive.strategy [LIQ_VACUUM] GOOD no_pool_data dir=BUY
2026-08-12 21:50:47,884 strategies.aggressive.strategy [ZSCORE] zscore_ok z=-0.27
2026-08-12 21:50:47,884 StrategyManager Strategy aggressive_v1 returned WAIT: rme:debate_block:penalty_21.2
2026-08-12 21:50:47,886 BystraStrategy Bystra best detector: SNRC1 conf=90% dir=BUY
2026-08-12 21:50:47,886 BystraStrategy Bystra pattern blacklist: SNRC1 @ zone 0 already fired, skip
2026-08-12 21:50:47,886 StrategyManager Strategy bystra_v1 returned WAIT: pattern_blacklist:SNRC1
2026-08-12 21:50:47,886 TIE_Production No setup for XAUUSD (WAIT)
2026-08-12 21:50:47,893 GateObservatory [XAUUSD/TIE_V4] Outcome: NO_TRADE | no_signal
2026-08-12 21:50:54,221 TIE_Production --- Scanning XAUUSD ---
2026-08-12 21:50:55,146 TIE_Production MARKET REGIME: RANGING (strength=60) | SUGGESTED ENGINE: SemiHFT
2026-08-12 21:50:55,147 StrategyManager Strategy semi_hft_c8_v4 returned WAIT: no_setup:no_structural_setup
2026-08-12 21:50:55,147 StrategyManager Strategy aggressive_v1 returned WAIT: no_setup:no_structural_setup
2026-08-12 21:50:55,149 BystraStrategy Bystra best detector: SNRC1 conf=90% dir=BUY
2026-08-12 21:50:55,149 BystraStrategy Bystra pattern blacklist: SNRC1 @ zone 0 already fired, skip
2026-08-12 21:50:55,149 StrategyManager Strategy bystra_v1 returned WAIT: pattern_blacklist:SNRC1
2026-08-12 21:50:55,149 TIE_Production No setup for XAUUSD (WAIT)
2026-08-12 21:50:55,154 GateObservatory [XAUUSD/TIE_V4] Outcome: NO_TRADE | no_signal
2026-08-12 21:50:58,683 TIE_Production --- Scanning XAUUSD ---
2026-08-12 21:50:59,636 TIE_Production MARKET REGIME: RANGING (strength=60) | SUGGESTED ENGINE: SemiHFT
2026-08-12 21:50:59,637 StrategyManager Strategy semi_hft_c8_v4 returned WAIT: no_micro
2026-08-12 21:50:59,637 StrategyManager Strategy aggressive_v1 returned WAIT: tl_guard:NO_SELL_BREAK
2026-08-12 21:50:59,639 BystraStrategy Bystra best detector: SNRC1 conf=90% dir=BUY
2026-08-12 21:50:59,639 BystraStrategy Bystra pattern blacklist: SNRC1 @ zone 0 already fired, skip
2026-08-12 21:50:59,639 StrategyManager Strategy bystra_v1 returned WAIT: pattern_blacklist:SNRC1
2026-08-12 21:50:59,639 TIE_Production No setup for XAUUSD (WAIT)
2026-08-12 21:50:59,645 GateObservatory [XAUUSD/TIE_V4] Outcome: NO_TRADE | no_signal
2026-08-12 21:51:06,165 TIE_Production --- Scanning XAUUSD ---
2026-08-12 21:51:07,137 TIE_Production MARKET REGIME: TRENDING (strength=77) | SUGGESTED ENGINE: Aggressive
2026-08-12 21:51:07,138 StrategyManager Strategy semi_hft_c8_v4 returned WAIT: no_setup:no_structural_setup
2026-08-12 21:51:07,139 StrategyManager Strategy aggressive_v1 returned WAIT: no_setup:no_structural_setup
2026-08-12 21:51:07,140 BystraStrategy Bystra best detector: SNRC1 conf=90% dir=BUY
2026-08-12 21:51:07,140 BystraStrategy Bystra pattern blacklist: SNRC1 @ zone 0 already fired, skip
2026-08-12 21:51:07,140 StrategyManager Strategy bystra_v1 returned WAIT: pattern_blacklist:SNRC1
2026-08-12 21:51:07,140 TIE_Production No setup for XAUUSD (WAIT)
2026-08-12 21:51:07,146 GateObservatory [XAUUSD/TIE_V4] Outcome: NO_TRADE | no_signal
2026-08-12 21:51:10,406 TIE_Production --- Scanning XAUUSD ---
2026-08-12 21:51:11,304 TIE_Production MARKET REGIME: TRENDING (strength=68) | SUGGESTED ENGINE: Aggressive
2026-08-12 21:51:11,306 strategies.semi_hft.strategy [LIQ_VACUUM] GOOD clear_path_down dir=SELL
2026-08-12 21:51:11,306 strategies.semi_hft.strategy [ZSCORE] zscore_ok z=-0.64
2026-08-12 21:51:11,306 strategies.semi_hft.strategy [PULLBACK] trend_follow_DOWN_m5_gas_ok | M15=DOWN
2026-08-12 21:51:11,306 StrategyManager Strategy semi_hft_c8_v4 returned WAIT: macd:macd_up_sell_blocked macd=0.62 sig=0.56
2026-08-12 21:51:11,307 StrategyManager Strategy aggressive_v1 returned WAIT: tl_guard:NO_SELL_BREAK
2026-08-12 21:51:11,308 BystraStrategy Bystra best detector: SNRC1 conf=90% dir=BUY
2026-08-12 21:51:11,308 BystraStrategy Bystra pattern blacklist: SNRC1 @ zone 0 already fired, skip
2026-08-12 21:51:11,308 StrategyManager Strategy bystra_v1 returned WAIT: pattern_blacklist:SNRC1
2026-08-12 21:51:11,309 TIE_Production No setup for XAUUSD (WAIT)
2026-08-12 21:51:11,313 GateObservatory [XAUUSD/TIE_V4] Outcome: NO_TRADE | no_signal
2026-08-12 21:51:17,939 TIE_Production --- Scanning XAUUSD ---
2026-08-12 21:51:18,979 TIE_Production MARKET REGIME: TRENDING (strength=81) | SUGGESTED ENGINE: Aggressive
2026-08-12 21:51:18,981 StrategyManager Strategy semi_hft_c8_v4 returned WAIT: no_setup:no_structural_setup
2026-08-12 21:51:18,981 StrategyManager Strategy aggressive_v1 returned WAIT: no_setup:no_structural_setup
2026-08-12 21:51:18,982 BystraStrategy Bystra best detector: SNRC1 conf=90% dir=BUY
2026-08-12 21:51:18,983 BystraStrategy Bystra pattern blacklist: SNRC1 @ zone 0 already fired, skip
2026-08-12 21:51:18,983 StrategyManager Strategy bystra_v1 returned WAIT: pattern_blacklist:SNRC1
2026-08-12 21:51:18,983 TIE_Production No setup for XAUUSD (WAIT)
2026-08-12 21:51:18,988 GateObservatory [XAUUSD/TIE_V4] Outcome: NO_TRADE | no_signal
2026-08-12 21:51:22,616 TIE_Production --- Scanning XAUUSD ---
2026-08-12 21:51:23,407 TIE_Production MARKET REGIME: TRENDING (strength=76) | SUGGESTED ENGINE: Aggressive
2026-08-12 21:51:23,409 strategies.semi_hft.strategy [LIQ_VACUUM] GOOD clear_path_down dir=SELL
2026-08-12 21:51:23,409 strategies.semi_hft.strategy [ZSCORE] zscore_ok z=-0.82
2026-08-12 21:51:23,409 StrategyManager Strategy semi_hft_c8_v4 returned WAIT: pullback:m5_weak_trend dir=SELL
2026-08-12 21:51:23,410 StrategyManager Strategy aggressive_v1 returned WAIT: tl_guard:NO_SELL_BREAK
2026-08-12 21:51:23,411 BystraStrategy Bystra best detector: SNRC1 conf=90% dir=BUY
2026-08-12 21:51:23,411 BystraStrategy Bystra pattern blacklist: SNRC1 @ zone 0 already fired, skip
2026-08-12 21:51:23,411 StrategyManager Strategy bystra_v1 returned WAIT: pattern_blacklist:SNRC1
2026-08-12 21:51:23,411 TIE_Production No setup for XAUUSD (WAIT)
2026-08-12 21:51:23,416 GateObservatory [XAUUSD/TIE_V4] Outcome: NO_TRADE | no_signal
2026-08-12 21:51:29,977 TIE_Production --- Scanning XAUUSD ---
2026-08-12 21:51:30,834 TIE_Production MARKET REGIME: TRENDING (strength=80) | SUGGESTED ENGINE: Aggressive
2026-08-12 21:51:30,836 StrategyManager Strategy semi_hft_c8_v4 returned WAIT: no_setup:no_structural_setup
2026-08-12 21:51:30,837 StrategyManager Strategy aggressive_v1 returned WAIT: no_setup:no_structural_setup
2026-08-12 21:51:30,839 BystraStrategy Bystra best detector: SNRC1 conf=90% dir=BUY
2026-08-12 21:51:30,839 BystraStrategy Bystra pattern blacklist: SNRC1 @ zone 0 already fired, skip
2026-08-12 21:51:30,839 StrategyManager Strategy bystra_v1 returned WAIT: pattern_blacklist:SNRC1
2026-08-12 21:51:30,839 TIE_Production No setup for XAUUSD (WAIT)
2026-08-12 21:51:30,845 GateObservatory [XAUUSD/TIE_V4] Outcome: NO_TRADE | no_signal
2026-08-12 21:51:34,200 TIE_Production --- Scanning XAUUSD ---
2026-08-12 21:51:35,144 TIE_Production MARKET REGIME: TRENDING (strength=84) | SUGGESTED ENGINE: Aggressive
2026-08-12 21:51:35,146 strategies.semi_hft.strategy [LIQ_VACUUM] GOOD clear_path_down dir=SELL
2026-08-12 21:51:35,146 strategies.semi_hft.strategy [ZSCORE] zscore_ok z=-1.06
2026-08-12 21:51:35,146 StrategyManager Strategy semi_hft_c8_v4 returned WAIT: pullback:regime_conflict TRENDING=83 blocks SELL
2026-08-12 21:51:35,146 StrategyManager Strategy aggressive_v1 returned WAIT: tl_guard:NO_SELL_BREAK
2026-08-12 21:51:35,148 BystraStrategy Bystra best detector: SNRC1 conf=90% dir=BUY
2026-08-12 21:51:35,148 BystraStrategy Bystra pattern blacklist: SNRC1 @ zone 0 already fired, skip
2026-08-12 21:51:35,148 StrategyManager Strategy bystra_v1 returned WAIT: pattern_blacklist:SNRC1
2026-08-12 21:51:35,148 TIE_Production No setup for XAUUSD (WAIT)
2026-08-12 21:51:35,152 GateObservatory [XAUUSD/TIE_V4] Outcome: NO_TRADE | no_signal
2026-08-12 21:51:41,818 TIE_Production --- Scanning XAUUSD ---
2026-08-12 21:51:42,666 TIE_Production MARKET REGIME: TRENDING (strength=79) | SUGGESTED ENGINE: Aggressive
2026-08-12 21:51:42,668 StrategyManager Strategy semi_hft_c8_v4 returned WAIT: no_setup:no_structural_setup
2026-08-12 21:51:42,668 StrategyManager Strategy aggressive_v1 returned WAIT: no_setup:no_structural_setup
2026-08-12 21:51:42,669 BystraStrategy Bystra best detector: SNRC1 conf=90% dir=BUY
2026-08-12 21:51:42,670 BystraStrategy Bystra pattern blacklist: SNRC1 @ zone 0 already fired, skip
2026-08-12 21:51:42,670 StrategyManager Strategy bystra_v1 returned WAIT: pattern_blacklist:SNRC1
2026-08-12 21:51:42,670 TIE_Production No setup for XAUUSD (WAIT)
2026-08-12 21:51:42,676 GateObservatory [XAUUSD/TIE_V4] Outcome: NO_TRADE | no_signal
2026-08-12 21:51:45,994 TIE_Production --- Scanning XAUUSD ---
2026-08-12 21:51:46,875 TIE_Production MARKET REGIME: TRENDING (strength=78) | SUGGESTED ENGINE: Aggressive
2026-08-12 21:51:46,876 strategies.semi_hft.strategy [LIQ_VACUUM] GOOD clear_path_down dir=SELL
2026-08-12 21:51:46,876 strategies.semi_hft.strategy [ZSCORE] zscore_ok z=-0.94
2026-08-12 21:51:46,876 StrategyManager Strategy semi_hft_c8_v4 returned WAIT: pullback:m5_weak_trend dir=SELL
2026-08-12 21:51:46,877 StrategyManager Strategy aggressive_v1 returned WAIT: tl_guard:NO_SELL_BREAK
2026-08-12 21:51:46,878 BystraStrategy Bystra best detector: SNRC1 conf=90% dir=BUY
2026-08-12 21:51:46,878 BystraStrategy Bystra pattern blacklist: SNRC1 @ zone 0 already fired, skip
2026-08-12 21:51:46,878 StrategyManager Strategy bystra_v1 returned WAIT: pattern_blacklist:SNRC1
2026-08-12 21:51:46,878 TIE_Production No setup for XAUUSD (WAIT)
2026-08-12 21:51:46,883 GateObservatory [XAUUSD/TIE_V4] Outcome: NO_TRADE | no_signal
2026-08-12 21:51:53,456 TIE_Production --- Scanning XAUUSD ---
2026-08-12 21:51:54,308 TIE_Production MARKET REGIME: TRENDING (strength=74) | SUGGESTED ENGINE: Aggressive
2026-08-12 21:51:54,310 StrategyManager Strategy semi_hft_c8_v4 returned WAIT: no_setup:no_structural_setup
2026-08-12 21:51:54,310 StrategyManager Strategy aggressive_v1 returned WAIT: no_setup:no_structural_setup
2026-08-12 21:51:54,312 BystraStrategy Bystra best detector: SNRC1 conf=90% dir=BUY
2026-08-12 21:51:54,312 BystraStrategy Bystra pattern blacklist: SNRC1 @ zone 0 already fired, skip
2026-08-12 21:51:54,312 StrategyManager Strategy bystra_v1 returned WAIT: pattern_blacklist:SNRC1
2026-08-12 21:51:54,312 TIE_Production No setup for XAUUSD (WAIT)
2026-08-12 21:51:54,316 GateObservatory [XAUUSD/TIE_V4] Outcome: NO_TRADE | no_signal
2026-08-12 21:51:57,691 TIE_Production --- Scanning XAUUSD ---
2026-08-12 21:51:58,595 TIE_Production MARKET REGIME: TRENDING (strength=75) | SUGGESTED ENGINE: Aggressive
2026-08-12 21:51:58,596 strategies.semi_hft.strategy [LIQ_VACUUM] GOOD clear_path_down dir=SELL
2026-08-12 21:51:58,597 strategies.semi_hft.strategy [ZSCORE] zscore_ok z=-0.89
2026-08-12 21:51:58,597 StrategyManager Strategy semi_hft_c8_v4 returned WAIT: pullback:m5_weak_trend dir=SELL
2026-08-12 21:51:58,597 StrategyManager Strategy aggressive_v1 returned WAIT: tl_guard:NO_SELL_BREAK
2026-08-12 21:51:58,600 BystraStrategy Bystra best detector: SNRC1 conf=90% dir=BUY
2026-08-12 21:51:58,600 BystraStrategy Bystra pattern blacklist: SNRC1 @ zone 0 already fired, skip
2026-08-12 21:51:58,600 StrategyManager Strategy bystra_v1 returned WAIT: pattern_blacklist:SNRC1
2026-08-12 21:51:58,600 TIE_Production No setup for XAUUSD (WAIT)
2026-08-12 21:51:58,606 GateObservatory [XAUUSD/TIE_V4] Outcome: NO_TRADE | no_signal
2026-08-12 21:52:05,109 TIE_Production --- Scanning XAUUSD ---
2026-08-12 21:52:06,049 TIE_Production MARKET REGIME: TRENDING (strength=74) | SUGGESTED ENGINE: Aggressive
2026-08-12 21:52:06,050 StrategyManager Strategy semi_hft_c8_v4 returned WAIT: no_setup:no_structural_setup
2026-08-12 21:52:06,051 StrategyManager Strategy aggressive_v1 returned WAIT: no_setup:no_structural_setup
2026-08-12 21:52:06,053 BystraStrategy Bystra best detector: SNRC1 conf=90% dir=BUY
2026-08-12 21:52:06,053 BystraStrategy Bystra pattern blacklist: SNRC1 @ zone 0 already fired, skip
2026-08-12 21:52:06,053 StrategyManager Strategy bystra_v1 returned WAIT: pattern_blacklist:SNRC1
2026-08-12 21:52:06,053 TIE_Production No setup for XAUUSD (WAIT)
2026-08-12 21:52:06,059 GateObservatory [XAUUSD/TIE_V4] Outcome: NO_TRADE | no_signal
2026-08-12 21:52:09,425 TIE_Production --- Scanning XAUUSD ---
2026-08-12 21:52:10,265 TIE_Production MARKET REGIME: TRENDING (strength=75) | SUGGESTED ENGINE: Aggressive
2026-08-12 21:52:10,267 strategies.semi_hft.strategy [LIQ_VACUUM] GOOD clear_path_down dir=SELL
2026-08-12 21:52:10,267 strategies.semi_hft.strategy [ZSCORE] zscore_ok z=-0.88
2026-08-12 21:52:10,267 StrategyManager Strategy semi_hft_c8_v4 returned WAIT: pullback:m5_weak_trend dir=SELL
2026-08-12 21:52:10,267 StrategyManager Strategy aggressive_v1 returned WAIT: tl_guard:NO_SELL_BREAK
2026-08-12 21:52:10,269 BystraStrategy Bystra best detector: SNRC1 conf=90% dir=BUY
2026-08-12 21:52:10,269 BystraStrategy Bystra pattern blacklist: SNRC1 @ zone 0 already fired, skip
2026-08-12 21:52:10,269 StrategyManager Strategy bystra_v1 returned WAIT: pattern_blacklist:SNRC1
2026-08-12 21:52:10,269 TIE_Production No setup for XAUUSD (WAIT)
2026-08-12 21:52:10,274 GateObservatory [XAUUSD/TIE_V4] Outcome: NO_TRADE | no_signal
2026-08-12 21:52:16,884 TIE_Production --- Scanning XAUUSD ---
2026-08-12 21:52:17,779 TIE_Production MARKET REGIME: TRENDING (strength=70) | SUGGESTED ENGINE: Aggressive
2026-08-12 21:52:17,780 StrategyManager Strategy semi_hft_c8_v4 returned WAIT: no_setup:no_structural_setup
2026-08-12 21:52:17,780 StrategyManager Strategy aggressive_v1 returned WAIT: no_setup:no_structural_setup
2026-08-12 21:52:17,782 BystraStrategy Bystra best detector: SNRC1 conf=90% dir=BUY
2026-08-12 21:52:17,782 BystraStrategy Bystra pattern blacklist: SNRC1 @ zone 0 already fired, skip
2026-08-12 21:52:17,782 StrategyManager Strategy bystra_v1 returned WAIT: pattern_blacklist:SNRC1
2026-08-12 21:52:17,782 TIE_Production No setup for XAUUSD (WAIT)
2026-08-12 21:52:17,790 GateObservatory [XAUUSD/TIE_V4] Outcome: NO_TRADE | no_signal
2026-08-12 21:52:21,258 TIE_Production --- Scanning XAUUSD ---
2026-08-12 21:52:22,155 TIE_Production MARKET REGIME: TRENDING (strength=74) | SUGGESTED ENGINE: Aggressive
2026-08-12 21:52:22,157 strategies.semi_hft.strategy [LIQ_VACUUM] GOOD clear_path_down dir=SELL
2026-08-12 21:52:22,157 strategies.semi_hft.strategy [ZSCORE] zscore_ok z=-0.87
2026-08-12 21:52:22,157 StrategyManager Strategy semi_hft_c8_v4 returned WAIT: pullback:m5_weak_trend dir=SELL
2026-08-12 21:52:22,158 StrategyManager Strategy aggressive_v1 returned WAIT: tl_guard:NO_SELL_BREAK
2026-08-12 21:52:22,159 BystraStrategy Bystra best detector: SNRC1 conf=90% dir=BUY
2026-08-12 21:52:22,159 BystraStrategy Bystra pattern blacklist: SNRC1 @ zone 0 already fired, skip
2026-08-12 21:52:22,160 StrategyManager Strategy bystra_v1 returned WAIT: pattern_blacklist:SNRC1
2026-08-12 21:52:22,160 TIE_Production No setup for XAUUSD (WAIT)
2026-08-12 21:52:22,164 GateObservatory [XAUUSD/TIE_V4] Outcome: NO_TRADE | no_signal
2026-08-12 21:52:28,868 TIE_Production --- Scanning XAUUSD ---
2026-08-12 21:52:29,946 TIE_Production MARKET REGIME: TRENDING (strength=76) | SUGGESTED ENGINE: Aggressive
2026-08-12 21:52:29,950 StrategyManager Strategy semi_hft_c8_v4 returned WAIT: no_setup:no_structural_setup
2026-08-12 21:52:29,950 StrategyManager Strategy aggressive_v1 returned WAIT: no_setup:no_structural_setup
2026-08-12 21:52:29,954 BystraStrategy Bystra best detector: SNRC1 conf=90% dir=BUY
2026-08-12 21:52:29,955 BystraStrategy Bystra pattern blacklist: SNRC1 @ zone 0 already fired, skip
2026-08-12 21:52:29,955 StrategyManager Strategy bystra_v1 returned WAIT: pattern_blacklist:SNRC1
2026-08-12 21:52:29,955 TIE_Production No setup for XAUUSD (WAIT)
2026-08-12 21:52:29,962 GateObservatory [XAUUSD/TIE_V4] Outcome: NO_TRADE | no_signal
2026-08-12 21:52:32,993 TIE_Production --- Scanning XAUUSD ---
2026-08-12 21:52:33,845 TIE_Production MARKET REGIME: TRENDING (strength=75) | SUGGESTED ENGINE: Aggressive
2026-08-12 21:52:33,846 strategies.semi_hft.strategy [LIQ_VACUUM] GOOD clear_path_down dir=SELL
2026-08-12 21:52:33,847 strategies.semi_hft.strategy [ZSCORE] zscore_ok z=-0.88
2026-08-12 21:52:33,847 StrategyManager Strategy semi_hft_c8_v4 returned WAIT: pullback:m5_weak_trend dir=SELL
2026-08-12 21:52:33,847 StrategyManager Strategy aggressive_v1 returned WAIT: tl_guard:NO_SELL_BREAK
2026-08-12 21:52:33,849 BystraStrategy Bystra best detector: SNRC1 conf=90% dir=BUY
2026-08-12 21:52:33,849 BystraStrategy Bystra pattern blacklist: SNRC1 @ zone 0 already fired, skip
2026-08-12 21:52:33,849 StrategyManager Strategy bystra_v1 returned WAIT: pattern_blacklist:SNRC1
2026-08-12 21:52:33,849 TIE_Production No setup for XAUUSD (WAIT)
2026-08-12 21:52:33,854 GateObservatory [XAUUSD/TIE_V4] Outcome: NO_TRADE | no_signal
2026-08-12 21:52:40,845 TIE_Production --- Scanning XAUUSD ---
2026-08-12 21:52:41,804 TIE_Production MARKET REGIME: TRENDING (strength=74) | SUGGESTED ENGINE: Aggressive
2026-08-12 21:52:41,805 StrategyManager Strategy semi_hft_c8_v4 returned WAIT: no_setup:no_structural_setup
2026-08-12 21:52:41,806 StrategyManager Strategy aggressive_v1 returned WAIT: no_setup:no_structural_setup
2026-08-12 21:52:41,807 BystraStrategy Bystra best detector: SNRC1 conf=90% dir=BUY
2026-08-12 21:52:41,807 BystraStrategy Bystra pattern blacklist: SNRC1 @ zone 0 already fired, skip
2026-08-12 21:52:41,807 StrategyManager Strategy bystra_v1 returned WAIT: pattern_blacklist:SNRC1
2026-08-12 21:52:41,807 TIE_Production No setup for XAUUSD (WAIT)
2026-08-12 21:52:41,813 GateObservatory [XAUUSD/TIE_V4] Outcome: NO_TRADE | no_signal
2026-08-12 21:52:44,659 TIE_Production --- Scanning XAUUSD ---
2026-08-12 21:52:45,556 TIE_Production MARKET REGIME: TRENDING (strength=74) | SUGGESTED ENGINE: Aggressive
2026-08-12 21:52:45,557 strategies.semi_hft.strategy [LIQ_VACUUM] GOOD clear_path_down dir=SELL
2026-08-12 21:52:45,557 strategies.semi_hft.strategy [ZSCORE] zscore_ok z=-0.87
2026-08-12 21:52:45,557 StrategyManager Strategy semi_hft_c8_v4 returned WAIT: pullback:m5_weak_trend dir=SELL
2026-08-12 21:52:45,558 StrategyManager Strategy aggressive_v1 returned WAIT: tl_guard:NO_SELL_BREAK
2026-08-12 21:52:45,559 BystraStrategy Bystra best detector: SNRC1 conf=90% dir=BUY
2026-08-12 21:52:45,559 BystraStrategy Bystra pattern blacklist: SNRC1 @ zone 0 already fired, skip
2026-08-12 21:52:45,559 StrategyManager Strategy bystra_v1 returned WAIT: pattern_blacklist:SNRC1
2026-08-12 21:52:45,559 TIE_Production No setup for XAUUSD (WAIT)
2026-08-12 21:52:45,563 GateObservatory [XAUUSD/TIE_V4] Outcome: NO_TRADE | no_signal
2026-08-12 21:52:52,615 TIE_Production --- Scanning XAUUSD ---
2026-08-12 21:52:53,476 TIE_Production MARKET REGIME: TRENDING (strength=72) | SUGGESTED ENGINE: Aggressive
2026-08-12 21:52:53,478 StrategyManager Strategy semi_hft_c8_v4 returned WAIT: no_setup:no_structural_setup
2026-08-12 21:52:53,478 StrategyManager Strategy aggressive_v1 returned WAIT: no_setup:no_structural_setup
2026-08-12 21:52:53,479 BystraStrategy Bystra best detector: SNRC1 conf=90% dir=BUY
2026-08-12 21:52:53,480 BystraStrategy Bystra pattern blacklist: SNRC1 @ zone 0 already fired, skip
2026-08-12 21:52:53,480 StrategyManager Strategy bystra_v1 returned WAIT: pattern_blacklist:SNRC1
2026-08-12 21:52:53,480 TIE_Production No setup for XAUUSD (WAIT)
2026-08-12 21:52:53,484 GateObservatory [XAUUSD/TIE_V4] Outcome: NO_TRADE | no_signal
2026-08-12 21:52:56,382 TIE_Production --- Scanning XAUUSD ---
2026-08-12 21:52:57,248 TIE_Production MARKET REGIME: TRENDING (strength=68) | SUGGESTED ENGINE: Aggressive
2026-08-12 21:52:57,249 strategies.semi_hft.strategy [LIQ_VACUUM] GOOD clear_path_down dir=SELL
2026-08-12 21:52:57,249 strategies.semi_hft.strategy [ZSCORE] zscore_ok z=-0.75
2026-08-12 21:52:57,249 StrategyManager Strategy semi_hft_c8_v4 returned WAIT: pullback:m5_weak_trend dir=SELL
2026-08-12 21:52:57,250 StrategyManager Strategy aggressive_v1 returned WAIT: tl_guard:NO_SELL_BREAK
2026-08-12 21:52:57,251 BystraStrategy Bystra best detector: SNRC1 conf=90% dir=BUY
2026-08-12 21:52:57,251 BystraStrategy Bystra pattern blacklist: SNRC1 @ zone 0 already fired, skip
2026-08-12 21:52:57,251 StrategyManager Strategy bystra_v1 returned WAIT: pattern_blacklist:SNRC1
2026-08-12 21:52:57,252 TIE_Production No setup for XAUUSD (WAIT)
2026-08-12 21:52:57,257 GateObservatory [XAUUSD/TIE_V4] Outcome: NO_TRADE | no_signal
2026-08-12 21:53:04,218 TIE_Production --- Scanning XAUUSD ---
2026-08-12 21:53:05,577 TIE_Production MARKET REGIME: TRENDING (strength=69) | SUGGESTED ENGINE: Aggressive
2026-08-12 21:53:05,580 StrategyManager Strategy semi_hft_c8_v4 returned WAIT: no_setup:no_structural_setup
2026-08-12 21:53:05,580 StrategyManager Strategy aggressive_v1 returned WAIT: no_setup:no_structural_setup
2026-08-12 21:53:05,583 BystraStrategy Bystra best detector: SNRC1 conf=90% dir=BUY
2026-08-12 21:53:05,583 BystraStrategy Bystra pattern blacklist: SNRC1 @ zone 0 already fired, skip
2026-08-12 21:53:05,583 StrategyManager Strategy bystra_v1 returned WAIT: pattern_blacklist:SNRC1
2026-08-12 21:53:05,583 TIE_Production No setup for XAUUSD (WAIT)
2026-08-12 21:53:05,591 GateObservatory [XAUUSD/TIE_V4] Outcome: NO_TRADE | no_signal
2026-08-12 21:53:08,095 TIE_Production --- Scanning XAUUSD ---
2026-08-12 21:53:09,006 TIE_Production MARKET REGIME: TRENDING (strength=75) | SUGGESTED ENGINE: Aggressive
2026-08-12 21:53:09,007 strategies.semi_hft.strategy [LIQ_VACUUM] GOOD clear_path_down dir=SELL
2026-08-12 21:53:09,007 strategies.semi_hft.strategy [ZSCORE] zscore_ok z=-0.88
2026-08-12 21:53:09,007 StrategyManager Strategy semi_hft_c8_v4 returned WAIT: pullback:m5_weak_trend dir=SELL
2026-08-12 21:53:09,008 StrategyManager Strategy aggressive_v1 returned WAIT: tl_guard:NO_SELL_BREAK
2026-08-12 21:53:09,009 BystraStrategy Bystra best detector: SNRC1 conf=90% dir=BUY
2026-08-12 21:53:09,010 BystraStrategy Bystra pattern blacklist: SNRC1 @ zone 0 already fired, skip
2026-08-12 21:53:09,010 StrategyManager Strategy bystra_v1 returned WAIT: pattern_blacklist:SNRC1
2026-08-12 21:53:09,010 TIE_Production No setup for XAUUSD (WAIT)
2026-08-12 21:53:09,014 GateObservatory [XAUUSD/TIE_V4] Outcome: NO_TRADE | no_signal
2026-08-12 21:53:16,421 TIE_Production --- Scanning XAUUSD ---
2026-08-12 21:53:17,407 TIE_Production MARKET REGIME: TRENDING (strength=77) | SUGGESTED ENGINE: Aggressive
2026-08-12 21:53:17,408 StrategyManager Strategy semi_hft_c8_v4 returned WAIT: no_setup:no_structural_setup
2026-08-12 21:53:17,408 StrategyManager Strategy aggressive_v1 returned WAIT: no_setup:no_structural_setup
2026-08-12 21:53:17,410 BystraStrategy Bystra best detector: SNRC1 conf=90% dir=BUY
2026-08-12 21:53:17,410 BystraStrategy Bystra pattern blacklist: SNRC1 @ zone 0 already fired, skip
2026-08-12 21:53:17,410 StrategyManager Strategy bystra_v1 returned WAIT: pattern_blacklist:SNRC1
2026-08-12 21:53:17,410 TIE_Production No setup for XAUUSD (WAIT)
2026-08-12 21:53:17,414 GateObservatory [XAUUSD/TIE_V4] Outcome: NO_TRADE | no_signal
2026-08-12 21:53:19,769 TIE_Production --- Scanning XAUUSD ---
2026-08-12 21:53:20,580 TIE_Production MARKET REGIME: TRENDING (strength=79) | SUGGESTED ENGINE: Aggressive
2026-08-12 21:53:20,581 strategies.semi_hft.strategy [LIQ_VACUUM] GOOD clear_path_down dir=SELL
2026-08-12 21:53:20,581 strategies.semi_hft.strategy [ZSCORE] zscore_ok z=-0.97
2026-08-12 21:53:20,581 StrategyManager Strategy semi_hft_c8_v4 returned WAIT: pullback:m5_weak_trend dir=SELL
2026-08-12 21:53:20,582 StrategyManager Strategy aggressive_v1 returned WAIT: tl_guard:NO_SELL_BREAK
2026-08-12 21:53:20,583 BystraStrategy Bystra best detector: SNRC1 conf=90% dir=BUY
2026-08-12 21:53:20,584 BystraStrategy Bystra pattern blacklist: SNRC1 @ zone 0 already fired, skip
2026-08-12 21:53:20,584 StrategyManager Strategy bystra_v1 returned WAIT: pattern_blacklist:SNRC1
2026-08-12 21:53:20,584 TIE_Production No setup for XAUUSD (WAIT)
2026-08-12 21:53:20,590 GateObservatory [XAUUSD/TIE_V4] Outcome: NO_TRADE | no_signal
2026-08-12 21:53:28,153 TIE_Production --- Scanning XAUUSD ---
2026-08-12 21:53:29,213 TIE_Production MARKET REGIME: TRENDING (strength=74) | SUGGESTED ENGINE: Aggressive
2026-08-12 21:53:29,214 StrategyManager Strategy semi_hft_c8_v4 returned WAIT: no_setup:no_structural_setup
2026-08-12 21:53:29,215 StrategyManager Strategy aggressive_v1 returned WAIT: no_setup:no_structural_setup
2026-08-12 21:53:29,216 BystraStrategy Bystra best detector: SNRC1 conf=90% dir=BUY
2026-08-12 21:53:29,216 BystraStrategy Bystra pattern blacklist: SNRC1 @ zone 0 already fired, skip
2026-08-12 21:53:29,217 StrategyManager Strategy bystra_v1 returned WAIT: pattern_blacklist:SNRC1
2026-08-12 21:53:29,217 TIE_Production No setup for XAUUSD (WAIT)
2026-08-12 21:53:29,222 GateObservatory [XAUUSD/TIE_V4] Outcome: NO_TRADE | no_signal
2026-08-12 21:53:31,584 TIE_Production --- Scanning XAUUSD ---
2026-08-12 21:53:32,569 TIE_Production MARKET REGIME: TRENDING (strength=72) | SUGGESTED ENGINE: Aggressive
2026-08-12 21:53:32,570 strategies.semi_hft.strategy [LIQ_VACUUM] GOOD clear_path_down dir=SELL
2026-08-12 21:53:32,570 strategies.semi_hft.strategy [ZSCORE] zscore_ok z=-0.82
2026-08-12 21:53:32,570 StrategyManager Strategy semi_hft_c8_v4 returned WAIT: pullback:m5_weak_trend dir=SELL
2026-08-12 21:53:32,571 StrategyManager Strategy aggressive_v1 returned WAIT: tl_guard:NO_SELL_BREAK
2026-08-12 21:53:32,572 BystraStrategy Bystra best detector: SNRC1 conf=90% dir=BUY
2026-08-12 21:53:32,572 BystraStrategy Bystra pattern blacklist: SNRC1 @ zone 0 already fired, skip
2026-08-12 21:53:32,572 StrategyManager Strategy bystra_v1 returned WAIT: pattern_blacklist:SNRC1
2026-08-12 21:53:32,572 TIE_Production No setup for XAUUSD (WAIT)
2026-08-12 21:53:32,577 GateObservatory [XAUUSD/TIE_V4] Outcome: NO_TRADE | no_signal
2026-08-12 21:53:40,133 TIE_Production --- Scanning XAUUSD ---
2026-08-12 21:53:41,157 TIE_Production MARKET REGIME: TRENDING (strength=71) | SUGGESTED ENGINE: Aggressive
2026-08-12 21:53:41,159 StrategyManager Strategy semi_hft_c8_v4 returned WAIT: no_setup:no_structural_setup
2026-08-12 21:53:41,159 StrategyManager Strategy aggressive_v1 returned WAIT: no_setup:no_structural_setup
2026-08-12 21:53:41,162 BystraStrategy Bystra best detector: SNRC1 conf=90% dir=BUY
2026-08-12 21:53:41,162 BystraStrategy Bystra pattern blacklist: SNRC1 @ zone 0 already fired, skip
2026-08-12 21:53:41,162 StrategyManager Strategy bystra_v1 returned WAIT: pattern_blacklist:SNRC1
2026-08-12 21:53:41,162 TIE_Production No setup for XAUUSD (WAIT)
2026-08-12 21:53:41,167 GateObservatory [XAUUSD/TIE_V4] Outcome: NO_TRADE | no_signal
2026-08-12 21:53:43,333 TIE_Production --- Scanning XAUUSD ---
2026-08-12 21:53:44,187 TIE_Production MARKET REGIME: TRENDING (strength=69) | SUGGESTED ENGINE: Aggressive
2026-08-12 21:53:44,188 strategies.semi_hft.strategy [LIQ_VACUUM] GOOD clear_path_down dir=SELL
2026-08-12 21:53:44,189 strategies.semi_hft.strategy [ZSCORE] zscore_ok z=-0.76
2026-08-12 21:53:44,189 StrategyManager Strategy semi_hft_c8_v4 returned WAIT: pullback:m5_weak_trend dir=SELL
2026-08-12 21:53:44,189 StrategyManager Strategy aggressive_v1 returned WAIT: tl_guard:NO_SELL_BREAK
2026-08-12 21:53:44,191 BystraStrategy Bystra best detector: SNRC1 conf=90% dir=BUY
2026-08-12 21:53:44,191 BystraStrategy Bystra pattern blacklist: SNRC1 @ zone 0 already fired, skip
2026-08-12 21:53:44,191 StrategyManager Strategy bystra_v1 returned WAIT: pattern_blacklist:SNRC1
2026-08-12 21:53:44,191 TIE_Production No setup for XAUUSD (WAIT)
2026-08-12 21:53:44,197 GateObservatory [XAUUSD/TIE_V4] Outcome: NO_TRADE | no_signal
2026-08-12 21:53:51,995 TIE_Production --- Scanning XAUUSD ---
2026-08-12 21:53:53,041 TIE_Production MARKET REGIME: TRENDING (strength=67) | SUGGESTED ENGINE: Aggressive
2026-08-12 21:53:53,042 StrategyManager Strategy semi_hft_c8_v4 returned WAIT: no_setup:no_structural_setup
2026-08-12 21:53:53,042 StrategyManager Strategy aggressive_v1 returned WAIT: no_setup:no_structural_setup
2026-08-12 21:53:53,044 BystraStrategy Bystra best detector: SNRC1 conf=90% dir=BUY
2026-08-12 21:53:53,044 BystraStrategy Bystra pattern blacklist: SNRC1 @ zone 0 already fired, skip
2026-08-12 21:53:53,044 StrategyManager Strategy bystra_v1 returned WAIT: pattern_blacklist:SNRC1
2026-08-12 21:53:53,044 TIE_Production No setup for XAUUSD (WAIT)
2026-08-12 21:53:53,049 GateObservatory [XAUUSD/TIE_V4] Outcome: NO_TRADE | no_signal
2026-08-12 21:53:54,873 TIE_Production --- Scanning XAUUSD ---
2026-08-12 21:53:55,689 TIE_Production MARKET REGIME: TRENDING (strength=64) | SUGGESTED ENGINE: Aggressive
2026-08-12 21:53:55,691 strategies.semi_hft.strategy [LIQ_VACUUM] GOOD clear_path_up dir=BUY
2026-08-12 21:53:55,691 strategies.semi_hft.strategy [ZSCORE] zscore_ok z=-0.65
2026-08-12 21:53:55,691 StrategyManager Strategy semi_hft_c8_v4 returned WAIT: pullback:counter_trend_not_in_fibo dir=BUY m15=DOWN price=4420.03 H=4441.46 L=4382.12
2026-08-12 21:53:55,691 StrategyManager Strategy aggressive_v1 returned WAIT: tl_guard:NO_SELL_BREAK
2026-08-12 21:53:55,693 BystraStrategy Bystra best detector: SNRC1 conf=90% dir=BUY
2026-08-12 21:53:55,693 BystraStrategy Bystra pattern blacklist: SNRC1 @ zone 0 already fired, skip
2026-08-12 21:53:55,693 StrategyManager Strategy bystra_v1 returned WAIT: pattern_blacklist:SNRC1
2026-08-12 21:53:55,693 TIE_Production No setup for XAUUSD (WAIT)
2026-08-12 21:53:55,698 GateObservatory [XAUUSD/TIE_V4] Outcome: NO_TRADE | no_signal
2026-08-12 21:54:03,870 TIE_Production --- Scanning XAUUSD ---
2026-08-12 21:54:04,994 TIE_Production MARKET REGIME: RANGING (strength=60) | SUGGESTED ENGINE: SemiHFT
2026-08-12 21:54:04,995 StrategyManager Strategy semi_hft_c8_v4 returned WAIT: no_setup:no_structural_setup
2026-08-12 21:54:04,996 StrategyManager Strategy aggressive_v1 returned WAIT: no_setup:no_structural_setup
2026-08-12 21:54:04,998 BystraStrategy Bystra best detector: SNRC1 conf=90% dir=BUY
2026-08-12 21:54:04,998 BystraStrategy Bystra pattern blacklist: SNRC1 @ zone 0 already fired, skip
2026-08-12 21:54:04,998 StrategyManager Strategy bystra_v1 returned WAIT: pattern_blacklist:SNRC1
2026-08-12 21:54:04,998 TIE_Production No setup for XAUUSD (WAIT)
2026-08-12 21:54:05,005 GateObservatory [XAUUSD/TIE_V4] Outcome: NO_TRADE | no_signal
2026-08-12 21:54:06,443 TIE_Production --- Scanning XAUUSD ---
2026-08-12 21:54:07,304 TIE_Production MARKET REGIME: RANGING (strength=60) | SUGGESTED ENGINE: SemiHFT
2026-08-12 21:54:07,306 strategies.semi_hft.strategy [LIQ_VACUUM] GOOD clear_path_up dir=BUY
2026-08-12 21:54:07,306 strategies.semi_hft.strategy [ZSCORE] zscore_ok z=-0.39
2026-08-12 21:54:07,306 StrategyManager Strategy semi_hft_c8_v4 returned WAIT: pullback:counter_trend_not_in_fibo dir=BUY m15=DOWN price=4422.29 H=4441.46 L=4382.12
2026-08-12 21:54:07,306 StrategyManager Strategy aggressive_v1 returned WAIT: tl_guard:NO_SELL_BREAK
2026-08-12 21:54:07,308 BystraStrategy Bystra best detector: SNRC1 conf=90% dir=BUY
2026-08-12 21:54:07,308 BystraStrategy Bystra pattern blacklist: SNRC1 @ zone 0 already fired, skip
2026-08-12 21:54:07,308 StrategyManager Strategy bystra_v1 returned WAIT: pattern_blacklist:SNRC1
2026-08-12 21:54:07,308 TIE_Production No setup for XAUUSD (WAIT)
2026-08-12 21:54:07,313 GateObservatory [XAUUSD/TIE_V4] Outcome: NO_TRADE | no_signal
2026-08-12 21:54:15,827 TIE_Production --- Scanning XAUUSD ---
2026-08-12 21:54:16,702 TIE_Production MARKET REGIME: RANGING (strength=60) | SUGGESTED ENGINE: SemiHFT
2026-08-12 21:54:16,704 StrategyManager Strategy semi_hft_c8_v4 returned WAIT: no_setup:no_structural_setup
2026-08-12 21:54:16,704 StrategyManager Strategy aggressive_v1 returned WAIT: no_setup:no_structural_setup
2026-08-12 21:54:16,706 BystraStrategy Bystra best detector: SNRC1 conf=90% dir=BUY
2026-08-12 21:54:16,706 BystraStrategy Bystra pattern blacklist: SNRC1 @ zone 0 already fired, skip
2026-08-12 21:54:16,707 StrategyManager Strategy bystra_v1 returned WAIT: pattern_blacklist:SNRC1
2026-08-12 21:54:16,707 TIE_Production No setup for XAUUSD (WAIT)
2026-08-12 21:54:16,711 GateObservatory [XAUUSD/TIE_V4] Outcome: NO_TRADE | no_signal
2026-08-12 21:54:18,141 TIE_Production --- Scanning XAUUSD ---
2026-08-12 21:54:19,378 TIE_Production MARKET REGIME: RANGING (strength=60) | SUGGESTED ENGINE: SemiHFT
2026-08-12 21:54:19,380 strategies.semi_hft.strategy [LIQ_VACUUM] GOOD clear_path_up dir=BUY
2026-08-12 21:54:19,380 strategies.semi_hft.strategy [ZSCORE] zscore_ok z=-0.43
2026-08-12 21:54:19,380 StrategyManager Strategy semi_hft_c8_v4 returned WAIT: pullback:counter_trend_not_in_fibo dir=BUY m15=DOWN price=4421.63 H=4441.46 L=4382.12
2026-08-12 21:54:19,381 StrategyManager Strategy aggressive_v1 returned WAIT: tl_guard:NO_SELL_BREAK
2026-08-12 21:54:19,382 BystraStrategy Bystra best detector: SNRC1 conf=90% dir=BUY
2026-08-12 21:54:19,382 BystraStrategy Bystra pattern blacklist: SNRC1 @ zone 0 already fired, skip
2026-08-12 21:54:19,382 StrategyManager Strategy bystra_v1 returned WAIT: pattern_blacklist:SNRC1
2026-08-12 21:54:19,382 TIE_Production No setup for XAUUSD (WAIT)
2026-08-12 21:54:19,388 GateObservatory [XAUUSD/TIE_V4] Outcome: NO_TRADE | no_signal
2026-08-12 21:54:27,554 TIE_Production --- Scanning XAUUSD ---
2026-08-12 21:54:28,428 TIE_Production MARKET REGIME: RANGING (strength=60) | SUGGESTED ENGINE: SemiHFT
2026-08-12 21:54:28,429 StrategyManager Strategy semi_hft_c8_v4 returned WAIT: no_setup:no_structural_setup
2026-08-12 21:54:28,431 StrategyManager Strategy aggressive_v1 returned WAIT: no_setup:no_structural_setup
2026-08-12 21:54:28,433 BystraStrategy Bystra best detector: SNRC1 conf=90% dir=BUY
2026-08-12 21:54:28,433 BystraStrategy Bystra pattern blacklist: SNRC1 @ zone 0 already fired, skip
2026-08-12 21:54:28,433 StrategyManager Strategy bystra_v1 returned WAIT: pattern_blacklist:SNRC1
2026-08-12 21:54:28,433 TIE_Production No setup for XAUUSD (WAIT)
2026-08-12 21:54:28,437 GateObservatory [XAUUSD/TIE_V4] Outcome: NO_TRADE | no_signal
2026-08-12 21:54:30,120 TIE_Production --- Scanning XAUUSD ---
2026-08-12 21:54:31,079 TIE_Production MARKET REGIME: RANGING (strength=60) | SUGGESTED ENGINE: SemiHFT
2026-08-12 21:54:31,081 strategies.semi_hft.strategy [LIQ_VACUUM] GOOD clear_path_up dir=BUY
2026-08-12 21:54:31,081 strategies.semi_hft.strategy [ZSCORE] zscore_ok z=-0.43
2026-08-12 21:54:31,081 StrategyManager Strategy semi_hft_c8_v4 returned WAIT: pullback:counter_trend_not_in_fibo dir=BUY m15=DOWN price=4421.73 H=4441.46 L=4382.12
2026-08-12 21:54:31,082 StrategyManager Strategy aggressive_v1 returned WAIT: tl_guard:NO_SELL_BREAK
2026-08-12 21:54:31,083 BystraStrategy Bystra best detector: SNRC1 conf=90% dir=BUY
2026-08-12 21:54:31,083 BystraStrategy Bystra pattern blacklist: SNRC1 @ zone 0 already fired, skip
2026-08-12 21:54:31,083 StrategyManager Strategy bystra_v1 returned WAIT: pattern_blacklist:SNRC1
2026-08-12 21:54:31,083 TIE_Production No setup for XAUUSD (WAIT)
2026-08-12 21:54:31,088 GateObservatory [XAUUSD/TIE_V4] Outcome: NO_TRADE | no_signal
2026-08-12 21:54:39,192 TIE_Production --- Scanning XAUUSD ---
2026-08-12 21:54:40,261 TIE_Production MARKET REGIME: RANGING (strength=60) | SUGGESTED ENGINE: SemiHFT
2026-08-12 21:54:40,262 StrategyManager Strategy semi_hft_c8_v4 returned WAIT: no_setup:no_structural_setup
2026-08-12 21:54:40,262 StrategyManager Strategy aggressive_v1 returned WAIT: no_setup:no_structural_setup
2026-08-12 21:54:40,264 BystraStrategy Bystra best detector: SNRC1 conf=90% dir=BUY
2026-08-12 21:54:40,264 BystraStrategy Bystra pattern blacklist: SNRC1 @ zone 0 already fired, skip
2026-08-12 21:54:40,264 StrategyManager Strategy bystra_v1 returned WAIT: pattern_blacklist:SNRC1
2026-08-12 21:54:40,264 TIE_Production No setup for XAUUSD (WAIT)
2026-08-12 21:54:40,269 GateObservatory [XAUUSD/TIE_V4] Outcome: NO_TRADE | no_signal
2026-08-12 21:54:41,872 TIE_Production --- Scanning XAUUSD ---
2026-08-12 21:54:42,871 TIE_Production MARKET REGIME: RANGING (strength=60) | SUGGESTED ENGINE: SemiHFT
2026-08-12 21:54:42,873 strategies.semi_hft.strategy [LIQ_VACUUM] GOOD clear_path_down dir=SELL
2026-08-12 21:54:42,873 strategies.semi_hft.strategy [ZSCORE] zscore_ok z=-0.63
2026-08-12 21:54:42,873 StrategyManager Strategy semi_hft_c8_v4 returned WAIT: pullback:m5_weak_trend dir=SELL
2026-08-12 21:54:42,873 StrategyManager Strategy aggressive_v1 returned WAIT: tl_guard:NO_SELL_BREAK
2026-08-12 21:54:42,875 BystraStrategy Bystra best detector: SNRC1 conf=90% dir=BUY
2026-08-12 21:54:42,875 BystraStrategy Bystra pattern blacklist: SNRC1 @ zone 0 already fired, skip
2026-08-12 21:54:42,875 StrategyManager Strategy bystra_v1 returned WAIT: pattern_blacklist:SNRC1
2026-08-12 21:54:42,875 TIE_Production No setup for XAUUSD (WAIT)
2026-08-12 21:54:42,881 GateObservatory [XAUUSD/TIE_V4] Outcome: NO_TRADE | no_signal
2026-08-12 21:54:51,055 TIE_Production --- Scanning XAUUSD ---
2026-08-12 21:54:52,082 TIE_Production MARKET REGIME: RANGING (strength=60) | SUGGESTED ENGINE: SemiHFT
2026-08-12 21:54:52,083 StrategyManager Strategy semi_hft_c8_v4 returned WAIT: no_setup:no_structural_setup
2026-08-12 21:54:52,084 StrategyManager Strategy aggressive_v1 returned WAIT: no_setup:no_structural_setup
2026-08-12 21:54:52,085 BystraStrategy Bystra best detector: SNRC1 conf=90% dir=BUY
2026-08-12 21:54:52,085 BystraStrategy Bystra pattern blacklist: SNRC1 @ zone 0 already fired, skip
2026-08-12 21:54:52,085 StrategyManager Strategy bystra_v1 returned WAIT: pattern_blacklist:SNRC1
2026-08-12 21:54:52,085 TIE_Production No setup for XAUUSD (WAIT)
2026-08-12 21:54:52,092 GateObservatory [XAUUSD/TIE_V4] Outcome: NO_TRADE | no_signal
2026-08-12 21:54:53,683 TIE_Production --- Scanning XAUUSD ---
2026-08-12 21:54:54,633 TIE_Production MARKET REGIME: RANGING (strength=60) | SUGGESTED ENGINE: SemiHFT
2026-08-12 21:54:54,634 strategies.semi_hft.strategy [LIQ_VACUUM] GOOD clear_path_up dir=BUY
2026-08-12 21:54:54,634 strategies.semi_hft.strategy [ZSCORE] zscore_ok z=-0.43
2026-08-12 21:54:54,634 StrategyManager Strategy semi_hft_c8_v4 returned WAIT: pullback:counter_trend_not_in_fibo dir=BUY m15=DOWN price=4421.74 H=4441.46 L=4382.12
2026-08-12 21:54:54,635 StrategyManager Strategy aggressive_v1 returned WAIT: tl_guard:NO_SELL_BREAK
2026-08-12 21:54:54,637 BystraStrategy Bystra best detector: SNRC1 conf=90% dir=BUY
2026-08-12 21:54:54,637 BystraStrategy Bystra pattern blacklist: SNRC1 @ zone 0 already fired, skip
2026-08-12 21:54:54,637 StrategyManager Strategy bystra_v1 returned WAIT: pattern_blacklist:SNRC1
2026-08-12 21:54:54,637 TIE_Production No setup for XAUUSD (WAIT)
2026-08-12 21:54:54,641 GateObservatory [XAUUSD/TIE_V4] Outcome: NO_TRADE | no_signal
2026-08-12 21:55:03,051 TIE_Production --- Scanning XAUUSD ---
2026-08-12 21:55:04,053 TIE_Production MARKET REGIME: TRENDING (strength=90) | SUGGESTED ENGINE: Aggressive
2026-08-12 21:55:04,054 StrategyManager Strategy semi_hft_c8_v4 returned WAIT: no_setup:no_structural_setup
2026-08-12 21:55:04,055 StrategyManager Strategy aggressive_v1 returned WAIT: no_setup:no_structural_setup
2026-08-12 21:55:04,056 BystraStrategy Bystra best detector: SNRC1 conf=90% dir=BUY
2026-08-12 21:55:04,056 BystraStrategy Bystra pattern blacklist: SNRC1 @ zone 0 already fired, skip
2026-08-12 21:55:04,056 StrategyManager Strategy bystra_v1 returned WAIT: pattern_blacklist:SNRC1
2026-08-12 21:55:04,057 TIE_Production No setup for XAUUSD (WAIT)
2026-08-12 21:55:04,061 GateObservatory [XAUUSD/TIE_V4] Outcome: NO_TRADE | no_signal
2026-08-12 21:55:05,448 TIE_Production --- Scanning XAUUSD ---
2026-08-12 21:55:06,563 TIE_Production MARKET REGIME: TRENDING (strength=89) | SUGGESTED ENGINE: Aggressive
2026-08-12 21:55:06,565 strategies.semi_hft.strategy [LIQ_VACUUM] GOOD clear_path_down dir=SELL
2026-08-12 21:55:06,565 strategies.semi_hft.strategy [ZSCORE] zscore_ok z=-0.44
2026-08-12 21:55:06,565 StrategyManager Strategy semi_hft_c8_v4 returned WAIT: pullback:regime_conflict TRENDING=89 blocks SELL
2026-08-12 21:55:06,566 StrategyManager Strategy aggressive_v1 returned WAIT: tl_guard:NO_SELL_BREAK
2026-08-12 21:55:06,567 BystraStrategy Bystra best detector: SNRC1 conf=90% dir=BUY
2026-08-12 21:55:06,567 BystraStrategy Bystra pattern blacklist: SNRC1 @ zone 0 already fired, skip
2026-08-12 21:55:06,567 StrategyManager Strategy bystra_v1 returned WAIT: pattern_blacklist:SNRC1
2026-08-12 21:55:06,567 TIE_Production No setup for XAUUSD (WAIT)
2026-08-12 21:55:06,573 GateObservatory [XAUUSD/TIE_V4] Outcome: NO_TRADE | no_signal
2026-08-12 21:55:14,865 TIE_Production --- Scanning XAUUSD ---
2026-08-12 21:55:15,869 TIE_Production MARKET REGIME: TRENDING (strength=64) | SUGGESTED ENGINE: Aggressive
2026-08-12 21:55:15,870 StrategyManager Strategy semi_hft_c8_v4 returned WAIT: no_setup:no_structural_setup
2026-08-12 21:55:15,871 StrategyManager Strategy aggressive_v1 returned WAIT: no_setup:no_structural_setup
2026-08-12 21:55:15,872 BystraStrategy Bystra best detector: SNRC1 conf=90% dir=BUY
2026-08-12 21:55:15,872 BystraStrategy Bystra pattern blacklist: SNRC1 @ zone 0 already fired, skip
2026-08-12 21:55:15,872 StrategyManager Strategy bystra_v1 returned WAIT: pattern_blacklist:SNRC1
2026-08-12 21:55:15,872 TIE_Production No setup for XAUUSD (WAIT)
2026-08-12 21:55:15,876 GateObservatory [XAUUSD/TIE_V4] Outcome: NO_TRADE | no_signal
2026-08-12 21:55:17,473 TIE_Production --- Scanning XAUUSD ---
2026-08-12 21:55:18,441 TIE_Production MARKET REGIME: TRENDING (strength=78) | SUGGESTED ENGINE: Aggressive
2026-08-12 21:55:18,443 strategies.semi_hft.strategy [LIQ_VACUUM] GOOD clear_path_down dir=SELL
2026-08-12 21:55:18,443 strategies.semi_hft.strategy [ZSCORE] zscore_ok z=-0.50
2026-08-12 21:55:18,443 StrategyManager Strategy semi_hft_c8_v4 returned WAIT: pullback:m5_weak_trend dir=SELL
2026-08-12 21:55:18,443 StrategyManager Strategy aggressive_v1 returned WAIT: tl_guard:NO_SELL_BREAK
2026-08-12 21:55:18,445 BystraStrategy Bystra best detector: SNRC1 conf=90% dir=BUY
2026-08-12 21:55:18,445 BystraStrategy Bystra pattern blacklist: SNRC1 @ zone 0 already fired, skip
2026-08-12 21:55:18,445 StrategyManager Strategy bystra_v1 returned WAIT: pattern_blacklist:SNRC1
2026-08-12 21:55:18,445 TIE_Production No setup for XAUUSD (WAIT)
2026-08-12 21:55:18,451 GateObservatory [XAUUSD/TIE_V4] Outcome: NO_TRADE | no_signal
2026-08-12 21:55:26,661 TIE_Production --- Scanning XAUUSD ---
2026-08-12 21:55:27,554 TIE_Production MARKET REGIME: RANGING (strength=60) | SUGGESTED ENGINE: SemiHFT
2026-08-12 21:55:27,556 StrategyManager Strategy semi_hft_c8_v4 returned WAIT: no_setup:no_structural_setup
2026-08-12 21:55:27,556 StrategyManager Strategy aggressive_v1 returned WAIT: no_setup:no_structural_setup
2026-08-12 21:55:27,558 BystraStrategy Bystra best detector: SNRC1 conf=90% dir=BUY
2026-08-12 21:55:27,558 BystraStrategy Bystra pattern blacklist: SNRC1 @ zone 0 already fired, skip
2026-08-12 21:55:27,558 StrategyManager Strategy bystra_v1 returned WAIT: pattern_blacklist:SNRC1
2026-08-12 21:55:27,558 TIE_Production No setup for XAUUSD (WAIT)
2026-08-12 21:55:27,563 GateObservatory [XAUUSD/TIE_V4] Outcome: NO_TRADE | no_signal
2026-08-12 21:55:29,242 TIE_Production --- Scanning XAUUSD ---
2026-08-12 21:55:30,119 TIE_Production MARKET REGIME: RANGING (strength=60) | SUGGESTED ENGINE: SemiHFT
2026-08-12 21:55:30,120 strategies.semi_hft.strategy [LIQ_VACUUM] GOOD clear_path_down dir=SELL
2026-08-12 21:55:30,120 strategies.semi_hft.strategy [ZSCORE] zscore_ok z=-0.33
2026-08-12 21:55:30,120 StrategyManager Strategy semi_hft_c8_v4 returned WAIT: pullback:m5_weak_trend dir=SELL
2026-08-12 21:55:30,121 StrategyManager Strategy aggressive_v1 returned WAIT: tl_guard:NO_SELL_BREAK
2026-08-12 21:55:30,123 BystraStrategy Bystra best detector: SNRC1 conf=90% dir=BUY
2026-08-12 21:55:30,123 BystraStrategy Bystra pattern blacklist: SNRC1 @ zone 0 already fired, skip
2026-08-12 21:55:30,123 StrategyManager Strategy bystra_v1 returned WAIT: pattern_blacklist:SNRC1
2026-08-12 21:55:30,123 TIE_Production No setup for XAUUSD (WAIT)
2026-08-12 21:55:30,127 GateObservatory [XAUUSD/TIE_V4] Outcome: NO_TRADE | no_signal
2026-08-12 21:55:38,421 TIE_Production --- Scanning XAUUSD ---
2026-08-12 21:55:39,482 TIE_Production MARKET REGIME: TRENDING (strength=70) | SUGGESTED ENGINE: Aggressive
2026-08-12 21:55:39,483 StrategyManager Strategy semi_hft_c8_v4 returned WAIT: no_setup:no_structural_setup
2026-08-12 21:55:39,483 StrategyManager Strategy aggressive_v1 returned WAIT: no_setup:no_structural_setup
2026-08-12 21:55:39,485 BystraStrategy Bystra best detector: SNRC1 conf=90% dir=BUY
2026-08-12 21:55:39,485 BystraStrategy Bystra pattern blacklist: SNRC1 @ zone 0 already fired, skip
2026-08-12 21:55:39,485 StrategyManager Strategy bystra_v1 returned WAIT: pattern_blacklist:SNRC1
2026-08-12 21:55:39,485 TIE_Production No setup for XAUUSD (WAIT)
2026-08-12 21:55:39,490 GateObservatory [XAUUSD/TIE_V4] Outcome: NO_TRADE | no_signal
2026-08-12 21:55:40,967 TIE_Production --- Scanning XAUUSD ---
2026-08-12 21:55:41,817 TIE_Production MARKET REGIME: TRENDING (strength=76) | SUGGESTED ENGINE: Aggressive
2026-08-12 21:55:41,818 strategies.semi_hft.strategy [LIQ_VACUUM] GOOD clear_path_down dir=SELL
2026-08-12 21:55:41,818 strategies.semi_hft.strategy [ZSCORE] zscore_ok z=-0.48
2026-08-12 21:55:41,818 StrategyManager Strategy semi_hft_c8_v4 returned WAIT: pullback:m5_weak_trend dir=SELL
2026-08-12 21:55:41,819 StrategyManager Strategy aggressive_v1 returned WAIT: tl_guard:NO_SELL_BREAK
2026-08-12 21:55:41,820 BystraStrategy Bystra best detector: SNRC1 conf=90% dir=BUY
2026-08-12 21:55:41,820 BystraStrategy Bystra pattern blacklist: SNRC1 @ zone 0 already fired, skip
2026-08-12 21:55:41,820 StrategyManager Strategy bystra_v1 returned WAIT: pattern_blacklist:SNRC1
2026-08-12 21:55:41,821 TIE_Production No setup for XAUUSD (WAIT)
2026-08-12 21:55:41,825 GateObservatory [XAUUSD/TIE_V4] Outcome: NO_TRADE | no_signal
2026-08-12 21:55:50,699 TIE_Production --- Scanning XAUUSD ---
2026-08-12 21:55:51,579 TIE_Production MARKET REGIME: TRENDING (strength=68) | SUGGESTED ENGINE: Aggressive
2026-08-12 21:55:51,580 StrategyManager Strategy semi_hft_c8_v4 returned WAIT: no_setup:no_structural_setup
2026-08-12 21:55:51,580 StrategyManager Strategy aggressive_v1 returned WAIT: no_setup:no_structural_setup
2026-08-12 21:55:51,582 BystraStrategy Bystra best detector: SNRC1 conf=90% dir=BUY
2026-08-12 21:55:51,582 BystraStrategy Bystra pattern blacklist: SNRC1 @ zone 0 already fired, skip
2026-08-12 21:55:51,582 StrategyManager Strategy bystra_v1 returned WAIT: pattern_blacklist:SNRC1
2026-08-12 21:55:51,582 TIE_Production No setup for XAUUSD (WAIT)
2026-08-12 21:55:51,587 GateObservatory [XAUUSD/TIE_V4] Outcome: NO_TRADE | no_signal
2026-08-12 21:55:52,572 TIE_Production --- Scanning XAUUSD ---
2026-08-12 21:55:53,422 TIE_Production MARKET REGIME: RANGING (strength=60) | SUGGESTED ENGINE: SemiHFT
2026-08-12 21:55:53,423 strategies.semi_hft.strategy [LIQ_VACUUM] GOOD clear_path_down dir=SELL
2026-08-12 21:55:53,423 strategies.semi_hft.strategy [ZSCORE] zscore_ok z=-0.36
2026-08-12 21:55:53,423 StrategyManager Strategy semi_hft_c8_v4 returned WAIT: pullback:m5_weak_trend dir=SELL
2026-08-12 21:55:53,424 StrategyManager Strategy aggressive_v1 returned WAIT: tl_guard:NO_SELL_BREAK
2026-08-12 21:55:53,425 BystraStrategy Bystra best detector: SNRC1 conf=90% dir=BUY
2026-08-12 21:55:53,425 BystraStrategy Bystra pattern blacklist: SNRC1 @ zone 0 already fired, skip
2026-08-12 21:55:53,426 StrategyManager Strategy bystra_v1 returned WAIT: pattern_blacklist:SNRC1
2026-08-12 21:55:53,426 TIE_Production No setup for XAUUSD (WAIT)
2026-08-12 21:55:53,430 GateObservatory [XAUUSD/TIE_V4] Outcome: NO_TRADE | no_signal
2026-08-12 21:56:02,457 TIE_Production --- Scanning XAUUSD ---
2026-08-12 21:56:03,255 TIE_Production MARKET REGIME: TRENDING (strength=71) | SUGGESTED ENGINE: Aggressive
2026-08-12 21:56:03,257 StrategyManager Strategy semi_hft_c8_v4 returned WAIT: no_setup:no_structural_setup
2026-08-12 21:56:03,257 StrategyManager Strategy aggressive_v1 returned WAIT: no_setup:no_structural_setup
2026-08-12 21:56:03,258 BystraStrategy Bystra best detector: SNRC1 conf=90% dir=BUY
2026-08-12 21:56:03,258 BystraStrategy Bystra pattern blacklist: SNRC1 @ zone 0 already fired, skip
2026-08-12 21:56:03,259 StrategyManager Strategy bystra_v1 returned WAIT: pattern_blacklist:SNRC1
2026-08-12 21:56:03,259 TIE_Production No setup for XAUUSD (WAIT)
2026-08-12 21:56:03,263 GateObservatory [XAUUSD/TIE_V4] Outcome: NO_TRADE | no_signal
2026-08-12 21:56:04,182 TIE_Production --- Scanning XAUUSD ---
2026-08-12 21:56:05,371 TIE_Production MARKET REGIME: TRENDING (strength=75) | SUGGESTED ENGINE: Aggressive
2026-08-12 21:56:05,373 strategies.semi_hft.strategy [LIQ_VACUUM] GOOD clear_path_up dir=BUY
2026-08-12 21:56:05,373 strategies.semi_hft.strategy [ZSCORE] zscore_ok z=-0.49
2026-08-12 21:56:05,373 StrategyManager Strategy semi_hft_c8_v4 returned WAIT: pullback:counter_trend_not_in_fibo dir=BUY m15=DOWN price=4421.07 H=4441.46 L=4382.12
2026-08-12 21:56:05,373 StrategyManager Strategy aggressive_v1 returned WAIT: tl_guard:NO_SELL_BREAK
2026-08-12 21:56:05,376 BystraStrategy Bystra best detector: SNRC1 conf=90% dir=BUY
2026-08-12 21:56:05,376 BystraStrategy Bystra pattern blacklist: SNRC1 @ zone 0 already fired, skip
2026-08-12 21:56:05,376 StrategyManager Strategy bystra_v1 returned WAIT: pattern_blacklist:SNRC1
2026-08-12 21:56:05,376 TIE_Production No setup for XAUUSD (WAIT)
2026-08-12 21:56:05,380 GateObservatory [XAUUSD/TIE_V4] Outcome: NO_TRADE | no_signal
2026-08-12 21:56:14,093 TIE_Production --- Scanning XAUUSD ---
2026-08-12 21:56:14,977 TIE_Production MARKET REGIME: TRENDING (strength=77) | SUGGESTED ENGINE: Aggressive
2026-08-12 21:56:14,979 StrategyManager Strategy semi_hft_c8_v4 returned WAIT: no_setup:no_structural_setup
2026-08-12 21:56:14,979 StrategyManager Strategy aggressive_v1 returned WAIT: no_setup:no_structural_setup
2026-08-12 21:56:14,981 BystraStrategy Bystra best detector: SNRC1 conf=90% dir=BUY
2026-08-12 21:56:14,981 BystraStrategy Bystra pattern blacklist: SNRC1 @ zone 0 already fired, skip
2026-08-12 21:56:14,981 StrategyManager Strategy bystra_v1 returned WAIT: pattern_blacklist:SNRC1
2026-08-12 21:56:14,981 TIE_Production No setup for XAUUSD (WAIT)
2026-08-12 21:56:14,986 GateObservatory [XAUUSD/TIE_V4] Outcome: NO_TRADE | no_signal
2026-08-12 21:56:16,473 TIE_Production --- Scanning XAUUSD ---
2026-08-12 21:56:17,370 TIE_Production MARKET REGIME: TRENDING (strength=83) | SUGGESTED ENGINE: Aggressive
2026-08-12 21:56:17,371 strategies.semi_hft.strategy [LIQ_VACUUM] GOOD clear_path_down dir=SELL
2026-08-12 21:56:17,371 strategies.semi_hft.strategy [ZSCORE] zscore_ok z=-0.63
2026-08-12 21:56:17,371 StrategyManager Strategy semi_hft_c8_v4 returned WAIT: pullback:regime_conflict TRENDING=83 blocks SELL
2026-08-12 21:56:17,372 StrategyManager Strategy aggressive_v1 returned WAIT: tl_guard:NO_SELL_BREAK
2026-08-12 21:56:17,373 BystraStrategy Bystra best detector: SNRC1 conf=90% dir=BUY
2026-08-12 21:56:17,373 BystraStrategy Bystra pattern blacklist: SNRC1 @ zone 0 already fired, skip
2026-08-12 21:56:17,373 StrategyManager Strategy bystra_v1 returned WAIT: pattern_blacklist:SNRC1
2026-08-12 21:56:17,374 TIE_Production No setup for XAUUSD (WAIT)
2026-08-12 21:56:17,378 GateObservatory [XAUUSD/TIE_V4] Outcome: NO_TRADE | no_signal
2026-08-12 21:56:25,727 TIE_Production --- Scanning XAUUSD ---
2026-08-12 21:56:26,766 TIE_Production MARKET REGIME: TRENDING (strength=83) | SUGGESTED ENGINE: Aggressive
2026-08-12 21:56:26,767 StrategyManager Strategy semi_hft_c8_v4 returned WAIT: no_setup:no_structural_setup
2026-08-12 21:56:26,768 StrategyManager Strategy aggressive_v1 returned WAIT: no_setup:no_structural_setup
2026-08-12 21:56:26,773 BystraStrategy Bystra best detector: SNRC1 conf=90% dir=BUY
2026-08-12 21:56:26,773 BystraStrategy Bystra pattern blacklist: SNRC1 @ zone 0 already fired, skip
2026-08-12 21:56:26,773 StrategyManager Strategy bystra_v1 returned WAIT: pattern_blacklist:SNRC1
2026-08-12 21:56:26,773 TIE_Production No setup for XAUUSD (WAIT)
2026-08-12 21:56:26,777 GateObservatory [XAUUSD/TIE_V4] Outcome: NO_TRADE | no_signal
2026-08-12 21:56:28,117 TIE_Production --- Scanning XAUUSD ---
2026-08-12 21:56:28,934 TIE_Production MARKET REGIME: TRENDING (strength=76) | SUGGESTED ENGINE: Aggressive
2026-08-12 21:56:28,935 strategies.semi_hft.strategy [LIQ_VACUUM] GOOD clear_path_down dir=SELL
2026-08-12 21:56:28,935 strategies.semi_hft.strategy [ZSCORE] zscore_ok z=-0.59
2026-08-12 21:56:28,936 StrategyManager Strategy semi_hft_c8_v4 returned WAIT: pullback:m5_weak_trend dir=SELL
2026-08-12 21:56:28,936 StrategyManager Strategy aggressive_v1 returned WAIT: tl_guard:NO_SELL_BREAK
2026-08-12 21:56:28,937 BystraStrategy Bystra best detector: SNRC1 conf=90% dir=BUY
2026-08-12 21:56:28,938 BystraStrategy Bystra pattern blacklist: SNRC1 @ zone 0 already fired, skip
2026-08-12 21:56:28,938 StrategyManager Strategy bystra_v1 returned WAIT: pattern_blacklist:SNRC1
2026-08-12 21:56:28,938 TIE_Production No setup for XAUUSD (WAIT)
2026-08-12 21:56:28,943 GateObservatory [XAUUSD/TIE_V4] Outcome: NO_TRADE | no_signal
2026-08-12 21:56:37,616 TIE_Production --- Scanning XAUUSD ---
2026-08-12 21:56:38,550 TIE_Production MARKET REGIME: TRENDING (strength=80) | SUGGESTED ENGINE: Aggressive
2026-08-12 21:56:38,551 StrategyManager Strategy semi_hft_c8_v4 returned WAIT: no_setup:no_structural_setup
2026-08-12 21:56:38,551 StrategyManager Strategy aggressive_v1 returned WAIT: no_setup:no_structural_setup
2026-08-12 21:56:38,553 BystraStrategy Bystra best detector: SNRC1 conf=90% dir=BUY
2026-08-12 21:56:38,553 BystraStrategy Bystra pattern blacklist: SNRC1 @ zone 0 already fired, skip
2026-08-12 21:56:38,553 StrategyManager Strategy bystra_v1 returned WAIT: pattern_blacklist:SNRC1
2026-08-12 21:56:38,553 TIE_Production No setup for XAUUSD (WAIT)
2026-08-12 21:56:38,559 GateObservatory [XAUUSD/TIE_V4] Outcome: NO_TRADE | no_signal
2026-08-12 21:56:39,753 TIE_Production --- Scanning XAUUSD ---
2026-08-12 21:56:40,600 TIE_Production MARKET REGIME: TRENDING (strength=82) | SUGGESTED ENGINE: Aggressive
2026-08-12 21:56:40,601 strategies.semi_hft.strategy [LIQ_VACUUM] GOOD clear_path_down dir=SELL
2026-08-12 21:56:40,601 strategies.semi_hft.strategy [ZSCORE] zscore_ok z=-0.67
2026-08-12 21:56:40,601 StrategyManager Strategy semi_hft_c8_v4 returned WAIT: pullback:regime_conflict TRENDING=82 blocks SELL
2026-08-12 21:56:40,602 StrategyManager Strategy aggressive_v1 returned WAIT: tl_guard:NO_SELL_BREAK
2026-08-12 21:56:40,603 BystraStrategy Bystra best detector: SNRC1 conf=90% dir=BUY
2026-08-12 21:56:40,603 BystraStrategy Bystra pattern blacklist: SNRC1 @ zone 0 already fired, skip
2026-08-12 21:56:40,603 StrategyManager Strategy bystra_v1 returned WAIT: pattern_blacklist:SNRC1
2026-08-12 21:56:40,603 TIE_Production No setup for XAUUSD (WAIT)
2026-08-12 21:56:40,608 GateObservatory [XAUUSD/TIE_V4] Outcome: NO_TRADE | no_signal
2026-08-12 21:56:49,352 TIE_Production --- Scanning XAUUSD ---
2026-08-12 21:56:50,270 TIE_Production MARKET REGIME: TRENDING (strength=84) | SUGGESTED ENGINE: Aggressive
2026-08-12 21:56:50,271 StrategyManager Strategy semi_hft_c8_v4 returned WAIT: no_setup:no_structural_setup
2026-08-12 21:56:50,271 StrategyManager Strategy aggressive_v1 returned WAIT: no_setup:no_structural_setup
2026-08-12 21:56:50,273 BystraStrategy Bystra best detector: SNRC1 conf=90% dir=BUY
2026-08-12 21:56:50,273 BystraStrategy Bystra pattern blacklist: SNRC1 @ zone 0 already fired, skip
2026-08-12 21:56:50,273 StrategyManager Strategy bystra_v1 returned WAIT: pattern_blacklist:SNRC1
2026-08-12 21:56:50,273 TIE_Production No setup for XAUUSD (WAIT)
2026-08-12 21:56:50,277 GateObservatory [XAUUSD/TIE_V4] Outcome: NO_TRADE | no_signal
2026-08-12 21:56:51,418 TIE_Production --- Scanning XAUUSD ---
2026-08-12 21:56:52,186 TIE_Production MARKET REGIME: TRENDING (strength=83) | SUGGESTED ENGINE: Aggressive
2026-08-12 21:56:52,187 strategies.semi_hft.strategy [LIQ_VACUUM] GOOD clear_path_down dir=SELL
2026-08-12 21:56:52,188 strategies.semi_hft.strategy [ZSCORE] zscore_ok z=-0.70
2026-08-12 21:56:52,188 StrategyManager Strategy semi_hft_c8_v4 returned WAIT: pullback:regime_conflict TRENDING=82 blocks SELL
2026-08-12 21:56:52,188 StrategyManager Strategy aggressive_v1 returned WAIT: tl_guard:NO_SELL_BREAK
2026-08-12 21:56:52,190 BystraStrategy Bystra best detector: SNRC1 conf=90% dir=BUY
2026-08-12 21:56:52,190 BystraStrategy Bystra pattern blacklist: SNRC1 @ zone 0 already fired, skip
2026-08-12 21:56:52,190 StrategyManager Strategy bystra_v1 returned WAIT: pattern_blacklist:SNRC1
2026-08-12 21:56:52,190 TIE_Production No setup for XAUUSD (WAIT)
2026-08-12 21:56:52,195 GateObservatory [XAUUSD/TIE_V4] Outcome: NO_TRADE | no_signal
2026-08-12 21:57:01,098 TIE_Production --- Scanning XAUUSD ---
2026-08-12 21:57:01,975 TIE_Production MARKET REGIME: TRENDING (strength=79) | SUGGESTED ENGINE: Aggressive
2026-08-12 21:57:01,977 StrategyManager Strategy semi_hft_c8_v4 returned WAIT: no_setup:no_structural_setup
2026-08-12 21:57:01,977 StrategyManager Strategy aggressive_v1 returned WAIT: no_setup:no_structural_setup
2026-08-12 21:57:01,979 BystraStrategy Bystra best detector: SNRC1 conf=90% dir=BUY
2026-08-12 21:57:01,979 BystraStrategy Bystra pattern blacklist: SNRC1 @ zone 0 already fired, skip
2026-08-12 21:57:01,979 StrategyManager Strategy bystra_v1 returned WAIT: pattern_blacklist:SNRC1
2026-08-12 21:57:01,979 TIE_Production No setup for XAUUSD (WAIT)
2026-08-12 21:57:01,984 GateObservatory [XAUUSD/TIE_V4] Outcome: NO_TRADE | no_signal
2026-08-12 21:57:02,896 TIE_Production --- Scanning XAUUSD ---
2026-08-12 21:57:03,880 TIE_Production MARKET REGIME: TRENDING (strength=74) | SUGGESTED ENGINE: Aggressive
2026-08-12 21:57:03,882 strategies.semi_hft.strategy [LIQ_VACUUM] GOOD clear_path_up dir=BUY
2026-08-12 21:57:03,882 strategies.semi_hft.strategy [ZSCORE] zscore_ok z=-0.59
2026-08-12 21:57:03,882 StrategyManager Strategy semi_hft_c8_v4 returned WAIT: pullback:counter_trend_not_in_fibo dir=BUY m15=DOWN price=4420.49 H=4441.46 L=4382.12
2026-08-12 21:57:03,883 StrategyManager Strategy aggressive_v1 returned WAIT: tl_guard:NO_SELL_BREAK
2026-08-12 21:57:03,886 BystraStrategy Bystra best detector: SNRC1 conf=90% dir=BUY
2026-08-12 21:57:03,886 BystraStrategy Bystra pattern blacklist: SNRC1 @ zone 0 already fired, skip
2026-08-12 21:57:03,886 StrategyManager Strategy bystra_v1 returned WAIT: pattern_blacklist:SNRC1
2026-08-12 21:57:03,887 TIE_Production No setup for XAUUSD (WAIT)
2026-08-12 21:57:03,892 GateObservatory [XAUUSD/TIE_V4] Outcome: NO_TRADE | no_signal
2026-08-12 21:57:12,747 TIE_Production --- Scanning XAUUSD ---
2026-08-12 21:57:13,599 TIE_Production MARKET REGIME: TRENDING (strength=67) | SUGGESTED ENGINE: Aggressive
2026-08-12 21:57:13,600 StrategyManager Strategy semi_hft_c8_v4 returned WAIT: no_setup:no_structural_setup
2026-08-12 21:57:13,600 StrategyManager Strategy aggressive_v1 returned WAIT: no_setup:no_structural_setup
2026-08-12 21:57:13,602 BystraStrategy Bystra best detector: SNRC1 conf=90% dir=BUY
2026-08-12 21:57:13,602 BystraStrategy Bystra pattern blacklist: SNRC1 @ zone 0 already fired, skip
2026-08-12 21:57:13,602 StrategyManager Strategy bystra_v1 returned WAIT: pattern_blacklist:SNRC1
2026-08-12 21:57:13,603 TIE_Production No setup for XAUUSD (WAIT)
2026-08-12 21:57:13,608 GateObservatory [XAUUSD/TIE_V4] Outcome: NO_TRADE | no_signal
2026-08-12 21:57:14,781 TIE_Production --- Scanning XAUUSD ---
2026-08-12 21:57:15,681 TIE_Production MARKET REGIME: TRENDING (strength=67) | SUGGESTED ENGINE: Aggressive
2026-08-12 21:57:15,682 strategies.semi_hft.strategy [LIQ_VACUUM] GOOD clear_path_up dir=BUY
2026-08-12 21:57:15,683 strategies.semi_hft.strategy [ZSCORE] zscore_ok z=-0.49
2026-08-12 21:57:15,683 StrategyManager Strategy semi_hft_c8_v4 returned WAIT: pullback:counter_trend_not_in_fibo dir=BUY m15=DOWN price=4421.16 H=4441.46 L=4382.12
2026-08-12 21:57:15,683 StrategyManager Strategy aggressive_v1 returned WAIT: tl_guard:NO_SELL_BREAK
2026-08-12 21:57:15,685 BystraStrategy Bystra best detector: SNRC1 conf=90% dir=BUY
2026-08-12 21:57:15,685 BystraStrategy Bystra pattern blacklist: SNRC1 @ zone 0 already fired, skip
2026-08-12 21:57:15,685 StrategyManager Strategy bystra_v1 returned WAIT: pattern_blacklist:SNRC1
2026-08-12 21:57:15,685 TIE_Production No setup for XAUUSD (WAIT)
2026-08-12 21:57:15,689 GateObservatory [XAUUSD/TIE_V4] Outcome: NO_TRADE | no_signal
2026-08-12 21:57:24,488 TIE_Production --- Scanning XAUUSD ---
2026-08-12 21:57:25,432 TIE_Production MARKET REGIME: TRENDING (strength=69) | SUGGESTED ENGINE: Aggressive
2026-08-12 21:57:25,433 StrategyManager Strategy semi_hft_c8_v4 returned WAIT: no_setup:no_structural_setup
2026-08-12 21:57:25,433 StrategyManager Strategy aggressive_v1 returned WAIT: no_setup:no_structural_setup
2026-08-12 21:57:25,435 BystraStrategy Bystra best detector: SNRC1 conf=90% dir=BUY
2026-08-12 21:57:25,435 BystraStrategy Bystra pattern blacklist: SNRC1 @ zone 0 already fired, skip
2026-08-12 21:57:25,435 StrategyManager Strategy bystra_v1 returned WAIT: pattern_blacklist:SNRC1
2026-08-12 21:57:25,435 TIE_Production No setup for XAUUSD (WAIT)
2026-08-12 21:57:25,439 GateObservatory [XAUUSD/TIE_V4] Outcome: NO_TRADE | no_signal
2026-08-12 21:57:26,528 TIE_Production --- Scanning XAUUSD ---
2026-08-12 21:57:27,505 TIE_Production MARKET REGIME: TRENDING (strength=68) | SUGGESTED ENGINE: Aggressive
2026-08-12 21:57:27,506 strategies.semi_hft.strategy [LIQ_VACUUM] GOOD clear_path_up dir=BUY
2026-08-12 21:57:27,507 strategies.semi_hft.strategy [ZSCORE] zscore_ok z=-0.50
2026-08-12 21:57:27,507 StrategyManager Strategy semi_hft_c8_v4 returned WAIT: pullback:counter_trend_not_in_fibo dir=BUY m15=DOWN price=4421.06 H=4441.46 L=4382.12
2026-08-12 21:57:27,507 StrategyManager Strategy aggressive_v1 returned WAIT: tl_guard:NO_SELL_BREAK
2026-08-12 21:57:27,509 BystraStrategy Bystra best detector: SNRC1 conf=90% dir=BUY
2026-08-12 21:57:27,509 BystraStrategy Bystra pattern blacklist: SNRC1 @ zone 0 already fired, skip
2026-08-12 21:57:27,509 StrategyManager Strategy bystra_v1 returned WAIT: pattern_blacklist:SNRC1
2026-08-12 21:57:27,509 TIE_Production No setup for XAUUSD (WAIT)
2026-08-12 21:57:27,514 GateObservatory [XAUUSD/TIE_V4] Outcome: NO_TRADE | no_signal
2026-08-12 21:57:36,245 TIE_Production --- Scanning XAUUSD ---
2026-08-12 21:57:37,381 TIE_Production MARKET REGIME: TRENDING (strength=65) | SUGGESTED ENGINE: Aggressive
2026-08-12 21:57:37,382 StrategyManager Strategy semi_hft_c8_v4 returned WAIT: no_setup:no_structural_setup
2026-08-12 21:57:37,383 StrategyManager Strategy aggressive_v1 returned WAIT: no_setup:no_structural_setup
2026-08-12 21:57:37,384 BystraStrategy Bystra best detector: SNRC1 conf=90% dir=BUY
2026-08-12 21:57:37,384 BystraStrategy Bystra pattern blacklist: SNRC1 @ zone 0 already fired, skip
2026-08-12 21:57:37,384 StrategyManager Strategy bystra_v1 returned WAIT: pattern_blacklist:SNRC1
2026-08-12 21:57:37,384 TIE_Production No setup for XAUUSD (WAIT)
2026-08-12 21:57:37,389 GateObservatory [XAUUSD/TIE_V4] Outcome: NO_TRADE | no_signal
2026-08-12 21:57:38,448 TIE_Production --- Scanning XAUUSD ---
2026-08-12 21:57:39,321 TIE_Production MARKET REGIME: TRENDING (strength=69) | SUGGESTED ENGINE: Aggressive
2026-08-12 21:57:39,323 strategies.semi_hft.strategy [LIQ_VACUUM] GOOD clear_path_up dir=BUY
2026-08-12 21:57:39,323 strategies.semi_hft.strategy [ZSCORE] zscore_ok z=-0.51
2026-08-12 21:57:39,323 StrategyManager Strategy semi_hft_c8_v4 returned WAIT: pullback:counter_trend_not_in_fibo dir=BUY m15=DOWN price=4420.98 H=4441.46 L=4382.12
2026-08-12 21:57:39,324 StrategyManager Strategy aggressive_v1 returned WAIT: tl_guard:NO_SELL_BREAK
2026-08-12 21:57:39,325 BystraStrategy Bystra best detector: SNRC1 conf=90% dir=BUY
2026-08-12 21:57:39,325 BystraStrategy Bystra pattern blacklist: SNRC1 @ zone 0 already fired, skip
2026-08-12 21:57:39,325 StrategyManager Strategy bystra_v1 returned WAIT: pattern_blacklist:SNRC1
2026-08-12 21:57:39,325 TIE_Production No setup for XAUUSD (WAIT)
2026-08-12 21:57:39,334 GateObservatory [XAUUSD/TIE_V4] Outcome: NO_TRADE | no_signal
2026-08-12 21:57:48,223 TIE_Production --- Scanning XAUUSD ---
2026-08-12 21:57:49,009 TIE_Production MARKET REGIME: TRENDING (strength=73) | SUGGESTED ENGINE: Aggressive
2026-08-12 21:57:49,010 StrategyManager Strategy semi_hft_c8_v4 returned WAIT: no_setup:no_structural_setup
2026-08-12 21:57:49,011 StrategyManager Strategy aggressive_v1 returned WAIT: no_setup:no_structural_setup
2026-08-12 21:57:49,012 BystraStrategy Bystra best detector: SNRC1 conf=90% dir=BUY
2026-08-12 21:57:49,012 BystraStrategy Bystra pattern blacklist: SNRC1 @ zone 0 already fired, skip
2026-08-12 21:57:49,012 StrategyManager Strategy bystra_v1 returned WAIT: pattern_blacklist:SNRC1
2026-08-12 21:57:49,013 TIE_Production No setup for XAUUSD (WAIT)
2026-08-12 21:57:49,017 GateObservatory [XAUUSD/TIE_V4] Outcome: NO_TRADE | no_signal
2026-08-12 21:57:50,128 TIE_Production --- Scanning XAUUSD ---
2026-08-12 21:57:50,934 TIE_Production MARKET REGIME: TRENDING (strength=69) | SUGGESTED ENGINE: Aggressive
2026-08-12 21:57:50,935 strategies.semi_hft.strategy [LIQ_VACUUM] GOOD clear_path_up dir=BUY
2026-08-12 21:57:50,936 strategies.semi_hft.strategy [ZSCORE] zscore_ok z=-0.51
2026-08-12 21:57:50,936 StrategyManager Strategy semi_hft_c8_v4 returned WAIT: pullback:counter_trend_not_in_fibo dir=BUY m15=DOWN price=4420.98 H=4441.46 L=4382.12
2026-08-12 21:57:50,936 StrategyManager Strategy aggressive_v1 returned WAIT: tl_guard:NO_SELL_BREAK
2026-08-12 21:57:50,938 BystraStrategy Bystra best detector: SNRC1 conf=90% dir=BUY
2026-08-12 21:57:50,938 BystraStrategy Bystra pattern blacklist: SNRC1 @ zone 0 already fired, skip
2026-08-12 21:57:50,938 StrategyManager Strategy bystra_v1 returned WAIT: pattern_blacklist:SNRC1
2026-08-12 21:57:50,938 TIE_Production No setup for XAUUSD (WAIT)
2026-08-12 21:57:50,942 GateObservatory [XAUUSD/TIE_V4] Outcome: NO_TRADE | no_signal
2026-08-12 21:57:59,800 TIE_Production --- Scanning XAUUSD ---
2026-08-12 21:58:00,634 TIE_Production MARKET REGIME: TRENDING (strength=73) | SUGGESTED ENGINE: Aggressive
2026-08-12 21:58:00,636 StrategyManager Strategy semi_hft_c8_v4 returned WAIT: no_setup:no_structural_setup
2026-08-12 21:58:00,636 StrategyManager Strategy aggressive_v1 returned WAIT: no_setup:no_structural_setup
2026-08-12 21:58:00,638 BystraStrategy Bystra best detector: SNRC1 conf=90% dir=BUY
2026-08-12 21:58:00,638 BystraStrategy Bystra pattern blacklist: SNRC1 @ zone 0 already fired, skip
2026-08-12 21:58:00,638 StrategyManager Strategy bystra_v1 returned WAIT: pattern_blacklist:SNRC1
2026-08-12 21:58:00,638 TIE_Production No setup for XAUUSD (WAIT)
2026-08-12 21:58:00,642 GateObservatory [XAUUSD/TIE_V4] Outcome: NO_TRADE | no_signal
2026-08-12 21:58:01,738 TIE_Production --- Scanning XAUUSD ---
2026-08-12 21:58:02,654 TIE_Production MARKET REGIME: TRENDING (strength=68) | SUGGESTED ENGINE: Aggressive
2026-08-12 21:58:02,656 strategies.semi_hft.strategy [LIQ_VACUUM] GOOD clear_path_up dir=BUY
2026-08-12 21:58:02,657 strategies.semi_hft.strategy [ZSCORE] zscore_ok z=-0.50
2026-08-12 21:58:02,657 StrategyManager Strategy semi_hft_c8_v4 returned WAIT: pullback:counter_trend_not_in_fibo dir=BUY m15=DOWN price=4421.09 H=4441.46 L=4382.12
2026-08-12 21:58:02,658 StrategyManager Strategy aggressive_v1 returned WAIT: tl_guard:NO_SELL_BREAK
2026-08-12 21:58:02,661 BystraStrategy Bystra best detector: SNRC1 conf=90% dir=BUY
2026-08-12 21:58:02,661 BystraStrategy Bystra pattern blacklist: SNRC1 @ zone 0 already fired, skip
2026-08-12 21:58:02,661 StrategyManager Strategy bystra_v1 returned WAIT: pattern_blacklist:SNRC1
2026-08-12 21:58:02,661 TIE_Production No setup for XAUUSD (WAIT)
2026-08-12 21:58:02,667 GateObservatory [XAUUSD/TIE_V4] Outcome: NO_TRADE | no_signal
2026-08-12 21:58:11,497 TIE_Production --- Scanning XAUUSD ---
2026-08-12 21:58:12,589 TIE_Production MARKET REGIME: TRENDING (strength=71) | SUGGESTED ENGINE: Aggressive
2026-08-12 21:58:12,590 StrategyManager Strategy semi_hft_c8_v4 returned WAIT: no_setup:no_structural_setup
2026-08-12 21:58:12,590 StrategyManager Strategy aggressive_v1 returned WAIT: no_setup:no_structural_setup
2026-08-12 21:58:12,592 BystraStrategy Bystra best detector: SNRC1 conf=90% dir=BUY
2026-08-12 21:58:12,592 BystraStrategy Bystra pattern blacklist: SNRC1 @ zone 0 already fired, skip
2026-08-12 21:58:12,592 StrategyManager Strategy bystra_v1 returned WAIT: pattern_blacklist:SNRC1
2026-08-12 21:58:12,592 TIE_Production No setup for XAUUSD (WAIT)
2026-08-12 21:58:12,599 GateObservatory [XAUUSD/TIE_V4] Outcome: NO_TRADE | no_signal
2026-08-12 21:58:13,433 TIE_Production --- Scanning XAUUSD ---
2026-08-12 21:58:14,307 TIE_Production MARKET REGIME: TRENDING (strength=70) | SUGGESTED ENGINE: Aggressive
2026-08-12 21:58:14,308 strategies.semi_hft.strategy [LIQ_VACUUM] GOOD clear_path_down dir=SELL
2026-08-12 21:58:14,308 strategies.semi_hft.strategy [ZSCORE] zscore_ok z=-0.53
2026-08-12 21:58:14,309 StrategyManager Strategy semi_hft_c8_v4 returned WAIT: pullback:m5_weak_trend dir=SELL
2026-08-12 21:58:14,309 StrategyManager Strategy aggressive_v1 returned WAIT: tl_guard:NO_SELL_BREAK
2026-08-12 21:58:14,311 BystraStrategy Bystra best detector: SNRC1 conf=90% dir=BUY
2026-08-12 21:58:14,311 BystraStrategy Bystra pattern blacklist: SNRC1 @ zone 0 already fired, skip
2026-08-12 21:58:14,311 StrategyManager Strategy bystra_v1 returned WAIT: pattern_blacklist:SNRC1
2026-08-12 21:58:14,311 TIE_Production No setup for XAUUSD (WAIT)
2026-08-12 21:58:14,316 GateObservatory [XAUUSD/TIE_V4] Outcome: NO_TRADE | no_signal
2026-08-12 21:58:23,344 TIE_Production --- Scanning XAUUSD ---
2026-08-12 21:58:24,395 TIE_Production MARKET REGIME: TRENDING (strength=72) | SUGGESTED ENGINE: Aggressive
2026-08-12 21:58:24,396 StrategyManager Strategy semi_hft_c8_v4 returned WAIT: no_setup:no_structural_setup
2026-08-12 21:58:24,397 StrategyManager Strategy aggressive_v1 returned WAIT: no_setup:no_structural_setup
2026-08-12 21:58:24,398 BystraStrategy Bystra best detector: SNRC1 conf=90% dir=BUY
2026-08-12 21:58:24,398 BystraStrategy Bystra pattern blacklist: SNRC1 @ zone 0 already fired, skip
2026-08-12 21:58:24,398 StrategyManager Strategy bystra_v1 returned WAIT: pattern_blacklist:SNRC1
2026-08-12 21:58:24,398 TIE_Production No setup for XAUUSD (WAIT)
2026-08-12 21:58:24,403 GateObservatory [XAUUSD/TIE_V4] Outcome: NO_TRADE | no_signal
2026-08-12 21:58:25,099 TIE_Production --- Scanning XAUUSD ---
2026-08-12 21:58:26,015 TIE_Production MARKET REGIME: TRENDING (strength=73) | SUGGESTED ENGINE: Aggressive
2026-08-12 21:58:26,016 strategies.semi_hft.strategy [LIQ_VACUUM] GOOD clear_path_down dir=SELL
2026-08-12 21:58:26,016 strategies.semi_hft.strategy [ZSCORE] zscore_ok z=-0.57
2026-08-12 21:58:26,016 StrategyManager Strategy semi_hft_c8_v4 returned WAIT: pullback:m5_weak_trend dir=SELL
2026-08-12 21:58:26,017 StrategyManager Strategy aggressive_v1 returned WAIT: tl_guard:NO_SELL_BREAK
2026-08-12 21:58:26,018 BystraStrategy Bystra best detector: SNRC1 conf=90% dir=BUY
2026-08-12 21:58:26,018 BystraStrategy Bystra pattern blacklist: SNRC1 @ zone 0 already fired, skip
2026-08-12 21:58:26,018 StrategyManager Strategy bystra_v1 returned WAIT: pattern_blacklist:SNRC1
2026-08-12 21:58:26,019 TIE_Production No setup for XAUUSD (WAIT)
2026-08-12 21:58:26,024 GateObservatory [XAUUSD/TIE_V4] Outcome: NO_TRADE | no_signal
2026-08-12 21:58:36,814 TIE_Production --- Scanning XAUUSD ---
2026-08-12 21:58:38,154 TIE_Production --- Scanning XAUUSD ---
2026-08-12 21:58:38,450 regime_allocator Strategy status updated by Regime Allocator: {'aggressive_v1': True, 'semi_hft_c8_v4': True, 'bystra_v1': True}
2026-08-12 21:58:38,451 regime_allocator REGIME SWITCH: RANGING -> RANGING (engine=SemiHFT, fast_path=False)
2026-08-12 21:58:38,451 TIE_Production MARKET REGIME: RANGING (strength=60) | SUGGESTED ENGINE: SemiHFT
2026-08-12 21:58:38,452 strategies.semi_hft.strategy [LIQ_VACUUM] GOOD clear_path_up dir=BUY
2026-08-12 21:58:38,452 strategies.semi_hft.strategy [ZSCORE] zscore_ok z=-0.42
2026-08-12 21:58:38,452 StrategyManager Strategy semi_hft_c8_v4 returned WAIT: pullback:counter_trend_not_in_fibo dir=BUY m15=DOWN price=4421.52 H=4441.46 L=4382.12
2026-08-12 21:58:38,453 StrategyManager Strategy aggressive_v1 returned WAIT: tl_guard:NO_SELL_BREAK
2026-08-12 21:58:38,454 BystraStrategy Bystra best detector: SNRC1 conf=90% dir=BUY
2026-08-12 21:58:38,454 BystraStrategy Bystra pattern blacklist: SNRC1 @ zone 0 already fired, skip
2026-08-12 21:58:38,454 StrategyManager Strategy bystra_v1 returned WAIT: pattern_blacklist:SNRC1
2026-08-12 21:58:38,454 TIE_Production No setup for XAUUSD (WAIT)
2026-08-12 21:58:38,459 GateObservatory [XAUUSD/TIE_V4] Outcome: NO_TRADE | no_signal
2026-08-12 21:58:39,081 TIE_Production MARKET REGIME: TRENDING (strength=64) | SUGGESTED ENGINE: Aggressive
2026-08-12 21:58:39,082 StrategyManager Strategy semi_hft_c8_v4 returned WAIT: no_setup:no_structural_setup
2026-08-12 21:58:39,083 StrategyManager Strategy aggressive_v1 returned WAIT: no_setup:no_structural_setup
2026-08-12 21:58:39,084 BystraStrategy Bystra best detector: SNRC1 conf=90% dir=BUY
2026-08-12 21:58:39,084 BystraStrategy Bystra pattern blacklist: SNRC1 @ zone 0 already fired, skip
2026-08-12 21:58:39,084 StrategyManager Strategy bystra_v1 returned WAIT: pattern_blacklist:SNRC1
2026-08-12 21:58:39,084 TIE_Production No setup for XAUUSD (WAIT)
2026-08-12 21:58:39,089 GateObservatory [XAUUSD/TIE_V4] Outcome: NO_TRADE | no_signal
2026-08-12 21:58:49,400 TIE_Production --- Scanning XAUUSD ---
2026-08-12 21:58:49,781 TIE_Production --- Scanning XAUUSD ---
2026-08-12 21:58:50,688 regime_allocator Strategy status updated by Regime Allocator: {'aggressive_v1': True, 'semi_hft_c8_v4': True, 'bystra_v1': True}
2026-08-12 21:58:50,689 regime_allocator REGIME SWITCH: RANGING -> RANGING (engine=SemiHFT, fast_path=False)
2026-08-12 21:58:50,689 TIE_Production MARKET REGIME: RANGING (strength=60) | SUGGESTED ENGINE: SemiHFT
2026-08-12 21:58:50,690 StrategyManager Strategy semi_hft_c8_v4 returned WAIT: no_setup:no_structural_setup
2026-08-12 21:58:50,690 StrategyManager Strategy aggressive_v1 returned WAIT: no_setup:no_structural_setup
2026-08-12 21:58:50,692 BystraStrategy Bystra best detector: SNRC1 conf=90% dir=BUY
2026-08-12 21:58:50,692 BystraStrategy Bystra pattern blacklist: SNRC1 @ zone 0 already fired, skip
2026-08-12 21:58:50,692 StrategyManager Strategy bystra_v1 returned WAIT: pattern_blacklist:SNRC1
2026-08-12 21:58:50,692 TIE_Production No setup for XAUUSD (WAIT)
2026-08-12 21:58:50,697 GateObservatory [XAUUSD/TIE_V4] Outcome: NO_TRADE | no_signal
2026-08-12 21:58:50,704 regime_allocator Strategy status updated by Regime Allocator: {'aggressive_v1': True, 'semi_hft_c8_v4': True, 'bystra_v1': True}
2026-08-12 21:58:50,704 regime_allocator REGIME SWITCH: TRENDING -> TRENDING (engine=Aggressive, fast_path=True)
2026-08-12 21:58:50,704 TIE_Production MARKET REGIME: TRENDING (strength=63) | SUGGESTED ENGINE: Aggressive
2026-08-12 21:58:50,706 strategies.semi_hft.strategy [LIQ_VACUUM] GOOD clear_path_up dir=BUY
2026-08-12 21:58:50,706 strategies.semi_hft.strategy [ZSCORE] zscore_ok z=-0.43
2026-08-12 21:58:50,706 StrategyManager Strategy semi_hft_c8_v4 returned WAIT: pullback:counter_trend_not_in_fibo dir=BUY m15=DOWN price=4421.90 H=4441.46 L=4382.12
2026-08-12 21:58:50,707 StrategyManager Strategy aggressive_v1 returned WAIT: tl_guard:NO_SELL_BREAK
2026-08-12 21:58:50,709 BystraStrategy Bystra best detector: SNRC1 conf=90% dir=BUY
2026-08-12 21:58:50,709 BystraStrategy Bystra pattern blacklist: SNRC1 @ zone 0 already fired, skip
2026-08-12 21:58:50,709 StrategyManager Strategy bystra_v1 returned WAIT: pattern_blacklist:SNRC1
2026-08-12 21:58:50,709 TIE_Production No setup for XAUUSD (WAIT)
2026-08-12 21:58:50,716 GateObservatory [XAUUSD/TIE_V4] Outcome: NO_TRADE | no_signal
2026-08-12 21:59:01,410 TIE_Production --- Scanning XAUUSD ---
2026-08-12 21:59:01,544 TIE_Production --- Scanning XAUUSD ---
2026-08-12 21:59:02,368 regime_allocator Strategy status updated by Regime Allocator: {'aggressive_v1': True, 'semi_hft_c8_v4': True, 'bystra_v1': True}
2026-08-12 21:59:02,369 regime_allocator REGIME SWITCH: TRENDING -> TRENDING (engine=Aggressive, fast_path=True)
2026-08-12 21:59:02,369 TIE_Production MARKET REGIME: TRENDING (strength=66) | SUGGESTED ENGINE: Aggressive
2026-08-12 21:59:02,370 StrategyManager Strategy semi_hft_c8_v4 returned WAIT: no_setup:no_structural_setup
2026-08-12 21:59:02,371 StrategyManager Strategy aggressive_v1 returned WAIT: no_setup:no_structural_setup
2026-08-12 21:59:02,372 BystraStrategy Bystra best detector: SNRC1 conf=90% dir=BUY
2026-08-12 21:59:02,372 BystraStrategy Bystra pattern blacklist: SNRC1 @ zone 0 already fired, skip
2026-08-12 21:59:02,372 StrategyManager Strategy bystra_v1 returned WAIT: pattern_blacklist:SNRC1
2026-08-12 21:59:02,373 TIE_Production No setup for XAUUSD (WAIT)
2026-08-12 21:59:02,379 GateObservatory [XAUUSD/TIE_V4] Outcome: NO_TRADE | no_signal
2026-08-12 21:59:02,518 TIE_Production MARKET REGIME: TRENDING (strength=69) | SUGGESTED ENGINE: Aggressive
2026-08-12 21:59:02,520 strategies.semi_hft.strategy [LIQ_VACUUM] GOOD clear_path_down dir=SELL
2026-08-12 21:59:02,520 strategies.semi_hft.strategy [ZSCORE] zscore_ok z=-0.51
2026-08-12 21:59:02,520 StrategyManager Strategy semi_hft_c8_v4 returned WAIT: pullback:m5_weak_trend dir=SELL
2026-08-12 21:59:02,521 StrategyManager Strategy aggressive_v1 returned WAIT: tl_guard:NO_SELL_BREAK
2026-08-12 21:59:02,523 BystraStrategy Bystra best detector: SNRC1 conf=90% dir=BUY
2026-08-12 21:59:02,523 BystraStrategy Bystra pattern blacklist: SNRC1 @ zone 0 already fired, skip
2026-08-12 21:59:02,523 StrategyManager Strategy bystra_v1 returned WAIT: pattern_blacklist:SNRC1
2026-08-12 21:59:02,523 TIE_Production No setup for XAUUSD (WAIT)
2026-08-12 21:59:02,527 GateObservatory [XAUUSD/TIE_V4] Outcome: NO_TRADE | no_signal
2026-08-12 21:59:13,266 TIE_Production --- Scanning XAUUSD ---
2026-08-12 21:59:14,037 TIE_Production MARKET REGIME: TRENDING (strength=64) | SUGGESTED ENGINE: Aggressive
2026-08-12 21:59:14,038 StrategyManager Strategy semi_hft_c8_v4 returned WAIT: no_setup:no_structural_setup
2026-08-12 21:59:14,039 StrategyManager Strategy aggressive_v1 returned WAIT: no_setup:no_structural_setup
2026-08-12 21:59:14,040 BystraStrategy Bystra best detector: SNRC1 conf=90% dir=BUY
2026-08-12 21:59:14,040 BystraStrategy Bystra pattern blacklist: SNRC1 @ zone 0 already fired, skip
2026-08-12 21:59:14,040 StrategyManager Strategy bystra_v1 returned WAIT: pattern_blacklist:SNRC1
2026-08-12 21:59:14,041 TIE_Production No setup for XAUUSD (WAIT)
2026-08-12 21:59:14,048 GateObservatory [XAUUSD/TIE_V4] Outcome: NO_TRADE | no_signal
2026-08-12 21:59:16,999 TIE_Production --- Scanning XAUUSD ---
2026-08-12 21:59:18,232 TIE_Production MARKET REGIME: TRENDING (strength=65) | SUGGESTED ENGINE: Aggressive
2026-08-12 21:59:18,233 strategies.semi_hft.strategy [LIQ_VACUUM] GOOD clear_path_up dir=BUY
2026-08-12 21:59:18,233 strategies.semi_hft.strategy [ZSCORE] zscore_ok z=-0.45
2026-08-12 21:59:18,234 StrategyManager Strategy semi_hft_c8_v4 returned WAIT: pullback:counter_trend_not_in_fibo dir=BUY m15=DOWN price=4421.51 H=4441.46 L=4382.12
2026-08-12 21:59:18,234 StrategyManager Strategy aggressive_v1 returned WAIT: tl_guard:NO_SELL_BREAK
2026-08-12 21:59:18,236 BystraStrategy Bystra best detector: SNRC1 conf=90% dir=BUY
2026-08-12 21:59:18,236 BystraStrategy Bystra pattern blacklist: SNRC1 @ zone 0 already fired, skip
2026-08-12 21:59:18,236 StrategyManager Strategy bystra_v1 returned WAIT: pattern_blacklist:SNRC1
2026-08-12 21:59:18,236 TIE_Production No setup for XAUUSD (WAIT)
2026-08-12 21:59:18,241 GateObservatory [XAUUSD/TIE_V4] Outcome: NO_TRADE | no_signal
2026-08-12 21:59:24,834 TIE_Production --- Scanning XAUUSD ---
2026-08-12 21:59:25,756 TIE_Production MARKET REGIME: TRENDING (strength=67) | SUGGESTED ENGINE: Aggressive
2026-08-12 21:59:25,758 StrategyManager Strategy semi_hft_c8_v4 returned WAIT: no_setup:no_structural_setup
2026-08-12 21:59:25,758 StrategyManager Strategy aggressive_v1 returned WAIT: no_setup:no_structural_setup
2026-08-12 21:59:25,760 BystraStrategy Bystra best detector: SNRC1 conf=90% dir=BUY
2026-08-12 21:59:25,760 BystraStrategy Bystra pattern blacklist: SNRC1 @ zone 0 already fired, skip
2026-08-12 21:59:25,760 StrategyManager Strategy bystra_v1 returned WAIT: pattern_blacklist:SNRC1
2026-08-12 21:59:25,760 TIE_Production No setup for XAUUSD (WAIT)
2026-08-12 21:59:25,766 GateObservatory [XAUUSD/TIE_V4] Outcome: NO_TRADE | no_signal
2026-08-12 21:59:28,966 TIE_Production --- Scanning XAUUSD ---
2026-08-12 21:59:29,948 TIE_Production MARKET REGIME: TRENDING (strength=64) | SUGGESTED ENGINE: Aggressive
2026-08-12 21:59:29,949 strategies.semi_hft.strategy [LIQ_VACUUM] GOOD clear_path_up dir=BUY
2026-08-12 21:59:29,949 strategies.semi_hft.strategy [ZSCORE] zscore_ok z=-0.44
2026-08-12 21:59:29,949 StrategyManager Strategy semi_hft_c8_v4 returned WAIT: pullback:counter_trend_not_in_fibo dir=BUY m15=DOWN price=4421.57 H=4441.46 L=4382.12
2026-08-12 21:59:29,950 StrategyManager Strategy aggressive_v1 returned WAIT: tl_guard:NO_SELL_BREAK
2026-08-12 21:59:29,951 BystraStrategy Bystra best detector: SNRC1 conf=90% dir=BUY
2026-08-12 21:59:29,951 BystraStrategy Bystra pattern blacklist: SNRC1 @ zone 0 already fired, skip
2026-08-12 21:59:29,951 StrategyManager Strategy bystra_v1 returned WAIT: pattern_blacklist:SNRC1
2026-08-12 21:59:29,951 TIE_Production No setup for XAUUSD (WAIT)
2026-08-12 21:59:29,955 GateObservatory [XAUUSD/TIE_V4] Outcome: NO_TRADE | no_signal
2026-08-12 21:59:36,588 TIE_Production --- Scanning XAUUSD ---
2026-08-12 21:59:40,774 TIE_Production --- Scanning XAUUSD ---
2026-08-12 21:59:41,623 TIE_Production MARKET REGIME: RANGING (strength=60) | SUGGESTED ENGINE: SemiHFT
2026-08-12 21:59:41,624 strategies.semi_hft.strategy [LIQ_VACUUM] GOOD clear_path_up dir=BUY
2026-08-12 21:59:41,624 strategies.semi_hft.strategy [ZSCORE] zscore_ok z=-0.28
2026-08-12 21:59:41,624 StrategyManager Strategy semi_hft_c8_v4 returned WAIT: pullback:counter_trend_not_in_fibo dir=BUY m15=DOWN price=4422.72 H=4441.46 L=4382.12
2026-08-12 21:59:41,625 StrategyManager Strategy aggressive_v1 returned WAIT: tl_guard:NO_SELL_BREAK
2026-08-12 21:59:41,626 BystraStrategy Bystra best detector: SNRC1 conf=90% dir=BUY
2026-08-12 21:59:41,626 BystraStrategy Bystra pattern blacklist: SNRC1 @ zone 0 already fired, skip
2026-08-12 21:59:41,627 StrategyManager Strategy bystra_v1 returned WAIT: pattern_blacklist:SNRC1
2026-08-12 21:59:41,627 TIE_Production No setup for XAUUSD (WAIT)
2026-08-12 21:59:41,631 GateObservatory [XAUUSD/TIE_V4] Outcome: NO_TRADE | no_signal
2026-08-12 21:59:43,439 TIE_Production MARKET REGIME: RANGING (strength=60) | SUGGESTED ENGINE: SemiHFT
2026-08-12 21:59:43,441 StrategyManager Strategy semi_hft_c8_v4 returned WAIT: no_setup:no_structural_setup
2026-08-12 21:59:43,441 StrategyManager Strategy aggressive_v1 returned WAIT: no_setup:no_structural_setup
2026-08-12 21:59:43,443 BystraStrategy Bystra best detector: SNRC1 conf=90% dir=BUY
2026-08-12 21:59:43,443 BystraStrategy Bystra pattern blacklist: SNRC1 @ zone 0 already fired, skip
2026-08-12 21:59:43,443 StrategyManager Strategy bystra_v1 returned WAIT: pattern_blacklist:SNRC1
2026-08-12 21:59:43,443 TIE_Production No setup for XAUUSD (WAIT)
2026-08-12 21:59:43,447 GateObservatory [XAUUSD/TIE_V4] Outcome: NO_TRADE | no_signal
2026-08-12 21:59:54,139 TIE_Production --- Scanning XAUUSD ---
2026-08-12 21:59:54,494 TIE_Production --- Scanning XAUUSD ---
2026-08-12 21:59:54,964 TIE_Production MARKET REGIME: RANGING (strength=60) | SUGGESTED ENGINE: SemiHFT
2026-08-12 21:59:54,965 StrategyManager Strategy semi_hft_c8_v4 returned WAIT: no_setup:no_structural_setup
2026-08-12 21:59:54,965 StrategyManager Strategy aggressive_v1 returned WAIT: no_setup:no_structural_setup
2026-08-12 21:59:54,967 BystraStrategy Bystra best detector: SNRC1 conf=90% dir=BUY
2026-08-12 21:59:54,967 BystraStrategy Bystra pattern blacklist: SNRC1 @ zone 0 already fired, skip
2026-08-12 21:59:54,967 StrategyManager Strategy bystra_v1 returned WAIT: pattern_blacklist:SNRC1
2026-08-12 21:59:54,967 TIE_Production No setup for XAUUSD (WAIT)
2026-08-12 21:59:54,974 GateObservatory [XAUUSD/TIE_V4] Outcome: NO_TRADE | no_signal
2026-08-12 21:59:55,556 TIE_Production MARKET REGIME: RANGING (strength=60) | SUGGESTED ENGINE: SemiHFT
2026-08-12 21:59:55,558 strategies.semi_hft.strategy [LIQ_VACUUM] GOOD clear_path_up dir=BUY
2026-08-12 21:59:55,558 strategies.semi_hft.strategy [ZSCORE] zscore_ok z=-0.23
2026-08-12 21:59:55,558 StrategyManager Strategy semi_hft_c8_v4 returned WAIT: pullback:counter_trend_not_in_fibo dir=BUY m15=DOWN price=4423.01 H=4441.46 L=4382.12
2026-08-12 21:59:55,559 strategies.aggressive.strategy [LIQ_VACUUM] GOOD no_pool_data dir=BUY
2026-08-12 21:59:55,559 strategies.aggressive.strategy [ZSCORE] zscore_ok z=-0.23
2026-08-12 21:59:55,559 StrategyManager Strategy aggressive_v1 returned WAIT: rme:debate_block:penalty_101.4
2026-08-12 21:59:55,560 BystraStrategy Bystra best detector: SNRC1 conf=90% dir=BUY
2026-08-12 21:59:55,560 BystraStrategy Bystra pattern blacklist: SNRC1 @ zone 0 already fired, skip
2026-08-12 21:59:55,560 StrategyManager Strategy bystra_v1 returned WAIT: pattern_blacklist:SNRC1
2026-08-12 21:59:55,560 TIE_Production No setup for XAUUSD (WAIT)
2026-08-12 21:59:55,565 GateObservatory [XAUUSD/TIE_V4] Outcome: NO_TRADE | no_signal
2026-08-12 22:00:06,012 TIE_Production --- Scanning XAUUSD ---
2026-08-12 22:00:06,509 TIE_Production --- Scanning XAUUSD ---
2026-08-12 22:00:07,255 TIE_Production MARKET REGIME: TRENDING (strength=77) | SUGGESTED ENGINE: Aggressive
2026-08-12 22:00:07,256 StrategyManager Strategy semi_hft_c8_v4 returned WAIT: no_setup:no_structural_setup
2026-08-12 22:00:07,256 StrategyManager Strategy aggressive_v1 returned WAIT: no_setup:no_structural_setup
2026-08-12 22:00:07,259 BystraStrategy Bystra best detector: SNRC3 conf=85% dir=SELL
2026-08-12 22:00:07,260 MultiStrategyRuntime Scan 4.4ms — strategies=3 signals=1 dir=sell source=bystra_v1
2026-08-12 22:00:07,265 GateObservatory [XAUUSD/TIE_V4] Gate Detector: PASS | setup=B_SELL lot=0.01
2026-08-12 22:00:07,266 TIE_Production ExitOrchestrator adjusted SL/TP for B_SELL: new SL=4439.05 TP=4382.12 RR=2.16 (adj=False)
2026-08-12 22:00:07,266 TIE_Production Setup detected: B_SELL SELL conf=85%
2026-08-12 22:00:07,288 TIE_Production MAX_POSITIONS: skip B_SELL XAUUSD (strat=0 dir=5 max=5)
2026-08-12 22:00:07,293 GateObservatory [XAUUSD/TIE_V4] Gate MaxPositions: FAIL | dir=5 strat=0 max=5
2026-08-12 22:00:07,731 TIE_Production MARKET REGIME: TRENDING (strength=78) | SUGGESTED ENGINE: Aggressive
2026-08-12 22:00:07,732 strategies.semi_hft.strategy [LIQ_VACUUM] GOOD clear_path_down dir=SELL
2026-08-12 22:00:07,732 strategies.semi_hft.strategy [ZSCORE] zscore_ok z=-0.54
2026-08-12 22:00:07,733 StrategyManager Strategy semi_hft_c8_v4 returned WAIT: pullback:m5_weak_trend dir=SELL
2026-08-12 22:00:07,733 StrategyManager Strategy aggressive_v1 returned WAIT: tl_guard:NO_SELL_BREAK
2026-08-12 22:00:07,734 BystraStrategy Bystra best detector: SNRC3 conf=85% dir=SELL
2026-08-12 22:00:07,735 MultiStrategyRuntime Scan 3.0ms — strategies=3 signals=1 dir=sell source=bystra_v1
2026-08-12 22:00:07,739 GateObservatory [XAUUSD/TIE_V4] Gate Detector: PASS | setup=B_SELL lot=0.01
2026-08-12 22:00:07,739 TIE_Production ExitOrchestrator adjusted SL/TP for B_SELL: new SL=4439.05 TP=4382.12 RR=2.28 (adj=False)
2026-08-12 22:00:07,739 TIE_Production Setup detected: B_SELL SELL conf=85%
2026-08-12 22:00:07,761 TIE_Production MAX_POSITIONS: skip B_SELL XAUUSD (strat=0 dir=5 max=5)
2026-08-12 22:00:07,766 GateObservatory [XAUUSD/TIE_V4] Gate MaxPositions: FAIL | dir=5 strat=0 max=5
2026-08-12 22:00:18,070 TIE_Production --- Scanning XAUUSD ---
2026-08-12 22:00:18,590 TIE_Production --- Scanning XAUUSD ---
2026-08-12 22:00:19,006 TIE_Production MARKET REGIME: TRENDING (strength=76) | SUGGESTED ENGINE: Aggressive
2026-08-12 22:00:19,007 StrategyManager Strategy semi_hft_c8_v4 returned WAIT: no_setup:no_structural_setup
2026-08-12 22:00:19,008 StrategyManager Strategy aggressive_v1 returned WAIT: no_setup:no_structural_setup
2026-08-12 22:00:19,010 BystraStrategy Bystra best detector: SNRC3 conf=85% dir=SELL
2026-08-12 22:00:19,010 BystraStrategy Bystra pattern blacklist: SNRC3 @ zone 0 already fired, skip
2026-08-12 22:00:19,010 StrategyManager Strategy bystra_v1 returned WAIT: pattern_blacklist:SNRC3
2026-08-12 22:00:19,010 TIE_Production No setup for XAUUSD (WAIT)
2026-08-12 22:00:19,015 GateObservatory [XAUUSD/TIE_V4] Outcome: NO_TRADE | no_signal
2026-08-12 22:00:19,427 TIE_Production MARKET REGIME: TRENDING (strength=70) | SUGGESTED ENGINE: Aggressive
2026-08-12 22:00:19,428 strategies.semi_hft.strategy [LIQ_VACUUM] GOOD clear_path_down dir=SELL
2026-08-12 22:00:19,428 strategies.semi_hft.strategy [ZSCORE] zscore_ok z=-0.61
2026-08-12 22:00:19,429 StrategyManager Strategy semi_hft_c8_v4 returned WAIT: pullback:m5_weak_trend dir=SELL
2026-08-12 22:00:19,429 StrategyManager Strategy aggressive_v1 returned WAIT: tl_guard:NO_SELL_BREAK
2026-08-12 22:00:19,430 BystraStrategy Bystra best detector: SNRC3 conf=85% dir=SELL
2026-08-12 22:00:19,431 BystraStrategy Bystra pattern blacklist: SNRC3 @ zone 0 already fired, skip
2026-08-12 22:00:19,431 StrategyManager Strategy bystra_v1 returned WAIT: pattern_blacklist:SNRC3
2026-08-12 22:00:19,431 TIE_Production No setup for XAUUSD (WAIT)
2026-08-12 22:00:19,435 GateObservatory [XAUUSD/TIE_V4] Outcome: NO_TRADE | no_signal
2026-08-12 22:00:29,896 TIE_Production --- Scanning XAUUSD ---
2026-08-12 22:00:30,292 TIE_Production --- Scanning XAUUSD ---
2026-08-12 22:00:31,788 TIE_Production MARKET REGIME: TRENDING (strength=77) | SUGGESTED ENGINE: Aggressive
2026-08-12 22:00:31,790 strategies.semi_hft.strategy [LIQ_VACUUM] GOOD clear_path_down dir=SELL
2026-08-12 22:00:31,790 strategies.semi_hft.strategy [ZSCORE] zscore_ok z=-0.72
2026-08-12 22:00:31,790 StrategyManager Strategy semi_hft_c8_v4 returned WAIT: pullback:m5_weak_trend dir=SELL
2026-08-12 22:00:31,791 StrategyManager Strategy aggressive_v1 returned WAIT: tl_guard:NO_SELL_BREAK
2026-08-12 22:00:31,792 BystraStrategy Bystra best detector: SNRC3 conf=85% dir=SELL
2026-08-12 22:00:31,792 BystraStrategy Bystra pattern blacklist: SNRC3 @ zone 0 already fired, skip
2026-08-12 22:00:31,792 StrategyManager Strategy bystra_v1 returned WAIT: pattern_blacklist:SNRC3
2026-08-12 22:00:31,792 TIE_Production No setup for XAUUSD (WAIT)
2026-08-12 22:00:31,797 GateObservatory [XAUUSD/TIE_V4] Outcome: NO_TRADE | no_signal
2026-08-12 22:00:31,805 TIE_Production MARKET REGIME: TRENDING (strength=75) | SUGGESTED ENGINE: Aggressive
2026-08-12 22:00:31,807 StrategyManager Strategy semi_hft_c8_v4 returned WAIT: no_setup:no_structural_setup
2026-08-12 22:00:31,808 StrategyManager Strategy aggressive_v1 returned WAIT: no_setup:no_structural_setup
2026-08-12 22:00:31,810 BystraStrategy Bystra best detector: SNRC3 conf=85% dir=SELL
2026-08-12 22:00:31,810 BystraStrategy Bystra pattern blacklist: SNRC3 @ zone 0 already fired, skip
2026-08-12 22:00:31,810 StrategyManager Strategy bystra_v1 returned WAIT: pattern_blacklist:SNRC3
2026-08-12 22:00:31,811 TIE_Production No setup for XAUUSD (WAIT)
2026-08-12 22:00:31,819 GateObservatory [XAUUSD/TIE_V4] Outcome: NO_TRADE | no_signal
2026-08-12 22:00:42,817 TIE_Production --- Scanning XAUUSD ---
2026-08-12 22:00:43,181 TIE_Production --- Scanning XAUUSD ---
2026-08-12 22:00:44,333 TIE_Production MARKET REGIME: TRENDING (strength=72) | SUGGESTED ENGINE: Aggressive
2026-08-12 22:00:44,335 StrategyManager Strategy semi_hft_c8_v4 returned WAIT: no_setup:no_structural_setup
2026-08-12 22:00:44,335 StrategyManager Strategy aggressive_v1 returned WAIT: no_setup:no_structural_setup
2026-08-12 22:00:44,337 BystraStrategy Bystra best detector: SNRC3 conf=85% dir=SELL
2026-08-12 22:00:44,337 BystraStrategy Bystra pattern blacklist: SNRC3 @ zone 0 already fired, skip
2026-08-12 22:00:44,337 StrategyManager Strategy bystra_v1 returned WAIT: pattern_blacklist:SNRC3
2026-08-12 22:00:44,337 TIE_Production No setup for XAUUSD (WAIT)
2026-08-12 22:00:44,343 TIE_Production MARKET REGIME: TRENDING (strength=72) | SUGGESTED ENGINE: Aggressive
2026-08-12 22:00:44,344 strategies.semi_hft.strategy [LIQ_VACUUM] GOOD clear_path_down dir=SELL
2026-08-12 22:00:44,344 strategies.semi_hft.strategy [ZSCORE] zscore_ok z=-0.66
2026-08-12 22:00:44,345 StrategyManager Strategy semi_hft_c8_v4 returned WAIT: pullback:m5_weak_trend dir=SELL
2026-08-12 22:00:44,345 StrategyManager Strategy aggressive_v1 returned WAIT: tl_guard:NO_SELL_BREAK
2026-08-12 22:00:44,346 BystraStrategy Bystra best detector: SNRC3 conf=85% dir=SELL
2026-08-12 22:00:44,346 BystraStrategy Bystra pattern blacklist: SNRC3 @ zone 0 already fired, skip
2026-08-12 22:00:44,347 StrategyManager Strategy bystra_v1 returned WAIT: pattern_blacklist:SNRC3
2026-08-12 22:00:44,347 TIE_Production No setup for XAUUSD (WAIT)
2026-08-12 22:00:44,347 GateObservatory [XAUUSD/TIE_V4] Outcome: NO_TRADE | no_signal
2026-08-12 22:00:44,352 GateObservatory [XAUUSD/TIE_V4] Outcome: NO_TRADE | no_signal
2026-08-12 22:00:55,284 TIE_Production --- Scanning XAUUSD ---
2026-08-12 22:00:55,576 TIE_Production --- Scanning XAUUSD ---
2026-08-12 22:00:56,203 TIE_Production MARKET REGIME: TRENDING (strength=67) | SUGGESTED ENGINE: Aggressive
2026-08-12 22:00:56,204 strategies.semi_hft.strategy [LIQ_VACUUM] GOOD clear_path_down dir=SELL
2026-08-12 22:00:56,204 strategies.semi_hft.strategy [ZSCORE] zscore_ok z=-0.61
2026-08-12 22:00:56,204 StrategyManager Strategy semi_hft_c8_v4 returned WAIT: pullback:m5_weak_trend dir=SELL
2026-08-12 22:00:56,205 StrategyManager Strategy aggressive_v1 returned WAIT: tl_guard:NO_SELL_BREAK
2026-08-12 22:00:56,207 BystraStrategy Bystra best detector: SNRC3 conf=85% dir=SELL
2026-08-12 22:00:56,207 BystraStrategy Bystra pattern blacklist: SNRC3 @ zone 0 already fired, skip
2026-08-12 22:00:56,207 StrategyManager Strategy bystra_v1 returned WAIT: pattern_blacklist:SNRC3
2026-08-12 22:00:56,207 TIE_Production No setup for XAUUSD (WAIT)
2026-08-12 22:00:56,216 GateObservatory [XAUUSD/TIE_V4] Outcome: NO_TRADE | no_signal
2026-08-12 22:00:56,491 TIE_Production MARKET REGIME: TRENDING (strength=67) | SUGGESTED ENGINE: Aggressive
2026-08-12 22:00:56,492 StrategyManager Strategy semi_hft_c8_v4 returned WAIT: no_setup:no_structural_setup
2026-08-12 22:00:56,493 StrategyManager Strategy aggressive_v1 returned WAIT: no_setup:no_structural_setup
2026-08-12 22:00:56,494 BystraStrategy Bystra best detector: SNRC3 conf=85% dir=SELL
2026-08-12 22:00:56,494 BystraStrategy Bystra pattern blacklist: SNRC3 @ zone 0 already fired, skip
2026-08-12 22:00:56,494 StrategyManager Strategy bystra_v1 returned WAIT: pattern_blacklist:SNRC3
2026-08-12 22:00:56,494 TIE_Production No setup for XAUUSD (WAIT)
2026-08-12 22:00:56,499 GateObservatory [XAUUSD/TIE_V4] Outcome: NO_TRADE | no_signal
2026-08-12 22:01:06,976 TIE_Production --- Scanning XAUUSD ---
2026-08-12 22:01:07,966 TIE_Production MARKET REGIME: TRENDING (strength=68) | SUGGESTED ENGINE: Aggressive
2026-08-12 22:01:07,967 strategies.semi_hft.strategy [LIQ_VACUUM] GOOD clear_path_down dir=SELL
2026-08-12 22:01:07,968 strategies.semi_hft.strategy [ZSCORE] zscore_ok z=-0.62
2026-08-12 22:01:07,968 StrategyManager Strategy semi_hft_c8_v4 returned WAIT: pullback:m5_weak_trend dir=SELL
2026-08-12 22:01:07,968 StrategyManager Strategy aggressive_v1 returned WAIT: tl_guard:NO_SELL_BREAK
2026-08-12 22:01:07,970 BystraStrategy Bystra best detector: SNRC3 conf=85% dir=SELL
2026-08-12 22:01:07,970 BystraStrategy Bystra pattern blacklist: SNRC3 @ zone 0 already fired, skip
2026-08-12 22:01:07,970 StrategyManager Strategy bystra_v1 returned WAIT: pattern_blacklist:SNRC3
2026-08-12 22:01:07,970 TIE_Production No setup for XAUUSD (WAIT)
2026-08-12 22:01:07,976 GateObservatory [XAUUSD/TIE_V4] Outcome: NO_TRADE | no_signal
2026-08-12 22:01:14,909 TIE_Production --- Scanning XAUUSD ---
2026-08-12 22:01:15,850 TIE_Production MARKET REGIME: RANGING (strength=60) | SUGGESTED ENGINE: SemiHFT
2026-08-12 22:01:15,852 StrategyManager Strategy semi_hft_c8_v4 returned WAIT: no_setup:no_structural_setup
2026-08-12 22:01:15,852 StrategyManager Strategy aggressive_v1 returned WAIT: no_setup:no_structural_setup
2026-08-12 22:01:15,854 BystraStrategy Bystra best detector: SNRC3 conf=85% dir=SELL
2026-08-12 22:01:15,854 BystraStrategy Bystra pattern blacklist: SNRC3 @ zone 0 already fired, skip
2026-08-12 22:01:15,854 StrategyManager Strategy bystra_v1 returned WAIT: pattern_blacklist:SNRC3
2026-08-12 22:01:15,854 TIE_Production No setup for XAUUSD (WAIT)
2026-08-12 22:01:15,859 GateObservatory [XAUUSD/TIE_V4] Outcome: NO_TRADE | no_signal
2026-08-12 22:01:25,631 TIE_Production --- Scanning XAUUSD ---
2026-08-12 22:01:26,617 TIE_Production MARKET REGIME: RANGING (strength=60) | SUGGESTED ENGINE: SemiHFT
2026-08-12 22:01:26,619 strategies.semi_hft.strategy [LIQ_VACUUM] GOOD clear_path_up dir=BUY
2026-08-12 22:01:26,619 strategies.semi_hft.strategy [ZSCORE] zscore_ok z=-0.25
2026-08-12 22:01:26,619 StrategyManager Strategy semi_hft_c8_v4 returned WAIT: pullback:m15_flat_no_trend regime=TRENDING str=60
2026-08-12 22:01:26,620 strategies.aggressive.strategy [LIQ_VACUUM] GOOD no_pool_data dir=BUY
2026-08-12 22:01:26,620 strategies.aggressive.strategy [ZSCORE] zscore_ok z=-0.25
2026-08-12 22:01:26,620 StrategyManager Strategy aggressive_v1 returned WAIT: rme:debate_block:penalty_25.4
2026-08-12 22:01:26,623 BystraStrategy Bystra best detector: SNRC3 conf=85% dir=SELL
2026-08-12 22:01:26,623 BystraStrategy Bystra pattern blacklist: SNRC3 @ zone 0 already fired, skip
2026-08-12 22:01:26,623 StrategyManager Strategy bystra_v1 returned WAIT: pattern_blacklist:SNRC3
2026-08-12 22:01:26,623 TIE_Production No setup for XAUUSD (WAIT)
2026-08-12 22:01:26,629 GateObservatory [XAUUSD/TIE_V4] Outcome: NO_TRADE | no_signal
2026-08-12 22:01:26,673 TIE_Production --- Scanning XAUUSD ---
2026-08-12 22:01:27,464 TIE_Production MARKET REGIME: RANGING (strength=60) | SUGGESTED ENGINE: SemiHFT
2026-08-12 22:01:27,465 StrategyManager Strategy semi_hft_c8_v4 returned WAIT: no_setup:no_structural_setup
2026-08-12 22:01:27,465 StrategyManager Strategy aggressive_v1 returned WAIT: no_setup:no_structural_setup
2026-08-12 22:01:27,467 BystraStrategy Bystra best detector: SNRC3 conf=85% dir=SELL
2026-08-12 22:01:27,467 BystraStrategy Bystra pattern blacklist: SNRC3 @ zone 0 already fired, skip
2026-08-12 22:01:27,467 StrategyManager Strategy bystra_v1 returned WAIT: pattern_blacklist:SNRC3
2026-08-12 22:01:27,467 TIE_Production No setup for XAUUSD (WAIT)
2026-08-12 22:01:27,472 GateObservatory [XAUUSD/TIE_V4] Outcome: NO_TRADE | no_signal
2026-08-12 22:01:37,399 TIE_Production --- Scanning XAUUSD ---
2026-08-12 22:01:38,250 TIE_Production --- Scanning XAUUSD ---
2026-08-12 22:01:38,384 TIE_Production MARKET REGIME: RANGING (strength=60) | SUGGESTED ENGINE: SemiHFT
2026-08-12 22:01:38,385 strategies.semi_hft.strategy [LIQ_VACUUM] GOOD clear_path_up dir=BUY
2026-08-12 22:01:38,385 strategies.semi_hft.strategy [ZSCORE] zscore_ok z=-0.24
2026-08-12 22:01:38,385 StrategyManager Strategy semi_hft_c8_v4 returned WAIT: pullback:m15_flat_no_trend regime=TRENDING str=60
2026-08-12 22:01:38,386 strategies.aggressive.strategy [LIQ_VACUUM] GOOD no_pool_data dir=BUY
2026-08-12 22:01:38,386 strategies.aggressive.strategy [ZSCORE] zscore_ok z=-0.24
2026-08-12 22:01:38,386 StrategyManager Strategy aggressive_v1 returned WAIT: rme:debate_block:penalty_19.1
2026-08-12 22:01:38,388 BystraStrategy Bystra best detector: SNRC3 conf=85% dir=SELL
2026-08-12 22:01:38,388 BystraStrategy Bystra pattern blacklist: SNRC3 @ zone 0 already fired, skip
2026-08-12 22:01:38,388 StrategyManager Strategy bystra_v1 returned WAIT: pattern_blacklist:SNRC3
2026-08-12 22:01:38,388 TIE_Production No setup for XAUUSD (WAIT)
2026-08-12 22:01:38,392 GateObservatory [XAUUSD/TIE_V4] Outcome: NO_TRADE | no_signal
2026-08-12 22:01:39,070 TIE_Production MARKET REGIME: TRENDING (strength=65) | SUGGESTED ENGINE: Aggressive
2026-08-12 22:01:39,072 StrategyManager Strategy semi_hft_c8_v4 returned WAIT: no_setup:no_structural_setup
2026-08-12 22:01:39,072 StrategyManager Strategy aggressive_v1 returned WAIT: no_setup:no_structural_setup
2026-08-12 22:01:39,073 BystraStrategy Bystra best detector: SNRC3 conf=85% dir=SELL
2026-08-12 22:01:39,073 BystraStrategy Bystra pattern blacklist: SNRC3 @ zone 0 already fired, skip
2026-08-12 22:01:39,074 StrategyManager Strategy bystra_v1 returned WAIT: pattern_blacklist:SNRC3
2026-08-12 22:01:39,074 TIE_Production No setup for XAUUSD (WAIT)
2026-08-12 22:01:39,079 GateObservatory [XAUUSD/TIE_V4] Outcome: NO_TRADE | no_signal
2026-08-12 22:01:49,957 TIE_Production --- Scanning XAUUSD ---
2026-08-12 22:01:50,789 TIE_Production MARKET REGIME: RANGING (strength=60) | SUGGESTED ENGINE: SemiHFT
2026-08-12 22:01:50,790 StrategyManager Strategy semi_hft_c8_v4 returned WAIT: no_setup:no_structural_setup
2026-08-12 22:01:50,791 StrategyManager Strategy aggressive_v1 returned WAIT: no_setup:no_structural_setup
2026-08-12 22:01:50,792 BystraStrategy Bystra best detector: SNRC3 conf=85% dir=SELL
2026-08-12 22:01:50,792 BystraStrategy Bystra pattern blacklist: SNRC3 @ zone 0 already fired, skip
2026-08-12 22:01:50,792 StrategyManager Strategy bystra_v1 returned WAIT: pattern_blacklist:SNRC3
2026-08-12 22:01:50,792 TIE_Production No setup for XAUUSD (WAIT)
2026-08-12 22:01:50,796 GateObservatory [XAUUSD/TIE_V4] Outcome: NO_TRADE | no_signal
2026-08-12 22:01:53,056 TIE_Production --- Scanning XAUUSD ---
2026-08-12 22:01:54,941 TIE_Production MARKET REGIME: RANGING (strength=60) | SUGGESTED ENGINE: SemiHFT
2026-08-12 22:01:54,943 strategies.semi_hft.strategy [LIQ_VACUUM] GOOD clear_path_up dir=BUY
2026-08-12 22:01:54,943 strategies.semi_hft.strategy [ZSCORE] zscore_ok z=-0.29
2026-08-12 22:01:54,943 StrategyManager Strategy semi_hft_c8_v4 returned WAIT: pullback:m15_flat_no_trend regime=TRENDING str=60
2026-08-12 22:01:54,944 strategies.aggressive.strategy [LIQ_VACUUM] GOOD no_pool_data dir=BUY
2026-08-12 22:01:54,944 strategies.aggressive.strategy [ZSCORE] zscore_ok z=-0.29
2026-08-12 22:01:54,944 StrategyManager Strategy aggressive_v1 returned WAIT: rme:debate_block:penalty_43.8
2026-08-12 22:01:54,945 BystraStrategy Bystra best detector: SNRC3 conf=85% dir=SELL
2026-08-12 22:01:54,945 BystraStrategy Bystra pattern blacklist: SNRC3 @ zone 0 already fired, skip
2026-08-12 22:01:54,945 StrategyManager Strategy bystra_v1 returned WAIT: pattern_blacklist:SNRC3
2026-08-12 22:01:54,945 TIE_Production No setup for XAUUSD (WAIT)
2026-08-12 22:01:54,949 GateObservatory [XAUUSD/TIE_V4] Outcome: NO_TRADE | no_signal
2026-08-12 22:02:01,564 TIE_Production --- Scanning XAUUSD ---
2026-08-12 22:02:02,523 TIE_Production MARKET REGIME: RANGING (strength=60) | SUGGESTED ENGINE: SemiHFT
2026-08-12 22:02:02,524 StrategyManager Strategy semi_hft_c8_v4 returned WAIT: no_setup:no_structural_setup
2026-08-12 22:02:02,525 StrategyManager Strategy aggressive_v1 returned WAIT: no_setup:no_structural_setup
2026-08-12 22:02:02,526 BystraStrategy Bystra best detector: SNRC3 conf=85% dir=SELL
2026-08-12 22:02:02,526 BystraStrategy Bystra pattern blacklist: SNRC3 @ zone 0 already fired, skip
2026-08-12 22:02:02,526 StrategyManager Strategy bystra_v1 returned WAIT: pattern_blacklist:SNRC3
2026-08-12 22:02:02,526 TIE_Production No setup for XAUUSD (WAIT)
2026-08-12 22:02:02,532 GateObservatory [XAUUSD/TIE_V4] Outcome: NO_TRADE | no_signal
2026-08-12 22:02:05,775 TIE_Production --- Scanning XAUUSD ---
2026-08-12 22:02:06,602 TIE_Production MARKET REGIME: RANGING (strength=60) | SUGGESTED ENGINE: SemiHFT
2026-08-12 22:02:06,603 strategies.semi_hft.strategy [LIQ_VACUUM] GOOD clear_path_down dir=SELL
2026-08-12 22:02:06,604 strategies.semi_hft.strategy [ZSCORE] zscore_ok z=-0.36
2026-08-12 22:02:06,604 StrategyManager Strategy semi_hft_c8_v4 returned WAIT: pullback:m15_flat_no_trend regime=TRENDING str=60
2026-08-12 22:02:06,604 strategies.aggressive.strategy [LIQ_VACUUM] GOOD no_pool_data dir=BUY
2026-08-12 22:02:06,604 strategies.aggressive.strategy [ZSCORE] zscore_ok z=-0.36
2026-08-12 22:02:06,605 StrategyManager Strategy aggressive_v1 returned WAIT: rme:debate_block:penalty_81.8
2026-08-12 22:02:06,606 BystraStrategy Bystra best detector: SNRC3 conf=85% dir=SELL
2026-08-12 22:02:06,606 BystraStrategy Bystra pattern blacklist: SNRC3 @ zone 0 already fired, skip
2026-08-12 22:02:06,606 StrategyManager Strategy bystra_v1 returned WAIT: pattern_blacklist:SNRC3
2026-08-12 22:02:06,606 TIE_Production No setup for XAUUSD (WAIT)
2026-08-12 22:02:06,610 GateObservatory [XAUUSD/TIE_V4] Outcome: NO_TRADE | no_signal
2026-08-12 22:02:13,320 TIE_Production --- Scanning XAUUSD ---
2026-08-12 22:02:14,282 TIE_Production MARKET REGIME: RANGING (strength=60) | SUGGESTED ENGINE: SemiHFT
2026-08-12 22:02:14,283 StrategyManager Strategy semi_hft_c8_v4 returned WAIT: no_setup:no_structural_setup
2026-08-12 22:02:14,284 StrategyManager Strategy aggressive_v1 returned WAIT: no_setup:no_structural_setup
2026-08-12 22:02:14,286 BystraStrategy Bystra best detector: SNRC3 conf=85% dir=SELL
2026-08-12 22:02:14,286 BystraStrategy Bystra pattern blacklist: SNRC3 @ zone 0 already fired, skip
2026-08-12 22:02:14,286 StrategyManager Strategy bystra_v1 returned WAIT: pattern_blacklist:SNRC3
2026-08-12 22:02:14,286 TIE_Production No setup for XAUUSD (WAIT)
2026-08-12 22:02:14,292 GateObservatory [XAUUSD/TIE_V4] Outcome: NO_TRADE | no_signal
2026-08-12 22:02:17,535 TIE_Production --- Scanning XAUUSD ---
2026-08-12 22:02:18,454 TIE_Production MARKET REGIME: RANGING (strength=60) | SUGGESTED ENGINE: SemiHFT
2026-08-12 22:02:18,455 strategies.semi_hft.strategy [LIQ_VACUUM] GOOD clear_path_down dir=SELL
2026-08-12 22:02:18,456 strategies.semi_hft.strategy [ZSCORE] zscore_ok z=-0.38
2026-08-12 22:02:18,456 StrategyManager Strategy semi_hft_c8_v4 returned WAIT: pullback:m15_flat_no_trend regime=TRENDING str=60
2026-08-12 22:02:18,456 strategies.aggressive.strategy [LIQ_VACUUM] GOOD no_pool_data dir=BUY
2026-08-12 22:02:18,456 strategies.aggressive.strategy [ZSCORE] zscore_ok z=-0.38
2026-08-12 22:02:18,457 StrategyManager Strategy aggressive_v1 returned WAIT: rme:debate_block:penalty_90.1
2026-08-12 22:02:18,458 BystraStrategy Bystra best detector: SNRC3 conf=85% dir=SELL
2026-08-12 22:02:18,458 BystraStrategy Bystra pattern blacklist: SNRC3 @ zone 0 already fired, skip
2026-08-12 22:02:18,458 StrategyManager Strategy bystra_v1 returned WAIT: pattern_blacklist:SNRC3
2026-08-12 22:02:18,458 TIE_Production No setup for XAUUSD (WAIT)
2026-08-12 22:02:18,463 GateObservatory [XAUUSD/TIE_V4] Outcome: NO_TRADE | no_signal
2026-08-12 22:02:25,117 TIE_Production --- Scanning XAUUSD ---
2026-08-12 22:02:26,013 TIE_Production MARKET REGIME: RANGING (strength=60) | SUGGESTED ENGINE: SemiHFT
2026-08-12 22:02:26,014 StrategyManager Strategy semi_hft_c8_v4 returned WAIT: no_setup:no_structural_setup
2026-08-12 22:02:26,015 StrategyManager Strategy aggressive_v1 returned WAIT: no_setup:no_structural_setup
2026-08-12 22:02:26,016 BystraStrategy Bystra best detector: SNRC3 conf=85% dir=SELL
2026-08-12 22:02:26,016 BystraStrategy Bystra pattern blacklist: SNRC3 @ zone 0 already fired, skip
2026-08-12 22:02:26,016 StrategyManager Strategy bystra_v1 returned WAIT: pattern_blacklist:SNRC3
2026-08-12 22:02:26,016 TIE_Production No setup for XAUUSD (WAIT)
2026-08-12 22:02:26,020 GateObservatory [XAUUSD/TIE_V4] Outcome: NO_TRADE | no_signal
2026-08-12 22:02:29,369 TIE_Production --- Scanning XAUUSD ---
2026-08-12 22:02:30,428 TIE_Production MARKET REGIME: RANGING (strength=60) | SUGGESTED ENGINE: SemiHFT
2026-08-12 22:02:30,429 strategies.semi_hft.strategy [LIQ_VACUUM] GOOD clear_path_down dir=SELL
2026-08-12 22:02:30,429 strategies.semi_hft.strategy [ZSCORE] zscore_ok z=-0.47
2026-08-12 22:02:30,429 StrategyManager Strategy semi_hft_c8_v4 returned WAIT: pullback:m5_weak_trend dir=SELL
2026-08-12 22:02:30,430 StrategyManager Strategy aggressive_v1 returned WAIT: tl_guard:NO_SELL_BREAK
2026-08-12 22:02:30,431 BystraStrategy Bystra best detector: SNRC3 conf=85% dir=SELL
2026-08-12 22:02:30,431 BystraStrategy Bystra pattern blacklist: SNRC3 @ zone 0 already fired, skip
2026-08-12 22:02:30,431 StrategyManager Strategy bystra_v1 returned WAIT: pattern_blacklist:SNRC3
2026-08-12 22:02:30,432 TIE_Production No setup for XAUUSD (WAIT)
2026-08-12 22:02:30,438 GateObservatory [XAUUSD/TIE_V4] Outcome: NO_TRADE | no_signal
2026-08-12 22:02:36,812 TIE_Production --- Scanning XAUUSD ---
2026-08-12 22:02:37,705 TIE_Production MARKET REGIME: TRENDING (strength=68) | SUGGESTED ENGINE: Aggressive
2026-08-12 22:02:37,706 StrategyManager Strategy semi_hft_c8_v4 returned WAIT: no_setup:no_structural_setup
2026-08-12 22:02:37,706 StrategyManager Strategy aggressive_v1 returned WAIT: no_setup:no_structural_setup
2026-08-12 22:02:37,708 BystraStrategy Bystra best detector: SNRC3 conf=85% dir=SELL
2026-08-12 22:02:37,708 BystraStrategy Bystra pattern blacklist: SNRC3 @ zone 0 already fired, skip
2026-08-12 22:02:37,708 StrategyManager Strategy bystra_v1 returned WAIT: pattern_blacklist:SNRC3
2026-08-12 22:02:37,708 TIE_Production No setup for XAUUSD (WAIT)
2026-08-12 22:02:37,713 GateObservatory [XAUUSD/TIE_V4] Outcome: NO_TRADE | no_signal
2026-08-12 22:02:41,672 TIE_Production --- Scanning XAUUSD ---
2026-08-12 22:02:42,680 TIE_Production MARKET REGIME: RANGING (strength=60) | SUGGESTED ENGINE: SemiHFT
2026-08-12 22:02:42,682 strategies.semi_hft.strategy [LIQ_VACUUM] GOOD clear_path_down dir=SELL
2026-08-12 22:02:42,682 strategies.semi_hft.strategy [ZSCORE] zscore_ok z=-0.56
2026-08-12 22:02:42,682 StrategyManager Strategy semi_hft_c8_v4 returned WAIT: pullback:m5_weak_trend dir=SELL
2026-08-12 22:02:42,683 StrategyManager Strategy aggressive_v1 returned WAIT: tl_guard:NO_SELL_BREAK
2026-08-12 22:02:42,684 BystraStrategy Bystra best detector: SNRC3 conf=85% dir=SELL
2026-08-12 22:02:42,684 BystraStrategy Bystra pattern blacklist: SNRC3 @ zone 0 already fired, skip
2026-08-12 22:02:42,684 StrategyManager Strategy bystra_v1 returned WAIT: pattern_blacklist:SNRC3
2026-08-12 22:02:42,684 TIE_Production No setup for XAUUSD (WAIT)
2026-08-12 22:02:42,689 GateObservatory [XAUUSD/TIE_V4] Outcome: NO_TRADE | no_signal
2026-08-12 22:02:48,441 TIE_Production --- Scanning XAUUSD ---
2026-08-12 22:02:49,358 TIE_Production MARKET REGIME: RANGING (strength=60) | SUGGESTED ENGINE: SemiHFT
2026-08-12 22:02:49,359 StrategyManager Strategy semi_hft_c8_v4 returned WAIT: no_setup:no_structural_setup
2026-08-12 22:02:49,360 StrategyManager Strategy aggressive_v1 returned WAIT: no_setup:no_structural_setup
2026-08-12 22:02:49,361 BystraStrategy Bystra best detector: SNRC3 conf=85% dir=SELL
2026-08-12 22:02:49,361 BystraStrategy Bystra pattern blacklist: SNRC3 @ zone 0 already fired, skip
2026-08-12 22:02:49,361 StrategyManager Strategy bystra_v1 returned WAIT: pattern_blacklist:SNRC3
2026-08-12 22:02:49,361 TIE_Production No setup for XAUUSD (WAIT)
2026-08-12 22:02:49,367 GateObservatory [XAUUSD/TIE_V4] Outcome: NO_TRADE | no_signal
2026-08-12 22:02:53,423 TIE_Production --- Scanning XAUUSD ---
2026-08-12 22:02:54,278 TIE_Production MARKET REGIME: RANGING (strength=60) | SUGGESTED ENGINE: SemiHFT
2026-08-12 22:02:54,280 strategies.semi_hft.strategy [LIQ_VACUUM] GOOD clear_path_down dir=SELL
2026-08-12 22:02:54,280 strategies.semi_hft.strategy [ZSCORE] zscore_ok z=-0.52
2026-08-12 22:02:54,280 StrategyManager Strategy semi_hft_c8_v4 returned WAIT: pullback:m5_weak_trend dir=SELL
2026-08-12 22:02:54,280 StrategyManager Strategy aggressive_v1 returned WAIT: tl_guard:NO_SELL_BREAK
2026-08-12 22:02:54,282 BystraStrategy Bystra best detector: SNRC3 conf=85% dir=SELL
2026-08-12 22:02:54,282 BystraStrategy Bystra pattern blacklist: SNRC3 @ zone 0 already fired, skip
2026-08-12 22:02:54,282 StrategyManager Strategy bystra_v1 returned WAIT: pattern_blacklist:SNRC3
2026-08-12 22:02:54,282 TIE_Production No setup for XAUUSD (WAIT)
2026-08-12 22:02:54,286 GateObservatory [XAUUSD/TIE_V4] Outcome: NO_TRADE | no_signal
2026-08-12 22:03:00,269 TIE_Production --- Scanning XAUUSD ---
2026-08-12 22:03:01,180 TIE_Production MARKET REGIME: TRENDING (strength=66) | SUGGESTED ENGINE: Aggressive
2026-08-12 22:03:01,181 StrategyManager Strategy semi_hft_c8_v4 returned WAIT: no_setup:no_structural_setup
2026-08-12 22:03:01,182 StrategyManager Strategy aggressive_v1 returned WAIT: no_setup:no_structural_setup
2026-08-12 22:03:01,183 BystraStrategy Bystra best detector: SNRC3 conf=85% dir=SELL
2026-08-12 22:03:01,183 BystraStrategy Bystra pattern blacklist: SNRC3 @ zone 0 already fired, skip
2026-08-12 22:03:01,183 StrategyManager Strategy bystra_v1 returned WAIT: pattern_blacklist:SNRC3
2026-08-12 22:03:01,183 TIE_Production No setup for XAUUSD (WAIT)
2026-08-12 22:03:01,188 GateObservatory [XAUUSD/TIE_V4] Outcome: NO_TRADE | no_signal
2026-08-12 22:03:05,114 TIE_Production --- Scanning XAUUSD ---
2026-08-12 22:03:06,049 TIE_Production MARKET REGIME: RANGING (strength=60) | SUGGESTED ENGINE: SemiHFT
2026-08-12 22:03:06,050 strategies.semi_hft.strategy [LIQ_VACUUM] GOOD clear_path_up dir=BUY
2026-08-12 22:03:06,050 strategies.semi_hft.strategy [ZSCORE] zscore_ok z=-0.52
2026-08-12 22:03:06,051 StrategyManager Strategy semi_hft_c8_v4 returned WAIT: pullback:counter_trend_not_in_fibo dir=BUY m15=DOWN price=4421.36 H=4441.46 L=4382.12
2026-08-12 22:03:06,051 StrategyManager Strategy aggressive_v1 returned WAIT: tl_guard:NO_SELL_BREAK
2026-08-12 22:03:06,053 BystraStrategy Bystra best detector: SNRC3 conf=85% dir=SELL
2026-08-12 22:03:06,053 BystraStrategy Bystra pattern blacklist: SNRC3 @ zone 0 already fired, skip
2026-08-12 22:03:06,053 StrategyManager Strategy bystra_v1 returned WAIT: pattern_blacklist:SNRC3
2026-08-12 22:03:06,053 TIE_Production No setup for XAUUSD (WAIT)
2026-08-12 22:03:06,057 GateObservatory [XAUUSD/TIE_V4] Outcome: NO_TRADE | no_signal
2026-08-12 22:03:12,060 TIE_Production --- Scanning XAUUSD ---
2026-08-12 22:03:13,002 TIE_Production MARKET REGIME: RANGING (strength=60) | SUGGESTED ENGINE: SemiHFT
2026-08-12 22:03:13,003 StrategyManager Strategy semi_hft_c8_v4 returned WAIT: no_setup:no_structural_setup
2026-08-12 22:03:13,003 StrategyManager Strategy aggressive_v1 returned WAIT: no_setup:no_structural_setup
2026-08-12 22:03:13,005 BystraStrategy Bystra best detector: SNRC3 conf=85% dir=SELL
2026-08-12 22:03:13,005 BystraStrategy Bystra pattern blacklist: SNRC3 @ zone 0 already fired, skip
2026-08-12 22:03:13,005 StrategyManager Strategy bystra_v1 returned WAIT: pattern_blacklist:SNRC3
2026-08-12 22:03:13,005 TIE_Production No setup for XAUUSD (WAIT)
2026-08-12 22:03:13,010 GateObservatory [XAUUSD/TIE_V4] Outcome: NO_TRADE | no_signal
2026-08-12 22:03:16,875 TIE_Production --- Scanning XAUUSD ---
2026-08-12 22:03:17,893 TIE_Production MARKET REGIME: RANGING (strength=60) | SUGGESTED ENGINE: SemiHFT
2026-08-12 22:03:17,895 strategies.semi_hft.strategy [LIQ_VACUUM] GOOD clear_path_up dir=BUY
2026-08-12 22:03:17,895 strategies.semi_hft.strategy [ZSCORE] zscore_ok z=-0.41
2026-08-12 22:03:17,895 StrategyManager Strategy semi_hft_c8_v4 returned WAIT: pullback:m15_flat_no_trend regime=TRENDING str=60
2026-08-12 22:03:17,896 StrategyManager Strategy aggressive_v1 returned WAIT: tl_guard:NO_SELL_BREAK
2026-08-12 22:03:17,897 BystraStrategy Bystra best detector: SNRC3 conf=85% dir=SELL
2026-08-12 22:03:17,897 BystraStrategy Bystra pattern blacklist: SNRC3 @ zone 0 already fired, skip
2026-08-12 22:03:17,897 StrategyManager Strategy bystra_v1 returned WAIT: pattern_blacklist:SNRC3
2026-08-12 22:03:17,897 TIE_Production No setup for XAUUSD (WAIT)
2026-08-12 22:03:17,902 GateObservatory [XAUUSD/TIE_V4] Outcome: NO_TRADE | no_signal
2026-08-12 22:03:23,857 TIE_Production --- Scanning XAUUSD ---
2026-08-12 22:03:24,754 TIE_Production MARKET REGIME: RANGING (strength=60) | SUGGESTED ENGINE: SemiHFT
2026-08-12 22:03:24,756 StrategyManager Strategy semi_hft_c8_v4 returned WAIT: no_setup:no_structural_setup
2026-08-12 22:03:24,756 StrategyManager Strategy aggressive_v1 returned WAIT: no_setup:no_structural_setup
2026-08-12 22:03:24,758 BystraStrategy Bystra best detector: SNRC3 conf=85% dir=SELL
2026-08-12 22:03:24,758 BystraStrategy Bystra pattern blacklist: SNRC3 @ zone 0 already fired, skip
2026-08-12 22:03:24,758 StrategyManager Strategy bystra_v1 returned WAIT: pattern_blacklist:SNRC3
2026-08-12 22:03:24,758 TIE_Production No setup for XAUUSD (WAIT)
2026-08-12 22:03:24,764 GateObservatory [XAUUSD/TIE_V4] Outcome: NO_TRADE | no_signal
2026-08-12 22:03:28,718 TIE_Production --- Scanning XAUUSD ---
2026-08-12 22:03:29,592 TIE_Production MARKET REGIME: RANGING (strength=60) | SUGGESTED ENGINE: SemiHFT
2026-08-12 22:03:29,593 strategies.semi_hft.strategy [LIQ_VACUUM] GOOD clear_path_up dir=BUY
2026-08-12 22:03:29,594 strategies.semi_hft.strategy [ZSCORE] zscore_ok z=-0.43
2026-08-12 22:03:29,594 StrategyManager Strategy semi_hft_c8_v4 returned WAIT: pullback:counter_trend_not_in_fibo dir=BUY m15=DOWN price=4421.41 H=4441.46 L=4382.12
2026-08-12 22:03:29,594 StrategyManager Strategy aggressive_v1 returned WAIT: tl_guard:NO_SELL_BREAK
2026-08-12 22:03:29,596 BystraStrategy Bystra best detector: SNRC3 conf=85% dir=SELL
2026-08-12 22:03:29,596 BystraStrategy Bystra pattern blacklist: SNRC3 @ zone 0 already fired, skip
2026-08-12 22:03:29,596 StrategyManager Strategy bystra_v1 returned WAIT: pattern_blacklist:SNRC3
2026-08-12 22:03:29,596 TIE_Production No setup for XAUUSD (WAIT)
2026-08-12 22:03:29,603 GateObservatory [XAUUSD/TIE_V4] Outcome: NO_TRADE | no_signal
2026-08-12 22:03:35,632 TIE_Production --- Scanning XAUUSD ---
2026-08-12 22:03:36,517 TIE_Production MARKET REGIME: RANGING (strength=60) | SUGGESTED ENGINE: SemiHFT
2026-08-12 22:03:36,519 StrategyManager Strategy semi_hft_c8_v4 returned WAIT: no_setup:no_structural_setup
2026-08-12 22:03:36,519 StrategyManager Strategy aggressive_v1 returned WAIT: no_setup:no_structural_setup
2026-08-12 22:03:36,521 BystraStrategy Bystra best detector: SNRC3 conf=85% dir=SELL
2026-08-12 22:03:36,521 BystraStrategy Bystra pattern blacklist: SNRC3 @ zone 0 already fired, skip
2026-08-12 22:03:36,521 StrategyManager Strategy bystra_v1 returned WAIT: pattern_blacklist:SNRC3
2026-08-12 22:03:36,521 TIE_Production No setup for XAUUSD (WAIT)
2026-08-12 22:03:36,526 GateObservatory [XAUUSD/TIE_V4] Outcome: NO_TRADE | no_signal
2026-08-12 22:03:40,319 TIE_Production --- Scanning XAUUSD ---
2026-08-12 22:03:41,410 TIE_Production MARKET REGIME: RANGING (strength=60) | SUGGESTED ENGINE: SemiHFT
2026-08-12 22:03:41,412 strategies.semi_hft.strategy [LIQ_VACUUM] GOOD clear_path_up dir=BUY
2026-08-12 22:03:41,412 strategies.semi_hft.strategy [ZSCORE] zscore_ok z=-0.49
2026-08-12 22:03:41,412 StrategyManager Strategy semi_hft_c8_v4 returned WAIT: pullback:counter_trend_not_in_fibo dir=BUY m15=DOWN price=4421.20 H=4441.46 L=4382.12
2026-08-12 22:03:41,412 StrategyManager Strategy aggressive_v1 returned WAIT: tl_guard:NO_SELL_BREAK
2026-08-12 22:03:41,414 BystraStrategy Bystra best detector: SNRC3 conf=85% dir=SELL
2026-08-12 22:03:41,414 BystraStrategy Bystra pattern blacklist: SNRC3 @ zone 0 already fired, skip
2026-08-12 22:03:41,414 StrategyManager Strategy bystra_v1 returned WAIT: pattern_blacklist:SNRC3
2026-08-12 22:03:41,414 TIE_Production No setup for XAUUSD (WAIT)
2026-08-12 22:03:41,419 GateObservatory [XAUUSD/TIE_V4] Outcome: NO_TRADE | no_signal
2026-08-12 22:03:47,340 TIE_Production --- Scanning XAUUSD ---
2026-08-12 22:03:48,496 TIE_Production MARKET REGIME: TRENDING (strength=70) | SUGGESTED ENGINE: Aggressive
2026-08-12 22:03:48,497 StrategyManager Strategy semi_hft_c8_v4 returned WAIT: no_setup:no_structural_setup
2026-08-12 22:03:48,497 StrategyManager Strategy aggressive_v1 returned WAIT: no_setup:no_structural_setup
2026-08-12 22:03:48,500 BystraStrategy Bystra best detector: SNRC3 conf=85% dir=SELL
2026-08-12 22:03:48,500 BystraStrategy Bystra pattern blacklist: SNRC3 @ zone 0 already fired, skip
2026-08-12 22:03:48,500 StrategyManager Strategy bystra_v1 returned WAIT: pattern_blacklist:SNRC3
2026-08-12 22:03:48,500 TIE_Production No setup for XAUUSD (WAIT)
2026-08-12 22:03:48,505 GateObservatory [XAUUSD/TIE_V4] Outcome: NO_TRADE | no_signal
2026-08-12 22:03:52,247 TIE_Production --- Scanning XAUUSD ---
2026-08-12 22:03:53,165 TIE_Production MARKET REGIME: TRENDING (strength=63) | SUGGESTED ENGINE: Aggressive
2026-08-12 22:03:53,167 strategies.semi_hft.strategy [LIQ_VACUUM] GOOD clear_path_down dir=SELL
2026-08-12 22:03:53,167 strategies.semi_hft.strategy [ZSCORE] zscore_ok z=-0.60
2026-08-12 22:03:53,167 StrategyManager Strategy semi_hft_c8_v4 returned WAIT: pullback:m5_weak_trend dir=SELL
2026-08-12 22:03:53,168 StrategyManager Strategy aggressive_v1 returned WAIT: tl_guard:NO_SELL_BREAK
2026-08-12 22:03:53,169 BystraStrategy Bystra best detector: SNRC3 conf=85% dir=SELL
2026-08-12 22:03:53,169 BystraStrategy Bystra pattern blacklist: SNRC3 @ zone 0 already fired, skip
2026-08-12 22:03:53,169 StrategyManager Strategy bystra_v1 returned WAIT: pattern_blacklist:SNRC3
2026-08-12 22:03:53,169 TIE_Production No setup for XAUUSD (WAIT)
2026-08-12 22:03:53,175 GateObservatory [XAUUSD/TIE_V4] Outcome: NO_TRADE | no_signal
2026-08-12 22:03:59,254 TIE_Production --- Scanning XAUUSD ---
2026-08-12 22:04:00,430 TIE_Production MARKET REGIME: TRENDING (strength=82) | SUGGESTED ENGINE: Aggressive
2026-08-12 22:04:00,432 StrategyManager Strategy semi_hft_c8_v4 returned WAIT: no_setup:no_structural_setup
2026-08-12 22:04:00,432 StrategyManager Strategy aggressive_v1 returned WAIT: no_setup:no_structural_setup
2026-08-12 22:04:00,435 BystraStrategy Bystra best detector: SNRC3 conf=85% dir=SELL
2026-08-12 22:04:00,435 BystraStrategy Bystra pattern blacklist: SNRC3 @ zone 0 already fired, skip
2026-08-12 22:04:00,435 StrategyManager Strategy bystra_v1 returned WAIT: pattern_blacklist:SNRC3
2026-08-12 22:04:00,435 TIE_Production No setup for XAUUSD (WAIT)
2026-08-12 22:04:00,440 GateObservatory [XAUUSD/TIE_V4] Outcome: NO_TRADE | no_signal
2026-08-12 22:04:04,089 TIE_Production --- Scanning XAUUSD ---
2026-08-12 22:04:05,117 TIE_Production MARKET REGIME: TRENDING (strength=81) | SUGGESTED ENGINE: Aggressive
2026-08-12 22:04:05,118 strategies.semi_hft.strategy [LIQ_VACUUM] GOOD clear_path_down dir=SELL
2026-08-12 22:04:05,118 strategies.semi_hft.strategy [ZSCORE] zscore_ok z=-0.98
2026-08-12 22:04:05,118 StrategyManager Strategy semi_hft_c8_v4 returned WAIT: pullback:regime_conflict TRENDING=80 blocks SELL
2026-08-12 22:04:05,119 StrategyManager Strategy aggressive_v1 returned WAIT: tl_guard:NO_SELL_BREAK
2026-08-12 22:04:05,120 BystraStrategy Bystra best detector: SNRC3 conf=85% dir=SELL
2026-08-12 22:04:05,120 BystraStrategy Bystra pattern blacklist: SNRC3 @ zone 0 already fired, skip
2026-08-12 22:04:05,120 StrategyManager Strategy bystra_v1 returned WAIT: pattern_blacklist:SNRC3
2026-08-12 22:04:05,121 TIE_Production No setup for XAUUSD (WAIT)
2026-08-12 22:04:05,126 GateObservatory [XAUUSD/TIE_V4] Outcome: NO_TRADE | no_signal
2026-08-12 22:04:11,354 TIE_Production --- Scanning XAUUSD ---
2026-08-12 22:04:12,387 TIE_Production MARKET REGIME: TRENDING (strength=86) | SUGGESTED ENGINE: Aggressive
2026-08-12 22:04:12,388 StrategyManager Strategy semi_hft_c8_v4 returned WAIT: no_setup:no_structural_setup
2026-08-12 22:04:12,388 StrategyManager Strategy aggressive_v1 returned WAIT: no_setup:no_structural_setup
2026-08-12 22:04:12,390 BystraStrategy Bystra best detector: SNRC3 conf=85% dir=SELL
2026-08-12 22:04:12,390 BystraStrategy Bystra pattern blacklist: SNRC3 @ zone 0 already fired, skip
2026-08-12 22:04:12,390 StrategyManager Strategy bystra_v1 returned WAIT: pattern_blacklist:SNRC3
2026-08-12 22:04:12,390 TIE_Production No setup for XAUUSD (WAIT)
2026-08-12 22:04:12,394 GateObservatory [XAUUSD/TIE_V4] Outcome: NO_TRADE | no_signal
2026-08-12 22:04:15,966 TIE_Production --- Scanning XAUUSD ---
2026-08-12 22:04:17,033 TIE_Production MARKET REGIME: TRENDING (strength=90) | SUGGESTED ENGINE: Aggressive
2026-08-12 22:04:17,034 strategies.semi_hft.strategy [LIQ_VACUUM] GOOD clear_path_down dir=SELL
2026-08-12 22:04:17,034 strategies.semi_hft.strategy [ZSCORE] zscore_ok z=-1.21
2026-08-12 22:04:17,034 StrategyManager Strategy semi_hft_c8_v4 returned WAIT: pullback:regime_conflict TRENDING=89 blocks SELL
2026-08-12 22:04:17,035 StrategyManager Strategy aggressive_v1 returned WAIT: tl_guard:NO_SELL_BREAK
2026-08-12 22:04:17,036 BystraStrategy Bystra best detector: SNRC3 conf=85% dir=SELL
2026-08-12 22:04:17,036 BystraStrategy Bystra pattern blacklist: SNRC3 @ zone 0 already fired, skip
2026-08-12 22:04:17,036 StrategyManager Strategy bystra_v1 returned WAIT: pattern_blacklist:SNRC3
2026-08-12 22:04:17,036 TIE_Production No setup for XAUUSD (WAIT)
2026-08-12 22:04:17,042 GateObservatory [XAUUSD/TIE_V4] Outcome: NO_TRADE | no_signal
2026-08-12 22:04:23,133 TIE_Production --- Scanning XAUUSD ---
2026-08-12 22:04:24,107 TIE_Production MARKET REGIME: TRENDING (strength=90) | SUGGESTED ENGINE: Aggressive
2026-08-12 22:04:24,108 StrategyManager Strategy semi_hft_c8_v4 returned WAIT: no_setup:no_structural_setup
2026-08-12 22:04:24,108 StrategyManager Strategy aggressive_v1 returned WAIT: no_setup:no_structural_setup
2026-08-12 22:04:24,111 BystraStrategy Bystra best detector: SNRC2 conf=85% dir=BUY
2026-08-12 22:04:24,112 MultiStrategyRuntime Scan 4.3ms — strategies=3 signals=1 dir=buy source=bystra_v1
2026-08-12 22:04:24,117 GateObservatory [XAUUSD/TIE_V4] Gate Detector: PASS | setup=B_BUY lot=0.01
2026-08-12 22:04:24,117 TIE_Production ExitOrchestrator adjusted SL/TP for B_BUY: new SL=4403.82 TP=4441.48 RR=2.16 (adj=False)
2026-08-12 22:04:24,117 TIE_Production Setup detected: B_BUY BUY conf=85%
2026-08-12 22:04:24,145 TIE_Production ⚔️ CROSS-DEBATE BLOCK: B_BUY BUY rejected! 5 opposing positions open.
2026-08-12 22:04:24,149 GateObservatory [XAUUSD/TIE_V4] Gate Debate: FAIL | hedge_conflict
2026-08-12 22:04:28,068 TIE_Production --- Scanning XAUUSD ---
2026-08-12 22:04:28,987 TIE_Production MARKET REGIME: TRENDING (strength=88) | SUGGESTED ENGINE: Aggressive
2026-08-12 22:04:28,988 strategies.semi_hft.strategy [LIQ_VACUUM] GOOD clear_path_down dir=SELL
2026-08-12 22:04:28,989 strategies.semi_hft.strategy [ZSCORE] zscore_ok z=-1.22
2026-08-12 22:04:28,989 StrategyManager Strategy semi_hft_c8_v4 returned WAIT: pullback:regime_conflict TRENDING=87 blocks SELL
2026-08-12 22:04:28,990 StrategyManager Strategy aggressive_v1 returned WAIT: tl_guard:NO_SELL_BREAK
2026-08-12 22:04:28,991 BystraStrategy Bystra best detector: SNRC2 conf=85% dir=BUY
2026-08-12 22:04:28,992 MultiStrategyRuntime Scan 4.3ms — strategies=3 signals=1 dir=buy source=bystra_v1
2026-08-12 22:04:28,998 GateObservatory [XAUUSD/TIE_V4] Gate Detector: PASS | setup=B_BUY lot=0.01
2026-08-12 22:04:28,998 TIE_Production ExitOrchestrator adjusted SL/TP for B_BUY: new SL=4403.92 TP=4441.48 RR=2.15 (adj=False)
2026-08-12 22:04:28,999 TIE_Production Setup detected: B_BUY BUY conf=85%
2026-08-12 22:04:29,018 TIE_Production ⚔️ CROSS-DEBATE BLOCK: B_BUY BUY rejected! 5 opposing positions open.
2026-08-12 22:04:29,022 GateObservatory [XAUUSD/TIE_V4] Gate Debate: FAIL | hedge_conflict
2026-08-12 22:04:35,038 TIE_Production --- Scanning XAUUSD ---
2026-08-12 22:04:35,946 TIE_Production MARKET REGIME: TRENDING (strength=84) | SUGGESTED ENGINE: Aggressive
2026-08-12 22:04:35,947 StrategyManager Strategy semi_hft_c8_v4 returned WAIT: no_setup:no_structural_setup
2026-08-12 22:04:35,948 StrategyManager Strategy aggressive_v1 returned WAIT: no_setup:no_structural_setup
2026-08-12 22:04:35,949 BystraStrategy Bystra best detector: SNRC3 conf=85% dir=SELL
2026-08-12 22:04:35,949 BystraStrategy Bystra pattern blacklist: SNRC3 @ zone 0 already fired, skip
2026-08-12 22:04:35,949 StrategyManager Strategy bystra_v1 returned WAIT: pattern_blacklist:SNRC3
2026-08-12 22:04:35,949 TIE_Production No setup for XAUUSD (WAIT)
2026-08-12 22:04:35,954 GateObservatory [XAUUSD/TIE_V4] Outcome: NO_TRADE | no_signal
2026-08-12 22:04:39,905 TIE_Production --- Scanning XAUUSD ---
2026-08-12 22:04:40,806 TIE_Production MARKET REGIME: TRENDING (strength=85) | SUGGESTED ENGINE: Aggressive
2026-08-12 22:04:40,807 strategies.semi_hft.strategy [LIQ_VACUUM] GOOD clear_path_down dir=SELL
2026-08-12 22:04:40,808 strategies.semi_hft.strategy [ZSCORE] zscore_ok z=-1.16
2026-08-12 22:04:40,808 StrategyManager Strategy semi_hft_c8_v4 returned WAIT: pullback:regime_conflict TRENDING=84 blocks SELL
2026-08-12 22:04:40,808 StrategyManager Strategy aggressive_v1 returned WAIT: tl_guard:NO_SELL_BREAK
2026-08-12 22:04:40,810 BystraStrategy Bystra best detector: SNRC2 conf=85% dir=BUY
2026-08-12 22:04:40,810 BystraStrategy Bystra pattern blacklist: SNRC2 @ zone 0 already fired, skip
2026-08-12 22:04:40,810 StrategyManager Strategy bystra_v1 returned WAIT: pattern_blacklist:SNRC2
2026-08-12 22:04:40,810 TIE_Production No setup for XAUUSD (WAIT)
2026-08-12 22:04:40,814 GateObservatory [XAUUSD/TIE_V4] Outcome: NO_TRADE | no_signal
2026-08-12 22:04:47,367 httpx HTTP Request: GET https://nfs.faireconomy.media/ff_calendar_thisweek.json "HTTP/1.1 429 Too Many Requests"
2026-08-12 22:04:47,368 news_sentinel Rate limited. Using cached calendar from /tmp/ff_calendar_cache.json
2026-08-12 22:04:47,458 TIE_Production --- Scanning XAUUSD ---
2026-08-12 22:04:48,323 TIE_Production MARKET REGIME: TRENDING (strength=80) | SUGGESTED ENGINE: Aggressive
2026-08-12 22:04:48,325 StrategyManager Strategy semi_hft_c8_v4 returned WAIT: no_setup:no_structural_setup
2026-08-12 22:04:48,326 StrategyManager Strategy aggressive_v1 returned WAIT: no_setup:no_structural_setup
2026-08-12 22:04:48,328 BystraStrategy Bystra best detector: SNRC3 conf=85% dir=SELL
2026-08-12 22:04:48,328 BystraStrategy Bystra pattern blacklist: SNRC3 @ zone 0 already fired, skip
2026-08-12 22:04:48,329 StrategyManager Strategy bystra_v1 returned WAIT: pattern_blacklist:SNRC3
2026-08-12 22:04:48,329 TIE_Production No setup for XAUUSD (WAIT)
2026-08-12 22:04:48,334 GateObservatory [XAUUSD/TIE_V4] Outcome: NO_TRADE | no_signal
2026-08-12 22:04:51,635 TIE_Production --- Scanning XAUUSD ---
2026-08-12 22:04:52,425 TIE_Production MARKET REGIME: TRENDING (strength=82) | SUGGESTED ENGINE: Aggressive
2026-08-12 22:04:52,426 strategies.semi_hft.strategy [LIQ_VACUUM] GOOD clear_path_down dir=SELL
2026-08-12 22:04:52,426 strategies.semi_hft.strategy [ZSCORE] zscore_ok z=-1.11
2026-08-12 22:04:52,426 StrategyManager Strategy semi_hft_c8_v4 returned WAIT: pullback:regime_conflict TRENDING=82 blocks SELL
2026-08-12 22:04:52,427 StrategyManager Strategy aggressive_v1 returned WAIT: tl_guard:NO_SELL_BREAK
2026-08-12 22:04:52,428 BystraStrategy Bystra best detector: SNRC3 conf=85% dir=SELL
2026-08-12 22:04:52,428 BystraStrategy Bystra pattern blacklist: SNRC3 @ zone 0 already fired, skip
2026-08-12 22:04:52,428 StrategyManager Strategy bystra_v1 returned WAIT: pattern_blacklist:SNRC3
2026-08-12 22:04:52,428 TIE_Production No setup for XAUUSD (WAIT)
2026-08-12 22:04:52,433 GateObservatory [XAUUSD/TIE_V4] Outcome: NO_TRADE | no_signal
2026-08-12 22:04:59,135 TIE_Production --- Scanning XAUUSD ---
2026-08-12 22:04:59,905 TIE_Production MARKET REGIME: TRENDING (strength=84) | SUGGESTED ENGINE: Aggressive
2026-08-12 22:04:59,907 StrategyManager Strategy semi_hft_c8_v4 returned WAIT: no_setup:no_structural_setup
2026-08-12 22:04:59,908 StrategyManager Strategy aggressive_v1 returned WAIT: no_setup:no_structural_setup
2026-08-12 22:04:59,910 BystraStrategy Bystra best detector: SNRC3 conf=85% dir=SELL
2026-08-12 22:04:59,910 BystraStrategy Bystra pattern blacklist: SNRC3 @ zone 0 already fired, skip
2026-08-12 22:04:59,910 StrategyManager Strategy bystra_v1 returned WAIT: pattern_blacklist:SNRC3
2026-08-12 22:04:59,910 TIE_Production No setup for XAUUSD (WAIT)
2026-08-12 22:04:59,916 GateObservatory [XAUUSD/TIE_V4] Outcome: NO_TRADE | no_signal
2026-08-12 22:05:03,197 TIE_Production --- Scanning XAUUSD ---
2026-08-12 22:05:04,099 TIE_Production MARKET REGIME: RANGING (strength=60) | SUGGESTED ENGINE: SemiHFT
2026-08-12 22:05:04,100 strategies.semi_hft.strategy [LIQ_VACUUM] GOOD clear_path_down dir=SELL
2026-08-12 22:05:04,100 strategies.semi_hft.strategy [ZSCORE] zscore_ok z=-1.13
2026-08-12 22:05:04,100 strategies.semi_hft.strategy [PULLBACK] trend_follow_DOWN_m5_gas_ok | M15=DOWN
2026-08-12 22:05:04,100 strategies.semi_hft.strategy [MACD] macd_down_sell_ok macd=-1.53 sig=-1.38
2026-08-12 22:05:04,107 strategies.semi_hft.strategy C8V4 SELL entry=4416.239 sl=4427.584 tp=4399.221 lot=0.01 pattern=swing_break score=60.9
2026-08-12 22:05:04,107 StrategyManager Strategy aggressive_v1 returned WAIT: tl_guard:NO_SELL_BREAK
2026-08-12 22:05:04,109 BystraStrategy Bystra best detector: SNRC2 conf=85% dir=BUY
2026-08-12 22:05:04,109 BystraStrategy Bystra pattern blacklist: SNRC2 @ zone 0 already fired, skip
2026-08-12 22:05:04,109 StrategyManager Strategy bystra_v1 returned WAIT: pattern_blacklist:SNRC2
2026-08-12 22:05:04,109 MultiStrategyRuntime Scan 9.4ms — strategies=3 signals=1 dir=sell source=semi_hft_c8_v4
2026-08-12 22:05:04,114 GateObservatory [XAUUSD/TIE_V4] Gate Detector: PASS | setup=S_SELL lot=0.01
2026-08-12 22:05:04,114 TIE_Production ExitOrchestrator adjusted SL/TP for S_SELL: new SL=4427.58 TP=4382.12 RR=3.01 (adj=False)
2026-08-12 22:05:04,114 TIE_Production Setup detected: S_SELL SELL conf=100%
2026-08-12 22:05:04,136 TIE_Production MAX_POSITIONS: skip S_SELL XAUUSD (strat=0 dir=4 max=3)
2026-08-12 22:05:04,140 GateObservatory [XAUUSD/TIE_V4] Gate MaxPositions: FAIL | dir=4 strat=0 max=3
2026-08-12 22:05:10,667 TIE_Production --- Scanning XAUUSD ---
2026-08-12 22:05:11,499 TIE_Production MARKET REGIME: RANGING (strength=60) | SUGGESTED ENGINE: SemiHFT
2026-08-12 22:05:11,500 StrategyManager Strategy semi_hft_c8_v4 returned WAIT: no_setup:no_structural_setup
2026-08-12 22:05:11,500 StrategyManager Strategy aggressive_v1 returned WAIT: no_setup:no_structural_setup
2026-08-12 22:05:11,503 StrategyManager Strategy bystra_v1 returned WAIT: no_pattern
2026-08-12 22:05:11,503 TIE_Production No setup for XAUUSD (WAIT)
2026-08-12 22:05:11,507 GateObservatory [XAUUSD/TIE_V4] Outcome: NO_TRADE | no_signal
2026-08-12 22:05:14,978 TIE_Production --- Scanning XAUUSD ---
2026-08-12 22:05:16,023 TIE_Production MARKET REGIME: TRENDING (strength=93) | SUGGESTED ENGINE: Aggressive
2026-08-12 22:05:16,025 strategies.semi_hft.strategy [LIQ_VACUUM] GOOD clear_path_down dir=SELL
2026-08-12 22:05:16,025 strategies.semi_hft.strategy [ZSCORE] zscore_ok z=-1.25
2026-08-12 22:05:16,025 StrategyManager Strategy semi_hft_c8_v4 returned WAIT: pullback:regime_conflict TRENDING=93 blocks SELL
2026-08-12 22:05:16,025 StrategyManager Strategy aggressive_v1 returned WAIT: tl_guard:NO_SELL_BREAK
2026-08-12 22:05:16,028 BystraStrategy Bystra best detector: SNRC2 conf=85% dir=BUY
2026-08-12 22:05:16,028 BystraStrategy Bystra pattern blacklist: SNRC2 @ zone 0 already fired, skip
2026-08-12 22:05:16,028 StrategyManager Strategy bystra_v1 returned WAIT: pattern_blacklist:SNRC2
2026-08-12 22:05:16,028 TIE_Production No setup for XAUUSD (WAIT)
2026-08-12 22:05:16,033 GateObservatory [XAUUSD/TIE_V4] Outcome: NO_TRADE | no_signal
2026-08-12 22:05:22,266 TIE_Production --- Scanning XAUUSD ---
2026-08-12 22:05:23,120 TIE_Production MARKET REGIME: TRENDING (strength=95) | SUGGESTED ENGINE: Aggressive
2026-08-12 22:05:23,121 StrategyManager Strategy semi_hft_c8_v4 returned WAIT: no_setup:no_structural_setup
2026-08-12 22:05:23,121 StrategyManager Strategy aggressive_v1 returned WAIT: no_setup:no_structural_setup
2026-08-12 22:05:23,123 BystraStrategy Bystra best detector: SNRC2 conf=85% dir=BUY
2026-08-12 22:05:23,123 BystraStrategy Bystra pattern blacklist: SNRC2 @ zone 0 already fired, skip
2026-08-12 22:05:23,123 StrategyManager Strategy bystra_v1 returned WAIT: pattern_blacklist:SNRC2
2026-08-12 22:05:23,123 TIE_Production No setup for XAUUSD (WAIT)
2026-08-12 22:05:23,130 GateObservatory [XAUUSD/TIE_V4] Outcome: NO_TRADE | no_signal
2026-08-12 22:05:26,813 TIE_Production --- Scanning XAUUSD ---
2026-08-12 22:05:27,723 TIE_Production MARKET REGIME: RANGING (strength=60) | SUGGESTED ENGINE: SemiHFT
2026-08-12 22:05:27,724 strategies.semi_hft.strategy [LIQ_VACUUM] GOOD clear_path_down dir=SELL
2026-08-12 22:05:27,724 strategies.semi_hft.strategy [ZSCORE] zscore_ok z=-1.11
2026-08-12 22:05:27,724 strategies.semi_hft.strategy [PULLBACK] trend_follow_DOWN_m5_gas_ok | M15=DOWN
2026-08-12 22:05:27,724 strategies.semi_hft.strategy [MACD] macd_down_sell_ok macd=-1.52 sig=-1.37
2026-08-12 22:05:27,724 StrategyManager Strategy semi_hft_c8_v4 returned WAIT: entry_low:59
2026-08-12 22:05:27,725 strategies.aggressive.strategy [LIQ_VACUUM] GOOD no_pool_data dir=BUY
2026-08-12 22:05:27,725 strategies.aggressive.strategy [ZSCORE] zscore_ok z=-1.11
2026-08-12 22:05:27,725 StrategyManager Strategy aggressive_v1 returned WAIT: rme:debate_block:penalty_96.1
2026-08-12 22:05:27,726 BystraStrategy Bystra best detector: SNRC2 conf=85% dir=BUY
2026-08-12 22:05:27,726 BystraStrategy Bystra pattern blacklist: SNRC2 @ zone 0 already fired, skip
2026-08-12 22:05:27,727 StrategyManager Strategy bystra_v1 returned WAIT: pattern_blacklist:SNRC2
2026-08-12 22:05:27,727 TIE_Production No setup for XAUUSD (WAIT)
2026-08-12 22:05:27,731 GateObservatory [XAUUSD/TIE_V4] Outcome: NO_TRADE | no_signal
2026-08-12 22:05:33,969 TIE_Production --- Scanning XAUUSD ---
2026-08-12 22:05:34,930 TIE_Production MARKET REGIME: RANGING (strength=60) | SUGGESTED ENGINE: SemiHFT
2026-08-12 22:05:34,931 StrategyManager Strategy semi_hft_c8_v4 returned WAIT: no_setup:no_structural_setup
2026-08-12 22:05:34,932 StrategyManager Strategy aggressive_v1 returned WAIT: no_setup:no_structural_setup
2026-08-12 22:05:34,933 BystraStrategy Bystra best detector: SNRC2 conf=85% dir=BUY
2026-08-12 22:05:34,933 BystraStrategy Bystra pattern blacklist: SNRC2 @ zone 0 already fired, skip
2026-08-12 22:05:34,933 StrategyManager Strategy bystra_v1 returned WAIT: pattern_blacklist:SNRC2
2026-08-12 22:05:34,934 TIE_Production No setup for XAUUSD (WAIT)
2026-08-12 22:05:34,939 GateObservatory [XAUUSD/TIE_V4] Outcome: NO_TRADE | no_signal
2026-08-12 22:05:38,509 TIE_Production --- Scanning XAUUSD ---
2026-08-12 22:05:39,423 TIE_Production MARKET REGIME: TRENDING (strength=64) | SUGGESTED ENGINE: Aggressive
2026-08-12 22:05:39,425 strategies.semi_hft.strategy [LIQ_VACUUM] GOOD clear_path_down dir=SELL
2026-08-12 22:05:39,425 strategies.semi_hft.strategy [ZSCORE] zscore_ok z=-1.05
2026-08-12 22:05:39,425 strategies.semi_hft.strategy [PULLBACK] trend_follow_DOWN_m5_gas_ok | M15=DOWN
2026-08-12 22:05:39,425 strategies.semi_hft.strategy [MACD] macd_down_sell_ok macd=-1.48 sig=-1.33
2026-08-12 22:05:39,425 StrategyManager Strategy semi_hft_c8_v4 returned WAIT: entry_low:59
2026-08-12 22:05:39,426 strategies.aggressive.strategy [LIQ_VACUUM] GOOD no_pool_data dir=BUY
2026-08-12 22:05:39,426 strategies.aggressive.strategy [ZSCORE] zscore_ok z=-1.05
2026-08-12 22:05:39,426 StrategyManager Strategy aggressive_v1 returned WAIT: rme:debate_block:penalty_4.5
2026-08-12 22:05:39,427 StrategyManager Strategy bystra_v1 returned WAIT: no_pattern
2026-08-12 22:05:39,427 TIE_Production No setup for XAUUSD (WAIT)
2026-08-12 22:05:39,432 GateObservatory [XAUUSD/TIE_V4] Outcome: NO_TRADE | no_signal
2026-08-12 22:05:45,727 TIE_Production --- Scanning XAUUSD ---
2026-08-12 22:05:46,598 TIE_Production MARKET REGIME: TRENDING (strength=73) | SUGGESTED ENGINE: Aggressive
2026-08-12 22:05:46,599 StrategyManager Strategy semi_hft_c8_v4 returned WAIT: no_setup:no_structural_setup
2026-08-12 22:05:46,599 StrategyManager Strategy aggressive_v1 returned WAIT: no_setup:no_structural_setup
2026-08-12 22:05:46,601 StrategyManager Strategy bystra_v1 returned WAIT: no_pattern
2026-08-12 22:05:46,601 TIE_Production No setup for XAUUSD (WAIT)
2026-08-12 22:05:46,606 GateObservatory [XAUUSD/TIE_V4] Outcome: NO_TRADE | no_signal
2026-08-12 22:05:50,206 TIE_Production --- Scanning XAUUSD ---
2026-08-12 22:05:51,135 TIE_Production MARKET REGIME: RANGING (strength=60) | SUGGESTED ENGINE: SemiHFT
2026-08-12 22:05:51,137 strategies.semi_hft.strategy [LIQ_VACUUM] GOOD clear_path_down dir=SELL
2026-08-12 22:05:51,137 strategies.semi_hft.strategy [ZSCORE] zscore_ok z=-1.07
2026-08-12 22:05:51,137 strategies.semi_hft.strategy [PULLBACK] trend_follow_DOWN_m5_gas_ok | M15=DOWN
2026-08-12 22:05:51,137 strategies.semi_hft.strategy [MACD] macd_down_sell_ok macd=-1.49 sig=-1.34
2026-08-12 22:05:51,138 strategies.semi_hft.strategy C8V4 SELL entry=4417.128 sl=4428.687 tp=4399.79 lot=0.01 pattern=swing_break score=60.4
2026-08-12 22:05:51,139 strategies.aggressive.strategy [LIQ_VACUUM] GOOD no_pool_data dir=BUY
2026-08-12 22:05:51,139 strategies.aggressive.strategy [ZSCORE] zscore_ok z=-1.07
2026-08-12 22:05:51,139 StrategyManager Strategy aggressive_v1 returned WAIT: rme:debate_block:penalty_55.2
2026-08-12 22:05:51,140 StrategyManager Strategy bystra_v1 returned WAIT: no_pattern
2026-08-12 22:05:51,141 MultiStrategyRuntime Scan 4.4ms — strategies=3 signals=1 dir=sell source=semi_hft_c8_v4
2026-08-12 22:05:51,146 GateObservatory [XAUUSD/TIE_V4] Gate Detector: PASS | setup=S_SELL lot=0.01
2026-08-12 22:05:51,146 TIE_Production ExitOrchestrator adjusted SL/TP for S_SELL: new SL=4428.69 TP=4382.12 RR=3.03 (adj=False)
2026-08-12 22:05:51,146 TIE_Production Setup detected: S_SELL SELL conf=100%
2026-08-12 22:05:52,106 TIE_Production MAX_POSITIONS: skip S_SELL XAUUSD (strat=0 dir=4 max=3)
2026-08-12 22:05:52,111 GateObservatory [XAUUSD/TIE_V4] Gate MaxPositions: FAIL | dir=4 strat=0 max=3
2026-08-12 22:05:57,535 TIE_Production --- Scanning XAUUSD ---
2026-08-12 22:05:58,660 TIE_Production MARKET REGIME: TRENDING (strength=65) | SUGGESTED ENGINE: Aggressive
2026-08-12 22:05:58,662 StrategyManager Strategy semi_hft_c8_v4 returned WAIT: no_setup:no_structural_setup
2026-08-12 22:05:58,662 StrategyManager Strategy aggressive_v1 returned WAIT: no_setup:no_structural_setup
2026-08-12 22:05:58,663 StrategyManager Strategy bystra_v1 returned WAIT: no_pattern
2026-08-12 22:05:58,663 TIE_Production No setup for XAUUSD (WAIT)
2026-08-12 22:05:58,667 GateObservatory [XAUUSD/TIE_V4] Outcome: NO_TRADE | no_signal
2026-08-12 22:06:03,004 TIE_Production --- Scanning XAUUSD ---
2026-08-12 22:06:03,881 TIE_Production MARKET REGIME: RANGING (strength=60) | SUGGESTED ENGINE: SemiHFT
2026-08-12 22:06:03,882 strategies.semi_hft.strategy [LIQ_VACUUM] GOOD clear_path_down dir=SELL
2026-08-12 22:06:03,882 strategies.semi_hft.strategy [ZSCORE] zscore_ok z=-1.09
2026-08-12 22:06:03,882 strategies.semi_hft.strategy [PULLBACK] trend_follow_DOWN_m5_gas_ok | M15=DOWN
2026-08-12 22:06:03,882 strategies.semi_hft.strategy [MACD] macd_down_sell_ok macd=-1.50 sig=-1.35
2026-08-12 22:06:03,883 strategies.semi_hft.strategy C8V4 SELL entry=4416.896 sl=4428.455 tp=4399.558 lot=0.01 pattern=swing_break score=65.9
2026-08-12 22:06:03,883 strategies.aggressive.strategy [LIQ_VACUUM] GOOD no_pool_data dir=BUY
2026-08-12 22:06:03,883 strategies.aggressive.strategy [ZSCORE] zscore_ok z=-1.09
2026-08-12 22:06:03,883 StrategyManager Strategy aggressive_v1 returned WAIT: rme:debate_block:penalty_72.4
2026-08-12 22:06:03,884 StrategyManager Strategy bystra_v1 returned WAIT: no_pattern
2026-08-12 22:06:03,885 MultiStrategyRuntime Scan 3.1ms — strategies=3 signals=1 dir=sell source=semi_hft_c8_v4
2026-08-12 22:06:03,889 GateObservatory [XAUUSD/TIE_V4] Gate Detector: PASS | setup=S_SELL lot=0.01
2026-08-12 22:06:03,889 TIE_Production ExitOrchestrator adjusted SL/TP for S_SELL: new SL=4428.45 TP=4382.12 RR=3.01 (adj=False)
2026-08-12 22:06:03,890 TIE_Production Setup detected: S_SELL SELL conf=100%
2026-08-12 22:06:04,298 TIE_Production MAX_POSITIONS: skip S_SELL XAUUSD (strat=0 dir=4 max=3)
2026-08-12 22:06:04,303 GateObservatory [XAUUSD/TIE_V4] Gate MaxPositions: FAIL | dir=4 strat=0 max=3
2026-08-12 22:06:09,387 TIE_Production --- Scanning XAUUSD ---
2026-08-12 22:06:10,231 TIE_Production MARKET REGIME: RANGING (strength=60) | SUGGESTED ENGINE: SemiHFT
2026-08-12 22:06:10,232 StrategyManager Strategy semi_hft_c8_v4 returned WAIT: no_setup:no_structural_setup
2026-08-12 22:06:10,232 StrategyManager Strategy aggressive_v1 returned WAIT: no_setup:no_structural_setup
2026-08-12 22:06:10,234 StrategyManager Strategy bystra_v1 returned WAIT: no_pattern
2026-08-12 22:06:10,234 TIE_Production No setup for XAUUSD (WAIT)
2026-08-12 22:06:10,238 GateObservatory [XAUUSD/TIE_V4] Outcome: NO_TRADE | no_signal
2026-08-12 22:06:15,387 TIE_Production --- Scanning XAUUSD ---
2026-08-12 22:06:16,503 TIE_Production MARKET REGIME: TRENDING (strength=64) | SUGGESTED ENGINE: Aggressive
2026-08-12 22:06:16,510 strategies.semi_hft.strategy [LIQ_VACUUM] GOOD clear_path_down dir=SELL
2026-08-12 22:06:16,513 strategies.semi_hft.strategy [ZSCORE] zscore_ok z=-1.02
2026-08-12 22:06:16,514 strategies.semi_hft.strategy [PULLBACK] trend_follow_DOWN_m5_gas_ok | M15=DOWN
2026-08-12 22:06:16,514 strategies.semi_hft.strategy [MACD] macd_down_sell_ok macd=-1.46 sig=-1.31
2026-08-12 22:06:16,514 strategies.semi_hft.strategy C8V4 SELL entry=4417.108 sl=4428.667 tp=4399.77 lot=0.01 pattern=swing_break score=60.4
2026-08-12 22:06:16,517 strategies.aggressive.strategy [LIQ_VACUUM] GOOD no_pool_data dir=BUY
2026-08-12 22:06:16,517 strategies.aggressive.strategy [ZSCORE] zscore_ok z=-1.02
2026-08-12 22:06:16,518 StrategyManager Strategy aggressive_v1 returned WAIT: rme:debate_block:penalty_5.1
2026-08-12 22:06:16,521 StrategyManager Strategy bystra_v1 returned WAIT: no_pattern
2026-08-12 22:06:16,522 MultiStrategyRuntime Scan 14.2ms — strategies=3 signals=1 dir=sell source=semi_hft_c8_v4
2026-08-12 22:06:16,528 GateObservatory [XAUUSD/TIE_V4] Gate Detector: PASS | setup=S_SELL lot=0.01
2026-08-12 22:06:16,529 TIE_Production ExitOrchestrator adjusted SL/TP for S_SELL: new SL=4428.67 TP=4382.12 RR=3.03 (adj=False)
2026-08-12 22:06:16,529 TIE_Production Setup detected: S_SELL SELL conf=100%
2026-08-12 22:06:17,405 TIE_Production Risk Gate: ✅ PASS — XAUUSD
2026-08-12 22:06:17,409 GateObservatory [XAUUSD/TIE_V4] Gate RiskGate: PASS | all rules approve
2026-08-12 22:06:17,543 TIE_Production ✅ ORDER EXECUTED: XAUUSD SELL 0.01 lot | SL=4428.667 TP=4382.117 ticket=3627876708
2026-08-12 22:06:17,548 GateObservatory [XAUUSD/TIE_V4] Gate Execution: PASS | order placed ticket=3627876708
2026-08-12 22:06:21,285 TIE_Production --- Scanning XAUUSD ---
2026-08-12 22:06:22,143 TIE_Production MARKET REGIME: RANGING (strength=60) | SUGGESTED ENGINE: SemiHFT
2026-08-12 22:06:22,144 StrategyManager Strategy semi_hft_c8_v4 returned WAIT: no_setup:no_structural_setup
2026-08-12 22:06:22,145 StrategyManager Strategy aggressive_v1 returned WAIT: no_setup:no_structural_setup
2026-08-12 22:06:22,146 StrategyManager Strategy bystra_v1 returned WAIT: no_pattern
2026-08-12 22:06:22,146 TIE_Production No setup for XAUUSD (WAIT)
2026-08-12 22:06:22,151 GateObservatory [XAUUSD/TIE_V4] Outcome: NO_TRADE | no_signal
2026-08-12 22:06:28,555 TIE_Production --- Scanning XAUUSD ---
2026-08-12 22:06:29,444 TIE_Production MARKET REGIME: RANGING (strength=60) | SUGGESTED ENGINE: SemiHFT
2026-08-12 22:06:29,445 strategies.semi_hft.strategy [LIQ_VACUUM] GOOD clear_path_down dir=SELL
2026-08-12 22:06:29,445 strategies.semi_hft.strategy [ZSCORE] zscore_ok z=-1.08
2026-08-12 22:06:29,445 strategies.semi_hft.strategy [PULLBACK] trend_follow_DOWN_m5_gas_ok | M15=DOWN
2026-08-12 22:06:29,445 strategies.semi_hft.strategy [MACD] macd_down_sell_ok macd=-1.49 sig=-1.34
2026-08-12 22:06:29,445 StrategyManager Strategy semi_hft_c8_v4 returned WAIT: entry_low:56
2026-08-12 22:06:29,446 strategies.aggressive.strategy [LIQ_VACUUM] GOOD no_pool_data dir=BUY
2026-08-12 22:06:29,446 strategies.aggressive.strategy [ZSCORE] zscore_ok z=-1.08
2026-08-12 22:06:29,446 StrategyManager Strategy aggressive_v1 returned WAIT: rme:debate_block:penalty_62.0
2026-08-12 22:06:29,447 StrategyManager Strategy bystra_v1 returned WAIT: no_pattern
2026-08-12 22:06:29,447 TIE_Production No setup for XAUUSD (WAIT)
2026-08-12 22:06:29,452 GateObservatory [XAUUSD/TIE_V4] Outcome: NO_TRADE | no_signal
2026-08-12 22:06:33,054 TIE_Production --- Scanning XAUUSD ---
2026-08-12 22:06:33,939 TIE_Production MARKET REGIME: RANGING (strength=60) | SUGGESTED ENGINE: SemiHFT
2026-08-12 22:06:33,940 StrategyManager Strategy semi_hft_c8_v4 returned WAIT: no_setup:no_structural_setup
2026-08-12 22:06:33,941 StrategyManager Strategy aggressive_v1 returned WAIT: no_setup:no_structural_setup
2026-08-12 22:06:33,942 StrategyManager Strategy bystra_v1 returned WAIT: no_pattern
2026-08-12 22:06:33,943 TIE_Production No setup for XAUUSD (WAIT)
2026-08-12 22:06:33,950 GateObservatory [XAUUSD/TIE_V4] Outcome: NO_TRADE | no_signal
2026-08-12 22:06:40,323 TIE_Production --- Scanning XAUUSD ---
2026-08-12 22:06:41,221 TIE_Production MARKET REGIME: TRENDING (strength=65) | SUGGESTED ENGINE: Aggressive
2026-08-12 22:06:41,222 strategies.semi_hft.strategy [LIQ_VACUUM] GOOD clear_path_down dir=SELL
2026-08-12 22:06:41,223 strategies.semi_hft.strategy [ZSCORE] zscore_ok z=-1.02
2026-08-12 22:06:41,223 strategies.semi_hft.strategy [PULLBACK] trend_follow_DOWN_m5_gas_ok | M15=DOWN
2026-08-12 22:06:41,223 strategies.semi_hft.strategy [MACD] macd_down_sell_ok macd=-1.46 sig=-1.31
2026-08-12 22:06:41,223 StrategyManager Strategy semi_hft_c8_v4 returned WAIT: entry_low:60
2026-08-12 22:06:41,223 strategies.aggressive.strategy [LIQ_VACUUM] GOOD no_pool_data dir=BUY
2026-08-12 22:06:41,224 strategies.aggressive.strategy [ZSCORE] zscore_ok z=-1.02
2026-08-12 22:06:41,224 StrategyManager Strategy aggressive_v1 returned WAIT: rme:debate_block:penalty_0.4
2026-08-12 22:06:41,225 StrategyManager Strategy bystra_v1 returned WAIT: no_pattern
2026-08-12 22:06:41,225 TIE_Production No setup for XAUUSD (WAIT)
2026-08-12 22:06:41,230 GateObservatory [XAUUSD/TIE_V4] Outcome: NO_TRADE | no_signal
2026-08-12 22:06:44,882 TIE_Production --- Scanning XAUUSD ---
2026-08-12 22:06:45,761 TIE_Production MARKET REGIME: TRENDING (strength=69) | SUGGESTED ENGINE: Aggressive
2026-08-12 22:06:45,763 StrategyManager Strategy semi_hft_c8_v4 returned WAIT: no_setup:no_structural_setup
2026-08-12 22:06:45,765 StrategyManager Strategy aggressive_v1 returned WAIT: no_setup:no_structural_setup
2026-08-12 22:06:45,768 StrategyManager Strategy bystra_v1 returned WAIT: no_pattern
2026-08-12 22:06:45,768 TIE_Production No setup for XAUUSD (WAIT)
2026-08-12 22:06:45,773 GateObservatory [XAUUSD/TIE_V4] Outcome: NO_TRADE | no_signal
2026-08-12 22:06:51,992 TIE_Production --- Scanning XAUUSD ---
2026-08-12 22:06:52,839 TIE_Production MARKET REGIME: TRENDING (strength=75) | SUGGESTED ENGINE: Aggressive
2026-08-12 22:06:52,840 strategies.semi_hft.strategy [LIQ_VACUUM] GOOD clear_path_down dir=SELL
2026-08-12 22:06:52,840 strategies.semi_hft.strategy [ZSCORE] zscore_ok z=-0.89
2026-08-12 22:06:52,840 strategies.semi_hft.strategy [PULLBACK] trend_follow_DOWN_m5_gas_ok | M15=DOWN
2026-08-12 22:06:52,841 strategies.semi_hft.strategy [MACD] macd_down_sell_ok macd=-1.38 sig=-1.24
2026-08-12 22:06:52,841 strategies.semi_hft.strategy C8V4 SELL entry=4418.283 sl=4429.944 tp=4400.792 lot=0.01 pattern=swing_break score=67.1
2026-08-12 22:06:52,841 strategies.aggressive.strategy [LIQ_VACUUM] GOOD no_pool_data dir=BUY
2026-08-12 22:06:52,842 strategies.aggressive.strategy [ZSCORE] zscore_ok z=-0.89
2026-08-12 22:06:52,842 StrategyManager Strategy aggressive_v1 returned WAIT: rme:score_low:48.3
2026-08-12 22:06:52,843 StrategyManager Strategy bystra_v1 returned WAIT: no_pattern
2026-08-12 22:06:52,843 MultiStrategyRuntime Scan 3.1ms — strategies=3 signals=1 dir=sell source=semi_hft_c8_v4
2026-08-12 22:06:52,848 GateObservatory [XAUUSD/TIE_V4] Gate Detector: PASS | setup=S_SELL lot=0.01
2026-08-12 22:06:52,848 TIE_Production ExitOrchestrator adjusted SL/TP for S_SELL: new SL=4429.94 TP=4382.12 RR=3.10 (adj=False)
2026-08-12 22:06:52,849 TIE_Production Setup detected: S_SELL SELL conf=100%
2026-08-12 22:06:53,567 TIE_Production Dedup Time: skip S_SELL SELL XAUUSD (cooldown 36.2s < 60s)
2026-08-12 22:06:53,572 GateObservatory [XAUUSD/TIE_V4] Gate Dedup: FAIL | cooldown_36s
2026-08-12 22:06:56,619 TIE_Production --- Scanning XAUUSD ---
2026-08-12 22:06:57,583 TIE_Production MARKET REGIME: TRENDING (strength=82) | SUGGESTED ENGINE: Aggressive
2026-08-12 22:06:57,584 StrategyManager Strategy semi_hft_c8_v4 returned WAIT: no_setup:no_structural_setup
2026-08-12 22:06:57,584 StrategyManager Strategy aggressive_v1 returned WAIT: no_setup:no_structural_setup
2026-08-12 22:06:57,586 StrategyManager Strategy bystra_v1 returned WAIT: no_pattern
2026-08-12 22:06:57,586 TIE_Production No setup for XAUUSD (WAIT)
2026-08-12 22:06:57,591 GateObservatory [XAUUSD/TIE_V4] Outcome: NO_TRADE | no_signal
2026-08-12 22:07:04,686 TIE_Production --- Scanning XAUUSD ---
2026-08-12 22:07:05,941 TIE_Production MARKET REGIME: TRENDING (strength=81) | SUGGESTED ENGINE: Aggressive
2026-08-12 22:07:05,945 strategies.semi_hft.strategy [LIQ_VACUUM] GOOD clear_path_up dir=BUY
2026-08-12 22:07:05,946 strategies.semi_hft.strategy [ZSCORE] zscore_ok z=-0.79
2026-08-12 22:07:05,946 StrategyManager Strategy semi_hft_c8_v4 returned WAIT: pullback:counter_trend_not_in_fibo dir=BUY m15=DOWN price=4418.76 H=4441.46 L=4382.12
2026-08-12 22:07:05,947 strategies.aggressive.strategy [LIQ_VACUUM] GOOD no_pool_data dir=BUY
2026-08-12 22:07:05,947 strategies.aggressive.strategy [ZSCORE] zscore_ok z=-0.79
2026-08-12 22:07:05,947 StrategyManager Strategy aggressive_v1 returned WAIT: rme:score_low:51.8
2026-08-12 22:07:05,951 StrategyManager Strategy bystra_v1 returned WAIT: no_pattern
2026-08-12 22:07:05,951 TIE_Production No setup for XAUUSD (WAIT)
2026-08-12 22:07:05,958 GateObservatory [XAUUSD/TIE_V4] Outcome: NO_TRADE | no_signal
2026-08-12 22:07:08,752 TIE_Production --- Scanning XAUUSD ---
2026-08-12 22:07:09,718 TIE_Production MARKET REGIME: TRENDING (strength=81) | SUGGESTED ENGINE: Aggressive
2026-08-12 22:07:09,719 StrategyManager Strategy semi_hft_c8_v4 returned WAIT: no_setup:no_structural_setup
2026-08-12 22:07:09,719 StrategyManager Strategy aggressive_v1 returned WAIT: no_setup:no_structural_setup
2026-08-12 22:07:09,721 StrategyManager Strategy bystra_v1 returned WAIT: no_pattern
2026-08-12 22:07:09,721 TIE_Production No setup for XAUUSD (WAIT)
2026-08-12 22:07:09,727 GateObservatory [XAUUSD/TIE_V4] Outcome: NO_TRADE | no_signal
2026-08-12 22:07:16,823 TIE_Production --- Scanning XAUUSD ---
2026-08-12 22:07:18,136 TIE_Production MARKET REGIME: TRENDING (strength=72) | SUGGESTED ENGINE: Aggressive
2026-08-12 22:07:18,141 strategies.semi_hft.strategy [LIQ_VACUUM] GOOD clear_path_down dir=SELL
2026-08-12 22:07:18,142 strategies.semi_hft.strategy [ZSCORE] zscore_ok z=-0.89
2026-08-12 22:07:18,142 strategies.semi_hft.strategy [PULLBACK] trend_follow_DOWN_m5_gas_ok | M15=DOWN
2026-08-12 22:07:18,142 strategies.semi_hft.strategy [MACD] macd_down_sell_ok macd=-1.38 sig=-1.24
2026-08-12 22:07:18,142 StrategyManager Strategy semi_hft_c8_v4 returned WAIT: entry_low:55
2026-08-12 22:07:18,144 strategies.aggressive.strategy [LIQ_VACUUM] GOOD no_pool_data dir=BUY
2026-08-12 22:07:18,145 strategies.aggressive.strategy [ZSCORE] zscore_ok z=-0.89
2026-08-12 22:07:18,145 StrategyManager Strategy aggressive_v1 returned WAIT: rme:score_low:47.2
2026-08-12 22:07:18,149 StrategyManager Strategy bystra_v1 returned WAIT: no_pattern
2026-08-12 22:07:18,149 TIE_Production No setup for XAUUSD (WAIT)
2026-08-12 22:07:18,155 GateObservatory [XAUUSD/TIE_V4] Outcome: NO_TRADE | no_signal
2026-08-12 22:07:18,833 MT5BrokerAdapter MT5BrokerAdapter initialized OK
2026-08-12 22:07:18,841 BystraStrategy BystraStrategy loaded 5 zone blacklist entries
2026-08-12 22:07:18,841 BystraStrategy BystraStrategy initialized — 10 detectors
2026-08-12 22:07:18,841 StrategyManager Registered strategy Bystra v1.0.0
2026-08-12 22:07:18,842 strategies.aggressive.strategy RiriMicroScalpEngine (RME) initialized — score-based pipeline
2026-08-12 22:07:18,842 StrategyManager Registered strategy Aggressive v0.1.0
2026-08-12 22:07:18,843 strategies.semi_hft.strategy SemiHFTStrategyV4 init — C8 Score Pipeline + Pullback Filter
2026-08-12 22:07:18,843 StrategyManager Registered strategy SemiHFT V4 v4.0
2026-08-12 22:07:18,844 TIE_Production TIE Production Multi-Symbol started: ['XAUUSD']. Risk Gate active. Observatory enabled. Governor enabled.
2026-08-12 22:07:18,953 TIE_Production --- Scanning XAUUSD ---
2026-08-12 22:07:19,823 regime_allocator Strategy status updated by Regime Allocator: {'aggressive_v1': True, 'semi_hft_c8_v4': True, 'bystra_v1': True}
2026-08-12 22:07:19,823 regime_allocator REGIME SWITCH: TRENDING_BULL -> TRENDING_BULL (engine=Aggressive, fast_path=True)
2026-08-12 22:07:19,823 TIE_Production MARKET REGIME: TRENDING_BULL (strength=74) | SUGGESTED ENGINE: Aggressive
2026-08-12 22:07:19,825 StrategyManager Strategy semi_hft_c8_v4 returned WAIT: no_setup:no_structural_setup
2026-08-12 22:07:19,825 StrategyManager Strategy aggressive_v1 returned WAIT: no_setup:no_structural_setup
2026-08-12 22:07:19,826 StrategyManager Strategy bystra_v1 returned WAIT: no_pattern
2026-08-12 22:07:19,826 TIE_Production No setup for XAUUSD (WAIT)
2026-08-12 22:07:19,833 GateObservatory [XAUUSD/TIE_V4] Outcome: NO_TRADE | no_signal
2026-08-12 22:07:28,994 TIE_Production --- Scanning XAUUSD ---
